<annotation>
	<folder></folder>
	<filename>IMG_1977_HEIC.rf.112be190a010e4b3bca0fb1934b0d321.jpg</filename>
	<path>IMG_1977_HEIC.rf.112be190a010e4b3bca0fb1934b0d321.jpg</path>
	<source>
		<database>roboflow.com</database>
	</source>
	<size>
		<width>320</width>
		<height>320</height>
		<depth>3</depth>
	</size>
	<segmented>0</segmented>
	<object>
		<name>Apple core</name>
		<pose>Unspecified</pose>
		<truncated>0</truncated>
		<difficult>0</difficult>
		<occluded>0</occluded>
		<bndbox>
			<xmin>172</xmin>
			<xmax>193</xmax>
			<ymin>152</ymin>
			<ymax>183</ymax>
		</bndbox>
	</object>
	<metadata>
	</metadata>
</annotation>
