<annotation>
	<folder></folder>
	<filename>IMG_8146_jpeg.rf.18e8896dffac67eacfed3d2cb19ca6bd.jpg</filename>
	<path>IMG_8146_jpeg.rf.18e8896dffac67eacfed3d2cb19ca6bd.jpg</path>
	<source>
		<database>roboflow.com</database>
	</source>
	<size>
		<width>320</width>
		<height>320</height>
		<depth>3</depth>
	</size>
	<segmented>0</segmented>
	<object>
		<name>Watermelon rind</name>
		<pose>Unspecified</pose>
		<truncated>0</truncated>
		<difficult>0</difficult>
		<occluded>0</occluded>
		<bndbox>
			<xmin>32</xmin>
			<xmax>145</xmax>
			<ymin>158</ymin>
			<ymax>207</ymax>
		</bndbox>
		<polygon>
			<x1>41</x1>
			<y1>158</y1>
			<x2>47</x2>
			<y2>161</y2>
			<x3>49</x3>
			<y3>163</y3>
			<x4>49</x4>
			<y4>164</y4>
			<x5>45</x5>
			<y5>168</y5>
			<x6>45</x6>
			<y6>171</y6>
			<x7>44</x7>
			<y7>172</y7>
			<x8>47</x8>
			<y8>176</y8>
			<x9>49</x9>
			<y9>177</y9>
			<x10>51</x10>
			<y10>177</y10>
			<x11>52</x11>
			<y11>178</y11>
			<x12>55</x12>
			<y12>178</y12>
			<x13>59</x13>
			<y13>182</y13>
			<x14>63</x14>
			<y14>184</y14>
			<x15>70</x15>
			<y15>184</y15>
			<x16>71</x16>
			<y16>186</y16>
			<x17>75</x17>
			<y17>190</y17>
			<x18>77</x18>
			<y18>191</y18>
			<x19>79</x19>
			<y19>191</y19>
			<x20>80</x20>
			<y20>192</y20>
			<x21>83</x21>
			<y21>192</y21>
			<x22>84</x22>
			<y22>193</y22>
			<x23>90</x23>
			<y23>193</y23>
			<x24>91</x24>
			<y24>192</y24>
			<x25>93</x25>
			<y25>192</y25>
			<x26>99</x26>
			<y26>189</y26>
			<x27>107</x27>
			<y27>194</y27>
			<x28>112</x28>
			<y28>195</y28>
			<x29>120</x29>
			<y29>191</y29>
			<x30>129</x30>
			<y30>191</y30>
			<x31>135</x31>
			<y31>187</y31>
			<x32>139</x32>
			<y32>187</y32>
			<x33>140</x33>
			<y33>188</y33>
			<x34>142</x34>
			<y34>188</y34>
			<x35>143</x35>
			<y35>189</y35>
			<x36>142</x36>
			<y36>192</y36>
			<x37>137</x37>
			<y37>197</y37>
			<x38>134</x38>
			<y38>198</y38>
			<x39>132</x39>
			<y39>200</y39>
			<x40>128</x40>
			<y40>202</y40>
			<x41>123</x41>
			<y41>203</y41>
			<x42>122</x42>
			<y42>204</y42>
			<x43>118</x43>
			<y43>204</y43>
			<x44>117</x44>
			<y44>205</y44>
			<x45>107</x45>
			<y45>205</y45>
			<x46>106</x46>
			<y46>206</y46>
			<x47>104</x47>
			<y47>205</y47>
			<x48>91</x48>
			<y48>205</y48>
			<x49>90</x49>
			<y49>204</y49>
			<x50>85</x50>
			<y50>204</y50>
			<x51>84</x51>
			<y51>203</y51>
			<x52>80</x52>
			<y52>203</y52>
			<x53>79</x53>
			<y53>202</y53>
			<x54>76</x54>
			<y54>202</y54>
			<x55>72</x55>
			<y55>200</y55>
			<x56>69</x56>
			<y56>200</y56>
			<x57>68</x57>
			<y57>199</y57>
			<x58>63</x58>
			<y58>198</y58>
			<x59>60</x59>
			<y59>196</y59>
			<x60>58</x60>
			<y60>196</y60>
			<x61>55</x61>
			<y61>194</y61>
			<x62>53</x62>
			<y62>194</y62>
			<x63>47</x63>
			<y63>191</y63>
			<x64>44</x64>
			<y64>188</y64>
			<x65>40</x65>
			<y65>186</y65>
			<x66>34</x66>
			<y66>179</y66>
			<x67>32</x67>
			<y67>175</y67>
			<x68>32</x68>
			<y68>164</y68>
			<x69>33</x69>
			<y69>163</y69>
			<x70>33</x70>
			<y70>161</y70>
			<x71>36</x71>
			<y71>157</y71>
			<x72>38</x72>
			<y72>158</y72>
			<x73>40</x73>
			<y73>158</y73>
		</polygon>
	</object>
	<object>
		<name>Watermelon rind</name>
		<pose>Unspecified</pose>
		<truncated>0</truncated>
		<difficult>0</difficult>
		<occluded>0</occluded>
		<bndbox>
			<xmin>71</xmin>
			<xmax>159</xmax>
			<ymin>139</ymin>
			<ymax>180</ymax>
		</bndbox>
		<polygon>
			<x1>144</x1>
			<y1>144</y1>
			<x2>146</x2>
			<y2>141</y2>
			<x3>148</x3>
			<y3>140</y3>
			<x4>150</x4>
			<y4>140</y4>
			<x5>151</x5>
			<y5>139</y5>
			<x6>154</x6>
			<y6>139</y6>
			<x7>156</x7>
			<y7>141</y7>
			<x8>156</x8>
			<y8>143</y8>
			<x9>157</x9>
			<y9>144</y9>
			<x10>157</x10>
			<y10>153</y10>
			<x11>154</x11>
			<y11>157</y11>
			<x12>154</x12>
			<y12>158</y12>
			<x13>149</x13>
			<y13>163</y13>
			<x14>148</x14>
			<y14>163</y14>
			<x15>146</x15>
			<y15>165</y15>
			<x16>132</x16>
			<y16>172</y16>
			<x17>127</x17>
			<y17>173</y17>
			<x18>123</x18>
			<y18>175</y18>
			<x19>120</x19>
			<y19>175</y19>
			<x20>119</x20>
			<y20>176</y20>
			<x21>110</x21>
			<y21>177</y21>
			<x22>109</x22>
			<y22>178</y22>
			<x23>90</x23>
			<y23>178</y23>
			<x24>89</x24>
			<y24>177</y24>
			<x25>85</x25>
			<y25>177</y25>
			<x26>84</x26>
			<y26>176</y26>
			<x27>82</x27>
			<y27>176</y27>
			<x28>76</x28>
			<y28>173</y28>
			<x29>71</x29>
			<y29>168</y29>
			<x30>71</x30>
			<y30>166</y30>
			<x31>73</x31>
			<y31>166</y31>
			<x32>74</x32>
			<y32>165</y32>
			<x33>78</x33>
			<y33>165</y33>
			<x34>80</x34>
			<y34>167</y34>
			<x35>82</x35>
			<y35>167</y35>
			<x36>83</x36>
			<y36>168</y36>
			<x37>91</x37>
			<y37>168</y37>
			<x38>94</x38>
			<y38>170</y38>
			<x39>98</x39>
			<y39>170</y39>
			<x40>99</x40>
			<y40>169</y40>
			<x41>101</x41>
			<y41>169</y41>
			<x42>104</x42>
			<y42>166</y42>
			<x43>106</x43>
			<y43>165</y43>
			<x44>108</x44>
			<y44>166</y44>
			<x45>110</x45>
			<y45>166</y45>
			<x46>113</x46>
			<y46>168</y46>
			<x47>117</x47>
			<y47>168</y47>
			<x48>118</x48>
			<y48>167</y48>
			<x49>121</x49>
			<y49>167</y49>
			<x50>125</x50>
			<y50>165</y50>
			<x51>128</x51>
			<y51>162</y51>
			<x52>129</x52>
			<y52>160</y52>
			<x53>134</x53>
			<y53>160</y53>
			<x54>140</x54>
			<y54>155</y54>
			<x55>143</x55>
			<y55>155</y55>
			<x56>145</x56>
			<y56>154</y56>
			<x57>148</x57>
			<y57>150</y57>
			<x58>147</x58>
			<y58>147</y58>
			<x59>145</x59>
			<y59>145</y59>
		</polygon>
	</object>
	<metadata>
	</metadata>
</annotation>
