<annotation>
	<folder></folder>
	<filename>IMG_8538_mov-0003_jpg.rf.d2f436c0fdefdedd6030aeaba8cd3d6f.jpg</filename>
	<path>IMG_8538_mov-0003_jpg.rf.d2f436c0fdefdedd6030aeaba8cd3d6f.jpg</path>
	<source>
		<database>roboflow.com</database>
	</source>
	<size>
		<width>320</width>
		<height>320</height>
		<depth>3</depth>
	</size>
	<segmented>0</segmented>
	<object>
		<name>Watermelon rind</name>
		<pose>Unspecified</pose>
		<truncated>0</truncated>
		<difficult>0</difficult>
		<occluded>0</occluded>
		<bndbox>
			<xmin>127</xmin>
			<xmax>240</xmax>
			<ymin>131</ymin>
			<ymax>172</ymax>
		</bndbox>
		<polygon>
			<x1>234</x1>
			<y1>132</y1>
			<x2>234</x2>
			<y2>133</y2>
			<x3>237</x3>
			<y3>136</y3>
			<x4>237</x4>
			<y4>138</y4>
			<x5>238</x5>
			<y5>139</y5>
			<x6>238</x6>
			<y6>143</y6>
			<x7>237</x7>
			<y7>144</y7>
			<x8>237</x8>
			<y8>146</y8>
			<x9>231</x9>
			<y9>152</y9>
			<x10>230</x10>
			<y10>152</y10>
			<x11>225</x11>
			<y11>156</y11>
			<x12>221</x12>
			<y12>158</y12>
			<x13>219</x13>
			<y13>158</y13>
			<x14>216</x14>
			<y14>160</y14>
			<x15>214</x15>
			<y15>160</y15>
			<x16>213</x16>
			<y16>161</y16>
			<x17>211</x17>
			<y17>161</y17>
			<x18>210</x18>
			<y18>162</y18>
			<x19>208</x19>
			<y19>162</y19>
			<x20>207</x20>
			<y20>163</y20>
			<x21>205</x21>
			<y21>163</y21>
			<x22>201</x22>
			<y22>165</y22>
			<x23>198</x23>
			<y23>165</y23>
			<x24>197</x24>
			<y24>166</y24>
			<x25>193</x25>
			<y25>166</y25>
			<x26>192</x26>
			<y26>167</y26>
			<x27>188</x27>
			<y27>167</y27>
			<x28>187</x28>
			<y28>168</y28>
			<x29>184</x29>
			<y29>168</y29>
			<x30>183</x30>
			<y30>169</y30>
			<x31>176</x31>
			<y31>169</y31>
			<x32>175</x32>
			<y32>170</y32>
			<x33>150</x33>
			<y33>170</y33>
			<x34>149</x34>
			<y34>169</y34>
			<x35>143</x35>
			<y35>169</y35>
			<x36>142</x36>
			<y36>168</y36>
			<x37>139</x37>
			<y37>168</y37>
			<x38>136</x38>
			<y38>166</y38>
			<x39>134</x39>
			<y39>166</y39>
			<x40>130</x40>
			<y40>164</y40>
			<x41>127</x41>
			<y41>161</y41>
			<x42>127</x42>
			<y42>160</y42>
			<x43>129</x43>
			<y43>160</y43>
			<x44>130</x44>
			<y44>159</y44>
			<x45>137</x45>
			<y45>159</y45>
			<x46>141</x46>
			<y46>161</y46>
			<x47>153</x47>
			<y47>161</y47>
			<x48>154</x48>
			<y48>162</y48>
			<x49>163</x49>
			<y49>162</y49>
			<x50>170</x50>
			<y50>158</y50>
			<x51>176</x51>
			<y51>158</y51>
			<x52>177</x52>
			<y52>159</y52>
			<x53>189</x53>
			<y53>159</y53>
			<x54>190</x54>
			<y54>158</y54>
			<x55>194</x55>
			<y55>158</y55>
			<x56>196</x56>
			<y56>157</y56>
			<x57>200</x57>
			<y57>153</y57>
			<x58>200</x58>
			<y58>152</y58>
			<x59>206</x59>
			<y59>152</y59>
			<x60>212</x60>
			<y60>149</y60>
			<x61>216</x61>
			<y61>146</y61>
			<x62>220</x62>
			<y62>146</y62>
			<x63>222</x63>
			<y63>144</y63>
			<x64>223</x64>
			<y64>144</y64>
			<x65>224</x65>
			<y65>143</y65>
			<x66>224</x66>
			<y66>140</y66>
			<x67>221</x67>
			<y67>137</y67>
			<x68>219</x68>
			<y68>136</y68>
			<x69>222</x69>
			<y69>133</y69>
			<x70>224</x70>
			<y70>133</y70>
			<x71>225</x71>
			<y71>132</y71>
			<x72>228</x72>
			<y72>132</y72>
			<x73>229</x73>
			<y73>131</y73>
			<x74>232</x74>
			<y74>131</y74>
			<x75>233</x75>
			<y75>132</y75>
		</polygon>
	</object>
	<object>
		<name>Watermelon rind</name>
		<pose>Unspecified</pose>
		<truncated>0</truncated>
		<difficult>0</difficult>
		<occluded>0</occluded>
		<bndbox>
			<xmin>79</xmin>
			<xmax>226</xmax>
			<ymin>154</ymin>
			<ymax>198</ymax>
		</bndbox>
		<polygon>
			<x1>89</x1>
			<y1>154</y1>
			<x2>90</x2>
			<y2>155</y2>
			<x3>93</x3>
			<y3>155</y3>
			<x4>94</x4>
			<y4>156</y4>
			<x5>96</x5>
			<y5>156</y5>
			<x6>100</x6>
			<y6>159</y6>
			<x7>95</x7>
			<y7>164</y7>
			<x8>95</x8>
			<y8>167</y8>
			<x9>98</x9>
			<y9>170</y9>
			<x10>100</x10>
			<y10>171</y10>
			<x11>104</x11>
			<y11>171</y11>
			<x12>105</x12>
			<y12>172</y12>
			<x13>109</x13>
			<y13>172</y13>
			<x14>111</x14>
			<y14>174</y14>
			<x15>115</x15>
			<y15>176</y15>
			<x16>118</x16>
			<y16>176</y16>
			<x17>119</x17>
			<y17>177</y17>
			<x18>128</x18>
			<y18>177</y18>
			<x19>128</x19>
			<y19>178</y19>
			<x20>131</x20>
			<y20>181</y20>
			<x21>133</x21>
			<y21>182</y21>
			<x22>135</x22>
			<y22>182</y22>
			<x23>136</x23>
			<y23>183</y23>
			<x24>139</x24>
			<y24>183</y24>
			<x25>140</x25>
			<y25>184</y25>
			<x26>145</x26>
			<y26>184</y26>
			<x27>146</x27>
			<y27>185</y27>
			<x28>154</x28>
			<y28>185</y28>
			<x29>162</x29>
			<y29>181</y29>
			<x30>167</x30>
			<y30>181</y30>
			<x31>175</x31>
			<y31>185</y31>
			<x32>180</x32>
			<y32>185</y32>
			<x33>182</x33>
			<y33>186</y33>
			<x34>183</x34>
			<y34>185</y34>
			<x35>187</x35>
			<y35>185</y35>
			<x36>192</x36>
			<y36>182</y36>
			<x37>200</x37>
			<y37>182</y37>
			<x38>201</x38>
			<y38>181</y38>
			<x39>206</x39>
			<y39>181</y39>
			<x40>213</x40>
			<y40>177</y40>
			<x41>216</x41>
			<y41>177</y41>
			<x42>217</x42>
			<y42>178</y42>
			<x43>222</x43>
			<y43>178</y43>
			<x44>224</x44>
			<y44>179</y44>
			<x45>223</x45>
			<y45>182</y45>
			<x46>221</x46>
			<y46>184</y46>
			<x47>220</x47>
			<y47>184</y47>
			<x48>215</x48>
			<y48>188</y48>
			<x49>211</x49>
			<y49>190</y49>
			<x50>209</x50>
			<y50>190</y50>
			<x51>206</x51>
			<y51>192</y51>
			<x52>203</x52>
			<y52>192</y52>
			<x53>202</x53>
			<y53>193</y53>
			<x54>199</x54>
			<y54>193</y54>
			<x55>198</x55>
			<y55>194</y55>
			<x56>195</x56>
			<y56>194</y56>
			<x57>194</x57>
			<y57>195</y57>
			<x58>187</x58>
			<y58>195</y58>
			<x59>186</x59>
			<y59>196</y59>
			<x60>171</x60>
			<y60>196</y60>
			<x61>170</x61>
			<y61>197</y61>
			<x62>168</x62>
			<y62>196</y62>
			<x63>166</x63>
			<y63>196</y63>
			<x64>165</x64>
			<y64>197</y64>
			<x65>164</x65>
			<y65>196</y65>
			<x66>150</x66>
			<y66>196</y66>
			<x67>149</x67>
			<y67>195</y67>
			<x68>142</x68>
			<y68>195</y68>
			<x69>141</x69>
			<y69>194</y69>
			<x70>135</x70>
			<y70>194</y70>
			<x71>134</x71>
			<y71>193</y71>
			<x72>130</x72>
			<y72>193</y72>
			<x73>129</x73>
			<y73>192</y73>
			<x74>125</x74>
			<y74>192</y74>
			<x75>124</x75>
			<y75>191</y75>
			<x76>120</x76>
			<y76>191</y76>
			<x77>119</x77>
			<y77>190</y77>
			<x78>112</x78>
			<y78>189</y78>
			<x79>111</x79>
			<y79>188</y79>
			<x80>109</x80>
			<y80>188</y80>
			<x81>108</x81>
			<y81>187</y81>
			<x82>106</x82>
			<y82>187</y82>
			<x83>105</x83>
			<y83>186</y83>
			<x84>100</x84>
			<y84>185</y84>
			<x85>95</x85>
			<y85>182</y85>
			<x86>93</x86>
			<y86>182</y86>
			<x87>91</x87>
			<y87>180</y87>
			<x88>88</x88>
			<y88>179</y88>
			<x89>85</x89>
			<y89>176</y89>
			<x90>84</x90>
			<y90>176</y90>
			<x91>82</x91>
			<y91>174</y91>
			<x92>82</x92>
			<y92>173</y92>
			<x93>79</x93>
			<y93>169</y93>
			<x94>79</x94>
			<y94>160</y94>
			<x95>80</x95>
			<y95>159</y95>
			<x96>80</x96>
			<y96>157</y96>
			<x97>83</x97>
			<y97>154</y97>
			<x98>88</x98>
			<y98>154</y98>
		</polygon>
	</object>
	<metadata>
	</metadata>
</annotation>
