<annotation>
	<folder></folder>
	<filename>IMG_8516_jpeg.rf.89febb6c02c2dc7a39661d4ca248a9c9.jpg</filename>
	<path>IMG_8516_jpeg.rf.89febb6c02c2dc7a39661d4ca248a9c9.jpg</path>
	<source>
		<database>roboflow.com</database>
	</source>
	<size>
		<width>320</width>
		<height>320</height>
		<depth>3</depth>
	</size>
	<segmented>0</segmented>
	<object>
		<name>fish</name>
		<pose>Unspecified</pose>
		<truncated>0</truncated>
		<difficult>0</difficult>
		<occluded>0</occluded>
		<bndbox>
			<xmin>155</xmin>
			<xmax>200</xmax>
			<ymin>96</ymin>
			<ymax>106</ymax>
		</bndbox>
		<polygon>
			<x1>197</x1>
			<y1>95</y1>
			<x2>198</x2>
			<y2>96</y2>
			<x3>198</x3>
			<y3>100</y3>
			<x4>197</x4>
			<y4>101</y4>
			<x5>191</x5>
			<y5>104</y5>
			<x6>189</x6>
			<y6>104</y6>
			<x7>188</x7>
			<y7>103</y7>
			<x8>187</x8>
			<y8>104</y8>
			<x9>183</x9>
			<y9>104</y9>
			<x10>182</x10>
			<y10>105</y10>
			<x11>174</x11>
			<y11>105</y11>
			<x12>173</x12>
			<y12>104</y12>
			<x13>167</x13>
			<y13>104</y13>
			<x14>166</x14>
			<y14>103</y14>
			<x15>163</x15>
			<y15>103</y15>
			<x16>162</x16>
			<y16>102</y16>
			<x17>159</x17>
			<y17>102</y17>
			<x18>158</x18>
			<y18>101</y18>
			<x19>156</x19>
			<y19>101</y19>
			<x20>155</x20>
			<y20>99</y20>
			<x21>158</x21>
			<y21>99</y21>
			<x22>159</x22>
			<y22>100</y22>
			<x23>185</x23>
			<y23>100</y23>
			<x24>186</x24>
			<y24>98</y24>
			<x25>190</x25>
			<y25>98</y25>
			<x26>191</x26>
			<y26>97</y26>
			<x27>196</x27>
			<y27>96</y27>
		</polygon>
	</object>
	<object>
		<name>fish</name>
		<pose>Unspecified</pose>
		<truncated>0</truncated>
		<difficult>0</difficult>
		<occluded>0</occluded>
		<bndbox>
			<xmin>151</xmin>
			<xmax>209</xmax>
			<ymin>100</ymin>
			<ymax>117</ymax>
		</bndbox>
		<polygon>
			<x1>190</x1>
			<y1>107</y1>
			<x2>192</x2>
			<y2>107</y2>
			<x3>194</x3>
			<y3>105</y3>
			<x4>196</x4>
			<y4>104</y4>
			<x5>198</x5>
			<y5>104</y5>
			<x6>206</x6>
			<y6>99</y6>
			<x7>207</x7>
			<y7>99</y7>
			<x8>207</x8>
			<y8>105</y8>
			<x9>201</x9>
			<y9>111</y9>
			<x10>199</x10>
			<y10>112</y10>
			<x11>190</x11>
			<y11>112</y11>
			<x12>188</x12>
			<y12>114</y12>
			<x13>185</x13>
			<y13>114</y13>
			<x14>184</x14>
			<y14>115</y14>
			<x15>168</x15>
			<y15>115</y15>
			<x16>167</x16>
			<y16>114</y16>
			<x17>163</x17>
			<y17>114</y17>
			<x18>162</x18>
			<y18>113</y18>
			<x19>158</x19>
			<y19>113</y19>
			<x20>157</x20>
			<y20>112</y20>
			<x21>155</x21>
			<y21>112</y21>
			<x22>151</x22>
			<y22>109</y22>
			<x23>161</x23>
			<y23>109</y23>
			<x24>162</x24>
			<y24>110</y24>
			<x25>165</x25>
			<y25>110</y25>
			<x26>166</x26>
			<y26>109</y26>
			<x27>168</x27>
			<y27>110</y27>
			<x28>174</x28>
			<y28>110</y28>
			<x29>175</x29>
			<y29>109</y29>
			<x30>184</x30>
			<y30>109</y30>
			<x31>185</x31>
			<y31>110</y31>
			<x32>186</x32>
			<y32>109</y32>
			<x33>189</x33>
			<y33>109</y33>
			<x34>190</x34>
			<y34>108</y34>
		</polygon>
	</object>
	<object>
		<name>fish</name>
		<pose>Unspecified</pose>
		<truncated>0</truncated>
		<difficult>0</difficult>
		<occluded>0</occluded>
		<bndbox>
			<xmin>165</xmin>
			<xmax>199</xmax>
			<ymin>87</ymin>
			<ymax>97</ymax>
		</bndbox>
		<polygon>
			<x1>196</x1>
			<y1>88</y1>
			<x2>197</x2>
			<y2>89</y2>
			<x3>197</x3>
			<y3>92</y3>
			<x4>195</x4>
			<y4>93</y4>
			<x5>193</x5>
			<y5>93</y5>
			<x6>192</x6>
			<y6>94</y6>
			<x7>188</x7>
			<y7>94</y7>
			<x8>187</x8>
			<y8>95</y8>
			<x9>183</x9>
			<y9>95</y9>
			<x10>182</x10>
			<y10>94</y10>
			<x11>181</x11>
			<y11>95</y11>
			<x12>174</x12>
			<y12>95</y12>
			<x13>173</x13>
			<y13>94</y13>
			<x14>171</x14>
			<y14>94</y14>
			<x15>167</x15>
			<y15>92</y15>
			<x16>165</x16>
			<y16>90</y16>
			<x17>165</x17>
			<y17>89</y17>
			<x18>167</x18>
			<y18>89</y18>
			<x19>168</x19>
			<y19>90</y19>
			<x20>172</x20>
			<y20>90</y20>
			<x21>173</x21>
			<y21>91</y21>
			<x22>179</x22>
			<y22>91</y22>
			<x23>180</x23>
			<y23>90</y23>
			<x24>185</x24>
			<y24>90</y24>
			<x25>187</x25>
			<y25>91</y25>
			<x26>191</x26>
			<y26>88</y26>
			<x27>193</x27>
			<y27>89</y27>
			<x28>195</x28>
			<y28>89</y28>
		</polygon>
	</object>
	<object>
		<name>fish</name>
		<pose>Unspecified</pose>
		<truncated>0</truncated>
		<difficult>0</difficult>
		<occluded>0</occluded>
		<bndbox>
			<xmin>175</xmin>
			<xmax>203</xmax>
			<ymin>69</ymin>
			<ymax>87</ymax>
		</bndbox>
		<polygon>
			<x1>184</x1>
			<y1>68</y1>
			<x2>188</x2>
			<y2>70</y2>
			<x3>190</x3>
			<y3>72</y3>
			<x4>193</x4>
			<y4>72</y4>
			<x5>195</x5>
			<y5>73</y5>
			<x6>199</x6>
			<y6>77</y6>
			<x7>200</x7>
			<y7>77</y7>
			<x8>201</x8>
			<y8>79</y8>
			<x9>200</x9>
			<y9>80</y9>
			<x10>200</x10>
			<y10>82</y10>
			<x11>199</x11>
			<y11>83</y11>
			<x12>190</x12>
			<y12>83</y12>
			<x13>187</x13>
			<y13>85</y13>
			<x14>184</x14>
			<y14>85</y14>
			<x15>183</x15>
			<y15>86</y15>
			<x16>182</x16>
			<y16>84</y16>
			<x17>180</x17>
			<y17>83</y17>
			<x18>176</x18>
			<y18>75</y18>
			<x19>176</x19>
			<y19>73</y19>
			<x20>175</x20>
			<y20>72</y20>
			<x21>175</x21>
			<y21>70</y21>
			<x22>176</x22>
			<y22>69</y22>
			<x23>179</x23>
			<y23>71</y23>
			<x24>181</x24>
			<y24>71</y24>
			<x25>182</x25>
			<y25>69</y25>
			<x26>183</x26>
			<y26>69</y26>
		</polygon>
	</object>
	<object>
		<name>fish</name>
		<pose>Unspecified</pose>
		<truncated>0</truncated>
		<difficult>0</difficult>
		<occluded>0</occluded>
		<bndbox>
			<xmin>181</xmin>
			<xmax>231</xmax>
			<ymin>112</ymin>
			<ymax>149</ymax>
		</bndbox>
		<polygon>
			<x1>215</x1>
			<y1>111</y1>
			<x2>217</x2>
			<y2>112</y2>
			<x3>217</x3>
			<y3>113</y3>
			<x4>221</x4>
			<y4>117</y4>
			<x5>222</x5>
			<y5>120</y5>
			<x6>224</x6>
			<y6>122</y6>
			<x7>224</x7>
			<y7>123</y7>
			<x8>226</x8>
			<y8>125</y8>
			<x9>228</x9>
			<y9>129</y9>
			<x10>228</x10>
			<y10>132</y10>
			<x11>229</x11>
			<y11>133</y11>
			<x12>229</x12>
			<y12>142</y12>
			<x13>228</x13>
			<y13>144</y13>
			<x14>226</x14>
			<y14>146</y14>
			<x15>222</x15>
			<y15>144</y15>
			<x16>219</x16>
			<y16>144</y16>
			<x17>217</x17>
			<y17>146</y17>
			<x18>217</x18>
			<y18>147</y18>
			<x19>215</x19>
			<y19>148</y19>
			<x20>214</x20>
			<y20>147</y20>
			<x21>209</x21>
			<y21>146</y21>
			<x22>206</x22>
			<y22>144</y22>
			<x23>204</x23>
			<y23>144</y23>
			<x24>200</x24>
			<y24>141</y24>
			<x25>193</x25>
			<y25>138</y25>
			<x26>191</x26>
			<y26>136</y26>
			<x27>186</x27>
			<y27>134</y27>
			<x28>181</x28>
			<y28>129</y28>
			<x29>181</x29>
			<y29>127</y29>
			<x30>183</x30>
			<y30>127</y30>
			<x31>184</x31>
			<y31>126</y31>
			<x32>189</x32>
			<y32>126</y32>
			<x33>192</x33>
			<y33>123</y33>
			<x34>194</x34>
			<y34>123</y34>
			<x35>197</x35>
			<y35>125</y35>
			<x36>202</x36>
			<y36>124</y36>
			<x37>204</x37>
			<y37>122</y37>
			<x38>204</x38>
			<y38>121</y38>
			<x39>206</x39>
			<y39>119</y39>
			<x40>207</x40>
			<y40>119</y40>
			<x41>208</x41>
			<y41>117</y41>
			<x42>210</x42>
			<y42>117</y42>
			<x43>213</x43>
			<y43>114</y43>
			<x44>214</x44>
			<y44>112</y44>
		</polygon>
	</object>
	<object>
		<name>fish</name>
		<pose>Unspecified</pose>
		<truncated>0</truncated>
		<difficult>0</difficult>
		<occluded>0</occluded>
		<bndbox>
			<xmin>164</xmin>
			<xmax>210</xmax>
			<ymin>110</ymin>
			<ymax>128</ymax>
		</bndbox>
		<polygon>
			<x1>207</x1>
			<y1>109</y1>
			<x2>208</x2>
			<y2>111</y2>
			<x3>208</x3>
			<y3>113</y3>
			<x4>205</x4>
			<y4>117</y4>
			<x5>204</x5>
			<y5>119</y5>
			<x6>204</x6>
			<y6>121</y6>
			<x7>203</x7>
			<y7>122</y7>
			<x8>201</x8>
			<y8>122</y8>
			<x9>198</x9>
			<y9>125</y9>
			<x10>195</x10>
			<y10>125</y10>
			<x11>194</x11>
			<y11>124</y11>
			<x12>192</x12>
			<y12>125</y12>
			<x13>188</x13>
			<y13>125</y13>
			<x14>186</x14>
			<y14>124</y14>
			<x15>182</x15>
			<y15>127</y15>
			<x16>181</x16>
			<y16>127</y16>
			<x17>178</x17>
			<y17>125</y17>
			<x18>173</x18>
			<y18>125</y18>
			<x19>172</x19>
			<y19>124</y19>
			<x20>165</x20>
			<y20>123</y20>
			<x21>163</x21>
			<y21>121</y21>
			<x22>164</x22>
			<y22>120</y22>
			<x23>177</x23>
			<y23>120</y23>
			<x24>178</x24>
			<y24>119</y24>
			<x25>183</x25>
			<y25>119</y25>
			<x26>184</x26>
			<y26>118</y26>
			<x27>188</x27>
			<y27>118</y27>
			<x28>190</x28>
			<y28>116</y28>
			<x29>189</x29>
			<y29>113</y29>
			<x30>191</x30>
			<y30>113</y30>
			<x31>192</x31>
			<y31>114</y31>
			<x32>193</x32>
			<y32>113</y32>
			<x33>196</x33>
			<y33>113</y33>
			<x34>197</x34>
			<y34>114</y34>
			<x35>199</x35>
			<y35>114</y35>
			<x36>200</x36>
			<y36>113</y36>
			<x37>202</x37>
			<y37>113</y37>
			<x38>205</x38>
			<y38>110</y38>
			<x39>206</x39>
			<y39>110</y39>
		</polygon>
	</object>
	<object>
		<name>fish</name>
		<pose>Unspecified</pose>
		<truncated>0</truncated>
		<difficult>0</difficult>
		<occluded>0</occluded>
		<bndbox>
			<xmin>151</xmin>
			<xmax>231</xmax>
			<ymin>70</ymin>
			<ymax>150</ymax>
		</bndbox>
		<polygon>
			<x1>175</x1>
			<y1>70</y1>
			<x2>177</x2>
			<y2>70</y2>
			<x3>178</x3>
			<y3>71</y3>
			<x4>181</x4>
			<y4>71</y4>
			<x5>183</x5>
			<y5>69</y5>
			<x6>186</x6>
			<y6>69</y6>
			<x7>188</x7>
			<y7>70</y7>
			<x8>188</x8>
			<y8>71</y8>
			<x9>191</x9>
			<y9>73</y9>
			<x10>195</x10>
			<y10>73</y10>
			<x11>201</x11>
			<y11>79</y11>
			<x12>200</x12>
			<y12>80</y12>
			<x13>200</x13>
			<y13>83</y13>
			<x14>191</x14>
			<y14>83</y14>
			<x15>190</x15>
			<y15>84</y15>
			<x16>190</x16>
			<y16>85</y16>
			<x17>194</x17>
			<y17>89</y17>
			<x18>197</x18>
			<y18>89</y18>
			<x19>197</x19>
			<y19>91</y19>
			<x20>194</x20>
			<y20>94</y20>
			<x21>192</x21>
			<y21>95</y21>
			<x22>193</x22>
			<y22>96</y22>
			<x23>195</x23>
			<y23>96</y23>
			<x24>196</x24>
			<y24>95</y24>
			<x25>198</x25>
			<y25>96</y25>
			<x26>198</x26>
			<y26>100</y26>
			<x27>197</x27>
			<y27>101</y27>
			<x28>198</x28>
			<y28>103</y28>
			<x29>200</x29>
			<y29>103</y29>
			<x30>204</x30>
			<y30>101</y30>
			<x31>206</x31>
			<y31>99</y31>
			<x32>207</x32>
			<y32>100</y32>
			<x33>207</x33>
			<y33>105</y33>
			<x34>205</x34>
			<y34>107</y34>
			<x35>205</x35>
			<y35>108</y35>
			<x36>206</x36>
			<y36>109</y36>
			<x37>208</x37>
			<y37>109</y37>
			<x38>208</x38>
			<y38>111</y38>
			<x39>210</x39>
			<y39>114</y39>
			<x40>211</x40>
			<y40>114</y40>
			<x41>214</x41>
			<y41>111</y41>
			<x42>216</x42>
			<y42>111</y42>
			<x43>217</x43>
			<y43>112</y43>
			<x44>217</x44>
			<y44>113</y44>
			<x45>222</x45>
			<y45>118</y45>
			<x46>224</x46>
			<y46>123</y46>
			<x47>226</x47>
			<y47>125</y47>
			<x48>228</x48>
			<y48>129</y48>
			<x49>228</x49>
			<y49>132</y49>
			<x50>229</x50>
			<y50>133</y50>
			<x51>229</x51>
			<y51>142</y51>
			<x52>228</x52>
			<y52>144</y52>
			<x53>226</x53>
			<y53>146</y53>
			<x54>222</x54>
			<y54>144</y54>
			<x55>219</x55>
			<y55>144</y55>
			<x56>217</x56>
			<y56>146</y56>
			<x57>217</x57>
			<y57>147</y57>
			<x58>215</x58>
			<y58>148</y58>
			<x59>214</x59>
			<y59>147</y59>
			<x60>212</x60>
			<y60>147</y60>
			<x61>211</x61>
			<y61>146</y61>
			<x62>206</x62>
			<y62>145</y62>
			<x63>200</x63>
			<y63>142</y63>
			<x64>198</x64>
			<y64>140</y64>
			<x65>191</x65>
			<y65>137</y65>
			<x66>189</x66>
			<y66>135</y66>
			<x67>186</x67>
			<y67>134</y67>
			<x68>180</x68>
			<y68>129</y68>
			<x69>180</x69>
			<y69>127</y69>
			<x70>179</x70>
			<y70>126</y70>
			<x71>177</x71>
			<y71>126</y71>
			<x72>176</x72>
			<y72>125</y72>
			<x73>172</x73>
			<y73>125</y73>
			<x74>171</x74>
			<y74>124</y74>
			<x75>168</x75>
			<y75>124</y75>
			<x76>167</x76>
			<y76>123</y76>
			<x77>165</x77>
			<y77>123</y77>
			<x78>163</x78>
			<y78>121</y78>
			<x79>163</x79>
			<y79>120</y79>
			<x80>166</x80>
			<y80>120</y80>
			<x81>167</x81>
			<y81>119</y81>
			<x82>175</x82>
			<y82>119</y82>
			<x83>176</x83>
			<y83>118</y83>
			<x84>183</x84>
			<y84>118</y84>
			<x85>184</x85>
			<y85>117</y85>
			<x86>185</x86>
			<y86>118</y86>
			<x87>187</x87>
			<y87>116</y87>
			<x88>186</x88>
			<y88>115</y88>
			<x89>183</x89>
			<y89>115</y89>
			<x90>182</x90>
			<y90>116</y90>
			<x91>181</x91>
			<y91>115</y91>
			<x92>179</x92>
			<y92>116</y92>
			<x93>172</x93>
			<y93>116</y93>
			<x94>171</x94>
			<y94>115</y94>
			<x95>167</x95>
			<y95>115</y95>
			<x96>166</x96>
			<y96>114</y96>
			<x97>162</x97>
			<y97>114</y97>
			<x98>161</x98>
			<y98>113</y98>
			<x99>158</x99>
			<y99>113</y99>
			<x100>157</x100>
			<y100>112</y100>
			<x101>155</x101>
			<y101>112</y101>
			<x102>153</x102>
			<y102>111</y102>
			<x103>151</x103>
			<y103>109</y103>
			<x104>169</x104>
			<y104>109</y104>
			<x105>171</x105>
			<y105>110</y105>
			<x106>172</x106>
			<y106>109</y106>
			<x107>177</x107>
			<y107>109</y107>
			<x108>181</x108>
			<y108>107</y108>
			<x109>180</x109>
			<y109>105</y109>
			<x110>177</x110>
			<y110>106</y110>
			<x111>176</x111>
			<y111>105</y111>
			<x112>172</x112>
			<y112>105</y112>
			<x113>171</x113>
			<y113>104</y113>
			<x114>166</x114>
			<y114>104</y114>
			<x115>165</x115>
			<y115>103</y115>
			<x116>161</x116>
			<y116>103</y116>
			<x117>160</x117>
			<y117>102</y117>
			<x118>158</x118>
			<y118>102</y118>
			<x119>155</x119>
			<y119>100</y119>
			<x120>155</x120>
			<y120>99</y120>
			<x121>159</x121>
			<y121>99</y121>
			<x122>160</x122>
			<y122>100</y122>
			<x123>175</x123>
			<y123>100</y123>
			<x124>176</x124>
			<y124>99</y124>
			<x125>179</x125>
			<y125>99</y125>
			<x126>180</x126>
			<y126>98</y126>
			<x127>180</x127>
			<y127>97</y127>
			<x128>178</x128>
			<y128>95</y128>
			<x129>171</x129>
			<y129>94</y129>
			<x130>167</x130>
			<y130>92</y130>
			<x131>165</x131>
			<y131>90</y131>
			<x132>166</x132>
			<y132>89</y132>
			<x133>167</x133>
			<y133>90</y133>
			<x134>171</x134>
			<y134>90</y134>
			<x135>172</x135>
			<y135>91</y135>
			<x136>176</x136>
			<y136>91</y136>
			<x137>177</x137>
			<y137>90</y137>
			<x138>175</x138>
			<y138>88</y138>
			<x139>174</x139>
			<y139>86</y139>
			<x140>174</x140>
			<y140>84</y140>
			<x141>179</x141>
			<y141>85</y141>
			<x142>180</x142>
			<y142>84</y142>
			<x143>180</x143>
			<y143>82</y143>
			<x144>176</x144>
			<y144>75</y144>
			<x145>176</x145>
			<y145>73</y145>
			<x146>175</x146>
			<y146>71</y146>
		</polygon>
	</object>
	<metadata>
	</metadata>
</annotation>
