<annotation>
	<folder></folder>
	<filename>IMG_1966_HEIC.rf.5f1dbc8601f860c2926793e41351eaef.jpg</filename>
	<path>IMG_1966_HEIC.rf.5f1dbc8601f860c2926793e41351eaef.jpg</path>
	<source>
		<database>roboflow.com</database>
	</source>
	<size>
		<width>320</width>
		<height>320</height>
		<depth>3</depth>
	</size>
	<segmented>0</segmented>
	<object>
		<name>Egg shell</name>
		<pose>Unspecified</pose>
		<truncated>0</truncated>
		<difficult>0</difficult>
		<occluded>0</occluded>
		<bndbox>
			<xmin>126</xmin>
			<xmax>173</xmax>
			<ymin>159</ymin>
			<ymax>181</ymax>
		</bndbox>
	</object>
	<metadata>
	</metadata>
</annotation>
