<annotation>
	<folder></folder>
	<filename>IMG_1975_HEIC.rf.b46e5d4b55571fd3d7924da30eec9c62.jpg</filename>
	<path>IMG_1975_HEIC.rf.b46e5d4b55571fd3d7924da30eec9c62.jpg</path>
	<source>
		<database>roboflow.com</database>
	</source>
	<size>
		<width>320</width>
		<height>320</height>
		<depth>3</depth>
	</size>
	<segmented>0</segmented>
	<object>
		<name>Egg shell</name>
		<pose>Unspecified</pose>
		<truncated>0</truncated>
		<difficult>0</difficult>
		<occluded>0</occluded>
		<bndbox>
			<xmin>150</xmin>
			<xmax>199</xmax>
			<ymin>65</ymin>
			<ymax>88</ymax>
		</bndbox>
	</object>
	<metadata>
	</metadata>
</annotation>
