<annotation>
	<folder></folder>
	<filename>IMG_1973_HEIC.rf.6f4860355f1303eb19ed8282fa8c0424.jpg</filename>
	<path>IMG_1973_HEIC.rf.6f4860355f1303eb19ed8282fa8c0424.jpg</path>
	<source>
		<database>roboflow.com</database>
	</source>
	<size>
		<width>320</width>
		<height>320</height>
		<depth>3</depth>
	</size>
	<segmented>0</segmented>
	<object>
		<name>Egg shell</name>
		<pose>Unspecified</pose>
		<truncated>0</truncated>
		<difficult>0</difficult>
		<occluded>0</occluded>
		<bndbox>
			<xmin>169</xmin>
			<xmax>217</xmax>
			<ymin>84</ymin>
			<ymax>107</ymax>
		</bndbox>
	</object>
	<metadata>
	</metadata>
</annotation>
