<annotation>
	<folder></folder>
	<filename>IMG_8477_jpeg.rf.6824eef30fa06fff39ba25bd364961da.jpg</filename>
	<path>IMG_8477_jpeg.rf.6824eef30fa06fff39ba25bd364961da.jpg</path>
	<source>
		<database>roboflow.com</database>
	</source>
	<size>
		<width>320</width>
		<height>320</height>
		<depth>3</depth>
	</size>
	<segmented>0</segmented>
	<object>
		<name>fish</name>
		<pose>Unspecified</pose>
		<truncated>0</truncated>
		<difficult>0</difficult>
		<occluded>0</occluded>
		<bndbox>
			<xmin>121</xmin>
			<xmax>179</xmax>
			<ymin>133</ymin>
			<ymax>191</ymax>
		</bndbox>
		<polygon>
			<x1>169</x1>
			<y1>133</y1>
			<x2>170</x2>
			<y2>135</y2>
			<x3>174</x3>
			<y3>135</y3>
			<x4>175</x4>
			<y4>136</y4>
			<x5>175</x5>
			<y5>138</y5>
			<x6>177</x6>
			<y6>141</y6>
			<x7>177</x7>
			<y7>145</y7>
			<x8>176</x8>
			<y8>146</y8>
			<x9>174</x9>
			<y9>146</y9>
			<x10>172</x10>
			<y10>148</y10>
			<x11>171</x11>
			<y11>147</y11>
			<x12>168</x12>
			<y12>147</y12>
			<x13>167</x13>
			<y13>146</y13>
			<x14>164</x14>
			<y14>146</y14>
			<x15>163</x15>
			<y15>147</y15>
			<x16>164</x16>
			<y16>149</y16>
			<x17>164</x17>
			<y17>151</y17>
			<x18>162</x18>
			<y18>151</y18>
			<x19>160</x19>
			<y19>152</y19>
			<x20>158</x20>
			<y20>156</y20>
			<x21>158</x21>
			<y21>158</y21>
			<x22>159</x22>
			<y22>159</y22>
			<x23>162</x23>
			<y23>159</y23>
			<x24>162</x24>
			<y24>160</y24>
			<x25>156</x25>
			<y25>163</y25>
			<x26>154</x26>
			<y26>165</y26>
			<x27>154</x27>
			<y27>168</y27>
			<x28>155</x28>
			<y28>169</y28>
			<x29>157</x29>
			<y29>168</y29>
			<x30>157</x30>
			<y30>171</y30>
			<x31>153</x31>
			<y31>179</y31>
			<x32>150</x32>
			<y32>182</y32>
			<x33>150</x33>
			<y33>183</y33>
			<x34>149</x34>
			<y34>183</y34>
			<x35>145</x35>
			<y35>187</y35>
			<x36>141</x36>
			<y36>189</y36>
			<x37>138</x37>
			<y37>189</y37>
			<x38>138</x38>
			<y38>188</y38>
			<x39>135</x39>
			<y39>185</y39>
			<x40>131</x40>
			<y40>187</y40>
			<x41>129</x41>
			<y41>185</y41>
			<x42>127</x42>
			<y42>181</y42>
			<x43>127</x43>
			<y43>179</y43>
			<x44>125</x44>
			<y44>175</y44>
			<x45>125</x45>
			<y45>172</y45>
			<x46>124</x46>
			<y46>171</y46>
			<x47>124</x47>
			<y47>167</y47>
			<x48>125</x48>
			<y48>165</y48>
			<x49>120</x49>
			<y49>159</y49>
			<x50>120</x50>
			<y50>158</y50>
			<x51>122</x51>
			<y51>158</y51>
			<x52>126</x52>
			<y52>160</y52>
			<x53>129</x53>
			<y53>160</y53>
			<x54>130</x54>
			<y54>159</y54>
			<x55>128</x55>
			<y55>158</y55>
			<x56>128</x56>
			<y56>157</y56>
			<x57>123</x57>
			<y57>152</y57>
			<x58>122</x58>
			<y58>150</y58>
			<x59>122</x59>
			<y59>148</y59>
			<x60>125</x60>
			<y60>149</y60>
			<x61>128</x61>
			<y61>152</y61>
			<x62>134</x62>
			<y62>155</y62>
			<x63>136</x63>
			<y63>155</y63>
			<x64>138</x64>
			<y64>156</y64>
			<x65>140</x65>
			<y65>154</y65>
			<x66>134</x66>
			<y66>149</y66>
			<x67>134</x67>
			<y67>148</y67>
			<x68>132</x68>
			<y68>146</y68>
			<x69>132</x69>
			<y69>144</y69>
			<x70>133</x70>
			<y70>144</y70>
			<x71>138</x71>
			<y71>148</y71>
			<x72>142</x72>
			<y72>150</y72>
			<x73>144</x73>
			<y73>150</y73>
			<x74>146</x74>
			<y74>151</y74>
			<x75>148</x75>
			<y75>149</y75>
			<x76>148</x76>
			<y76>148</y76>
			<x77>145</x77>
			<y77>144</y77>
			<x78>145</x78>
			<y78>141</y78>
			<x79>146</x79>
			<y79>141</y79>
			<x80>150</x80>
			<y80>145</y80>
			<x81>152</x81>
			<y81>145</y81>
			<x82>153</x82>
			<y82>144</y82>
			<x83>153</x83>
			<y83>142</y83>
			<x84>155</x84>
			<y84>140</y84>
			<x85>155</x85>
			<y85>141</y85>
			<x86>158</x86>
			<y86>144</y86>
			<x87>160</x87>
			<y87>142</y87>
			<x88>161</x88>
			<y88>139</y88>
			<x89>167</x89>
			<y89>133</y89>
			<x90>168</x90>
			<y90>133</y90>
		</polygon>
	</object>
	<metadata>
	</metadata>
</annotation>
