<annotation>
	<folder></folder>
	<filename>IMG_1981_HEIC.rf.dcf324f62a3203d632364ae5e519a0a4.jpg</filename>
	<path>IMG_1981_HEIC.rf.dcf324f62a3203d632364ae5e519a0a4.jpg</path>
	<source>
		<database>roboflow.com</database>
	</source>
	<size>
		<width>320</width>
		<height>320</height>
		<depth>3</depth>
	</size>
	<segmented>0</segmented>
	<object>
		<name>Apple core</name>
		<pose>Unspecified</pose>
		<truncated>0</truncated>
		<difficult>0</difficult>
		<occluded>0</occluded>
		<bndbox>
			<xmin>182</xmin>
			<xmax>204</xmax>
			<ymin>150</ymin>
			<ymax>182</ymax>
		</bndbox>
	</object>
	<metadata>
	</metadata>
</annotation>
