<annotation>
	<folder></folder>
	<filename>IMG_1894_HEIC.rf.b6d14c86a00c594041a43814da933978.jpg</filename>
	<path>IMG_1894_HEIC.rf.b6d14c86a00c594041a43814da933978.jpg</path>
	<source>
		<database>roboflow.com</database>
	</source>
	<size>
		<width>320</width>
		<height>320</height>
		<depth>3</depth>
	</size>
	<segmented>0</segmented>
	<object>
		<name>Egg shell</name>
		<pose>Unspecified</pose>
		<truncated>0</truncated>
		<difficult>0</difficult>
		<occluded>0</occluded>
		<bndbox>
			<xmin>189</xmin>
			<xmax>238</xmax>
			<ymin>144</ymin>
			<ymax>166</ymax>
		</bndbox>
	</object>
	<metadata>
	</metadata>
</annotation>
