<annotation>
	<folder></folder>
	<filename>IMG_8335_jpeg.rf.7e77d8bc683ab2a44a1e943d39902157.jpg</filename>
	<path>IMG_8335_jpeg.rf.7e77d8bc683ab2a44a1e943d39902157.jpg</path>
	<source>
		<database>roboflow.com</database>
	</source>
	<size>
		<width>320</width>
		<height>320</height>
		<depth>3</depth>
	</size>
	<segmented>0</segmented>
	<object>
		<name>fish</name>
		<pose>Unspecified</pose>
		<truncated>0</truncated>
		<difficult>0</difficult>
		<occluded>0</occluded>
		<bndbox>
			<xmin>112</xmin>
			<xmax>188</xmax>
			<ymin>146</ymin>
			<ymax>192</ymax>
		</bndbox>
		<polygon>
			<x1>183</x1>
			<y1>150</y1>
			<x2>184</x2>
			<y2>151</y2>
			<x3>186</x3>
			<y3>150</y3>
			<x4>186</x4>
			<y4>155</y4>
			<x5>185</x5>
			<y5>156</y5>
			<x6>185</x6>
			<y6>159</y6>
			<x7>184</x7>
			<y7>160</y7>
			<x8>184</x8>
			<y8>162</y8>
			<x9>183</x9>
			<y9>163</y9>
			<x10>183</x10>
			<y10>165</y10>
			<x11>181</x11>
			<y11>169</y11>
			<x12>179</x12>
			<y12>169</y12>
			<x13>178</x13>
			<y13>170</y13>
			<x14>179</x14>
			<y14>172</y14>
			<x15>179</x15>
			<y15>178</y15>
			<x16>178</x16>
			<y16>178</y16>
			<x17>178</x17>
			<y17>177</y17>
			<x18>174</x18>
			<y18>173</y18>
			<x19>173</x19>
			<y19>171</y19>
			<x20>171</x20>
			<y20>171</y20>
			<x21>169</x21>
			<y21>173</y21>
			<x22>172</x22>
			<y22>179</y22>
			<x23>172</x23>
			<y23>186</y23>
			<x24>171</x24>
			<y24>187</y24>
			<x25>169</x25>
			<y25>182</y25>
			<x26>167</x26>
			<y26>180</y26>
			<x27>165</x27>
			<y27>176</y27>
			<x28>162</x28>
			<y28>174</y28>
			<x29>160</x29>
			<y29>174</y29>
			<x30>158</x30>
			<y30>176</y30>
			<x31>160</x31>
			<y31>180</y31>
			<x32>160</x32>
			<y32>188</y32>
			<x33>157</x33>
			<y33>182</y33>
			<x34>153</x34>
			<y34>178</y34>
			<x35>149</x35>
			<y35>178</y35>
			<x36>148</x36>
			<y36>179</y36>
			<x37>148</x37>
			<y37>184</y37>
			<x38>146</x38>
			<y38>188</y38>
			<x39>145</x39>
			<y39>187</y39>
			<x40>145</x40>
			<y40>184</y40>
			<x41>144</x41>
			<y41>182</y41>
			<x42>142</x42>
			<y42>181</y42>
			<x43>138</x43>
			<y43>185</y43>
			<x44>136</x44>
			<y44>186</y44>
			<x45>136</x45>
			<y45>183</y45>
			<x46>135</x46>
			<y46>182</y46>
			<x47>133</x47>
			<y47>182</y47>
			<x48>131</x48>
			<y48>184</y48>
			<x49>119</x49>
			<y49>190</y49>
			<x50>117</x50>
			<y50>190</y50>
			<x51>116</x51>
			<y51>191</y51>
			<x52>116</x52>
			<y52>188</y52>
			<x53>115</x53>
			<y53>187</y53>
			<x54>112</x54>
			<y54>187</y54>
			<x55>111</x55>
			<y55>186</y55>
			<x56>111</x56>
			<y56>184</y56>
			<x57>112</x57>
			<y57>184</y57>
			<x58>114</x58>
			<y58>182</y58>
			<x59>113</x59>
			<y59>179</y59>
			<x60>118</x60>
			<y60>174</y60>
			<x61>119</x61>
			<y61>175</y61>
			<x62>121</x62>
			<y62>175</y62>
			<x63>122</x63>
			<y63>174</y63>
			<x64>125</x64>
			<y64>174</y64>
			<x65>128</x65>
			<y65>177</y65>
			<x66>131</x66>
			<y66>178</y66>
			<x67>133</x67>
			<y67>176</y67>
			<x68>135</x68>
			<y68>176</y68>
			<x69>136</x69>
			<y69>175</y69>
			<x70>134</x70>
			<y70>173</y70>
			<x71>135</x71>
			<y71>172</y71>
			<x72>137</x72>
			<y72>173</y72>
			<x73>143</x73>
			<y73>173</y73>
			<x74>144</x74>
			<y74>172</y74>
			<x75>142</x75>
			<y75>170</y75>
			<x76>143</x76>
			<y76>169</y76>
			<x77>148</x77>
			<y77>169</y77>
			<x78>149</x78>
			<y78>167</y78>
			<x79>148</x79>
			<y79>166</y79>
			<x80>143</x80>
			<y80>165</y80>
			<x81>143</x81>
			<y81>164</y81>
			<x82>152</x82>
			<y82>164</y82>
			<x83>156</x83>
			<y83>160</y83>
			<x84>158</x84>
			<y84>160</y84>
			<x85>159</x85>
			<y85>159</y85>
			<x86>158</x86>
			<y86>158</y86>
			<x87>154</x87>
			<y87>158</y87>
			<x88>154</x88>
			<y88>157</y88>
			<x89>162</x89>
			<y89>151</y89>
			<x90>170</x90>
			<y90>147</y90>
			<x91>172</x91>
			<y91>147</y91>
			<x92>173</x92>
			<y92>146</y92>
			<x93>177</x93>
			<y93>146</y93>
			<x94>178</x94>
			<y94>145</y94>
			<x95>181</x95>
			<y95>145</y95>
			<x96>181</x96>
			<y96>149</y96>
			<x97>182</x97>
			<y97>150</y97>
		</polygon>
	</object>
	<metadata>
	</metadata>
</annotation>
