<annotation>
	<folder></folder>
	<filename>IMG_8381_jpeg.rf.c3b5fd05e05cb0bc2c46efad871699d9.jpg</filename>
	<path>IMG_8381_jpeg.rf.c3b5fd05e05cb0bc2c46efad871699d9.jpg</path>
	<source>
		<database>roboflow.com</database>
	</source>
	<size>
		<width>320</width>
		<height>320</height>
		<depth>3</depth>
	</size>
	<segmented>0</segmented>
	<object>
		<name>fish</name>
		<pose>Unspecified</pose>
		<truncated>0</truncated>
		<difficult>0</difficult>
		<occluded>0</occluded>
		<bndbox>
			<xmin>100</xmin>
			<xmax>191</xmax>
			<ymin>145</ymin>
			<ymax>183</ymax>
		</bndbox>
		<polygon>
			<x1>186</x1>
			<y1>146</y1>
			<x2>184</x2>
			<y2>150</y2>
			<x3>187</x3>
			<y3>152</y3>
			<x4>189</x4>
			<y4>152</y4>
			<x5>188</x5>
			<y5>154</y5>
			<x6>185</x6>
			<y6>157</y6>
			<x7>185</x7>
			<y7>158</y7>
			<x8>174</x8>
			<y8>168</y8>
			<x9>173</x9>
			<y9>168</y9>
			<x10>173</x10>
			<y10>167</y10>
			<x11>171</x11>
			<y11>165</y11>
			<x12>170</x12>
			<y12>166</y12>
			<x13>170</x13>
			<y13>169</y13>
			<x14>169</x14>
			<y14>170</y14>
			<x15>169</x15>
			<y15>172</y15>
			<x16>167</x16>
			<y16>176</y16>
			<x17>166</x17>
			<y17>175</y17>
			<x18>166</x18>
			<y18>171</y18>
			<x19>165</x19>
			<y19>170</y19>
			<x20>165</x20>
			<y20>168</y20>
			<x21>162</x21>
			<y21>165</y21>
			<x22>161</x22>
			<y22>163</y22>
			<x23>159</x23>
			<y23>163</y23>
			<x24>158</x24>
			<y24>164</y24>
			<x25>158</x25>
			<y25>166</y25>
			<x26>159</x26>
			<y26>167</y26>
			<x27>159</x27>
			<y27>176</y27>
			<x28>156</x28>
			<y28>180</y28>
			<x29>156</x29>
			<y29>181</y29>
			<x30>154</x30>
			<y30>181</y30>
			<x31>155</x31>
			<y31>179</y31>
			<x32>155</x32>
			<y32>173</y32>
			<x33>154</x33>
			<y33>172</y33>
			<x34>154</x34>
			<y34>170</y34>
			<x35>153</x35>
			<y35>168</y35>
			<x36>150</x36>
			<y36>165</y36>
			<x37>148</x37>
			<y37>165</y37>
			<x38>147</x38>
			<y38>166</y38>
			<x39>147</x39>
			<y39>172</y39>
			<x40>146</x40>
			<y40>173</y40>
			<x41>146</x41>
			<y41>175</y41>
			<x42>145</x42>
			<y42>177</y42>
			<x43>143</x43>
			<y43>179</y43>
			<x44>143</x44>
			<y44>169</y44>
			<x45>140</x45>
			<y45>166</y45>
			<x46>137</x46>
			<y46>166</y46>
			<x47>134</x47>
			<y47>169</y47>
			<x48>134</x48>
			<y48>170</y48>
			<x49>131</x49>
			<y49>173</y49>
			<x50>130</x50>
			<y50>173</y50>
			<x51>130</x51>
			<y51>170</y51>
			<x52>131</x52>
			<y52>168</y52>
			<x53>129</x53>
			<y53>166</y53>
			<x54>126</x54>
			<y54>168</y54>
			<x55>122</x55>
			<y55>168</y55>
			<x56>123</x56>
			<y56>166</y56>
			<x57>121</x57>
			<y57>164</y57>
			<x58>120</x58>
			<y58>164</y58>
			<x59>119</x59>
			<y59>165</y59>
			<x60>116</x60>
			<y60>165</y60>
			<x61>115</x61>
			<y61>166</y61>
			<x62>105</x62>
			<y62>166</y62>
			<x63>104</x63>
			<y63>167</y63>
			<x64>102</x64>
			<y64>167</y64>
			<x65>101</x65>
			<y65>166</y65>
			<x66>102</x66>
			<y66>164</y66>
			<x67>100</x67>
			<y67>162</y67>
			<x68>99</x68>
			<y68>162</y68>
			<x69>99</x69>
			<y69>160</y69>
			<x70>100</x70>
			<y70>159</y70>
			<x71>102</x71>
			<y71>159</y71>
			<x72>104</x72>
			<y72>155</y72>
			<x73>106</x73>
			<y73>155</y73>
			<x74>109</x74>
			<y74>153</y74>
			<x75>111</x75>
			<y75>153</y75>
			<x76>112</x76>
			<y76>154</y76>
			<x77>116</x77>
			<y77>154</y77>
			<x78>120</x78>
			<y78>161</y78>
			<x79>122</x79>
			<y79>161</y79>
			<x80>123</x80>
			<y80>159</y80>
			<x81>125</x81>
			<y81>159</y81>
			<x82>126</x82>
			<y82>160</y82>
			<x83>127</x83>
			<y83>159</y83>
			<x84>126</x84>
			<y84>157</y84>
			<x85>129</x85>
			<y85>157</y85>
			<x86>134</x86>
			<y86>161</y86>
			<x87>135</x87>
			<y87>160</y87>
			<x88>135</x88>
			<y88>156</y88>
			<x89>138</x89>
			<y89>156</y89>
			<x90>139</x90>
			<y90>157</y90>
			<x91>141</x91>
			<y91>157</y91>
			<x92>142</x92>
			<y92>156</y92>
			<x93>141</x93>
			<y93>154</y93>
			<x94>138</x94>
			<y94>152</y94>
			<x95>143</x95>
			<y95>152</y95>
			<x96>144</x96>
			<y96>153</y96>
			<x97>149</x97>
			<y97>154</y97>
			<x98>152</x98>
			<y98>152</y98>
			<x99>155</x99>
			<y99>152</y99>
			<x100>156</x100>
			<y100>151</y100>
			<x101>152</x101>
			<y101>149</y101>
			<x102>154</x102>
			<y102>148</y102>
			<x103>156</x103>
			<y103>148</y103>
			<x104>157</x104>
			<y104>147</y104>
			<x105>159</x105>
			<y105>147</y105>
			<x106>160</x106>
			<y106>146</y106>
			<x107>164</x107>
			<y107>146</y107>
			<x108>165</x108>
			<y108>145</y108>
			<x109>184</x109>
			<y109>145</y109>
			<x110>185</x110>
			<y110>146</y110>
		</polygon>
	</object>
	<metadata>
	</metadata>
</annotation>
