<annotation>
	<folder></folder>
	<filename>IMG_8286_jpeg.rf.6851335e1056d26c54fe5824e331d1e3.jpg</filename>
	<path>IMG_8286_jpeg.rf.6851335e1056d26c54fe5824e331d1e3.jpg</path>
	<source>
		<database>roboflow.com</database>
	</source>
	<size>
		<width>320</width>
		<height>320</height>
		<depth>3</depth>
	</size>
	<segmented>0</segmented>
	<object>
		<name>Watermelon rind</name>
		<pose>Unspecified</pose>
		<truncated>0</truncated>
		<difficult>0</difficult>
		<occluded>0</occluded>
		<bndbox>
			<xmin>131</xmin>
			<xmax>198</xmax>
			<ymin>158</ymin>
			<ymax>180</ymax>
		</bndbox>
		<polygon>
			<x1>131</x1>
			<y1>158</y1>
			<x2>136</x2>
			<y2>158</y2>
			<x3>137</x3>
			<y3>159</y3>
			<x4>139</x4>
			<y4>159</y4>
			<x5>140</x5>
			<y5>160</y5>
			<x6>139</x6>
			<y6>162</y6>
			<x7>139</x7>
			<y7>165</y7>
			<x8>142</x8>
			<y8>168</y8>
			<x9>148</x9>
			<y9>168</y9>
			<x10>152</x10>
			<y10>170</y10>
			<x11>157</x11>
			<y11>169</y11>
			<x12>161</x12>
			<y12>172</y12>
			<x13>168</x13>
			<y13>172</y13>
			<x14>170</x14>
			<y14>171</y14>
			<x15>173</x15>
			<y15>168</y15>
			<x16>176</x16>
			<y16>168</y16>
			<x17>177</x17>
			<y17>169</y17>
			<x18>182</x18>
			<y18>169</y18>
			<x19>186</x19>
			<y19>165</y19>
			<x20>188</x20>
			<y20>165</y20>
			<x21>193</x21>
			<y21>160</y21>
			<x22>194</x22>
			<y22>161</y22>
			<x23>196</x23>
			<y23>161</y23>
			<x24>196</x24>
			<y24>165</y24>
			<x25>195</x25>
			<y25>167</y25>
			<x26>190</x26>
			<y26>172</y26>
			<x27>189</x27>
			<y27>172</y27>
			<x28>185</x28>
			<y28>175</y28>
			<x29>183</x29>
			<y29>175</y29>
			<x30>179</x30>
			<y30>177</y30>
			<x31>175</x31>
			<y31>177</y31>
			<x32>174</x32>
			<y32>178</y32>
			<x33>152</x33>
			<y33>178</y33>
			<x34>151</x34>
			<y34>177</y34>
			<x35>147</x35>
			<y35>177</y35>
			<x36>146</x36>
			<y36>176</y36>
			<x37>144</x37>
			<y37>176</y37>
			<x38>138</x38>
			<y38>173</y38>
			<x39>136</x39>
			<y39>171</y39>
			<x40>135</x40>
			<y40>171</y40>
			<x41>135</x41>
			<y41>170</y41>
			<x42>132</x42>
			<y42>167</y42>
			<x43>132</x43>
			<y43>165</y43>
			<x44>131</x44>
			<y44>164</y44>
			<x45>131</x45>
			<y45>159</y45>
		</polygon>
	</object>
	<object>
		<name>Watermelon rind</name>
		<pose>Unspecified</pose>
		<truncated>0</truncated>
		<difficult>0</difficult>
		<occluded>0</occluded>
		<bndbox>
			<xmin>153</xmin>
			<xmax>196</xmax>
			<ymin>130</ymin>
			<ymax>163</ymax>
		</bndbox>
		<polygon>
			<x1>190</x1>
			<y1>130</y1>
			<x2>193</x2>
			<y2>133</y2>
			<x3>194</x3>
			<y3>135</y3>
			<x4>194</x4>
			<y4>143</y4>
			<x5>191</x5>
			<y5>147</y5>
			<x6>191</x6>
			<y6>148</y6>
			<x7>182</x7>
			<y7>156</y7>
			<x8>172</x8>
			<y8>161</y8>
			<x9>169</x9>
			<y9>161</y9>
			<x10>168</x10>
			<y10>162</y10>
			<x11>161</x11>
			<y11>162</y11>
			<x12>160</x12>
			<y12>161</y12>
			<x13>157</x13>
			<y13>161</y13>
			<x14>153</x14>
			<y14>159</y14>
			<x15>153</x15>
			<y15>157</y15>
			<x16>155</x16>
			<y16>156</y16>
			<x17>156</x17>
			<y17>157</y17>
			<x18>162</x18>
			<y18>157</y18>
			<x19>163</x19>
			<y19>156</y19>
			<x20>166</x20>
			<y20>157</y20>
			<x21>168</x21>
			<y21>156</y21>
			<x22>172</x22>
			<y22>152</y22>
			<x23>174</x23>
			<y23>153</y23>
			<x24>176</x24>
			<y24>153</y24>
			<x25>178</x25>
			<y25>152</y25>
			<x26>182</x26>
			<y26>148</y26>
			<x27>182</x27>
			<y27>146</y27>
			<x28>184</x28>
			<y28>145</y28>
			<x29>189</x29>
			<y29>139</y29>
			<x30>189</x30>
			<y30>137</y30>
			<x31>186</x31>
			<y31>134</y31>
			<x32>186</x32>
			<y32>132</y32>
			<x33>188</x33>
			<y33>130</y33>
			<x34>189</x34>
			<y34>130</y34>
		</polygon>
	</object>
	<metadata>
	</metadata>
</annotation>
