<annotation>
	<folder></folder>
	<filename>IMG_1931_HEIC.rf.4feff363d257da810973595b3cbd8388.jpg</filename>
	<path>IMG_1931_HEIC.rf.4feff363d257da810973595b3cbd8388.jpg</path>
	<source>
		<database>roboflow.com</database>
	</source>
	<size>
		<width>320</width>
		<height>320</height>
		<depth>3</depth>
	</size>
	<segmented>0</segmented>
	<object>
		<name>Egg shell</name>
		<pose>Unspecified</pose>
		<truncated>0</truncated>
		<difficult>0</difficult>
		<occluded>0</occluded>
		<bndbox>
			<xmin>150</xmin>
			<xmax>186</xmax>
			<ymin>123</ymin>
			<ymax>141</ymax>
		</bndbox>
	</object>
	<metadata>
	</metadata>
</annotation>
