<annotation>
	<folder></folder>
	<filename>IMG_8245_jpeg.rf.5f5c6eaa52d26a19fc77be72cb673df4.jpg</filename>
	<path>IMG_8245_jpeg.rf.5f5c6eaa52d26a19fc77be72cb673df4.jpg</path>
	<source>
		<database>roboflow.com</database>
	</source>
	<size>
		<width>320</width>
		<height>320</height>
		<depth>3</depth>
	</size>
	<segmented>0</segmented>
	<object>
		<name>Watermelon rind</name>
		<pose>Unspecified</pose>
		<truncated>0</truncated>
		<difficult>0</difficult>
		<occluded>0</occluded>
		<bndbox>
			<xmin>146</xmin>
			<xmax>203</xmax>
			<ymin>183</ymin>
			<ymax>223</ymax>
		</bndbox>
		<polygon>
			<x1>150</x1>
			<y1>182</y1>
			<x2>153</x2>
			<y2>184</y2>
			<x3>152</x3>
			<y3>186</y3>
			<x4>154</x4>
			<y4>190</y4>
			<x5>154</x5>
			<y5>193</y5>
			<x6>158</x6>
			<y6>197</y6>
			<x7>162</x7>
			<y7>199</y7>
			<x8>162</x8>
			<y8>202</y8>
			<x9>164</x9>
			<y9>205</y9>
			<x10>165</x10>
			<y10>205</y10>
			<x11>169</x11>
			<y11>208</y11>
			<x12>172</x12>
			<y12>208</y12>
			<x13>174</x13>
			<y13>209</y13>
			<x14>177</x14>
			<y14>212</y14>
			<x15>179</x15>
			<y15>212</y15>
			<x16>183</x16>
			<y16>214</y16>
			<x17>185</x17>
			<y17>216</y17>
			<x18>191</x18>
			<y18>216</y18>
			<x19>193</x19>
			<y19>214</y19>
			<x20>198</x20>
			<y20>215</y20>
			<x21>202</x21>
			<y21>218</y21>
			<x22>199</x22>
			<y22>220</y22>
			<x23>195</x23>
			<y23>220</y23>
			<x24>194</x24>
			<y24>221</y24>
			<x25>186</x25>
			<y25>221</y25>
			<x26>185</x26>
			<y26>220</y26>
			<x27>182</x27>
			<y27>220</y27>
			<x28>181</x28>
			<y28>219</y28>
			<x29>176</x29>
			<y29>218</y29>
			<x30>168</x30>
			<y30>214</y30>
			<x31>166</x31>
			<y31>212</y31>
			<x32>163</x32>
			<y32>211</y32>
			<x33>160</x33>
			<y33>208</y33>
			<x34>159</x34>
			<y34>208</y34>
			<x35>156</x35>
			<y35>205</y35>
			<x36>155</x36>
			<y36>205</y36>
			<x37>153</x37>
			<y37>203</y37>
			<x38>153</x38>
			<y38>202</y38>
			<x39>148</x39>
			<y39>197</y39>
			<x40>145</x40>
			<y40>191</y40>
			<x41>145</x41>
			<y41>186</y41>
			<x42>146</x42>
			<y42>184</y42>
			<x43>148</x43>
			<y43>182</y43>
			<x44>149</x44>
			<y44>182</y44>
		</polygon>
	</object>
	<object>
		<name>Watermelon rind</name>
		<pose>Unspecified</pose>
		<truncated>0</truncated>
		<difficult>0</difficult>
		<occluded>0</occluded>
		<bndbox>
			<xmin>123</xmin>
			<xmax>155</xmax>
			<ymin>164</ymin>
			<ymax>220</ymax>
		</bndbox>
		<polygon>
			<x1>146</x1>
			<y1>163</y1>
			<x2>146</x2>
			<y2>164</y2>
			<x3>138</x3>
			<y3>164</y3>
			<x4>137</x4>
			<y4>165</y4>
			<x5>138</x5>
			<y5>166</y5>
			<x6>146</x6>
			<y6>166</y6>
			<x7>146</x7>
			<y7>169</y7>
			<x8>145</x8>
			<y8>170</y8>
			<x9>140</x9>
			<y9>170</y9>
			<x10>139</x10>
			<y10>169</y10>
			<x11>138</x11>
			<y11>170</y11>
			<x12>136</x12>
			<y12>170</y12>
			<x13>134</x13>
			<y13>172</y13>
			<x14>134</x14>
			<y14>178</y14>
			<x15>133</x15>
			<y15>179</y15>
			<x16>133</x16>
			<y16>182</y16>
			<x17>135</x17>
			<y17>184</y17>
			<x18>134</x18>
			<y18>184</y18>
			<x19>132</x19>
			<y19>187</y19>
			<x20>132</x20>
			<y20>192</y20>
			<x21>139</x21>
			<y21>198</y21>
			<x22>139</x22>
			<y22>204</y22>
			<x23>149</x23>
			<y23>213</y23>
			<x24>152</x24>
			<y24>214</y24>
			<x25>153</x25>
			<y25>215</y25>
			<x26>153</x26>
			<y26>218</y26>
			<x27>151</x27>
			<y27>217</y27>
			<x28>147</x28>
			<y28>217</y28>
			<x29>144</x29>
			<y29>215</y29>
			<x30>142</x30>
			<y30>215</y30>
			<x31>140</x31>
			<y31>214</y31>
			<x32>138</x32>
			<y32>212</y32>
			<x33>137</x33>
			<y33>212</y33>
			<x34>130</x34>
			<y34>205</y34>
			<x35>130</x35>
			<y35>204</y35>
			<x36>127</x36>
			<y36>201</y36>
			<x37>125</x37>
			<y37>197</y37>
			<x38>125</x38>
			<y38>195</y38>
			<x39>123</x39>
			<y39>191</y39>
			<x40>123</x40>
			<y40>186</y40>
			<x41>122</x41>
			<y41>185</y41>
			<x42>122</x42>
			<y42>177</y42>
			<x43>123</x43>
			<y43>176</y43>
			<x44>123</x44>
			<y44>172</y44>
			<x45>128</x45>
			<y45>166</y45>
			<x46>132</x46>
			<y46>164</y46>
			<x47>135</x47>
			<y47>164</y47>
			<x48>136</x48>
			<y48>163</y48>
			<x49>145</x49>
			<y49>163</y49>
		</polygon>
	</object>
	<metadata>
	</metadata>
</annotation>
