<annotation>
	<folder></folder>
	<filename>IMG_1917_HEIC.rf.d263056d28fdaeb288a762c384269e45.jpg</filename>
	<path>IMG_1917_HEIC.rf.d263056d28fdaeb288a762c384269e45.jpg</path>
	<source>
		<database>roboflow.com</database>
	</source>
	<size>
		<width>320</width>
		<height>320</height>
		<depth>3</depth>
	</size>
	<segmented>0</segmented>
	<object>
		<name>Apple core</name>
		<pose>Unspecified</pose>
		<truncated>0</truncated>
		<difficult>0</difficult>
		<occluded>0</occluded>
		<bndbox>
			<xmin>92</xmin>
			<xmax>116</xmax>
			<ymin>165</ymin>
			<ymax>192</ymax>
		</bndbox>
	</object>
	<metadata>
	</metadata>
</annotation>
