<annotation>
	<folder></folder>
	<filename>IMG_8435_jpeg.rf.bed40c787d14369718c55bd60b543a6d.jpg</filename>
	<path>IMG_8435_jpeg.rf.bed40c787d14369718c55bd60b543a6d.jpg</path>
	<source>
		<database>roboflow.com</database>
	</source>
	<size>
		<width>320</width>
		<height>320</height>
		<depth>3</depth>
	</size>
	<segmented>0</segmented>
	<object>
		<name>fish</name>
		<pose>Unspecified</pose>
		<truncated>0</truncated>
		<difficult>0</difficult>
		<occluded>0</occluded>
		<bndbox>
			<xmin>46</xmin>
			<xmax>140</xmax>
			<ymin>95</ymin>
			<ymax>138</ymax>
		</bndbox>
		<polygon>
			<x1>56</x1>
			<y1>94</y1>
			<x2>57</x2>
			<y2>95</y2>
			<x3>62</x3>
			<y3>94</y3>
			<x4>64</x4>
			<y4>96</y4>
			<x5>66</x5>
			<y5>96</y5>
			<x6>67</x6>
			<y6>97</y6>
			<x7>67</x7>
			<y7>105</y7>
			<x8>68</x8>
			<y8>106</y8>
			<x9>70</x9>
			<y9>105</y9>
			<x10>73</x10>
			<y10>105</y10>
			<x11>75</x11>
			<y11>107</y11>
			<x12>76</x12>
			<y12>106</y12>
			<x13>76</x13>
			<y13>103</y13>
			<x14>77</x14>
			<y14>103</y14>
			<x15>80</x15>
			<y15>109</y15>
			<x16>82</x16>
			<y16>111</y16>
			<x17>84</x17>
			<y17>110</y17>
			<x18>84</x18>
			<y18>106</y18>
			<x19>86</x19>
			<y19>106</y19>
			<x20>89</x20>
			<y20>108</y20>
			<x21>91</x21>
			<y21>108</y21>
			<x22>92</x22>
			<y22>107</y22>
			<x23>92</x23>
			<y23>105</y23>
			<x24>90</x24>
			<y24>103</y24>
			<x25>92</x25>
			<y25>103</y25>
			<x26>94</x26>
			<y26>104</y26>
			<x27>101</x27>
			<y27>110</y27>
			<x28>102</x28>
			<y28>109</y28>
			<x29>102</x29>
			<y29>107</y29>
			<x30>105</x30>
			<y30>107</y30>
			<x31>106</x31>
			<y31>106</y31>
			<x32>105</x32>
			<y32>104</y32>
			<x33>112</x33>
			<y33>104</y33>
			<x34>113</x34>
			<y34>105</y34>
			<x35>120</x35>
			<y35>105</y35>
			<x36>121</x36>
			<y36>106</y36>
			<x37>124</x37>
			<y37>106</y37>
			<x38>125</x38>
			<y38>107</y38>
			<x39>128</x39>
			<y39>107</y39>
			<x40>129</x40>
			<y40>108</y40>
			<x41>131</x41>
			<y41>108</y41>
			<x42>137</x42>
			<y42>111</y42>
			<x43>138</x43>
			<y43>113</y43>
			<x44>137</x44>
			<y44>113</y44>
			<x45>135</x45>
			<y45>115</y45>
			<x46>135</x46>
			<y46>117</y46>
			<x47>137</x47>
			<y47>119</y47>
			<x48>138</x48>
			<y48>119</y48>
			<x49>137</x49>
			<y49>119</y49>
			<x50>132</x50>
			<y50>123</y50>
			<x51>130</x51>
			<y51>123</y51>
			<x52>127</x52>
			<y52>125</y52>
			<x53>125</x53>
			<y53>125</y53>
			<x54>122</x54>
			<y54>127</y54>
			<x55>120</x55>
			<y55>127</y55>
			<x56>116</x56>
			<y56>129</y56>
			<x57>115</x57>
			<y57>129</y57>
			<x58>113</x58>
			<y58>126</y58>
			<x59>112</x59>
			<y59>128</y59>
			<x60>107</x60>
			<y60>133</y60>
			<x61>105</x61>
			<y61>134</y61>
			<x62>104</x62>
			<y62>134</y62>
			<x63>104</x63>
			<y63>133</y63>
			<x64>106</x64>
			<y64>129</y64>
			<x65>106</x65>
			<y65>124</y65>
			<x66>107</x66>
			<y66>123</y66>
			<x67>107</x67>
			<y67>121</y67>
			<x68>105</x68>
			<y68>119</y68>
			<x69>103</x69>
			<y69>119</y69>
			<x70>102</x70>
			<y70>120</y70>
			<x71>102</x71>
			<y71>123</y71>
			<x72>101</x72>
			<y72>124</y72>
			<x73>101</x73>
			<y73>126</y73>
			<x74>99</x74>
			<y74>128</y74>
			<x75>99</x75>
			<y75>129</y75>
			<x76>94</x76>
			<y76>134</y76>
			<x77>89</x77>
			<y77>136</y77>
			<x78>89</x78>
			<y78>135</y78>
			<x79>92</x79>
			<y79>132</y79>
			<x80>95</x80>
			<y80>126</y80>
			<x81>95</x81>
			<y81>124</y81>
			<x82>96</x82>
			<y82>123</y82>
			<x83>96</x83>
			<y83>120</y83>
			<x84>94</x84>
			<y84>118</y84>
			<x85>92</x85>
			<y85>118</y85>
			<x86>83</x86>
			<y86>128</y86>
			<x87>80</x87>
			<y87>129</y87>
			<x88>80</x88>
			<y88>128</y88>
			<x89>83</x89>
			<y89>125</y89>
			<x90>83</x90>
			<y90>123</y90>
			<x91>85</x91>
			<y91>119</y91>
			<x92>85</x92>
			<y92>118</y92>
			<x93>83</x93>
			<y93>116</y93>
			<x94>80</x94>
			<y94>115</y94>
			<x95>76</x95>
			<y95>118</y95>
			<x96>70</x96>
			<y96>120</y96>
			<x97>70</x97>
			<y97>119</y97>
			<x98>73</x98>
			<y98>116</y98>
			<x99>74</x99>
			<y99>114</y99>
			<x100>73</x100>
			<y100>113</y100>
			<x101>65</x101>
			<y101>113</y101>
			<x102>65</x102>
			<y102>112</y102>
			<x103>67</x103>
			<y103>110</y103>
			<x104>66</x104>
			<y104>108</y104>
			<x105>61</x105>
			<y105>108</y105>
			<x106>60</x106>
			<y106>107</y106>
			<x107>56</x107>
			<y107>107</y107>
			<x108>55</x108>
			<y108>106</y108>
			<x109>51</x109>
			<y109>106</y109>
			<x110>50</x110>
			<y110>105</y110>
			<x111>47</x111>
			<y111>105</y111>
			<x112>45</x112>
			<y112>104</y112>
			<x113>48</x113>
			<y113>102</y113>
			<x114>47</x114>
			<y114>100</y114>
			<x115>47</x115>
			<y115>98</y115>
			<x116>48</x116>
			<y116>97</y116>
			<x117>51</x117>
			<y117>97</y117>
			<x118>52</x118>
			<y118>98</y118>
			<x119>54</x119>
			<y119>96</y119>
			<x120>54</x120>
			<y120>95</y120>
			<x121>55</x121>
			<y121>95</y121>
		</polygon>
	</object>
	<metadata>
	</metadata>
</annotation>
