<annotation>
	<folder></folder>
	<filename>IMG_8283_jpeg.rf.3ef84f97f6f59877f0f51e3618220c5c.jpg</filename>
	<path>IMG_8283_jpeg.rf.3ef84f97f6f59877f0f51e3618220c5c.jpg</path>
	<source>
		<database>roboflow.com</database>
	</source>
	<size>
		<width>320</width>
		<height>320</height>
		<depth>3</depth>
	</size>
	<segmented>0</segmented>
	<object>
		<name>Watermelon rind</name>
		<pose>Unspecified</pose>
		<truncated>0</truncated>
		<difficult>0</difficult>
		<occluded>0</occluded>
		<bndbox>
			<xmin>121</xmin>
			<xmax>149</xmax>
			<ymin>142</ymin>
			<ymax>189</ymax>
		</bndbox>
		<polygon>
			<x1>137</x1>
			<y1>143</y1>
			<x2>139</x2>
			<y2>144</y2>
			<x3>144</x3>
			<y3>149</y3>
			<x4>146</x4>
			<y4>153</y4>
			<x5>146</x5>
			<y5>155</y5>
			<x6>147</x6>
			<y6>156</y6>
			<x7>147</x7>
			<y7>167</y7>
			<x8>146</x8>
			<y8>168</y8>
			<x9>146</x9>
			<y9>172</y9>
			<x10>145</x10>
			<y10>173</y10>
			<x11>145</x11>
			<y11>175</y11>
			<x12>143</x12>
			<y12>179</y12>
			<x13>140</x13>
			<y13>182</y13>
			<x14>140</x14>
			<y14>183</y14>
			<x15>130</x15>
			<y15>188</y15>
			<x16>121</x16>
			<y16>188</y16>
			<x17>120</x17>
			<y17>186</y17>
			<x18>123</x18>
			<y18>182</y18>
			<x19>124</x19>
			<y19>183</y19>
			<x20>128</x20>
			<y20>183</y20>
			<x21>129</x21>
			<y21>184</y21>
			<x22>133</x22>
			<y22>180</y22>
			<x23>133</x23>
			<y23>177</y23>
			<x24>134</x24>
			<y24>177</y24>
			<x25>136</x25>
			<y25>174</y25>
			<x26>135</x26>
			<y26>171</y26>
			<x27>137</x27>
			<y27>170</y27>
			<x28>140</x28>
			<y28>166</y28>
			<x29>140</x29>
			<y29>162</y29>
			<x30>137</x30>
			<y30>159</y30>
			<x31>136</x31>
			<y31>159</y31>
			<x32>136</x32>
			<y32>157</y32>
			<x33>139</x33>
			<y33>154</y33>
			<x34>139</x34>
			<y34>155</y34>
			<x35>137</x35>
			<y35>156</y35>
			<x36>139</x36>
			<y36>159</y36>
			<x37>141</x37>
			<y37>159</y37>
			<x38>142</x38>
			<y38>158</y38>
			<x39>142</x39>
			<y39>153</y39>
			<x40>139</x40>
			<y40>150</y40>
			<x41>139</x41>
			<y41>149</y41>
			<x42>137</x42>
			<y42>148</y42>
			<x43>136</x43>
			<y43>146</y43>
			<x44>134</x44>
			<y44>148</y44>
			<x45>135</x45>
			<y45>149</y45>
			<x46>133</x46>
			<y46>147</y46>
			<x47>133</x47>
			<y47>146</y47>
			<x48>131</x48>
			<y48>144</y48>
			<x49>130</x49>
			<y49>144</y49>
			<x50>130</x50>
			<y50>142</y50>
			<x51>131</x51>
			<y51>141</y51>
			<x52>133</x52>
			<y52>142</y52>
			<x53>135</x53>
			<y53>142</y53>
			<x54>136</x54>
			<y54>143</y54>
		</polygon>
	</object>
	<object>
		<name>Watermelon rind</name>
		<pose>Unspecified</pose>
		<truncated>0</truncated>
		<difficult>0</difficult>
		<occluded>0</occluded>
		<bndbox>
			<xmin>93</xmin>
			<xmax>130</xmax>
			<ymin>140</ymin>
			<ymax>173</ymax>
		</bndbox>
		<polygon>
			<x1>104</x1>
			<y1>139</y1>
			<x2>105</x2>
			<y2>140</y2>
			<x3>108</x3>
			<y3>140</y3>
			<x4>109</x4>
			<y4>141</y4>
			<x5>111</x5>
			<y5>141</y5>
			<x6>113</x6>
			<y6>142</y6>
			<x7>115</x7>
			<y7>144</y7>
			<x8>116</x8>
			<y8>144</y8>
			<x9>125</x9>
			<y9>153</y9>
			<x10>127</x10>
			<y10>157</y10>
			<x11>127</x11>
			<y11>159</y11>
			<x12>128</x12>
			<y12>160</y12>
			<x13>128</x13>
			<y13>166</y13>
			<x14>126</x14>
			<y14>170</y14>
			<x15>123</x15>
			<y15>172</y15>
			<x16>121</x16>
			<y16>171</y16>
			<x17>121</x17>
			<y17>165</y17>
			<x18>122</x18>
			<y18>164</y18>
			<x19>122</x19>
			<y19>161</y19>
			<x20>117</x20>
			<y20>157</y20>
			<x21>118</x21>
			<y21>156</y21>
			<x22>118</x22>
			<y22>154</y22>
			<x23>115</x23>
			<y23>150</y23>
			<x24>112</x24>
			<y24>150</y24>
			<x25>108</x25>
			<y25>146</y25>
			<x26>107</x26>
			<y26>146</y26>
			<x27>103</x27>
			<y27>143</y27>
			<x28>99</x28>
			<y28>143</y28>
			<x29>98</x29>
			<y29>144</y29>
			<x30>94</x30>
			<y30>144</y30>
			<x31>93</x31>
			<y31>143</y31>
			<x32>93</x32>
			<y32>141</y32>
			<x33>95</x33>
			<y33>140</y33>
			<x34>101</x34>
			<y34>140</y34>
			<x35>103</x35>
			<y35>139</y35>
		</polygon>
	</object>
	<metadata>
	</metadata>
</annotation>
