<annotation>
	<folder></folder>
	<filename>IMG_1910_HEIC.rf.f38d61d1804ca4006d2093f2737538ae.jpg</filename>
	<path>IMG_1910_HEIC.rf.f38d61d1804ca4006d2093f2737538ae.jpg</path>
	<source>
		<database>roboflow.com</database>
	</source>
	<size>
		<width>320</width>
		<height>320</height>
		<depth>3</depth>
	</size>
	<segmented>0</segmented>
	<object>
		<name>Egg shell</name>
		<pose>Unspecified</pose>
		<truncated>0</truncated>
		<difficult>0</difficult>
		<occluded>0</occluded>
		<bndbox>
			<xmin>147</xmin>
			<xmax>189</xmax>
			<ymin>128</ymin>
			<ymax>145</ymax>
		</bndbox>
	</object>
	<metadata>
	</metadata>
</annotation>
