<annotation>
	<folder></folder>
	<filename>IMG_8398_jpeg.rf.af602f74f6a9712c419989a15fa91e49.jpg</filename>
	<path>IMG_8398_jpeg.rf.af602f74f6a9712c419989a15fa91e49.jpg</path>
	<source>
		<database>roboflow.com</database>
	</source>
	<size>
		<width>320</width>
		<height>320</height>
		<depth>3</depth>
	</size>
	<segmented>0</segmented>
	<object>
		<name>fish</name>
		<pose>Unspecified</pose>
		<truncated>0</truncated>
		<difficult>0</difficult>
		<occluded>0</occluded>
		<bndbox>
			<xmin>72</xmin>
			<xmax>142</xmax>
			<ymin>121</ymin>
			<ymax>166</ymax>
		</bndbox>
		<polygon>
			<x1>133</x1>
			<y1>120</y1>
			<x2>136</x2>
			<y2>124</y2>
			<x3>139</x3>
			<y3>124</y3>
			<x4>140</x4>
			<y4>125</y4>
			<x5>140</x5>
			<y5>133</y5>
			<x6>139</x6>
			<y6>134</y6>
			<x7>139</x7>
			<y7>138</y7>
			<x8>138</x8>
			<y8>139</y8>
			<x9>138</x9>
			<y9>141</y9>
			<x10>136</x10>
			<y10>143</y10>
			<x11>136</x11>
			<y11>147</y11>
			<x12>137</x12>
			<y12>148</y12>
			<x13>137</x13>
			<y13>150</y13>
			<x14>134</x14>
			<y14>149</y14>
			<x15>132</x15>
			<y15>147</y15>
			<x16>130</x16>
			<y16>147</y16>
			<x17>129</x17>
			<y17>148</y17>
			<x18>129</x18>
			<y18>150</y18>
			<x19>131</x19>
			<y19>154</y19>
			<x20>131</x20>
			<y20>158</y20>
			<x21>129</x21>
			<y21>158</y21>
			<x22>127</x22>
			<y22>154</y22>
			<x23>124</x23>
			<y23>151</y23>
			<x24>120</x24>
			<y24>149</y24>
			<x25>118</x25>
			<y25>151</y25>
			<x26>120</x26>
			<y26>155</y26>
			<x27>120</x27>
			<y27>160</y27>
			<x28>119</x28>
			<y28>160</y28>
			<x29>118</x29>
			<y29>158</y29>
			<x30>113</x30>
			<y30>153</y30>
			<x31>111</x31>
			<y31>152</y31>
			<x32>109</x32>
			<y32>152</y32>
			<x33>107</x33>
			<y33>154</y33>
			<x34>107</x34>
			<y34>159</y34>
			<x35>106</x35>
			<y35>160</y35>
			<x36>105</x36>
			<y36>160</y36>
			<x37>102</x37>
			<y37>157</y37>
			<x38>100</x38>
			<y38>157</y38>
			<x39>97</x39>
			<y39>159</y39>
			<x40>94</x40>
			<y40>159</y40>
			<x41>93</x41>
			<y41>158</y41>
			<x42>91</x42>
			<y42>158</y42>
			<x43>89</x43>
			<y43>160</y43>
			<x44>81</x44>
			<y44>164</y44>
			<x45>76</x45>
			<y45>164</y45>
			<x46>73</x46>
			<y46>161</y46>
			<x47>71</x47>
			<y47>160</y47>
			<x48>71</x48>
			<y48>159</y48>
			<x49>73</x49>
			<y49>157</y49>
			<x50>72</x50>
			<y50>156</y50>
			<x51>72</x51>
			<y51>154</y51>
			<x52>76</x52>
			<y52>150</y52>
			<x53>79</x53>
			<y53>150</y53>
			<x54>80</x54>
			<y54>149</y54>
			<x55>82</x55>
			<y55>149</y55>
			<x56>85</x56>
			<y56>151</y56>
			<x57>89</x57>
			<y57>151</y57>
			<x58>91</x58>
			<y58>148</y58>
			<x59>93</x59>
			<y59>147</y59>
			<x60>96</x60>
			<y60>147</y60>
			<x61>99</x61>
			<y61>144</y61>
			<x62>101</x62>
			<y62>143</y62>
			<x63>101</x63>
			<y63>142</y63>
			<x64>99</x64>
			<y64>140</y64>
			<x65>100</x65>
			<y65>139</y65>
			<x66>105</x66>
			<y66>139</y66>
			<x67>107</x67>
			<y67>138</y67>
			<x68>109</x68>
			<y68>135</y68>
			<x69>108</x69>
			<y69>134</y69>
			<x70>108</x70>
			<y70>132</y70>
			<x71>111</x71>
			<y71>129</y71>
			<x72>112</x72>
			<y72>129</y72>
			<x73>117</x73>
			<y73>125</y73>
			<x74>123</x74>
			<y74>122</y74>
			<x75>125</x75>
			<y75>122</y75>
			<x76>129</x76>
			<y76>120</y76>
			<x77>132</x77>
			<y77>120</y77>
		</polygon>
	</object>
	<metadata>
	</metadata>
</annotation>
