<annotation>
	<folder></folder>
	<filename>IMG_8291_jpeg.rf.8a3cd4634a28975f4a11a499c4751399.jpg</filename>
	<path>IMG_8291_jpeg.rf.8a3cd4634a28975f4a11a499c4751399.jpg</path>
	<source>
		<database>roboflow.com</database>
	</source>
	<size>
		<width>320</width>
		<height>320</height>
		<depth>3</depth>
	</size>
	<segmented>0</segmented>
	<object>
		<name>Watermelon rind</name>
		<pose>Unspecified</pose>
		<truncated>0</truncated>
		<difficult>0</difficult>
		<occluded>0</occluded>
		<bndbox>
			<xmin>83</xmin>
			<xmax>143</xmax>
			<ymin>93</ymin>
			<ymax>151</ymax>
		</bndbox>
		<polygon>
			<x1>106</x1>
			<y1>93</y1>
			<x2>107</x2>
			<y2>94</y2>
			<x3>112</x3>
			<y3>95</y3>
			<x4>116</x4>
			<y4>97</y4>
			<x5>121</x5>
			<y5>101</y5>
			<x6>122</x6>
			<y6>101</y6>
			<x7>133</x7>
			<y7>112</y7>
			<x8>133</x8>
			<y8>113</y8>
			<x9>137</x9>
			<y9>118</y9>
			<x10>140</x10>
			<y10>124</y10>
			<x11>140</x11>
			<y11>126</y11>
			<x12>141</x12>
			<y12>127</y12>
			<x13>141</x13>
			<y13>130</y13>
			<x14>142</x14>
			<y14>131</y14>
			<x15>142</x15>
			<y15>133</y15>
			<x16>141</x16>
			<y16>134</y16>
			<x17>141</x17>
			<y17>139</y17>
			<x18>139</x18>
			<y18>143</y18>
			<x19>137</x19>
			<y19>145</y19>
			<x20>137</x20>
			<y20>146</y20>
			<x21>136</x21>
			<y21>146</y21>
			<x22>133</x22>
			<y22>149</y22>
			<x23>131</x23>
			<y23>150</y23>
			<x24>130</x24>
			<y24>150</y24>
			<x25>128</x25>
			<y25>148</y25>
			<x26>128</x26>
			<y26>145</y26>
			<x27>129</x27>
			<y27>144</y27>
			<x28>129</x28>
			<y28>137</y28>
			<x29>131</x29>
			<y29>134</y29>
			<x30>131</x30>
			<y30>132</y30>
			<x31>129</x31>
			<y31>129</y31>
			<x32>127</x32>
			<y32>128</y32>
			<x33>125</x33>
			<y33>128</y33>
			<x34>124</x34>
			<y34>127</y34>
			<x35>124</x35>
			<y35>125</y35>
			<x36>126</x36>
			<y36>121</y36>
			<x37>125</x37>
			<y37>118</y37>
			<x38>119</x38>
			<y38>112</y38>
			<x39>114</x39>
			<y39>112</y39>
			<x40>114</x40>
			<y40>110</y40>
			<x41>113</x41>
			<y41>108</y41>
			<x42>109</x42>
			<y42>105</y42>
			<x43>107</x43>
			<y43>105</y43>
			<x44>105</x44>
			<y44>103</y44>
			<x45>105</x45>
			<y45>102</y45>
			<x46>102</x46>
			<y46>100</y46>
			<x47>96</x47>
			<y47>100</y47>
			<x48>92</x48>
			<y48>103</y48>
			<x49>90</x49>
			<y49>103</y49>
			<x50>86</x50>
			<y50>101</y50>
			<x51>83</x51>
			<y51>98</y51>
			<x52>84</x52>
			<y52>96</y52>
			<x53>86</x53>
			<y53>95</y53>
			<x54>88</x54>
			<y54>95</y54>
			<x55>89</x55>
			<y55>94</y55>
			<x56>91</x56>
			<y56>94</y56>
			<x57>92</x57>
			<y57>93</y57>
			<x58>105</x58>
			<y58>93</y58>
		</polygon>
	</object>
	<object>
		<name>Watermelon rind</name>
		<pose>Unspecified</pose>
		<truncated>0</truncated>
		<difficult>0</difficult>
		<occluded>0</occluded>
		<bndbox>
			<xmin>125</xmin>
			<xmax>175</xmax>
			<ymin>97</ymin>
			<ymax>176</ymax>
		</bndbox>
		<polygon>
			<x1>147</x1>
			<y1>97</y1>
			<x2>151</x2>
			<y2>97</y2>
			<x3>152</x3>
			<y3>98</y3>
			<x4>155</x4>
			<y4>98</y4>
			<x5>159</x5>
			<y5>100</y5>
			<x6>161</x6>
			<y6>102</y6>
			<x7>162</x7>
			<y7>102</y7>
			<x8>168</x8>
			<y8>108</y8>
			<x9>168</x9>
			<y9>109</y9>
			<x10>170</x10>
			<y10>111</y10>
			<x11>172</x11>
			<y11>115</y11>
			<x12>172</x12>
			<y12>117</y12>
			<x13>173</x13>
			<y13>118</y13>
			<x14>173</x14>
			<y14>124</y14>
			<x15>174</x15>
			<y15>125</y15>
			<x16>174</x16>
			<y16>129</y16>
			<x17>173</x17>
			<y17>130</y17>
			<x18>173</x18>
			<y18>136</y18>
			<x19>172</x19>
			<y19>137</y19>
			<x20>171</x20>
			<y20>144</y20>
			<x21>163</x21>
			<y21>160</y21>
			<x22>155</x22>
			<y22>168</y22>
			<x23>145</x23>
			<y23>173</y23>
			<x24>143</x24>
			<y24>173</y24>
			<x25>142</x25>
			<y25>174</y25>
			<x26>125</x26>
			<y26>174</y26>
			<x27>124</x27>
			<y27>172</y27>
			<x28>127</x28>
			<y28>166</y28>
			<x29>131</x29>
			<y29>164</y29>
			<x30>135</x30>
			<y30>166</y30>
			<x31>141</x31>
			<y31>166</y31>
			<x32>143</x32>
			<y32>165</y32>
			<x33>145</x33>
			<y33>163</y33>
			<x34>146</x34>
			<y34>158</y34>
			<x35>151</x35>
			<y35>153</y35>
			<x36>152</x36>
			<y36>151</y36>
			<x37>151</x37>
			<y37>150</y37>
			<x38>151</x38>
			<y38>147</y38>
			<x39>153</x39>
			<y39>147</y39>
			<x40>155</x40>
			<y40>146</y40>
			<x41>158</x41>
			<y41>143</y41>
			<x42>159</x42>
			<y42>141</y42>
			<x43>159</x43>
			<y43>138</y43>
			<x44>160</x44>
			<y44>137</y44>
			<x45>160</x45>
			<y45>135</y45>
			<x46>159</x46>
			<y46>133</y46>
			<x47>155</x47>
			<y47>129</y47>
			<x48>154</x48>
			<y48>129</y48>
			<x49>154</x49>
			<y49>127</y49>
			<x50>159</x50>
			<y50>121</y50>
			<x51>159</x51>
			<y51>118</y51>
			<x52>154</x52>
			<y52>113</y52>
			<x53>152</x53>
			<y53>107</y53>
			<x54>146</x54>
			<y54>102</y54>
			<x55>146</x55>
			<y55>100</y55>
			<x56>147</x56>
			<y56>98</y56>
		</polygon>
	</object>
	<metadata>
	</metadata>
</annotation>
