<annotation>
	<folder></folder>
	<filename>IMG_8276_jpeg.rf.0dafe5bf8fd0ebe06a884d4c06cfd117.jpg</filename>
	<path>IMG_8276_jpeg.rf.0dafe5bf8fd0ebe06a884d4c06cfd117.jpg</path>
	<source>
		<database>roboflow.com</database>
	</source>
	<size>
		<width>320</width>
		<height>320</height>
		<depth>3</depth>
	</size>
	<segmented>0</segmented>
	<object>
		<name>Watermelon rind</name>
		<pose>Unspecified</pose>
		<truncated>0</truncated>
		<difficult>0</difficult>
		<occluded>0</occluded>
		<bndbox>
			<xmin>151</xmin>
			<xmax>179</xmax>
			<ymin>178</ymin>
			<ymax>228</ymax>
		</bndbox>
		<polygon>
			<x1>168</x1>
			<y1>220</y1>
			<x2>169</x2>
			<y2>221</y2>
			<x3>169</x3>
			<y3>226</y3>
			<x4>163</x4>
			<y4>226</y4>
			<x5>157</x5>
			<y5>223</y5>
			<x6>153</x6>
			<y6>219</y6>
			<x7>151</x7>
			<y7>215</y7>
			<x8>151</x8>
			<y8>212</y8>
			<x9>150</x9>
			<y9>211</y9>
			<x10>150</x10>
			<y10>203</y10>
			<x11>151</x11>
			<y11>202</y11>
			<x12>151</x12>
			<y12>199</y12>
			<x13>152</x13>
			<y13>198</y13>
			<x14>153</x14>
			<y14>193</y14>
			<x15>155</x15>
			<y15>189</y15>
			<x16>157</x16>
			<y16>187</y16>
			<x17>157</x17>
			<y17>186</y17>
			<x18>163</x18>
			<y18>181</y18>
			<x19>167</x19>
			<y19>179</y19>
			<x20>169</x20>
			<y20>179</y20>
			<x21>170</x21>
			<y21>178</y21>
			<x22>177</x22>
			<y22>178</y22>
			<x23>178</x23>
			<y23>180</y23>
			<x24>177</x24>
			<y24>181</y24>
			<x25>175</x25>
			<y25>181</y25>
			<x26>169</x26>
			<y26>186</y26>
			<x27>168</x27>
			<y27>186</y27>
			<x28>165</x28>
			<y28>189</y28>
			<x29>165</x29>
			<y29>194</y29>
			<x30>164</x30>
			<y30>195</y30>
			<x31>162</x31>
			<y31>195</y31>
			<x32>159</x32>
			<y32>198</y32>
			<x33>159</x33>
			<y33>204</y33>
			<x34>161</x34>
			<y34>206</y34>
			<x35>159</x35>
			<y35>208</y35>
			<x36>159</x36>
			<y36>210</y36>
			<x37>160</x37>
			<y37>211</y37>
			<x38>160</x38>
			<y38>217</y38>
			<x39>163</x39>
			<y39>220</y39>
			<x40>167</x40>
			<y40>220</y40>
		</polygon>
	</object>
	<object>
		<name>Watermelon rind</name>
		<pose>Unspecified</pose>
		<truncated>0</truncated>
		<difficult>0</difficult>
		<occluded>0</occluded>
		<bndbox>
			<xmin>129</xmin>
			<xmax>199</xmax>
			<ymin>159</ymin>
			<ymax>202</ymax>
		</bndbox>
		<polygon>
			<x1>179</x1>
			<y1>158</y1>
			<x2>180</x2>
			<y2>159</y2>
			<x3>185</x3>
			<y3>159</y3>
			<x4>186</x4>
			<y4>160</y4>
			<x5>188</x5>
			<y5>160</y5>
			<x6>192</x6>
			<y6>162</y6>
			<x7>195</x7>
			<y7>165</y7>
			<x8>196</x8>
			<y8>165</y8>
			<x9>197</x9>
			<y9>167</y9>
			<x10>196</x10>
			<y10>168</y10>
			<x11>194</x11>
			<y11>169</y11>
			<x12>192</x12>
			<y12>169</y12>
			<x13>191</x13>
			<y13>170</y13>
			<x14>188</x14>
			<y14>170</y14>
			<x15>185</x15>
			<y15>166</y15>
			<x16>181</x16>
			<y16>164</y16>
			<x17>175</x17>
			<y17>167</y17>
			<x18>170</x18>
			<y18>167</y18>
			<x19>168</x19>
			<y19>168</y19>
			<x20>165</x20>
			<y20>171</y20>
			<x21>160</x21>
			<y21>170</y21>
			<x22>159</x22>
			<y22>171</y22>
			<x23>157</x23>
			<y23>171</y23>
			<x24>155</x24>
			<y24>172</y24>
			<x25>151</x25>
			<y25>175</y25>
			<x26>151</x26>
			<y26>178</y26>
			<x27>150</x27>
			<y27>179</y27>
			<x28>150</x28>
			<y28>181</y28>
			<x29>148</x29>
			<y29>181</y29>
			<x30>147</x30>
			<y30>182</y30>
			<x31>144</x31>
			<y31>182</y31>
			<x32>141</x32>
			<y32>184</y32>
			<x33>140</x33>
			<y33>186</y33>
			<x34>140</x34>
			<y34>189</y34>
			<x35>137</x35>
			<y35>193</y35>
			<x36>137</x36>
			<y36>199</y36>
			<x37>135</x37>
			<y37>199</y37>
			<x38>134</x38>
			<y38>200</y38>
			<x39>132</x39>
			<y39>200</y39>
			<x40>129</x40>
			<y40>195</y40>
			<x41>129</x41>
			<y41>186</y41>
			<x42>131</x42>
			<y42>182</y42>
			<x43>138</x43>
			<y43>174</y43>
			<x44>139</x44>
			<y44>174</y44>
			<x45>142</x45>
			<y45>171</y45>
			<x46>143</x46>
			<y46>171</y46>
			<x47>148</x47>
			<y47>167</y47>
			<x48>156</x48>
			<y48>163</y48>
			<x49>158</x49>
			<y49>163</y49>
			<x50>159</x50>
			<y50>162</y50>
			<x51>161</x51>
			<y51>162</y51>
			<x52>164</x52>
			<y52>160</y52>
			<x53>167</x53>
			<y53>160</y53>
			<x54>168</x54>
			<y54>159</y54>
			<x55>176</x55>
			<y55>159</y55>
			<x56>178</x56>
			<y56>158</y56>
		</polygon>
	</object>
	<metadata>
	</metadata>
</annotation>
