<annotation>
	<folder></folder>
	<filename>IMG_1904_HEIC.rf.4de4d5cd36e7b075a823ef54dc8a3f5d.jpg</filename>
	<path>IMG_1904_HEIC.rf.4de4d5cd36e7b075a823ef54dc8a3f5d.jpg</path>
	<source>
		<database>roboflow.com</database>
	</source>
	<size>
		<width>320</width>
		<height>320</height>
		<depth>3</depth>
	</size>
	<segmented>0</segmented>
	<object>
		<name>Egg shell</name>
		<pose>Unspecified</pose>
		<truncated>0</truncated>
		<difficult>0</difficult>
		<occluded>0</occluded>
		<bndbox>
			<xmin>144</xmin>
			<xmax>191</xmax>
			<ymin>152</ymin>
			<ymax>171</ymax>
		</bndbox>
	</object>
	<metadata>
	</metadata>
</annotation>
