<annotation>
	<folder></folder>
	<filename>IMG_8363_jpeg.rf.2a1497be5a52e5acbf0e2bda5e7b8eb7.jpg</filename>
	<path>IMG_8363_jpeg.rf.2a1497be5a52e5acbf0e2bda5e7b8eb7.jpg</path>
	<source>
		<database>roboflow.com</database>
	</source>
	<size>
		<width>320</width>
		<height>320</height>
		<depth>3</depth>
	</size>
	<segmented>0</segmented>
	<object>
		<name>fish</name>
		<pose>Unspecified</pose>
		<truncated>0</truncated>
		<difficult>0</difficult>
		<occluded>0</occluded>
		<bndbox>
			<xmin>54</xmin>
			<xmax>93</xmax>
			<ymin>138</ymin>
			<ymax>202</ymax>
		</bndbox>
		<polygon>
			<x1>75</x1>
			<y1>138</y1>
			<x2>84</x2>
			<y2>150</y2>
			<x3>83</x3>
			<y3>153</y3>
			<x4>87</x4>
			<y4>155</y4>
			<x5>89</x5>
			<y5>157</y5>
			<x6>81</x6>
			<y6>157</y6>
			<x7>79</x7>
			<y7>158</y7>
			<x8>78</x8>
			<y8>160</y8>
			<x9>79</x9>
			<y9>161</y9>
			<x10>83</x10>
			<y10>161</y10>
			<x11>89</x11>
			<y11>164</y11>
			<x12>91</x12>
			<y12>166</y12>
			<x13>91</x13>
			<y13>167</y13>
			<x14>89</x14>
			<y14>166</y14>
			<x15>86</x15>
			<y15>166</y15>
			<x16>85</x16>
			<y16>165</y16>
			<x17>80</x17>
			<y17>165</y17>
			<x18>76</x18>
			<y18>167</y18>
			<x19>77</x19>
			<y19>169</y19>
			<x20>82</x20>
			<y20>171</y20>
			<x21>86</x21>
			<y21>175</y21>
			<x22>84</x22>
			<y22>174</y22>
			<x23>82</x23>
			<y23>174</y23>
			<x24>81</x24>
			<y24>173</y24>
			<x25>75</x25>
			<y25>173</y25>
			<x26>73</x26>
			<y26>175</y26>
			<x27>73</x27>
			<y27>177</y27>
			<x28>76</x28>
			<y28>180</y28>
			<x29>77</x29>
			<y29>183</y29>
			<x30>72</x30>
			<y30>181</y30>
			<x31>71</x31>
			<y31>182</y31>
			<x32>71</x32>
			<y32>186</y32>
			<x33>70</x33>
			<y33>187</y33>
			<x34>68</x34>
			<y34>186</y34>
			<x35>66</x35>
			<y35>188</y35>
			<x36>66</x36>
			<y36>193</y36>
			<x37>65</x37>
			<y37>194</y37>
			<x38>65</x38>
			<y38>197</y38>
			<x39>63</x39>
			<y39>201</y39>
			<x40>61</x40>
			<y40>200</y40>
			<x41>59</x41>
			<y41>200</y41>
			<x42>58</x42>
			<y42>201</y42>
			<x43>56</x43>
			<y43>199</y43>
			<x44>54</x44>
			<y44>195</y44>
			<x45>54</x45>
			<y45>191</y45>
			<x46>56</x46>
			<y46>187</y46>
			<x47>59</x47>
			<y47>187</y47>
			<x48>63</x48>
			<y48>185</y48>
			<x49>63</x49>
			<y49>183</y49>
			<x50>61</x50>
			<y50>181</y50>
			<x51>61</x51>
			<y51>180</y51>
			<x52>66</x52>
			<y52>176</y52>
			<x53>63</x53>
			<y53>174</y53>
			<x54>64</x54>
			<y54>172</y54>
			<x55>63</x55>
			<y55>171</y55>
			<x56>61</x56>
			<y56>171</y56>
			<x57>62</x57>
			<y57>168</y57>
			<x58>64</x58>
			<y58>166</y58>
			<x59>64</x59>
			<y59>162</y59>
			<x60>63</x60>
			<y60>161</y60>
			<x61>62</x61>
			<y61>162</y61>
			<x62>62</x62>
			<y62>152</y62>
			<x63>63</x63>
			<y63>151</y63>
			<x64>63</x64>
			<y64>148</y64>
			<x65>64</x65>
			<y65>147</y65>
			<x66>65</x66>
			<y66>142</y66>
			<x67>68</x67>
			<y67>139</y67>
			<x68>71</x68>
			<y68>140</y68>
			<x69>73</x69>
			<y69>138</y69>
			<x70>74</x70>
			<y70>138</y70>
		</polygon>
	</object>
	<metadata>
	</metadata>
</annotation>
