<annotation>
	<folder></folder>
	<filename>IMG_8220_jpeg.rf.06ac183c74e88d136a9a9013a9dfc0de.jpg</filename>
	<path>IMG_8220_jpeg.rf.06ac183c74e88d136a9a9013a9dfc0de.jpg</path>
	<source>
		<database>roboflow.com</database>
	</source>
	<size>
		<width>320</width>
		<height>320</height>
		<depth>3</depth>
	</size>
	<segmented>0</segmented>
	<object>
		<name>Watermelon rind</name>
		<pose>Unspecified</pose>
		<truncated>0</truncated>
		<difficult>0</difficult>
		<occluded>0</occluded>
		<bndbox>
			<xmin>94</xmin>
			<xmax>128</xmax>
			<ymin>171</ymin>
			<ymax>214</ymax>
		</bndbox>
		<polygon>
			<x1>122</x1>
			<y1>170</y1>
			<x2>123</x2>
			<y2>171</y2>
			<x3>126</x3>
			<y3>171</y3>
			<x4>126</x4>
			<y4>172</y4>
			<x5>124</x5>
			<y5>174</y5>
			<x6>121</x6>
			<y6>174</y6>
			<x7>119</x7>
			<y7>176</y7>
			<x8>113</x8>
			<y8>178</y8>
			<x9>112</x9>
			<y9>179</y9>
			<x10>112</x10>
			<y10>183</y10>
			<x11>111</x11>
			<y11>184</y11>
			<x12>109</x12>
			<y12>184</y12>
			<x13>107</x13>
			<y13>185</y13>
			<x14>104</x14>
			<y14>188</y14>
			<x15>103</x15>
			<y15>190</y15>
			<x16>104</x16>
			<y16>192</y16>
			<x17>104</x17>
			<y17>195</y17>
			<x18>102</x18>
			<y18>197</y18>
			<x19>102</x19>
			<y19>202</y19>
			<x20>101</x20>
			<y20>204</y20>
			<x21>104</x21>
			<y21>207</y21>
			<x22>107</x22>
			<y22>207</y22>
			<x23>108</x23>
			<y23>208</y23>
			<x24>108</x24>
			<y24>211</y24>
			<x25>107</x25>
			<y25>213</y25>
			<x26>105</x26>
			<y26>213</y26>
			<x27>104</x27>
			<y27>212</y27>
			<x28>102</x28>
			<y28>212</y28>
			<x29>100</x29>
			<y29>211</y29>
			<x30>95</x30>
			<y30>206</y30>
			<x31>95</x31>
			<y31>204</y31>
			<x32>94</x32>
			<y32>203</y32>
			<x33>94</x33>
			<y33>195</y33>
			<x34>95</x34>
			<y34>194</y34>
			<x35>95</x35>
			<y35>192</y35>
			<x36>96</x36>
			<y36>191</y36>
			<x37>96</x37>
			<y37>189</y37>
			<x38>98</x38>
			<y38>185</y38>
			<x39>100</x39>
			<y39>183</y39>
			<x40>100</x40>
			<y40>182</y40>
			<x41>107</x41>
			<y41>175</y41>
			<x42>108</x42>
			<y42>175</y42>
			<x43>112</x43>
			<y43>172</y43>
			<x44>114</x44>
			<y44>172</y44>
			<x45>115</x45>
			<y45>171</y45>
			<x46>119</x46>
			<y46>171</y46>
			<x47>121</x47>
			<y47>170</y47>
		</polygon>
	</object>
	<object>
		<name>Watermelon rind</name>
		<pose>Unspecified</pose>
		<truncated>0</truncated>
		<difficult>0</difficult>
		<occluded>0</occluded>
		<bndbox>
			<xmin>80</xmin>
			<xmax>148</xmax>
			<ymin>154</ymin>
			<ymax>187</ymax>
		</bndbox>
		<polygon>
			<x1>138</x1>
			<y1>155</y1>
			<x2>142</x2>
			<y2>158</y2>
			<x3>143</x3>
			<y3>158</y3>
			<x4>145</x4>
			<y4>160</y4>
			<x5>146</x5>
			<y5>162</y5>
			<x6>145</x6>
			<y6>164</y6>
			<x7>143</x7>
			<y7>164</y7>
			<x8>142</x8>
			<y8>165</y8>
			<x9>138</x9>
			<y9>165</y9>
			<x10>133</x10>
			<y10>159</y10>
			<x11>129</x11>
			<y11>159</y11>
			<x12>126</x12>
			<y12>161</y12>
			<x13>119</x13>
			<y13>161</y13>
			<x14>117</x14>
			<y14>163</y14>
			<x15>114</x15>
			<y15>163</y15>
			<x16>113</x16>
			<y16>162</y16>
			<x17>111</x17>
			<y17>162</y17>
			<x18>110</x18>
			<y18>163</y18>
			<x19>107</x19>
			<y19>163</y19>
			<x20>105</x20>
			<y20>164</y20>
			<x21>102</x21>
			<y21>167</y21>
			<x22>100</x22>
			<y22>171</y22>
			<x23>94</x23>
			<y23>171</y23>
			<x24>90</x24>
			<y24>175</y24>
			<x25>90</x25>
			<y25>177</y25>
			<x26>86</x26>
			<y26>181</y26>
			<x27>86</x27>
			<y27>183</y27>
			<x28>85</x28>
			<y28>185</y28>
			<x29>83</x29>
			<y29>186</y29>
			<x30>81</x30>
			<y30>186</y30>
			<x31>79</x31>
			<y31>182</y31>
			<x32>80</x32>
			<y32>175</y32>
			<x33>81</x33>
			<y33>173</y33>
			<x34>85</x34>
			<y34>169</y34>
			<x35>85</x35>
			<y35>168</y35>
			<x36>86</x36>
			<y36>168</y36>
			<x37>92</x37>
			<y37>163</y37>
			<x38>100</x38>
			<y38>159</y38>
			<x39>102</x39>
			<y39>159</y39>
			<x40>105</x40>
			<y40>157</y40>
			<x41>107</x41>
			<y41>157</y41>
			<x42>111</x42>
			<y42>155</y42>
			<x43>114</x43>
			<y43>155</y43>
			<x44>115</x44>
			<y44>154</y44>
			<x45>121</x45>
			<y45>154</y45>
			<x46>122</x46>
			<y46>153</y46>
			<x47>131</x47>
			<y47>153</y47>
			<x48>132</x48>
			<y48>154</y48>
			<x49>136</x49>
			<y49>154</y49>
			<x50>137</x50>
			<y50>155</y50>
		</polygon>
	</object>
	<metadata>
	</metadata>
</annotation>
