<annotation>
	<folder></folder>
	<filename>IMG_8131_jpeg.rf.134969d4996987c9ece2fd08566fd530.jpg</filename>
	<path>IMG_8131_jpeg.rf.134969d4996987c9ece2fd08566fd530.jpg</path>
	<source>
		<database>roboflow.com</database>
	</source>
	<size>
		<width>320</width>
		<height>320</height>
		<depth>3</depth>
	</size>
	<segmented>0</segmented>
	<object>
		<name>Watermelon rind</name>
		<pose>Unspecified</pose>
		<truncated>0</truncated>
		<difficult>0</difficult>
		<occluded>0</occluded>
		<bndbox>
			<xmin>166</xmin>
			<xmax>217</xmax>
			<ymin>213</ymin>
			<ymax>233</ymax>
		</bndbox>
		<polygon>
			<x1>166</x1>
			<y1>212</y1>
			<x2>168</x2>
			<y2>213</y2>
			<x3>169</x3>
			<y3>215</y3>
			<x4>175</x4>
			<y4>221</y4>
			<x5>180</x5>
			<y5>221</y5>
			<x6>182</x6>
			<y6>222</y6>
			<x7>182</x7>
			<y7>223</y7>
			<x8>186</x8>
			<y8>226</y8>
			<x9>193</x9>
			<y9>226</y9>
			<x10>194</x10>
			<y10>225</y10>
			<x11>197</x11>
			<y11>227</y11>
			<x12>206</x12>
			<y12>227</y12>
			<x13>208</x13>
			<y13>225</y13>
			<x14>208</x14>
			<y14>223</y14>
			<x15>209</x15>
			<y15>222</y15>
			<x16>212</x16>
			<y16>222</y16>
			<x17>213</x17>
			<y17>223</y17>
			<x18>215</x18>
			<y18>223</y18>
			<x19>214</x19>
			<y19>226</y19>
			<x20>210</x20>
			<y20>230</y20>
			<x21>208</x21>
			<y21>231</y21>
			<x22>205</x22>
			<y22>231</y22>
			<x23>204</x23>
			<y23>232</y23>
			<x24>194</x24>
			<y24>232</y24>
			<x25>193</x25>
			<y25>231</y25>
			<x26>187</x26>
			<y26>231</y26>
			<x27>186</x27>
			<y27>230</y27>
			<x28>184</x28>
			<y28>230</y28>
			<x29>183</x29>
			<y29>229</y29>
			<x30>178</x30>
			<y30>228</y30>
			<x31>172</x31>
			<y31>225</y31>
			<x32>170</x32>
			<y32>223</y32>
			<x33>169</x33>
			<y33>223</y33>
			<x34>165</x34>
			<y34>218</y34>
			<x35>165</x35>
			<y35>213</y35>
		</polygon>
	</object>
	<object>
		<name>Watermelon rind</name>
		<pose>Unspecified</pose>
		<truncated>0</truncated>
		<difficult>0</difficult>
		<occluded>0</occluded>
		<bndbox>
			<xmin>145</xmin>
			<xmax>188</xmax>
			<ymin>201</ymin>
			<ymax>246</ymax>
		</bndbox>
		<polygon>
			<x1>162</x1>
			<y1>229</y1>
			<x2>163</x2>
			<y2>230</y2>
			<x3>167</x3>
			<y3>230</y3>
			<x4>167</x4>
			<y4>232</y4>
			<x5>170</x5>
			<y5>236</y5>
			<x6>172</x6>
			<y6>237</y6>
			<x7>176</x7>
			<y7>237</y7>
			<x8>178</x8>
			<y8>239</y8>
			<x9>180</x9>
			<y9>239</y9>
			<x10>181</x10>
			<y10>240</y10>
			<x11>185</x11>
			<y11>240</y11>
			<x12>187</x12>
			<y12>242</y12>
			<x13>183</x13>
			<y13>244</y13>
			<x14>174</x14>
			<y14>244</y14>
			<x15>173</x15>
			<y15>243</y15>
			<x16>170</x16>
			<y16>243</y16>
			<x17>167</x17>
			<y17>241</y17>
			<x18>165</x18>
			<y18>241</y18>
			<x19>163</x19>
			<y19>239</y19>
			<x20>159</x20>
			<y20>237</y20>
			<x21>151</x21>
			<y21>229</y21>
			<x22>151</x22>
			<y22>228</y22>
			<x23>149</x23>
			<y23>226</y23>
			<x24>149</x24>
			<y24>225</y24>
			<x25>146</x25>
			<y25>221</y25>
			<x26>146</x26>
			<y26>219</y26>
			<x27>145</x27>
			<y27>218</y27>
			<x28>145</x28>
			<y28>215</y28>
			<x29>144</x29>
			<y29>214</y29>
			<x30>144</x30>
			<y30>210</y30>
			<x31>145</x31>
			<y31>209</y31>
			<x32>145</x32>
			<y32>207</y32>
			<x33>150</x33>
			<y33>202</y33>
			<x34>154</x34>
			<y34>200</y34>
			<x35>155</x35>
			<y35>200</y35>
			<x36>157</x36>
			<y36>202</y36>
			<x37>157</x37>
			<y37>205</y37>
			<x38>156</x38>
			<y38>206</y38>
			<x39>154</x39>
			<y39>206</y39>
			<x40>151</x40>
			<y40>209</y40>
			<x41>151</x41>
			<y41>210</y41>
			<x42>153</x42>
			<y42>213</y42>
			<x43>153</x43>
			<y43>216</y43>
			<x44>157</x44>
			<y44>220</y44>
			<x45>156</x45>
			<y45>221</y45>
			<x46>156</x46>
			<y46>224</y46>
			<x47>161</x47>
			<y47>229</y47>
		</polygon>
	</object>
	<metadata>
	</metadata>
</annotation>
