<annotation>
	<folder></folder>
	<filename>IMG_8306_jpeg.rf.acd56d2e2c25f4413e0e758938c4c5ff.jpg</filename>
	<path>IMG_8306_jpeg.rf.acd56d2e2c25f4413e0e758938c4c5ff.jpg</path>
	<source>
		<database>roboflow.com</database>
	</source>
	<size>
		<width>320</width>
		<height>320</height>
		<depth>3</depth>
	</size>
	<segmented>0</segmented>
	<object>
		<name>Watermelon rind</name>
		<pose>Unspecified</pose>
		<truncated>0</truncated>
		<difficult>0</difficult>
		<occluded>0</occluded>
		<bndbox>
			<xmin>117</xmin>
			<xmax>167</xmax>
			<ymin>136</ymin>
			<ymax>177</ymax>
		</bndbox>
		<polygon>
			<x1>157</x1>
			<y1>135</y1>
			<x2>158</x2>
			<y2>136</y2>
			<x3>161</x3>
			<y3>136</y3>
			<x4>165</x4>
			<y4>138</y4>
			<x5>165</x5>
			<y5>139</y5>
			<x6>163</x6>
			<y6>141</y6>
			<x7>159</x7>
			<y7>141</y7>
			<x8>158</x8>
			<y8>140</y8>
			<x9>157</x9>
			<y9>141</y9>
			<x10>154</x10>
			<y10>141</y10>
			<x11>153</x11>
			<y11>142</y11>
			<x12>147</x12>
			<y12>142</y12>
			<x13>144</x13>
			<y13>144</y13>
			<x14>142</x14>
			<y14>148</y14>
			<x15>135</x15>
			<y15>148</y15>
			<x16>130</x16>
			<y16>153</y16>
			<x17>130</x17>
			<y17>156</y17>
			<x18>127</x18>
			<y18>158</y18>
			<x19>126</x19>
			<y19>160</y19>
			<x20>126</x20>
			<y20>162</y20>
			<x21>123</x21>
			<y21>165</y21>
			<x22>123</x22>
			<y22>167</y22>
			<x23>125</x23>
			<y23>169</y23>
			<x24>128</x24>
			<y24>170</y24>
			<x25>128</x25>
			<y25>173</y25>
			<x26>125</x26>
			<y26>176</y26>
			<x27>121</x27>
			<y27>173</y27>
			<x28>120</x28>
			<y28>173</y28>
			<x29>120</x29>
			<y29>172</y29>
			<x30>117</x30>
			<y30>169</y30>
			<x31>117</x31>
			<y31>167</y31>
			<x32>116</x32>
			<y32>166</y32>
			<x33>116</x33>
			<y33>160</y33>
			<x34>117</x34>
			<y34>159</y34>
			<x35>117</x35>
			<y35>157</y35>
			<x36>118</x36>
			<y36>155</y36>
			<x37>121</x37>
			<y37>152</y37>
			<x38>121</x38>
			<y38>151</y38>
			<x39>131</x39>
			<y39>142</y39>
			<x40>132</x40>
			<y40>142</y40>
			<x41>134</x41>
			<y41>140</y41>
			<x42>140</x42>
			<y42>137</y42>
			<x43>142</x43>
			<y43>137</y43>
			<x44>143</x44>
			<y44>136</y44>
			<x45>146</x45>
			<y45>136</y45>
			<x46>147</x46>
			<y46>135</y46>
			<x47>156</x47>
			<y47>135</y47>
		</polygon>
	</object>
	<object>
		<name>Watermelon rind</name>
		<pose>Unspecified</pose>
		<truncated>0</truncated>
		<difficult>0</difficult>
		<occluded>0</occluded>
		<bndbox>
			<xmin>109</xmin>
			<xmax>196</xmax>
			<ymin>116</ymin>
			<ymax>142</ymax>
		</bndbox>
		<polygon>
			<x1>166</x1>
			<y1>115</y1>
			<x2>167</x2>
			<y2>116</y2>
			<x3>172</x3>
			<y3>116</y3>
			<x4>173</x4>
			<y4>117</y4>
			<x5>176</x5>
			<y5>117</y5>
			<x6>177</x6>
			<y6>118</y6>
			<x7>182</x7>
			<y7>119</y7>
			<x8>184</x8>
			<y8>121</y8>
			<x9>188</x9>
			<y9>123</y9>
			<x10>191</x10>
			<y10>126</y10>
			<x11>194</x11>
			<y11>132</y11>
			<x12>194</x12>
			<y12>136</y12>
			<x13>183</x13>
			<y13>136</y13>
			<x14>182</x14>
			<y14>135</y14>
			<x15>182</x15>
			<y15>130</y15>
			<x16>178</x16>
			<y16>126</y16>
			<x17>168</x17>
			<y17>126</y17>
			<x18>167</x18>
			<y18>125</y18>
			<x19>160</x19>
			<y19>125</y19>
			<x20>159</x20>
			<y20>126</y20>
			<x21>156</x21>
			<y21>126</y21>
			<x22>154</x22>
			<y22>124</y22>
			<x23>147</x23>
			<y23>123</y23>
			<x24>146</x24>
			<y24>124</y24>
			<x25>143</x25>
			<y25>124</y25>
			<x26>142</x26>
			<y26>125</y26>
			<x27>140</x27>
			<y27>125</y27>
			<x28>136</x28>
			<y28>130</y28>
			<x29>133</x29>
			<y29>130</y29>
			<x30>132</x30>
			<y30>129</y30>
			<x31>126</x31>
			<y31>129</y31>
			<x32>124</x32>
			<y32>130</y32>
			<x33>121</x33>
			<y33>134</y33>
			<x34>118</x34>
			<y34>135</y34>
			<x35>114</x35>
			<y35>139</y35>
			<x36>114</x36>
			<y36>140</y36>
			<x37>111</x37>
			<y37>140</y37>
			<x38>110</x38>
			<y38>141</y38>
			<x39>108</x39>
			<y39>140</y39>
			<x40>108</x40>
			<y40>135</y40>
			<x41>109</x41>
			<y41>134</y41>
			<x42>109</x42>
			<y42>132</y42>
			<x43>110</x43>
			<y43>130</y43>
			<x44>115</x44>
			<y44>125</y44>
			<x45>116</x45>
			<y45>125</y45>
			<x46>118</x46>
			<y46>123</y46>
			<x47>122</x47>
			<y47>121</y47>
			<x48>124</x48>
			<y48>121</y48>
			<x49>127</x49>
			<y49>119</y49>
			<x50>130</x50>
			<y50>119</y50>
			<x51>131</x51>
			<y51>118</y51>
			<x52>134</x52>
			<y52>118</y52>
			<x53>135</x53>
			<y53>117</y53>
			<x54>139</x54>
			<y54>117</y54>
			<x55>140</x55>
			<y55>116</y55>
			<x56>147</x56>
			<y56>116</y56>
			<x57>148</x57>
			<y57>115</y57>
			<x58>165</x58>
			<y58>115</y58>
		</polygon>
	</object>
	<metadata>
	</metadata>
</annotation>
