<annotation>
	<folder></folder>
	<filename>IMG_8359_jpeg.rf.471025dbc67da8b99b79710fa6817d14.jpg</filename>
	<path>IMG_8359_jpeg.rf.471025dbc67da8b99b79710fa6817d14.jpg</path>
	<source>
		<database>roboflow.com</database>
	</source>
	<size>
		<width>320</width>
		<height>320</height>
		<depth>3</depth>
	</size>
	<segmented>0</segmented>
	<object>
		<name>fish</name>
		<pose>Unspecified</pose>
		<truncated>0</truncated>
		<difficult>0</difficult>
		<occluded>0</occluded>
		<bndbox>
			<xmin>123</xmin>
			<xmax>204</xmax>
			<ymin>105</ymin>
			<ymax>136</ymax>
		</bndbox>
		<polygon>
			<x1>200</x1>
			<y1>106</y1>
			<x2>199</x2>
			<y2>109</y2>
			<x3>201</x3>
			<y3>111</y3>
			<x4>202</x4>
			<y4>111</y4>
			<x5>201</x5>
			<y5>114</y5>
			<x6>189</x6>
			<y6>124</y6>
			<x7>187</x7>
			<y7>122</y7>
			<x8>183</x8>
			<y8>130</y8>
			<x9>182</x9>
			<y9>130</y9>
			<x10>182</x10>
			<y10>127</y10>
			<x11>181</x11>
			<y11>126</y11>
			<x12>181</x12>
			<y12>124</y12>
			<x13>180</x13>
			<y13>122</y13>
			<x14>178</x14>
			<y14>120</y14>
			<x15>176</x15>
			<y15>121</y15>
			<x16>176</x16>
			<y16>128</y16>
			<x17>175</x17>
			<y17>129</y17>
			<x18>175</x18>
			<y18>131</y18>
			<x19>172</x19>
			<y19>135</y19>
			<x20>171</x20>
			<y20>135</y20>
			<x21>172</x21>
			<y21>133</y21>
			<x22>172</x22>
			<y22>126</y22>
			<x23>171</x23>
			<y23>124</y23>
			<x24>168</x24>
			<y24>121</y24>
			<x25>166</x25>
			<y25>121</y25>
			<x26>165</x26>
			<y26>122</y26>
			<x27>165</x27>
			<y27>125</y27>
			<x28>164</x28>
			<y28>126</y28>
			<x29>164</x29>
			<y29>128</y29>
			<x30>161</x30>
			<y30>132</y30>
			<x31>161</x31>
			<y31>129</y31>
			<x32>162</x32>
			<y32>128</y32>
			<x33>161</x33>
			<y33>127</y33>
			<x34>161</x34>
			<y34>123</y34>
			<x35>159</x35>
			<y35>121</y35>
			<x36>156</x36>
			<y36>121</y36>
			<x37>151</x37>
			<y37>126</y37>
			<x38>149</x38>
			<y38>126</y38>
			<x39>151</x39>
			<y39>122</y39>
			<x40>150</x40>
			<y40>121</y40>
			<x41>147</x41>
			<y41>121</y41>
			<x42>146</x42>
			<y42>122</y42>
			<x43>142</x43>
			<y43>122</y43>
			<x44>143</x44>
			<y44>120</y44>
			<x45>142</x45>
			<y45>119</y45>
			<x46>129</x46>
			<y46>119</y46>
			<x47>128</x47>
			<y47>120</y47>
			<x48>124</x48>
			<y48>120</y48>
			<x49>124</x49>
			<y49>117</y49>
			<x50>123</x50>
			<y50>116</y50>
			<x51>123</x51>
			<y51>114</y51>
			<x52>126</x52>
			<y52>111</y52>
			<x53>130</x53>
			<y53>109</y53>
			<x54>132</x54>
			<y54>109</y54>
			<x55>133</x55>
			<y55>108</y55>
			<x56>135</x56>
			<y56>109</y56>
			<x57>139</x57>
			<y57>109</y57>
			<x58>141</x58>
			<y58>113</y58>
			<x59>142</x59>
			<y59>114</y59>
			<x60>144</x60>
			<y60>114</y60>
			<x61>147</x61>
			<y61>112</y61>
			<x62>150</x62>
			<y62>112</y62>
			<x63>151</x63>
			<y63>113</y63>
			<x64>153</x64>
			<y64>113</y64>
			<x65>154</x65>
			<y65>112</y65>
			<x66>158</x66>
			<y66>112</y66>
			<x67>159</x67>
			<y67>111</y67>
			<x68>158</x68>
			<y68>110</y68>
			<x69>159</x69>
			<y69>108</y69>
			<x70>160</x70>
			<y70>109</y70>
			<x71>164</x71>
			<y71>109</y71>
			<x72>165</x72>
			<y72>110</y72>
			<x73>167</x73>
			<y73>110</y73>
			<x74>170</x74>
			<y74>107</y74>
			<x75>172</x75>
			<y75>106</y75>
			<x76>175</x76>
			<y76>106</y76>
			<x77>176</x77>
			<y77>105</y77>
			<x78>183</x78>
			<y78>105</y78>
			<x79>184</x79>
			<y79>104</y79>
			<x80>191</x80>
			<y80>104</y80>
			<x81>192</x81>
			<y81>105</y81>
			<x82>198</x82>
			<y82>105</y82>
			<x83>199</x83>
			<y83>106</y83>
		</polygon>
	</object>
	<metadata>
	</metadata>
</annotation>
