<annotation>
	<folder></folder>
	<filename>IMG_8337_jpeg.rf.65f3056242574a9dc4527b86bc5ed307.jpg</filename>
	<path>IMG_8337_jpeg.rf.65f3056242574a9dc4527b86bc5ed307.jpg</path>
	<source>
		<database>roboflow.com</database>
	</source>
	<size>
		<width>320</width>
		<height>320</height>
		<depth>3</depth>
	</size>
	<segmented>0</segmented>
	<object>
		<name>fish</name>
		<pose>Unspecified</pose>
		<truncated>0</truncated>
		<difficult>0</difficult>
		<occluded>0</occluded>
		<bndbox>
			<xmin>112</xmin>
			<xmax>195</xmax>
			<ymin>159</ymin>
			<ymax>207</ymax>
		</bndbox>
		<polygon>
			<x1>158</x1>
			<y1>172</y1>
			<x2>159</x2>
			<y2>170</y2>
			<x3>160</x3>
			<y3>170</y3>
			<x4>165</x4>
			<y4>166</y4>
			<x5>175</x5>
			<y5>161</y5>
			<x6>177</x6>
			<y6>161</y6>
			<x7>181</x7>
			<y7>159</y7>
			<x8>188</x8>
			<y8>159</y8>
			<x9>187</x9>
			<y9>162</y9>
			<x10>189</x10>
			<y10>164</y10>
			<x11>193</x11>
			<y11>164</y11>
			<x12>193</x12>
			<y12>169</y12>
			<x13>188</x13>
			<y13>179</y13>
			<x14>188</x14>
			<y14>181</y14>
			<x15>186</x15>
			<y15>184</y15>
			<x16>185</x16>
			<y16>183</y16>
			<x17>183</x17>
			<y17>184</y17>
			<x18>184</x18>
			<y18>186</y18>
			<x19>184</x19>
			<y19>193</y19>
			<x20>183</x20>
			<y20>193</y20>
			<x21>182</x21>
			<y21>191</y21>
			<x22>176</x22>
			<y22>185</y22>
			<x23>175</x23>
			<y23>185</y23>
			<x24>173</x24>
			<y24>187</y24>
			<x25>173</x25>
			<y25>188</y25>
			<x26>175</x26>
			<y26>190</y26>
			<x27>175</x27>
			<y27>193</y27>
			<x28>176</x28>
			<y28>194</y28>
			<x29>176</x29>
			<y29>201</y29>
			<x30>175</x30>
			<y30>203</y30>
			<x31>174</x31>
			<y31>202</y31>
			<x32>174</x32>
			<y32>200</y32>
			<x33>171</x33>
			<y33>194</y33>
			<x34>165</x34>
			<y34>188</y34>
			<x35>164</x35>
			<y35>188</y35>
			<x36>162</x36>
			<y36>190</y36>
			<x37>162</x37>
			<y37>193</y37>
			<x38>163</x38>
			<y38>194</y38>
			<x39>163</x39>
			<y39>197</y39>
			<x40>164</x40>
			<y40>198</y40>
			<x41>164</x41>
			<y41>202</y41>
			<x42>163</x42>
			<y42>204</y42>
			<x43>160</x43>
			<y43>197</y43>
			<x44>156</x44>
			<y44>193</y44>
			<x45>152</x45>
			<y45>193</y45>
			<x46>150</x46>
			<y46>195</y46>
			<x47>150</x47>
			<y47>199</y47>
			<x48>148</x48>
			<y48>203</y48>
			<x49>147</x49>
			<y49>202</y49>
			<x50>147</x50>
			<y50>199</y50>
			<x51>146</x51>
			<y51>197</y51>
			<x52>144</x52>
			<y52>196</y52>
			<x53>140</x53>
			<y53>200</y53>
			<x54>137</x54>
			<y54>200</y54>
			<x55>137</x55>
			<y55>198</y55>
			<x56>136</x56>
			<y56>197</y56>
			<x57>134</x57>
			<y57>197</y57>
			<x58>132</x58>
			<y58>199</y58>
			<x59>128</x59>
			<y59>201</y59>
			<x60>126</x60>
			<y60>201</y60>
			<x61>119</x61>
			<y61>205</y61>
			<x62>116</x62>
			<y62>205</y62>
			<x63>116</x63>
			<y63>202</y63>
			<x64>115</x64>
			<y64>201</y64>
			<x65>112</x65>
			<y65>201</y65>
			<x66>111</x66>
			<y66>200</y66>
			<x67>111</x67>
			<y67>199</y67>
			<x68>115</x68>
			<y68>196</y68>
			<x69>113</x69>
			<y69>194</y69>
			<x70>114</x70>
			<y70>192</y70>
			<x71>115</x71>
			<y71>192</y71>
			<x72>118</x72>
			<y72>189</y72>
			<x73>122</x73>
			<y73>189</y73>
			<x74>123</x74>
			<y74>188</y74>
			<x75>126</x75>
			<y75>188</y75>
			<x76>130</x76>
			<y76>192</y76>
			<x77>133</x77>
			<y77>193</y77>
			<x78>134</x78>
			<y78>191</y78>
			<x79>138</x79>
			<y79>189</y79>
			<x80>136</x80>
			<y80>187</y80>
			<x81>142</x81>
			<y81>187</y81>
			<x82>143</x82>
			<y82>188</y82>
			<x83>146</x83>
			<y83>188</y83>
			<x84>147</x84>
			<y84>187</y84>
			<x85>145</x85>
			<y85>185</y85>
			<x86>145</x86>
			<y86>184</y86>
			<x87>148</x87>
			<y87>184</y87>
			<x88>149</x88>
			<y88>183</y88>
			<x89>152</x89>
			<y89>183</y89>
			<x90>153</x90>
			<y90>182</y90>
			<x91>151</x91>
			<y91>180</y91>
			<x92>146</x92>
			<y92>179</y92>
			<x93>147</x93>
			<y93>178</y93>
			<x94>156</x94>
			<y94>178</y94>
			<x95>159</x95>
			<y95>175</y95>
			<x96>161</x96>
			<y96>175</y96>
			<x97>163</x97>
			<y97>173</y97>
			<x98>162</x98>
			<y98>172</y98>
			<x99>159</x99>
			<y99>172</y99>
		</polygon>
	</object>
	<metadata>
	</metadata>
</annotation>
