<annotation>
	<folder></folder>
	<filename>IMG_8318_jpeg.rf.770afe5cf465fccaa6d6e0fc1ed03eb2.jpg</filename>
	<path>IMG_8318_jpeg.rf.770afe5cf465fccaa6d6e0fc1ed03eb2.jpg</path>
	<source>
		<database>roboflow.com</database>
	</source>
	<size>
		<width>320</width>
		<height>320</height>
		<depth>3</depth>
	</size>
	<segmented>0</segmented>
	<object>
		<name>Watermelon rind</name>
		<pose>Unspecified</pose>
		<truncated>0</truncated>
		<difficult>0</difficult>
		<occluded>0</occluded>
		<bndbox>
			<xmin>117</xmin>
			<xmax>183</xmax>
			<ymin>119</ymin>
			<ymax>156</ymax>
		</bndbox>
		<polygon>
			<x1>122</x1>
			<y1>118</y1>
			<x2>126</x2>
			<y2>120</y2>
			<x3>128</x3>
			<y3>123</y3>
			<x4>124</x4>
			<y4>127</y4>
			<x5>124</x5>
			<y5>130</y5>
			<x6>126</x6>
			<y6>132</y6>
			<x7>129</x7>
			<y7>133</y7>
			<x8>135</x8>
			<y8>138</y8>
			<x9>138</x9>
			<y9>138</y9>
			<x10>139</x10>
			<y10>139</y10>
			<x11>139</x11>
			<y11>141</y11>
			<x12>143</x12>
			<y12>144</y12>
			<x13>145</x13>
			<y13>144</y13>
			<x14>146</x14>
			<y14>145</y14>
			<x15>151</x15>
			<y15>145</y15>
			<x16>155</x16>
			<y16>143</y16>
			<x17>157</x17>
			<y17>144</y17>
			<x18>160</x18>
			<y18>147</y18>
			<x19>165</x19>
			<y19>147</y19>
			<x20>166</x20>
			<y20>146</y20>
			<x21>174</x21>
			<y21>146</y21>
			<x22>177</x22>
			<y22>144</y22>
			<x23>179</x23>
			<y23>144</y23>
			<x24>181</x24>
			<y24>145</y24>
			<x25>181</x25>
			<y25>147</y25>
			<x26>176</x26>
			<y26>151</y26>
			<x27>174</x27>
			<y27>151</y27>
			<x28>171</x28>
			<y28>153</y28>
			<x29>168</x29>
			<y29>153</y29>
			<x30>167</x30>
			<y30>154</y30>
			<x31>154</x31>
			<y31>154</y31>
			<x32>153</x32>
			<y32>153</y32>
			<x33>149</x33>
			<y33>153</y33>
			<x34>148</x34>
			<y34>152</y34>
			<x35>145</x35>
			<y35>152</y35>
			<x36>139</x36>
			<y36>149</y36>
			<x37>137</x37>
			<y37>149</y37>
			<x38>129</x38>
			<y38>145</y38>
			<x39>127</x39>
			<y39>143</y39>
			<x40>123</x40>
			<y40>141</y40>
			<x41>120</x41>
			<y41>138</y41>
			<x42>120</x42>
			<y42>137</y42>
			<x43>118</x43>
			<y43>135</y43>
			<x44>116</x44>
			<y44>131</y44>
			<x45>116</x45>
			<y45>125</y45>
			<x46>119</x46>
			<y46>119</y46>
			<x47>121</x47>
			<y47>118</y47>
		</polygon>
	</object>
	<object>
		<name>Watermelon rind</name>
		<pose>Unspecified</pose>
		<truncated>0</truncated>
		<difficult>0</difficult>
		<occluded>0</occluded>
		<bndbox>
			<xmin>142</xmin>
			<xmax>198</xmax>
			<ymin>114</ymin>
			<ymax>138</ymax>
		</bndbox>
		<polygon>
			<x1>196</x1>
			<y1>114</y1>
			<x2>197</x2>
			<y2>116</y2>
			<x3>197</x3>
			<y3>120</y3>
			<x4>196</x4>
			<y4>121</y4>
			<x5>196</x5>
			<y5>123</y5>
			<x6>193</x6>
			<y6>127</y6>
			<x7>192</x7>
			<y7>127</y7>
			<x8>190</x8>
			<y8>129</y8>
			<x9>182</x9>
			<y9>133</y9>
			<x10>180</x10>
			<y10>133</y10>
			<x11>179</x11>
			<y11>134</y11>
			<x12>175</x12>
			<y12>134</y12>
			<x13>174</x13>
			<y13>135</y13>
			<x14>171</x14>
			<y14>135</y14>
			<x15>170</x15>
			<y15>136</y15>
			<x16>154</x16>
			<y16>136</y16>
			<x17>153</x17>
			<y17>135</y17>
			<x18>148</x18>
			<y18>134</y18>
			<x19>146</x19>
			<y19>133</y19>
			<x20>142</x20>
			<y20>129</y20>
			<x21>141</x21>
			<y21>127</y21>
			<x22>142</x22>
			<y22>126</y22>
			<x23>145</x23>
			<y23>126</y23>
			<x24>150</x24>
			<y24>129</y24>
			<x25>154</x25>
			<y25>129</y25>
			<x26>157</x26>
			<y26>131</y26>
			<x27>163</x27>
			<y27>128</y27>
			<x28>166</x28>
			<y28>130</y28>
			<x29>174</x29>
			<y29>130</y29>
			<x30>177</x30>
			<y30>127</y30>
			<x31>179</x31>
			<y31>127</y31>
			<x32>180</x32>
			<y32>126</y32>
			<x33>182</x33>
			<y33>126</y33>
			<x34>185</x34>
			<y34>124</y34>
			<x35>187</x35>
			<y35>124</y35>
			<x36>189</x36>
			<y36>123</y36>
			<x37>191</x37>
			<y37>121</y37>
			<x38>190</x38>
			<y38>116</y38>
			<x39>195</x39>
			<y39>114</y39>
		</polygon>
	</object>
	<metadata>
	</metadata>
</annotation>
