<annotation>
	<folder></folder>
	<filename>IMG_8217_jpeg.rf.ef5c7bbbda6b87923503b4057094f116.jpg</filename>
	<path>IMG_8217_jpeg.rf.ef5c7bbbda6b87923503b4057094f116.jpg</path>
	<source>
		<database>roboflow.com</database>
	</source>
	<size>
		<width>320</width>
		<height>320</height>
		<depth>3</depth>
	</size>
	<segmented>0</segmented>
	<object>
		<name>Watermelon rind</name>
		<pose>Unspecified</pose>
		<truncated>0</truncated>
		<difficult>0</difficult>
		<occluded>0</occluded>
		<bndbox>
			<xmin>80</xmin>
			<xmax>136</xmax>
			<ymin>163</ymin>
			<ymax>180</ymax>
		</bndbox>
		<polygon>
			<x1>113</x1>
			<y1>162</y1>
			<x2>114</x2>
			<y2>163</y2>
			<x3>121</x3>
			<y3>164</y3>
			<x4>129</x4>
			<y4>168</y4>
			<x5>133</x5>
			<y5>172</y5>
			<x6>134</x6>
			<y6>174</y6>
			<x7>134</x7>
			<y7>178</y7>
			<x8>131</x8>
			<y8>178</y8>
			<x9>127</x9>
			<y9>174</y9>
			<x10>124</x10>
			<y10>173</y10>
			<x11>121</x11>
			<y11>170</y11>
			<x12>116</x12>
			<y12>170</y12>
			<x13>115</x13>
			<y13>171</y13>
			<x14>111</x14>
			<y14>167</y14>
			<x15>108</x15>
			<y15>167</y15>
			<x16>107</x16>
			<y16>166</y16>
			<x17>105</x17>
			<y17>166</y17>
			<x18>101</x18>
			<y18>168</y18>
			<x19>98</x19>
			<y19>168</y19>
			<x20>97</x20>
			<y20>167</y20>
			<x21>95</x21>
			<y21>168</y21>
			<x22>89</x22>
			<y22>168</y22>
			<x23>86</x23>
			<y23>170</y23>
			<x24>86</x24>
			<y24>173</y24>
			<x25>85</x25>
			<y25>174</y25>
			<x26>79</x26>
			<y26>174</y26>
			<x27>80</x27>
			<y27>169</y27>
			<x28>87</x28>
			<y28>163</y28>
			<x29>90</x29>
			<y29>163</y29>
			<x30>91</x30>
			<y30>162</y30>
			<x31>112</x31>
			<y31>162</y31>
		</polygon>
	</object>
	<object>
		<name>Watermelon rind</name>
		<pose>Unspecified</pose>
		<truncated>0</truncated>
		<difficult>0</difficult>
		<occluded>0</occluded>
		<bndbox>
			<xmin>105</xmin>
			<xmax>160</xmax>
			<ymin>147</ymin>
			<ymax>192</ymax>
		</bndbox>
		<polygon>
			<x1>119</x1>
			<y1>146</y1>
			<x2>120</x2>
			<y2>147</y2>
			<x3>124</x3>
			<y3>147</y3>
			<x4>125</x4>
			<y4>148</y4>
			<x5>128</x5>
			<y5>148</y5>
			<x6>131</x6>
			<y6>150</y6>
			<x7>133</x7>
			<y7>150</y7>
			<x8>135</x8>
			<y8>152</y8>
			<x9>138</x9>
			<y9>153</y9>
			<x10>140</x10>
			<y10>155</y10>
			<x11>144</x11>
			<y11>157</y11>
			<x12>154</x12>
			<y12>167</y12>
			<x13>158</x13>
			<y13>175</y13>
			<x14>158</x14>
			<y14>182</y14>
			<x15>155</x15>
			<y15>186</y15>
			<x16>155</x16>
			<y16>187</y16>
			<x17>153</x17>
			<y17>189</y17>
			<x18>149</x18>
			<y18>191</y18>
			<x19>145</x19>
			<y19>187</y19>
			<x20>145</x20>
			<y20>184</y20>
			<x21>147</x21>
			<y21>184</y21>
			<x22>150</x22>
			<y22>181</y22>
			<x23>150</x23>
			<y23>179</y23>
			<x24>147</x24>
			<y24>176</y24>
			<x25>146</x25>
			<y25>173</y25>
			<x26>142</x26>
			<y26>169</y26>
			<x27>141</x27>
			<y27>169</y27>
			<x28>141</x28>
			<y28>165</y28>
			<x29>137</x29>
			<y29>161</y29>
			<x30>135</x30>
			<y30>160</y30>
			<x31>129</x31>
			<y31>160</y31>
			<x32>127</x32>
			<y32>159</y32>
			<x33>126</x33>
			<y33>157</y33>
			<x34>123</x34>
			<y34>154</y34>
			<x35>118</x35>
			<y35>154</y35>
			<x36>117</x36>
			<y36>153</y36>
			<x37>114</x37>
			<y37>153</y37>
			<x38>113</x38>
			<y38>152</y38>
			<x39>106</x39>
			<y39>152</y39>
			<x40>104</x40>
			<y40>150</y40>
			<x41>104</x41>
			<y41>149</y41>
			<x42>108</x42>
			<y42>147</y42>
			<x43>112</x43>
			<y43>147</y43>
			<x44>113</x44>
			<y44>146</y44>
			<x45>118</x45>
			<y45>146</y45>
		</polygon>
	</object>
	<metadata>
	</metadata>
</annotation>
