<annotation>
	<folder></folder>
	<filename>IMG_8161_mov-0010_jpg.rf.440cdebccbd63e064a37c8c475cb01e0.jpg</filename>
	<path>IMG_8161_mov-0010_jpg.rf.440cdebccbd63e064a37c8c475cb01e0.jpg</path>
	<source>
		<database>roboflow.com</database>
	</source>
	<size>
		<width>320</width>
		<height>320</height>
		<depth>3</depth>
	</size>
	<segmented>0</segmented>
	<object>
		<name>Watermelon rind</name>
		<pose>Unspecified</pose>
		<truncated>0</truncated>
		<difficult>0</difficult>
		<occluded>0</occluded>
		<bndbox>
			<xmin>140</xmin>
			<xmax>200</xmax>
			<ymin>157</ymin>
			<ymax>175</ymax>
		</bndbox>
		<polygon>
			<x1>198</x1>
			<y1>157</y1>
			<x2>198</x2>
			<y2>159</y2>
			<x3>199</x3>
			<y3>161</y3>
			<x4>198</x4>
			<y4>163</y4>
			<x5>195</x5>
			<y5>166</y5>
			<x6>189</x6>
			<y6>169</y6>
			<x7>186</x7>
			<y7>169</y7>
			<x8>185</x8>
			<y8>170</y8>
			<x9>182</x9>
			<y9>170</y9>
			<x10>181</x10>
			<y10>171</y10>
			<x11>178</x11>
			<y11>171</y11>
			<x12>177</x12>
			<y12>172</y12>
			<x13>171</x13>
			<y13>172</y13>
			<x14>170</x14>
			<y14>173</y14>
			<x15>151</x15>
			<y15>173</y15>
			<x16>150</x16>
			<y16>172</y16>
			<x17>147</x17>
			<y17>172</y17>
			<x18>146</x18>
			<y18>171</y18>
			<x19>144</x19>
			<y19>171</y19>
			<x20>142</x20>
			<y20>170</y20>
			<x21>140</x21>
			<y21>168</y21>
			<x22>141</x22>
			<y22>167</y22>
			<x23>145</x23>
			<y23>167</y23>
			<x24>146</x24>
			<y24>168</y24>
			<x25>151</x25>
			<y25>168</y25>
			<x26>152</x26>
			<y26>169</y26>
			<x27>160</x27>
			<y27>169</y27>
			<x28>161</x28>
			<y28>168</y28>
			<x29>167</x29>
			<y29>168</y29>
			<x30>168</x30>
			<y30>169</y30>
			<x31>171</x31>
			<y31>169</y31>
			<x32>172</x32>
			<y32>168</y32>
			<x33>175</x33>
			<y33>168</y33>
			<x34>178</x34>
			<y34>166</y34>
			<x35>180</x35>
			<y35>166</y35>
			<x36>181</x36>
			<y36>165</y36>
			<x37>184</x37>
			<y37>165</y37>
			<x38>187</x38>
			<y38>163</y38>
			<x39>189</x39>
			<y39>163</y39>
			<x40>191</x40>
			<y40>161</y40>
			<x41>190</x41>
			<y41>159</y41>
			<x42>191</x42>
			<y42>157</y42>
			<x43>194</x43>
			<y43>157</y43>
			<x44>195</x44>
			<y44>156</y44>
			<x45>197</x45>
			<y45>157</y45>
		</polygon>
	</object>
	<object>
		<name>Watermelon rind</name>
		<pose>Unspecified</pose>
		<truncated>0</truncated>
		<difficult>0</difficult>
		<occluded>0</occluded>
		<bndbox>
			<xmin>115</xmin>
			<xmax>189</xmax>
			<ymin>164</ymin>
			<ymax>188</ymax>
		</bndbox>
		<polygon>
			<x1>123</x1>
			<y1>164</y1>
			<x2>126</x2>
			<y2>166</y2>
			<x3>123</x3>
			<y3>169</y3>
			<x4>123</x4>
			<y4>170</y4>
			<x5>125</x5>
			<y5>172</y5>
			<x6>127</x6>
			<y6>172</y6>
			<x7>132</x7>
			<y7>175</y7>
			<x8>139</x8>
			<y8>176</y8>
			<x9>142</x9>
			<y9>179</y9>
			<x10>144</x10>
			<y10>179</y10>
			<x11>145</x11>
			<y11>180</y11>
			<x12>153</x12>
			<y12>180</y12>
			<x13>154</x13>
			<y13>179</y13>
			<x14>159</x14>
			<y14>179</y14>
			<x15>162</x15>
			<y15>181</y15>
			<x16>170</x16>
			<y16>181</y16>
			<x17>171</x17>
			<y17>180</y17>
			<x18>178</x18>
			<y18>180</y18>
			<x19>179</x19>
			<y19>179</y19>
			<x20>182</x20>
			<y20>179</y20>
			<x21>183</x21>
			<y21>178</y21>
			<x22>184</x22>
			<y22>179</y22>
			<x23>187</x23>
			<y23>179</y23>
			<x24>187</x24>
			<y24>180</y24>
			<x25>185</x25>
			<y25>182</y25>
			<x26>181</x26>
			<y26>184</y26>
			<x27>179</x27>
			<y27>184</y27>
			<x28>178</x28>
			<y28>185</y28>
			<x29>174</x29>
			<y29>185</y29>
			<x30>173</x30>
			<y30>186</y30>
			<x31>150</x31>
			<y31>186</y31>
			<x32>149</x32>
			<y32>185</y32>
			<x33>145</x33>
			<y33>185</y33>
			<x34>144</x34>
			<y34>184</y34>
			<x35>139</x35>
			<y35>184</y35>
			<x36>135</x36>
			<y36>182</y36>
			<x37>132</x37>
			<y37>182</y37>
			<x38>131</x38>
			<y38>181</y38>
			<x39>129</x39>
			<y39>181</y39>
			<x40>126</x40>
			<y40>179</y40>
			<x41>124</x41>
			<y41>179</y41>
			<x42>118</x42>
			<y42>176</y42>
			<x43>115</x43>
			<y43>173</y43>
			<x44>115</x44>
			<y44>171</y44>
			<x45>114</x45>
			<y45>170</y45>
			<x46>114</x46>
			<y46>167</y46>
			<x47>116</x47>
			<y47>164</y47>
			<x48>118</x48>
			<y48>163</y48>
			<x49>120</x49>
			<y49>164</y49>
			<x50>122</x50>
			<y50>164</y50>
		</polygon>
	</object>
	<metadata>
	</metadata>
</annotation>
