<annotation>
	<folder></folder>
	<filename>IMG_8159_jpeg.rf.6ba765fae16fbf940743fd0b549f0f46.jpg</filename>
	<path>IMG_8159_jpeg.rf.6ba765fae16fbf940743fd0b549f0f46.jpg</path>
	<source>
		<database>roboflow.com</database>
	</source>
	<size>
		<width>320</width>
		<height>320</height>
		<depth>3</depth>
	</size>
	<segmented>0</segmented>
	<object>
		<name>Watermelon rind</name>
		<pose>Unspecified</pose>
		<truncated>0</truncated>
		<difficult>0</difficult>
		<occluded>0</occluded>
		<bndbox>
			<xmin>30</xmin>
			<xmax>166</xmax>
			<ymin>100</ymin>
			<ymax>174</ymax>
		</bndbox>
		<polygon>
			<x1>159</x1>
			<y1>100</y1>
			<x2>164</x2>
			<y2>109</y2>
			<x3>164</x3>
			<y3>122</y3>
			<x4>158</x4>
			<y4>134</y4>
			<x5>150</x5>
			<y5>143</y5>
			<x6>149</x6>
			<y6>143</y6>
			<x7>142</x7>
			<y7>149</y7>
			<x8>139</x8>
			<y8>150</y8>
			<x9>137</x9>
			<y9>152</y9>
			<x10>134</x10>
			<y10>153</y10>
			<x11>132</x11>
			<y11>155</y11>
			<x12>124</x12>
			<y12>159</y12>
			<x13>122</x13>
			<y13>159</y13>
			<x14>120</x14>
			<y14>161</y14>
			<x15>118</x15>
			<y15>161</y15>
			<x16>115</x16>
			<y16>163</y16>
			<x17>113</x17>
			<y17>163</y17>
			<x18>110</x18>
			<y18>165</y18>
			<x19>108</x19>
			<y19>165</y19>
			<x20>107</x20>
			<y20>166</y20>
			<x21>105</x21>
			<y21>166</y21>
			<x22>101</x22>
			<y22>168</y22>
			<x23>98</x23>
			<y23>168</y23>
			<x24>97</x24>
			<y24>169</y24>
			<x25>94</x25>
			<y25>169</y25>
			<x26>93</x26>
			<y26>170</y26>
			<x27>90</x27>
			<y27>170</y27>
			<x28>89</x28>
			<y28>171</y28>
			<x29>85</x29>
			<y29>171</y29>
			<x30>84</x30>
			<y30>172</y30>
			<x31>76</x31>
			<y31>172</y31>
			<x32>75</x32>
			<y32>173</y32>
			<x33>66</x33>
			<y33>173</y33>
			<x34>65</x34>
			<y34>172</y34>
			<x35>58</x35>
			<y35>172</y35>
			<x36>57</x36>
			<y36>171</y36>
			<x37>54</x37>
			<y37>171</y37>
			<x38>50</x38>
			<y38>169</y38>
			<x39>47</x39>
			<y39>169</y39>
			<x40>39</x40>
			<y40>165</y40>
			<x41>37</x41>
			<y41>163</y41>
			<x42>36</x42>
			<y42>163</y42>
			<x43>29</x43>
			<y43>156</y43>
			<x44>33</x44>
			<y44>154</y44>
			<x45>38</x45>
			<y45>153</y45>
			<x46>39</x46>
			<y46>152</y46>
			<x47>48</x47>
			<y47>152</y47>
			<x48>50</x48>
			<y48>156</y48>
			<x49>53</x49>
			<y49>159</y49>
			<x50>59</x50>
			<y50>162</y50>
			<x51>65</x51>
			<y51>162</y51>
			<x52>72</x52>
			<y52>158</y52>
			<x53>81</x53>
			<y53>158</y53>
			<x54>82</x54>
			<y54>157</y54>
			<x55>87</x55>
			<y55>156</y55>
			<x56>90</x56>
			<y56>152</y56>
			<x57>93</x57>
			<y57>152</y57>
			<x58>94</x58>
			<y58>153</y58>
			<x59>104</x59>
			<y59>153</y59>
			<x60>109</x60>
			<y60>150</y60>
			<x61>111</x61>
			<y61>150</y61>
			<x62>115</x62>
			<y62>147</y62>
			<x63>116</x63>
			<y63>147</y63>
			<x64>118</x64>
			<y64>145</y64>
			<x65>119</x65>
			<y65>143</y65>
			<x66>119</x66>
			<y66>138</y66>
			<x67>120</x67>
			<y67>137</y67>
			<x68>120</x68>
			<y68>135</y68>
			<x69>122</x69>
			<y69>135</y69>
			<x70>123</x70>
			<y70>134</y70>
			<x71>129</x71>
			<y71>134</y71>
			<x72>130</x72>
			<y72>133</y72>
			<x73>133</x73>
			<y73>133</y73>
			<x74>134</x74>
			<y74>132</y74>
			<x75>136</x75>
			<y75>132</y75>
			<x76>140</x76>
			<y76>128</y76>
			<x77>140</x77>
			<y77>126</y77>
			<x78>141</x78>
			<y78>125</y78>
			<x79>141</x79>
			<y79>120</y79>
			<x80>147</x80>
			<y80>114</y80>
			<x81>149</x81>
			<y81>110</y81>
			<x82>148</x82>
			<y82>108</y82>
			<x83>148</x83>
			<y83>104</y83>
			<x84>155</x84>
			<y84>100</y84>
			<x85>158</x85>
			<y85>100</y85>
		</polygon>
	</object>
	<object>
		<name>Watermelon rind</name>
		<pose>Unspecified</pose>
		<truncated>0</truncated>
		<difficult>0</difficult>
		<occluded>0</occluded>
		<bndbox>
			<xmin>66</xmin>
			<xmax>126</xmax>
			<ymin>43</ymin>
			<ymax>141</ymax>
		</bndbox>
		<polygon>
			<x1>103</x1>
			<y1>46</y1>
			<x2>109</x2>
			<y2>49</y2>
			<x3>112</x3>
			<y3>52</y3>
			<x4>113</x4>
			<y4>52</y4>
			<x5>117</x5>
			<y5>56</y5>
			<x6>117</x6>
			<y6>57</y6>
			<x7>121</x7>
			<y7>62</y7>
			<x8>121</x8>
			<y8>64</y8>
			<x9>123</x9>
			<y9>68</y9>
			<x10>123</x10>
			<y10>71</y10>
			<x11>124</x11>
			<y11>72</y11>
			<x12>124</x12>
			<y12>90</y12>
			<x13>123</x13>
			<y13>91</y13>
			<x14>123</x14>
			<y14>94</y14>
			<x15>122</x15>
			<y15>95</y15>
			<x16>122</x16>
			<y16>99</y16>
			<x17>119</x17>
			<y17>105</y17>
			<x18>119</x18>
			<y18>107</y18>
			<x19>114</x19>
			<y19>117</y19>
			<x20>108</x20>
			<y20>124</y20>
			<x21>108</x21>
			<y21>125</y21>
			<x22>97</x22>
			<y22>134</y22>
			<x23>95</x23>
			<y23>135</y23>
			<x24>93</x24>
			<y24>135</y24>
			<x25>87</x25>
			<y25>138</y25>
			<x26>84</x26>
			<y26>138</y26>
			<x27>83</x27>
			<y27>139</y27>
			<x28>66</x28>
			<y28>139</y28>
			<x29>66</x29>
			<y29>135</y29>
			<x30>70</x30>
			<y30>132</y30>
			<x31>74</x31>
			<y31>132</y31>
			<x32>76</x32>
			<y32>131</y32>
			<x33>82</x33>
			<y33>125</y33>
			<x34>85</x34>
			<y34>125</y34>
			<x35>86</x35>
			<y35>124</y35>
			<x36>88</x36>
			<y36>124</y36>
			<x37>92</x37>
			<y37>120</y37>
			<x38>92</x38>
			<y38>115</y38>
			<x39>91</x39>
			<y39>114</y39>
			<x40>91</x40>
			<y40>110</y40>
			<x41>100</x41>
			<y41>107</y41>
			<x42>103</x42>
			<y42>104</y42>
			<x43>105</x43>
			<y43>100</y43>
			<x44>105</x44>
			<y44>98</y44>
			<x45>106</x45>
			<y45>97</y45>
			<x46>106</x46>
			<y46>93</y46>
			<x47>105</x47>
			<y47>91</y47>
			<x48>101</x48>
			<y48>87</y48>
			<x49>101</x49>
			<y49>86</y49>
			<x50>102</x50>
			<y50>86</y50>
			<x51>105</x51>
			<y51>82</y51>
			<x52>105</x52>
			<y52>76</y52>
			<x53>103</x53>
			<y53>73</y53>
			<x54>103</x54>
			<y54>71</y54>
			<x55>105</x55>
			<y55>68</y55>
			<x56>105</x56>
			<y56>63</y56>
			<x57>102</x57>
			<y57>60</y57>
			<x58>98</x58>
			<y58>58</y58>
			<x59>96</x59>
			<y59>58</y59>
			<x60>95</x60>
			<y60>57</y60>
			<x61>92</x61>
			<y61>57</y61>
			<x62>90</x62>
			<y62>58</y62>
			<x63>88</x63>
			<y63>57</y63>
			<x64>86</x64>
			<y64>55</y64>
			<x65>86</x65>
			<y65>53</y65>
			<x66>85</x66>
			<y66>52</y66>
			<x67>85</x67>
			<y67>47</y67>
			<x68>86</x68>
			<y68>46</y68>
			<x69>86</x69>
			<y69>43</y69>
			<x70>87</x70>
			<y70>42</y70>
			<x71>90</x71>
			<y71>42</y71>
			<x72>91</x72>
			<y72>43</y72>
			<x73>95</x73>
			<y73>43</y73>
			<x74>96</x74>
			<y74>44</y74>
			<x75>98</x75>
			<y75>44</y75>
			<x76>102</x76>
			<y76>46</y76>
		</polygon>
	</object>
	<metadata>
	</metadata>
</annotation>
