<annotation>
	<folder></folder>
	<filename>IMG_8492_jpeg.rf.37e055ece77fb99057b6e5321466e200.jpg</filename>
	<path>IMG_8492_jpeg.rf.37e055ece77fb99057b6e5321466e200.jpg</path>
	<source>
		<database>roboflow.com</database>
	</source>
	<size>
		<width>320</width>
		<height>320</height>
		<depth>3</depth>
	</size>
	<segmented>0</segmented>
	<object>
		<name>fish</name>
		<pose>Unspecified</pose>
		<truncated>0</truncated>
		<difficult>0</difficult>
		<occluded>0</occluded>
		<bndbox>
			<xmin>91</xmin>
			<xmax>141</xmax>
			<ymin>161</ymin>
			<ymax>235</ymax>
		</bndbox>
		<polygon>
			<x1>107</x1>
			<y1>161</y1>
			<x2>111</x2>
			<y2>164</y2>
			<x3>112</x3>
			<y3>164</y3>
			<x4>115</x4>
			<y4>167</y4>
			<x5>116</x5>
			<y5>167</y5>
			<x6>124</x6>
			<y6>175</y6>
			<x7>122</x7>
			<y7>176</y7>
			<x8>123</x8>
			<y8>177</y8>
			<x9>129</x9>
			<y9>180</y9>
			<x10>131</x10>
			<y10>180</y10>
			<x11>133</x11>
			<y11>181</y11>
			<x12>132</x12>
			<y12>182</y12>
			<x13>124</x13>
			<y13>182</y13>
			<x14>123</x14>
			<y14>184</y14>
			<x15>122</x15>
			<y15>184</y15>
			<x16>123</x16>
			<y16>183</y16>
			<x17>122</x17>
			<y17>182</y17>
			<x18>120</x18>
			<y18>182</y18>
			<x19>119</x19>
			<y19>183</y19>
			<x20>117</x20>
			<y20>183</y20>
			<x21>116</x21>
			<y21>184</y21>
			<x22>117</x22>
			<y22>185</y22>
			<x23>119</x23>
			<y23>186</y23>
			<x24>126</x24>
			<y24>186</y24>
			<x25>127</x25>
			<y25>187</y25>
			<x26>130</x26>
			<y26>187</y26>
			<x27>131</x27>
			<y27>188</y27>
			<x28>133</x28>
			<y28>188</y28>
			<x29>137</x29>
			<y29>190</y29>
			<x30>139</x30>
			<y30>192</y30>
			<x31>137</x31>
			<y31>191</y31>
			<x32>130</x32>
			<y32>191</y32>
			<x33>129</x33>
			<y33>190</y33>
			<x34>121</x34>
			<y34>190</y34>
			<x35>115</x35>
			<y35>193</y35>
			<x36>117</x36>
			<y36>195</y36>
			<x37>124</x37>
			<y37>196</y37>
			<x38>125</x38>
			<y38>197</y38>
			<x39>130</x39>
			<y39>198</y39>
			<x40>133</x40>
			<y40>200</y40>
			<x41>130</x41>
			<y41>200</y41>
			<x42>129</x42>
			<y42>199</y42>
			<x43>118</x43>
			<y43>199</y43>
			<x44>114</x44>
			<y44>202</y44>
			<x45>114</x45>
			<y45>204</y45>
			<x46>115</x46>
			<y46>205</y46>
			<x47>117</x47>
			<y47>205</y47>
			<x48>121</x48>
			<y48>207</y48>
			<x49>123</x49>
			<y49>209</y49>
			<x50>123</x50>
			<y50>210</y50>
			<x51>121</x51>
			<y51>210</y51>
			<x52>120</x52>
			<y52>209</y52>
			<x53>115</x53>
			<y53>209</y53>
			<x54>114</x54>
			<y54>210</y54>
			<x55>115</x55>
			<y55>212</y55>
			<x56>115</x56>
			<y56>216</y56>
			<x57>111</x57>
			<y57>214</y57>
			<x58>110</x58>
			<y58>214</y58>
			<x59>108</x59>
			<y59>216</y59>
			<x60>109</x60>
			<y60>218</y60>
			<x61>109</x61>
			<y61>228</y61>
			<x62>108</x62>
			<y62>229</y62>
			<x63>108</x63>
			<y63>232</y63>
			<x64>105</x64>
			<y64>232</y64>
			<x65>103</x65>
			<y65>231</y65>
			<x66>101</x66>
			<y66>233</y66>
			<x67>98</x67>
			<y67>233</y67>
			<x68>97</x68>
			<y68>232</y68>
			<x69>97</x69>
			<y69>229</y69>
			<x70>96</x70>
			<y70>228</y70>
			<x71>93</x71>
			<y71>228</y71>
			<x72>90</x72>
			<y72>223</y72>
			<x73>93</x73>
			<y73>217</y73>
			<x74>98</x74>
			<y74>217</y74>
			<x75>102</x75>
			<y75>215</y75>
			<x76>101</x76>
			<y76>213</y76>
			<x77>102</x77>
			<y77>211</y77>
			<x78>101</x78>
			<y78>210</y78>
			<x79>98</x79>
			<y79>210</y79>
			<x80>104</x80>
			<y80>205</y80>
			<x81>103</x81>
			<y81>203</y81>
			<x82>100</x82>
			<y82>203</y82>
			<x83>100</x83>
			<y83>201</y83>
			<x84>102</x84>
			<y84>198</y84>
			<x85>101</x85>
			<y85>197</y85>
			<x86>99</x86>
			<y86>198</y86>
			<x87>97</x87>
			<y87>198</y87>
			<x88>96</x88>
			<y88>199</y88>
			<x89>94</x89>
			<y89>199</y89>
			<x90>99</x90>
			<y90>192</y90>
			<x91>98</x91>
			<y91>191</y91>
			<x92>98</x92>
			<y92>187</y92>
			<x93>97</x93>
			<y93>186</y93>
			<x94>95</x94>
			<y94>188</y94>
			<x95>93</x95>
			<y95>188</y95>
			<x96>92</x96>
			<y96>186</y96>
			<x97>92</x97>
			<y97>169</y97>
			<x98>93</x98>
			<y98>168</y98>
			<x99>93</x99>
			<y99>166</y99>
			<x100>96</x100>
			<y100>162</y100>
			<x101>98</x101>
			<y101>162</y101>
			<x102>101</x102>
			<y102>164</y102>
			<x103>103</x103>
			<y103>162</y103>
			<x104>106</x104>
			<y104>161</y104>
		</polygon>
	</object>
	<metadata>
	</metadata>
</annotation>
