<annotation>
	<folder></folder>
	<filename>IMG_2008_HEIC.rf.c53d8b6daa1699741787d84672a9125f.jpg</filename>
	<path>IMG_2008_HEIC.rf.c53d8b6daa1699741787d84672a9125f.jpg</path>
	<source>
		<database>roboflow.com</database>
	</source>
	<size>
		<width>320</width>
		<height>320</height>
		<depth>3</depth>
	</size>
	<segmented>0</segmented>
	<object>
		<name>Egg shell</name>
		<pose>Unspecified</pose>
		<truncated>0</truncated>
		<difficult>0</difficult>
		<occluded>0</occluded>
		<bndbox>
			<xmin>240</xmin>
			<xmax>309</xmax>
			<ymin>173</ymin>
			<ymax>202</ymax>
		</bndbox>
	</object>
	<metadata>
	</metadata>
</annotation>
