<annotation>
	<folder></folder>
	<filename>IMG_1965_HEIC.rf.18f77e13ea470dad825e888d700ac59c.jpg</filename>
	<path>IMG_1965_HEIC.rf.18f77e13ea470dad825e888d700ac59c.jpg</path>
	<source>
		<database>roboflow.com</database>
	</source>
	<size>
		<width>320</width>
		<height>320</height>
		<depth>3</depth>
	</size>
	<segmented>0</segmented>
	<object>
		<name>Egg shell</name>
		<pose>Unspecified</pose>
		<truncated>0</truncated>
		<difficult>0</difficult>
		<occluded>0</occluded>
		<bndbox>
			<xmin>117</xmin>
			<xmax>164</xmax>
			<ymin>166</ymin>
			<ymax>187</ymax>
		</bndbox>
	</object>
	<metadata>
	</metadata>
</annotation>
