<annotation>
	<folder></folder>
	<filename>IMG_8139_jpeg.rf.dd0a8a5c7cbc3501c76064d007b4e464.jpg</filename>
	<path>IMG_8139_jpeg.rf.dd0a8a5c7cbc3501c76064d007b4e464.jpg</path>
	<source>
		<database>roboflow.com</database>
	</source>
	<size>
		<width>320</width>
		<height>320</height>
		<depth>3</depth>
	</size>
	<segmented>0</segmented>
	<object>
		<name>Watermelon rind</name>
		<pose>Unspecified</pose>
		<truncated>0</truncated>
		<difficult>0</difficult>
		<occluded>0</occluded>
		<bndbox>
			<xmin>143</xmin>
			<xmax>197</xmax>
			<ymin>158</ymin>
			<ymax>181</ymax>
		</bndbox>
		<polygon>
			<x1>194</x1>
			<y1>158</y1>
			<x2>196</x2>
			<y2>162</y2>
			<x3>196</x3>
			<y3>165</y3>
			<x4>195</x4>
			<y4>166</y4>
			<x5>195</x5>
			<y5>168</y5>
			<x6>192</x6>
			<y6>171</y6>
			<x7>191</x7>
			<y7>171</y7>
			<x8>189</x8>
			<y8>173</y8>
			<x9>185</x9>
			<y9>175</y9>
			<x10>183</x10>
			<y10>175</y10>
			<x11>182</x11>
			<y11>176</y11>
			<x12>180</x12>
			<y12>176</y12>
			<x13>176</x13>
			<y13>178</y13>
			<x14>171</x14>
			<y14>178</y14>
			<x15>170</x15>
			<y15>179</y15>
			<x16>154</x16>
			<y16>179</y16>
			<x17>153</x17>
			<y17>178</y17>
			<x18>148</x18>
			<y18>177</y18>
			<x19>146</x19>
			<y19>175</y19>
			<x20>145</x20>
			<y20>175</y20>
			<x21>142</x21>
			<y21>171</y21>
			<x22>145</x22>
			<y22>170</y22>
			<x23>148</x23>
			<y23>172</y23>
			<x24>150</x24>
			<y24>172</y24>
			<x25>151</x25>
			<y25>173</y25>
			<x26>154</x26>
			<y26>173</y26>
			<x27>155</x27>
			<y27>174</y27>
			<x28>160</x28>
			<y28>174</y28>
			<x29>163</x29>
			<y29>172</y29>
			<x30>165</x30>
			<y30>172</y30>
			<x31>168</x31>
			<y31>174</y31>
			<x32>172</x32>
			<y32>174</y32>
			<x33>173</x33>
			<y33>173</y33>
			<x34>175</x34>
			<y34>173</y34>
			<x35>178</x35>
			<y35>170</y35>
			<x36>182</x36>
			<y36>170</y36>
			<x37>184</x37>
			<y37>168</y37>
			<x38>189</x38>
			<y38>166</y38>
			<x39>190</x39>
			<y39>165</y39>
			<x40>189</x40>
			<y40>160</y40>
			<x41>193</x41>
			<y41>158</y41>
		</polygon>
	</object>
	<object>
		<name>Watermelon rind</name>
		<pose>Unspecified</pose>
		<truncated>0</truncated>
		<difficult>0</difficult>
		<occluded>0</occluded>
		<bndbox>
			<xmin>119</xmin>
			<xmax>186</xmax>
			<ymin>165</ymin>
			<ymax>198</ymax>
		</bndbox>
		<polygon>
			<x1>135</x1>
			<y1>180</y1>
			<x2>138</x2>
			<y2>182</y2>
			<x3>139</x3>
			<y3>181</y3>
			<x4>142</x4>
			<y4>185</y4>
			<x5>148</x5>
			<y5>188</y5>
			<x6>153</x6>
			<y6>188</y6>
			<x7>157</x7>
			<y7>186</y7>
			<x8>158</x8>
			<y8>186</y8>
			<x9>161</x9>
			<y9>189</y9>
			<x10>163</x10>
			<y10>190</y10>
			<x11>168</x11>
			<y11>190</y11>
			<x12>169</x12>
			<y12>189</y12>
			<x13>176</x13>
			<y13>189</y13>
			<x14>179</x14>
			<y14>187</y14>
			<x15>183</x15>
			<y15>187</y15>
			<x16>185</x16>
			<y16>188</y16>
			<x17>182</x17>
			<y17>192</y17>
			<x18>176</x18>
			<y18>195</y18>
			<x19>174</x19>
			<y19>195</y19>
			<x20>173</x20>
			<y20>196</y20>
			<x21>165</x21>
			<y21>196</y21>
			<x22>164</x22>
			<y22>197</y22>
			<x23>163</x23>
			<y23>196</y23>
			<x24>155</x24>
			<y24>196</y24>
			<x25>154</x25>
			<y25>195</y25>
			<x26>150</x26>
			<y26>195</y26>
			<x27>149</x27>
			<y27>194</y27>
			<x28>146</x28>
			<y28>194</y28>
			<x29>140</x29>
			<y29>191</y29>
			<x30>138</x30>
			<y30>191</y30>
			<x31>128</x31>
			<y31>186</y31>
			<x32>126</x32>
			<y32>184</y32>
			<x33>125</x33>
			<y33>184</y33>
			<x34>119</x34>
			<y34>177</y34>
			<x35>119</x35>
			<y35>175</y35>
			<x36>118</x36>
			<y36>174</y36>
			<x37>118</x37>
			<y37>170</y37>
			<x38>119</x38>
			<y38>169</y38>
			<x39>119</x39>
			<y39>167</y39>
			<x40>122</x40>
			<y40>164</y40>
			<x41>124</x41>
			<y41>165</y41>
			<x42>126</x42>
			<y42>165</y42>
			<x43>129</x43>
			<y43>168</y43>
			<x44>126</x44>
			<y44>171</y44>
			<x45>126</x45>
			<y45>174</y45>
			<x46>129</x46>
			<y46>177</y46>
			<x47>131</x47>
			<y47>177</y47>
			<x48>134</x48>
			<y48>180</y48>
		</polygon>
	</object>
	<metadata>
	</metadata>
</annotation>
