<annotation>
	<folder></folder>
	<filename>IMG_8212_jpeg.rf.adc5ef92bcbd2e9f5fdc19b881ce73b4.jpg</filename>
	<path>IMG_8212_jpeg.rf.adc5ef92bcbd2e9f5fdc19b881ce73b4.jpg</path>
	<source>
		<database>roboflow.com</database>
	</source>
	<size>
		<width>320</width>
		<height>320</height>
		<depth>3</depth>
	</size>
	<segmented>0</segmented>
	<object>
		<name>Watermelon rind</name>
		<pose>Unspecified</pose>
		<truncated>0</truncated>
		<difficult>0</difficult>
		<occluded>0</occluded>
		<bndbox>
			<xmin>114</xmin>
			<xmax>172</xmax>
			<ymin>182</ymin>
			<ymax>208</ymax>
		</bndbox>
		<polygon>
			<x1>165</x1>
			<y1>183</y1>
			<x2>167</x2>
			<y2>184</y2>
			<x3>170</x3>
			<y3>187</y3>
			<x4>170</x4>
			<y4>189</y4>
			<x5>165</x5>
			<y5>189</y5>
			<x6>164</x6>
			<y6>188</y6>
			<x7>160</x7>
			<y7>188</y7>
			<x8>159</x8>
			<y8>187</y8>
			<x9>156</x9>
			<y9>187</y9>
			<x10>155</x10>
			<y10>186</y10>
			<x11>154</x11>
			<y11>187</y11>
			<x12>152</x12>
			<y12>187</y12>
			<x13>150</x13>
			<y13>189</y13>
			<x14>147</x14>
			<y14>189</y14>
			<x15>146</x15>
			<y15>188</y15>
			<x16>139</x16>
			<y16>188</y16>
			<x17>137</x17>
			<y17>189</y17>
			<x18>133</x18>
			<y18>193</y18>
			<x19>130</x19>
			<y19>193</y19>
			<x20>122</x20>
			<y20>197</y20>
			<x21>121</x21>
			<y21>198</y21>
			<x22>121</x22>
			<y22>202</y22>
			<x23>122</x23>
			<y23>204</y23>
			<x24>121</x24>
			<y24>204</y24>
			<x25>119</x25>
			<y25>206</y25>
			<x26>115</x26>
			<y26>206</y26>
			<x27>114</x27>
			<y27>205</y27>
			<x28>114</x28>
			<y28>198</y28>
			<x29>115</x29>
			<y29>196</y29>
			<x30>120</x30>
			<y30>191</y30>
			<x31>123</x31>
			<y31>190</y31>
			<x32>125</x32>
			<y32>188</y32>
			<x33>127</x33>
			<y33>187</y33>
			<x34>129</x34>
			<y34>187</y34>
			<x35>132</x35>
			<y35>185</y35>
			<x36>137</x36>
			<y36>184</y36>
			<x37>138</x37>
			<y37>183</y37>
			<x38>142</x38>
			<y38>183</y38>
			<x39>143</x39>
			<y39>182</y39>
			<x40>148</x40>
			<y40>182</y40>
			<x41>149</x41>
			<y41>181</y41>
			<x42>158</x42>
			<y42>181</y42>
			<x43>159</x43>
			<y43>182</y43>
			<x44>163</x44>
			<y44>182</y44>
			<x45>164</x45>
			<y45>183</y45>
		</polygon>
	</object>
	<object>
		<name>Watermelon rind</name>
		<pose>Unspecified</pose>
		<truncated>0</truncated>
		<difficult>0</difficult>
		<occluded>0</occluded>
		<bndbox>
			<xmin>129</xmin>
			<xmax>195</xmax>
			<ymin>164</ymin>
			<ymax>196</ymax>
		</bndbox>
		<polygon>
			<x1>178</x1>
			<y1>169</y1>
			<x2>184</x2>
			<y2>172</y2>
			<x3>186</x3>
			<y3>174</y3>
			<x4>187</x4>
			<y4>174</y4>
			<x5>191</x5>
			<y5>178</y5>
			<x6>193</x6>
			<y6>182</y6>
			<x7>193</x7>
			<y7>188</y7>
			<x8>190</x8>
			<y8>194</y8>
			<x9>187</x9>
			<y9>194</y9>
			<x10>183</x10>
			<y10>191</y10>
			<x11>183</x11>
			<y11>190</y11>
			<x12>186</x12>
			<y12>187</y12>
			<x13>186</x13>
			<y13>185</y13>
			<x14>183</x14>
			<y14>182</y14>
			<x15>180</x15>
			<y15>181</y15>
			<x16>177</x16>
			<y16>178</y16>
			<x17>173</x17>
			<y17>178</y17>
			<x18>172</x18>
			<y18>176</y18>
			<x19>169</x19>
			<y19>173</y19>
			<x20>167</x20>
			<y20>173</y20>
			<x21>166</x21>
			<y21>172</y21>
			<x22>161</x22>
			<y22>172</y22>
			<x23>160</x23>
			<y23>173</y23>
			<x24>155</x24>
			<y24>174</y24>
			<x25>152</x25>
			<y25>171</y25>
			<x26>150</x26>
			<y26>171</y26>
			<x27>148</x27>
			<y27>170</y27>
			<x28>144</x28>
			<y28>172</y28>
			<x29>140</x29>
			<y29>172</y29>
			<x30>139</x30>
			<y30>173</y30>
			<x31>136</x31>
			<y31>173</y31>
			<x32>133</x32>
			<y32>175</y32>
			<x33>130</x33>
			<y33>175</y33>
			<x34>128</x34>
			<y34>174</y34>
			<x35>129</x35>
			<y35>171</y35>
			<x36>130</x36>
			<y36>171</y36>
			<x37>133</x37>
			<y37>168</y37>
			<x38>137</x38>
			<y38>166</y38>
			<x39>142</x39>
			<y39>165</y39>
			<x40>143</x40>
			<y40>164</y40>
			<x41>162</x41>
			<y41>164</y41>
			<x42>163</x42>
			<y42>165</y42>
			<x43>167</x43>
			<y43>165</y43>
			<x44>168</x44>
			<y44>166</y44>
			<x45>170</x45>
			<y45>166</y45>
			<x46>171</x46>
			<y46>167</y46>
			<x47>173</x47>
			<y47>167</y47>
			<x48>177</x48>
			<y48>169</y48>
		</polygon>
	</object>
	<metadata>
	</metadata>
</annotation>
