<annotation>
	<folder></folder>
	<filename>IMG_8460_jpeg.rf.d837ac7589e5c60fd82ae9d3ff874d78.jpg</filename>
	<path>IMG_8460_jpeg.rf.d837ac7589e5c60fd82ae9d3ff874d78.jpg</path>
	<source>
		<database>roboflow.com</database>
	</source>
	<size>
		<width>320</width>
		<height>320</height>
		<depth>3</depth>
	</size>
	<segmented>0</segmented>
	<object>
		<name>fish</name>
		<pose>Unspecified</pose>
		<truncated>0</truncated>
		<difficult>0</difficult>
		<occluded>0</occluded>
		<bndbox>
			<xmin>120</xmin>
			<xmax>182</xmax>
			<ymin>172</ymin>
			<ymax>243</ymax>
		</bndbox>
		<polygon>
			<x1>165</x1>
			<y1>208</y1>
			<x2>171</x2>
			<y2>214</y2>
			<x3>171</x3>
			<y3>215</y3>
			<x4>176</x4>
			<y4>221</y4>
			<x5>179</x5>
			<y5>227</y5>
			<x6>179</x6>
			<y6>230</y6>
			<x7>180</x7>
			<y7>231</y7>
			<x8>180</x8>
			<y8>236</y8>
			<x9>179</x9>
			<y9>237</y9>
			<x10>177</x10>
			<y10>236</y10>
			<x11>173</x11>
			<y11>236</y11>
			<x12>171</x12>
			<y12>238</y12>
			<x13>172</x13>
			<y13>241</y13>
			<x14>167</x14>
			<y14>241</y14>
			<x15>166</x15>
			<y15>240</y15>
			<x16>159</x16>
			<y16>239</y16>
			<x17>156</x17>
			<y17>237</y17>
			<x18>154</x18>
			<y18>237</y18>
			<x19>153</x19>
			<y19>236</y19>
			<x20>151</x20>
			<y20>236</y20>
			<x21>148</x21>
			<y21>234</y21>
			<x22>146</x22>
			<y22>234</y22>
			<x23>144</x23>
			<y23>233</y23>
			<x24>144</x24>
			<y24>231</y24>
			<x25>145</x25>
			<y25>230</y25>
			<x26>144</x26>
			<y26>229</y26>
			<x27>131</x27>
			<y27>229</y27>
			<x28>131</x28>
			<y28>228</y28>
			<x29>133</x29>
			<y29>227</y29>
			<x30>135</x30>
			<y30>227</y30>
			<x31>136</x31>
			<y31>226</y31>
			<x32>141</x32>
			<y32>225</y32>
			<x33>144</x33>
			<y33>222</y33>
			<x34>143</x34>
			<y34>220</y34>
			<x35>137</x35>
			<y35>220</y35>
			<x36>136</x36>
			<y36>221</y36>
			<x37>122</x37>
			<y37>221</y37>
			<x38>121</x38>
			<y38>220</y38>
			<x39>119</x39>
			<y39>220</y39>
			<x40>122</x40>
			<y40>220</y40>
			<x41>123</x41>
			<y41>219</y41>
			<x42>127</x42>
			<y42>219</y42>
			<x43>131</x43>
			<y43>217</y43>
			<x44>134</x44>
			<y44>217</y44>
			<x45>135</x45>
			<y45>216</y45>
			<x46>137</x46>
			<y46>216</y46>
			<x47>145</x47>
			<y47>212</y47>
			<x48>146</x48>
			<y48>211</y48>
			<x49>145</x49>
			<y49>209</y49>
			<x50>146</x50>
			<y50>210</y50>
			<x51>150</x51>
			<y51>207</y51>
			<x52>151</x52>
			<y52>207</y52>
			<x53>151</x53>
			<y53>209</y53>
			<x54>150</x54>
			<y54>209</y54>
			<x55>149</x55>
			<y55>211</y55>
			<x56>148</x56>
			<y56>210</y56>
			<x57>146</x57>
			<y57>214</y57>
			<x58>148</x58>
			<y58>215</y58>
			<x59>149</x59>
			<y59>213</y59>
			<x60>151</x60>
			<y60>213</y60>
			<x61>153</x61>
			<y61>214</y61>
			<x62>152</x62>
			<y62>215</y62>
			<x63>153</x63>
			<y63>216</y63>
			<x64>154</x64>
			<y64>216</y64>
			<x65>158</x65>
			<y65>212</y65>
			<x66>159</x66>
			<y66>209</y66>
			<x67>160</x67>
			<y67>209</y67>
			<x68>162</x68>
			<y68>213</y68>
			<x69>164</x69>
			<y69>211</y69>
			<x70>164</x70>
			<y70>209</y70>
		</polygon>
	</object>
	<metadata>
	</metadata>
</annotation>
