<annotation>
	<folder></folder>
	<filename>IMG_8161_mov-0002_jpg.rf.733b3558198e44dd496f1a7e71209e66.jpg</filename>
	<path>IMG_8161_mov-0002_jpg.rf.733b3558198e44dd496f1a7e71209e66.jpg</path>
	<source>
		<database>roboflow.com</database>
	</source>
	<size>
		<width>320</width>
		<height>320</height>
		<depth>3</depth>
	</size>
	<segmented>0</segmented>
	<object>
		<name>Watermelon rind</name>
		<pose>Unspecified</pose>
		<truncated>0</truncated>
		<difficult>0</difficult>
		<occluded>0</occluded>
		<bndbox>
			<xmin>147</xmin>
			<xmax>207</xmax>
			<ymin>172</ymin>
			<ymax>193</ymax>
		</bndbox>
		<polygon>
			<x1>196</x1>
			<y1>174</y1>
			<x2>199</x2>
			<y2>172</y2>
			<x3>204</x3>
			<y3>172</y3>
			<x4>205</x4>
			<y4>174</y4>
			<x5>205</x5>
			<y5>179</y5>
			<x6>199</x6>
			<y6>184</y6>
			<x7>197</x7>
			<y7>185</y7>
			<x8>195</x8>
			<y8>185</y8>
			<x9>194</x9>
			<y9>186</y9>
			<x10>194</x10>
			<y10>188</y10>
			<x11>190</x11>
			<y11>191</y11>
			<x12>180</x12>
			<y12>191</y12>
			<x13>177</x13>
			<y13>189</y13>
			<x14>176</x14>
			<y14>190</y14>
			<x15>161</x15>
			<y15>190</y15>
			<x16>160</x16>
			<y16>189</y16>
			<x17>155</x17>
			<y17>189</y17>
			<x18>154</x18>
			<y18>188</y18>
			<x19>152</x19>
			<y19>188</y19>
			<x20>148</x20>
			<y20>186</y20>
			<x21>147</x21>
			<y21>184</y21>
			<x22>149</x22>
			<y22>183</y22>
			<x23>151</x23>
			<y23>183</y23>
			<x24>152</x24>
			<y24>184</y24>
			<x25>155</x25>
			<y25>184</y25>
			<x26>156</x26>
			<y26>185</y26>
			<x27>161</x27>
			<y27>185</y27>
			<x28>162</x28>
			<y28>186</y28>
			<x29>165</x29>
			<y29>186</y29>
			<x30>169</x30>
			<y30>184</y30>
			<x31>176</x31>
			<y31>185</y31>
			<x32>180</x32>
			<y32>182</y32>
			<x33>188</x33>
			<y33>182</y33>
			<x34>194</x34>
			<y34>179</y34>
			<x35>196</x35>
			<y35>179</y35>
			<x36>198</x36>
			<y36>177</y36>
			<x37>197</x37>
			<y37>175</y37>
		</polygon>
	</object>
	<object>
		<name>Watermelon rind</name>
		<pose>Unspecified</pose>
		<truncated>0</truncated>
		<difficult>0</difficult>
		<occluded>0</occluded>
		<bndbox>
			<xmin>122</xmin>
			<xmax>196</xmax>
			<ymin>179</ymin>
			<ymax>206</ymax>
		</bndbox>
		<polygon>
			<x1>133</x1>
			<y1>188</y1>
			<x2>134</x2>
			<y2>189</y2>
			<x3>136</x3>
			<y3>189</y3>
			<x4>140</x4>
			<y4>192</y4>
			<x5>145</x5>
			<y5>192</y5>
			<x6>148</x6>
			<y6>195</y6>
			<x7>152</x7>
			<y7>197</y7>
			<x8>160</x8>
			<y8>197</y8>
			<x9>161</x9>
			<y9>196</y9>
			<x10>166</x10>
			<y10>196</y10>
			<x11>168</x11>
			<y11>198</y11>
			<x12>170</x12>
			<y12>198</y12>
			<x13>171</x13>
			<y13>199</y13>
			<x14>174</x14>
			<y14>199</y14>
			<x15>175</x15>
			<y15>198</y15>
			<x16>178</x16>
			<y16>198</y16>
			<x17>179</x17>
			<y17>197</y17>
			<x18>186</x18>
			<y18>197</y18>
			<x19>187</x19>
			<y19>196</y19>
			<x20>194</x20>
			<y20>196</y20>
			<x21>194</x21>
			<y21>197</y21>
			<x22>191</x22>
			<y22>200</y22>
			<x23>187</x23>
			<y23>202</y23>
			<x24>185</x24>
			<y24>202</y24>
			<x25>184</x25>
			<y25>203</y25>
			<x26>179</x26>
			<y26>203</y26>
			<x27>178</x27>
			<y27>204</y27>
			<x28>162</x28>
			<y28>204</y28>
			<x29>161</x29>
			<y29>203</y29>
			<x30>155</x30>
			<y30>203</y30>
			<x31>154</x31>
			<y31>202</y31>
			<x32>150</x32>
			<y32>202</y32>
			<x33>149</x33>
			<y33>201</y33>
			<x34>146</x34>
			<y34>201</y34>
			<x35>145</x35>
			<y35>200</y35>
			<x36>142</x36>
			<y36>200</y36>
			<x37>141</x37>
			<y37>199</y37>
			<x38>136</x38>
			<y38>198</y38>
			<x39>126</x39>
			<y39>193</y39>
			<x40>122</x40>
			<y40>189</y40>
			<x41>121</x41>
			<y41>187</y41>
			<x42>121</x42>
			<y42>182</y42>
			<x43>122</x43>
			<y43>180</y43>
			<x44>123</x44>
			<y44>179</y44>
			<x45>128</x45>
			<y45>179</y45>
			<x46>132</x46>
			<y46>181</y46>
			<x47>132</x47>
			<y47>182</y47>
			<x48>130</x48>
			<y48>184</y48>
			<x49>130</x49>
			<y49>186</y49>
			<x50>132</x50>
			<y50>188</y50>
		</polygon>
	</object>
	<metadata>
	</metadata>
</annotation>
