<annotation>
	<folder></folder>
	<filename>IMG_2002_HEIC.rf.5ef169fb891d66ed28f7731d210b1eb5.jpg</filename>
	<path>IMG_2002_HEIC.rf.5ef169fb891d66ed28f7731d210b1eb5.jpg</path>
	<source>
		<database>roboflow.com</database>
	</source>
	<size>
		<width>320</width>
		<height>320</height>
		<depth>3</depth>
	</size>
	<segmented>0</segmented>
	<object>
		<name>Egg shell</name>
		<pose>Unspecified</pose>
		<truncated>0</truncated>
		<difficult>0</difficult>
		<occluded>0</occluded>
		<bndbox>
			<xmin>176</xmin>
			<xmax>232</xmax>
			<ymin>74</ymin>
			<ymax>96</ymax>
		</bndbox>
	</object>
	<metadata>
	</metadata>
</annotation>
