<annotation>
	<folder></folder>
	<filename>IMG_8412_jpeg.rf.74ad791539ec0c5a3ea04be9fbe6e0ce.jpg</filename>
	<path>IMG_8412_jpeg.rf.74ad791539ec0c5a3ea04be9fbe6e0ce.jpg</path>
	<source>
		<database>roboflow.com</database>
	</source>
	<size>
		<width>320</width>
		<height>320</height>
		<depth>3</depth>
	</size>
	<segmented>0</segmented>
	<object>
		<name>fish</name>
		<pose>Unspecified</pose>
		<truncated>0</truncated>
		<difficult>0</difficult>
		<occluded>0</occluded>
		<bndbox>
			<xmin>118</xmin>
			<xmax>166</xmax>
			<ymin>162</ymin>
			<ymax>204</ymax>
		</bndbox>
		<polygon>
			<x1>159</x1>
			<y1>161</y1>
			<x2>161</x2>
			<y2>163</y2>
			<x3>164</x3>
			<y3>163</y3>
			<x4>164</x4>
			<y4>166</y4>
			<x5>165</x5>
			<y5>167</y5>
			<x6>164</x6>
			<y6>170</y6>
			<x7>161</x7>
			<y7>172</y7>
			<x8>153</x8>
			<y8>172</y8>
			<x9>152</x9>
			<y9>173</y9>
			<x10>153</x10>
			<y10>175</y10>
			<x11>151</x11>
			<y11>176</y11>
			<x12>149</x12>
			<y12>176</y12>
			<x13>147</x13>
			<y13>179</y13>
			<x14>147</x14>
			<y14>181</y14>
			<x15>148</x15>
			<y15>183</y15>
			<x16>146</x16>
			<y16>183</y16>
			<x17>144</x17>
			<y17>184</y17>
			<x18>141</x18>
			<y18>187</y18>
			<x19>143</x19>
			<y19>188</y19>
			<x20>141</x20>
			<y20>192</y20>
			<x21>135</x21>
			<y21>198</y21>
			<x22>134</x22>
			<y22>198</y22>
			<x23>132</x23>
			<y23>200</y23>
			<x24>128</x24>
			<y24>202</y24>
			<x25>126</x25>
			<y25>202</y25>
			<x26>126</x26>
			<y26>201</y26>
			<x27>123</x27>
			<y27>199</y27>
			<x28>122</x28>
			<y28>200</y28>
			<x29>120</x29>
			<y29>199</y29>
			<x30>120</x30>
			<y30>196</y30>
			<x31>119</x31>
			<y31>195</y31>
			<x32>119</x32>
			<y32>187</y32>
			<x33>121</x33>
			<y33>186</y33>
			<x34>119</x34>
			<y34>184</y34>
			<x35>118</x35>
			<y35>181</y35>
			<x36>120</x36>
			<y36>181</y36>
			<x37>121</x37>
			<y37>182</y37>
			<x38>123</x38>
			<y38>182</y38>
			<x39>124</x39>
			<y39>181</y39>
			<x40>124</x40>
			<y40>180</y40>
			<x41>122</x41>
			<y41>178</y41>
			<x42>120</x42>
			<y42>174</y42>
			<x43>121</x43>
			<y43>173</y43>
			<x44>127</x44>
			<y44>178</y44>
			<x45>129</x45>
			<y45>179</y45>
			<x46>132</x46>
			<y46>179</y46>
			<x47>133</x47>
			<y47>178</y47>
			<x48>130</x48>
			<y48>174</y48>
			<x49>129</x49>
			<y49>172</y49>
			<x50>129</x50>
			<y50>170</y50>
			<x51>132</x51>
			<y51>173</y51>
			<x52>138</x52>
			<y52>176</y52>
			<x53>140</x53>
			<y53>174</y53>
			<x54>140</x54>
			<y54>172</y54>
			<x55>139</x55>
			<y55>171</y55>
			<x56>139</x56>
			<y56>168</y56>
			<x57>140</x57>
			<y57>168</y57>
			<x58>143</x58>
			<y58>171</y58>
			<x59>144</x59>
			<y59>171</y59>
			<x60>146</x60>
			<y60>168</y60>
			<x61>148</x61>
			<y61>168</y61>
			<x62>149</x62>
			<y62>170</y62>
			<x63>156</x63>
			<y63>163</y63>
			<x64>158</x64>
			<y64>162</y64>
		</polygon>
	</object>
	<metadata>
	</metadata>
</annotation>
