<annotation>
	<folder></folder>
	<filename>IMG_8431_jpeg.rf.9440686ec9560d6e578423b193a88123.jpg</filename>
	<path>IMG_8431_jpeg.rf.9440686ec9560d6e578423b193a88123.jpg</path>
	<source>
		<database>roboflow.com</database>
	</source>
	<size>
		<width>320</width>
		<height>320</height>
		<depth>3</depth>
	</size>
	<segmented>0</segmented>
	<object>
		<name>fish</name>
		<pose>Unspecified</pose>
		<truncated>0</truncated>
		<difficult>0</difficult>
		<occluded>0</occluded>
		<bndbox>
			<xmin>99</xmin>
			<xmax>163</xmax>
			<ymin>105</ymin>
			<ymax>179</ymax>
		</bndbox>
		<polygon>
			<x1>150</x1>
			<y1>105</y1>
			<x2>150</x2>
			<y2>106</y2>
			<x3>152</x3>
			<y3>108</y3>
			<x4>155</x4>
			<y4>106</y4>
			<x5>159</x5>
			<y5>108</y5>
			<x6>159</x6>
			<y6>111</y6>
			<x7>161</x7>
			<y7>113</y7>
			<x8>161</x8>
			<y8>119</y8>
			<x9>159</x9>
			<y9>119</y9>
			<x10>157</x10>
			<y10>121</y10>
			<x11>157</x11>
			<y11>122</y11>
			<x12>145</x12>
			<y12>122</y12>
			<x13>144</x13>
			<y13>123</y13>
			<x14>145</x14>
			<y14>124</y14>
			<x15>145</x15>
			<y15>126</y15>
			<x16>147</x16>
			<y16>128</y16>
			<x17>139</x17>
			<y17>132</y17>
			<x18>139</x18>
			<y18>133</y18>
			<x19>141</x19>
			<y19>134</y19>
			<x20>141</x20>
			<y20>136</y20>
			<x21>138</x21>
			<y21>139</y21>
			<x22>139</x22>
			<y22>140</y22>
			<x23>145</x23>
			<y23>140</y23>
			<x24>145</x24>
			<y24>141</y24>
			<x25>139</x25>
			<y25>144</y25>
			<x26>137</x26>
			<y26>146</y26>
			<x27>137</x27>
			<y27>150</y27>
			<x28>136</x28>
			<y28>151</y28>
			<x29>137</x29>
			<y29>152</y29>
			<x30>139</x30>
			<y30>152</y30>
			<x31>141</x31>
			<y31>151</y31>
			<x32>141</x32>
			<y32>155</y32>
			<x33>140</x33>
			<y33>156</y33>
			<x34>139</x34>
			<y34>161</y34>
			<x35>136</x35>
			<y35>167</y35>
			<x36>134</x36>
			<y36>169</y36>
			<x37>134</x37>
			<y37>170</y37>
			<x38>129</x38>
			<y38>175</y38>
			<x39>128</x39>
			<y39>175</y39>
			<x40>126</x40>
			<y40>177</y40>
			<x41>124</x41>
			<y41>177</y41>
			<x42>121</x42>
			<y42>174</y42>
			<x43>117</x43>
			<y43>174</y43>
			<x44>115</x44>
			<y44>176</y44>
			<x45>111</x45>
			<y45>172</y45>
			<x46>106</x46>
			<y46>162</y46>
			<x47>106</x47>
			<y47>160</y47>
			<x48>104</x48>
			<y48>156</y48>
			<x49>106</x49>
			<y49>154</y49>
			<x50>98</x50>
			<y50>146</y50>
			<x51>100</x51>
			<y51>146</y51>
			<x52>103</x52>
			<y52>148</y52>
			<x53>108</x53>
			<y53>148</y53>
			<x54>111</x54>
			<y54>146</y54>
			<x55>108</x55>
			<y55>143</y55>
			<x56>102</x56>
			<y56>140</y56>
			<x57>99</x57>
			<y57>137</y57>
			<x58>98</x58>
			<y58>134</y58>
			<x59>110</x59>
			<y59>140</y59>
			<x60>113</x60>
			<y60>140</y60>
			<x61>114</x61>
			<y61>141</y61>
			<x62>121</x62>
			<y62>141</y62>
			<x63>122</x63>
			<y63>140</y63>
			<x64>122</x64>
			<y64>138</y64>
			<x65>114</x65>
			<y65>134</y65>
			<x66>108</x66>
			<y66>128</y66>
			<x67>110</x67>
			<y67>128</y67>
			<x68>120</x68>
			<y68>133</y68>
			<x69>126</x69>
			<y69>133</y69>
			<x70>128</x70>
			<y70>130</y70>
			<x71>127</x71>
			<y71>128</y71>
			<x72>123</x72>
			<y72>124</y72>
			<x73>123</x73>
			<y73>122</y73>
			<x74>125</x74>
			<y74>122</y74>
			<x75>127</x75>
			<y75>124</y75>
			<x76>129</x76>
			<y76>125</y76>
			<x77>131</x77>
			<y77>125</y77>
			<x78>132</x78>
			<y78>124</y78>
			<x79>132</x79>
			<y79>121</y79>
			<x80>134</x80>
			<y80>118</y80>
			<x81>135</x81>
			<y81>118</y81>
			<x82>135</x82>
			<y82>119</y82>
			<x83>137</x83>
			<y83>121</y83>
			<x84>138</x84>
			<y84>121</y84>
			<x85>141</x85>
			<y85>118</y85>
			<x86>141</x86>
			<y86>116</y86>
			<x87>144</x87>
			<y87>110</y87>
			<x88>146</x88>
			<y88>108</y88>
			<x89>146</x89>
			<y89>107</y89>
			<x90>148</x90>
			<y90>105</y90>
			<x91>149</x91>
			<y91>105</y91>
		</polygon>
	</object>
	<metadata>
	</metadata>
</annotation>
