<annotation>
	<folder></folder>
	<filename>IMG_8285_jpeg.rf.32eb154c6e8e81cb0037307bdd77f128.jpg</filename>
	<path>IMG_8285_jpeg.rf.32eb154c6e8e81cb0037307bdd77f128.jpg</path>
	<source>
		<database>roboflow.com</database>
	</source>
	<size>
		<width>320</width>
		<height>320</height>
		<depth>3</depth>
	</size>
	<segmented>0</segmented>
	<object>
		<name>Watermelon rind</name>
		<pose>Unspecified</pose>
		<truncated>0</truncated>
		<difficult>0</difficult>
		<occluded>0</occluded>
		<bndbox>
			<xmin>118</xmin>
			<xmax>149</xmax>
			<ymin>167</ymin>
			<ymax>211</ymax>
		</bndbox>
		<polygon>
			<x1>130</x1>
			<y1>166</y1>
			<x2>132</x2>
			<y2>168</y2>
			<x3>132</x3>
			<y3>171</y3>
			<x4>131</x4>
			<y4>172</y4>
			<x5>128</x5>
			<y5>172</y5>
			<x6>125</x6>
			<y6>175</y6>
			<x7>126</x7>
			<y7>177</y7>
			<x8>126</x8>
			<y8>183</y8>
			<x9>128</x9>
			<y9>185</y9>
			<x10>126</x10>
			<y10>187</y10>
			<x11>126</x11>
			<y11>189</y11>
			<x12>127</x12>
			<y12>191</y12>
			<x13>130</x13>
			<y13>194</y13>
			<x14>134</x14>
			<y14>196</y14>
			<x15>134</x15>
			<y15>199</y15>
			<x16>136</x16>
			<y16>202</y16>
			<x17>138</x17>
			<y17>202</y17>
			<x18>142</x18>
			<y18>205</y18>
			<x19>144</x19>
			<y19>206</y19>
			<x20>146</x20>
			<y20>206</y20>
			<x21>148</x21>
			<y21>208</y21>
			<x22>148</x22>
			<y22>209</y22>
			<x23>137</x23>
			<y23>209</y23>
			<x24>136</x24>
			<y24>208</y24>
			<x25>134</x25>
			<y25>208</y25>
			<x26>132</x26>
			<y26>206</y26>
			<x27>128</x27>
			<y27>204</y27>
			<x28>123</x28>
			<y28>198</y28>
			<x29>118</x29>
			<y29>188</y29>
			<x30>118</x30>
			<y30>184</y30>
			<x31>117</x31>
			<y31>183</y31>
			<x32>117</x32>
			<y32>178</y32>
			<x33>118</x33>
			<y33>177</y33>
			<x34>118</x34>
			<y34>174</y34>
			<x35>119</x35>
			<y35>172</y35>
			<x36>120</x36>
			<y36>172</y36>
			<x37>124</x37>
			<y37>168</y37>
			<x38>126</x38>
			<y38>167</y38>
			<x39>129</x39>
			<y39>167</y39>
		</polygon>
	</object>
	<object>
		<name>Watermelon rind</name>
		<pose>Unspecified</pose>
		<truncated>0</truncated>
		<difficult>0</difficult>
		<occluded>0</occluded>
		<bndbox>
			<xmin>137</xmin>
			<xmax>179</xmax>
			<ymin>181</ymin>
			<ymax>204</ymax>
		</bndbox>
		<polygon>
			<x1>139</x1>
			<y1>180</y1>
			<x2>143</x2>
			<y2>188</y2>
			<x3>144</x3>
			<y3>189</y3>
			<x4>149</x4>
			<y4>190</y4>
			<x5>150</x5>
			<y5>193</y5>
			<x6>155</x6>
			<y6>196</y6>
			<x7>157</x7>
			<y7>196</y7>
			<x8>159</x8>
			<y8>195</y8>
			<x9>161</x9>
			<y9>197</y9>
			<x10>170</x10>
			<y10>198</y10>
			<x11>172</x11>
			<y11>196</y11>
			<x12>172</x12>
			<y12>195</y12>
			<x13>176</x13>
			<y13>195</y13>
			<x14>177</x14>
			<y14>197</y14>
			<x15>173</x15>
			<y15>201</y15>
			<x16>170</x16>
			<y16>201</y16>
			<x17>169</x17>
			<y17>202</y17>
			<x18>165</x18>
			<y18>202</y18>
			<x19>164</x19>
			<y19>201</y19>
			<x20>157</x20>
			<y20>201</y20>
			<x21>154</x21>
			<y21>199</y21>
			<x22>152</x22>
			<y22>199</y22>
			<x23>142</x23>
			<y23>194</y23>
			<x24>136</x24>
			<y24>187</y24>
			<x25>136</x25>
			<y25>181</y25>
			<x26>138</x26>
			<y26>180</y26>
		</polygon>
	</object>
	<metadata>
	</metadata>
</annotation>
