<annotation>
	<folder></folder>
	<filename>IMG_8476_jpeg.rf.1aed3aa6e801963ea2d18aa2c311b570.jpg</filename>
	<path>IMG_8476_jpeg.rf.1aed3aa6e801963ea2d18aa2c311b570.jpg</path>
	<source>
		<database>roboflow.com</database>
	</source>
	<size>
		<width>320</width>
		<height>320</height>
		<depth>3</depth>
	</size>
	<segmented>0</segmented>
	<object>
		<name>fish</name>
		<pose>Unspecified</pose>
		<truncated>0</truncated>
		<difficult>0</difficult>
		<occluded>0</occluded>
		<bndbox>
			<xmin>81</xmin>
			<xmax>170</xmax>
			<ymin>196</ymin>
			<ymax>253</ymax>
		</bndbox>
		<polygon>
			<x1>163</x1>
			<y1>195</y1>
			<x2>164</x2>
			<y2>198</y2>
			<x3>168</x3>
			<y3>200</y3>
			<x4>168</x4>
			<y4>205</y4>
			<x5>167</x5>
			<y5>206</y5>
			<x6>167</x6>
			<y6>208</y6>
			<x7>166</x7>
			<y7>210</y7>
			<x8>163</x8>
			<y8>213</y8>
			<x9>163</x9>
			<y9>214</y9>
			<x10>158</x10>
			<y10>214</y10>
			<x11>157</x11>
			<y11>215</y11>
			<x12>155</x12>
			<y12>215</y12>
			<x13>151</x13>
			<y13>212</y13>
			<x14>149</x14>
			<y14>211</y14>
			<x15>147</x15>
			<y15>211</y15>
			<x16>144</x16>
			<y16>217</y16>
			<x17>141</x17>
			<y17>217</y17>
			<x18>140</x18>
			<y18>216</y18>
			<x19>138</x19>
			<y19>216</y19>
			<x20>137</x20>
			<y20>217</y20>
			<x21>137</x21>
			<y21>218</y21>
			<x22>134</x22>
			<y22>221</y22>
			<x23>135</x23>
			<y23>226</y23>
			<x24>133</x24>
			<y24>227</y24>
			<x25>124</x25>
			<y25>227</y25>
			<x26>123</x26>
			<y26>228</y26>
			<x27>123</x27>
			<y27>234</y27>
			<x28>112</x28>
			<y28>243</y28>
			<x29>109</x29>
			<y29>244</y29>
			<x30>105</x30>
			<y30>247</y30>
			<x31>103</x31>
			<y31>247</y31>
			<x32>100</x32>
			<y32>249</y32>
			<x33>98</x33>
			<y33>249</y33>
			<x34>94</x34>
			<y34>251</y34>
			<x35>91</x35>
			<y35>251</y35>
			<x36>90</x36>
			<y36>252</y36>
			<x37>87</x37>
			<y37>252</y37>
			<x38>87</x38>
			<y38>247</y38>
			<x39>86</x39>
			<y39>246</y39>
			<x40>80</x40>
			<y40>246</y40>
			<x41>80</x41>
			<y41>240</y41>
			<x42>81</x42>
			<y42>239</y42>
			<x43>81</x43>
			<y43>236</y43>
			<x44>83</x44>
			<y44>233</y44>
			<x45>83</x45>
			<y45>230</y45>
			<x46>87</x46>
			<y46>222</y46>
			<x47>90</x47>
			<y47>219</y47>
			<x48>90</x48>
			<y48>210</y48>
			<x49>91</x49>
			<y49>209</y49>
			<x50>96</x50>
			<y50>215</y50>
			<x51>99</x51>
			<y51>215</y51>
			<x52>100</x52>
			<y52>214</y52>
			<x53>100</x53>
			<y53>209</y53>
			<x54>99</x54>
			<y54>208</y54>
			<x55>99</x55>
			<y55>200</y55>
			<x56>100</x56>
			<y56>199</y56>
			<x57>101</x57>
			<y57>199</y57>
			<x58>104</x58>
			<y58>206</y58>
			<x59>111</x59>
			<y59>213</y59>
			<x60>114</x60>
			<y60>213</y60>
			<x61>115</x61>
			<y61>212</y61>
			<x62>115</x62>
			<y62>210</y62>
			<x63>114</x63>
			<y63>209</y63>
			<x64>114</x64>
			<y64>197</y64>
			<x65>115</x65>
			<y65>198</y65>
			<x66>115</x66>
			<y66>200</y66>
			<x67>116</x67>
			<y67>202</y67>
			<x68>119</x68>
			<y68>205</y68>
			<x69>119</x69>
			<y69>206</y69>
			<x70>121</x70>
			<y70>207</y70>
			<x71>124</x71>
			<y71>210</y71>
			<x72>125</x72>
			<y72>210</y72>
			<x73>129</x73>
			<y73>207</y73>
			<x74>129</x74>
			<y74>201</y74>
			<x75>131</x75>
			<y75>198</y75>
			<x76>132</x76>
			<y76>200</y76>
			<x77>132</x77>
			<y77>202</y77>
			<x78>135</x78>
			<y78>206</y78>
			<x79>138</x79>
			<y79>203</y79>
			<x80>138</x80>
			<y80>202</y80>
			<x81>139</x81>
			<y81>202</y81>
			<x82>141</x82>
			<y82>200</y82>
			<x83>142</x83>
			<y83>200</y83>
			<x84>142</x84>
			<y84>203</y84>
			<x85>144</x85>
			<y85>205</y85>
			<x86>145</x86>
			<y86>205</y86>
			<x87>151</x87>
			<y87>200</y87>
			<x88>162</x88>
			<y88>195</y88>
		</polygon>
	</object>
	<metadata>
	</metadata>
</annotation>
