<annotation>
	<folder></folder>
	<filename>IMG_2003_HEIC.rf.e229d4b0aaedfc2d21befb69e7d8530c.jpg</filename>
	<path>IMG_2003_HEIC.rf.e229d4b0aaedfc2d21befb69e7d8530c.jpg</path>
	<source>
		<database>roboflow.com</database>
	</source>
	<size>
		<width>320</width>
		<height>320</height>
		<depth>3</depth>
	</size>
	<segmented>0</segmented>
	<object>
		<name>Egg shell</name>
		<pose>Unspecified</pose>
		<truncated>0</truncated>
		<difficult>0</difficult>
		<occluded>0</occluded>
		<bndbox>
			<xmin>174</xmin>
			<xmax>231</xmax>
			<ymin>71</ymin>
			<ymax>94</ymax>
		</bndbox>
	</object>
	<object>
		<name>Egg shell</name>
		<pose>Unspecified</pose>
		<truncated>0</truncated>
		<difficult>0</difficult>
		<occluded>0</occluded>
		<bndbox>
			<xmin>176</xmin>
			<xmax>199</xmax>
			<ymin>75</ymin>
			<ymax>92</ymax>
		</bndbox>
		<polygon>
			<x1>183.074266</x1>
			<y1>90.569948</y1>
			<x2>186.804836</x2>
			<y2>90.984456</y2>
			<x3>194.265976</x3>
			<y3>90.569948</y3>
			<x4>197.996546</x4>
			<y4>89.119171</y4>
			<x5>198.411054</x5>
			<y5>88.082902</y5>
			<x6>198.134715</x6>
			<y6>85.492228</y6>
			<x7>196.062176</x7>
			<y7>81.450777</y7>
			<x8>190.811744</x8>
			<y8>76.165803</y8>
			<x9>186.804836</x9>
			<y9>73.57513</y9>
			<x10>182.659758</x10>
			<y10>74.300518</y10>
			<x11>181.278066</x11>
			<y11>75.544041</y11>
			<x12>179.343696</x12>
			<y12>76.062176</y12>
			<x13>176.442142</x13>
			<y13>78.963731</y13>
			<x14>175.060449</x14>
			<y14>81.554404</y14>
			<x15>174.645941</x15>
			<y15>83.937824</y15>
			<x16>175.474957</x16>
			<y16>86.839378</y16>
			<x17>176.856649</x17>
			<y17>88.186528</y17>
			<x18>183.074266</x18>
			<y18>90.569948</y18>
		</polygon>
	</object>
	<object>
		<name>Egg shell</name>
		<pose>Unspecified</pose>
		<truncated>0</truncated>
		<difficult>0</difficult>
		<occluded>0</occluded>
		<bndbox>
			<xmin>203</xmin>
			<xmax>229</xmax>
			<ymin>73</ymin>
			<ymax>92</ymax>
		</bndbox>
		<polygon>
			<x1>219.55095</x1>
			<y1>90.984456</y1>
			<x2>221.623489</x2>
			<y2>90.259067</y2>
			<x3>224.248705</x3>
			<y3>88.290155</y3>
			<x4>225.354059</x4>
			<y4>88.082902</y4>
			<x5>227.979275</x5>
			<y5>85.906736</y5>
			<x6>228.117444</x6>
			<y6>81.34715</y6>
			<x7>227.426598</x7>
			<y7>79.274611</y7>
			<x8>225.630397</x8>
			<y8>77.305699</y8>
			<x9>219.827288</x9>
			<y9>73.471503</y9>
			<x10>215.544041</x10>
			<y10>71.813472</y10>
			<x11>209.326425</x11>
			<y11>71.502591</y11>
			<x12>206.977547</x12>
			<y12>74.196891</y12>
			<x13>206.977547</x13>
			<y13>75.544041</y13>
			<x14>204.905009</x14>
			<y14>77.927461</y14>
			<x15>203.385147</x15>
			<y15>84.559585</y15>
			<x16>201.588946</x16>
			<y16>87.150259</y16>
			<x17>201.727116</x17>
			<y17>88.704663</y17>
			<x18>206.148532</x18>
			<y18>90.777202</y18>
			<x19>212.918826</x19>
			<y19>91.19171</y19>
			<x20>219.55095</x20>
			<y20>90.984456</y20>
		</polygon>
	</object>
	<metadata>
	</metadata>
</annotation>
