<annotation>
	<folder></folder>
	<filename>IMG_8277_jpeg.rf.3828e0b2c7705f19169e9c55e8710333.jpg</filename>
	<path>IMG_8277_jpeg.rf.3828e0b2c7705f19169e9c55e8710333.jpg</path>
	<source>
		<database>roboflow.com</database>
	</source>
	<size>
		<width>320</width>
		<height>320</height>
		<depth>3</depth>
	</size>
	<segmented>0</segmented>
	<object>
		<name>Watermelon rind</name>
		<pose>Unspecified</pose>
		<truncated>0</truncated>
		<difficult>0</difficult>
		<occluded>0</occluded>
		<bndbox>
			<xmin>126</xmin>
			<xmax>198</xmax>
			<ymin>162</ymin>
			<ymax>204</ymax>
		</bndbox>
		<polygon>
			<x1>186</x1>
			<y1>163</y1>
			<x2>192</x2>
			<y2>166</y2>
			<x3>197</x3>
			<y3>171</y3>
			<x4>197</x4>
			<y4>172</y4>
			<x5>193</x5>
			<y5>174</y5>
			<x6>187</x6>
			<y6>174</y6>
			<x7>186</x7>
			<y7>172</y7>
			<x8>183</x8>
			<y8>169</y8>
			<x9>181</x9>
			<y9>168</y9>
			<x10>179</x10>
			<y10>168</y10>
			<x11>178</x11>
			<y11>169</y11>
			<x12>176</x12>
			<y12>169</y12>
			<x13>172</x13>
			<y13>171</y13>
			<x14>167</x14>
			<y14>171</y14>
			<x15>164</x15>
			<y15>174</y15>
			<x16>162</x16>
			<y16>174</y16>
			<x17>161</x17>
			<y17>173</y17>
			<x18>158</x18>
			<y18>173</y18>
			<x19>157</x19>
			<y19>174</y19>
			<x20>155</x20>
			<y20>174</y20>
			<x21>149</x21>
			<y21>178</y21>
			<x22>148</x22>
			<y22>180</y22>
			<x23>148</x23>
			<y23>183</y23>
			<x24>147</x24>
			<y24>184</y24>
			<x25>140</x25>
			<y25>185</y25>
			<x26>137</x26>
			<y26>188</y26>
			<x27>137</x27>
			<y27>191</y27>
			<x28>136</x28>
			<y28>193</y28>
			<x29>133</x29>
			<y29>196</y29>
			<x30>133</x30>
			<y30>200</y30>
			<x31>130</x31>
			<y31>202</y31>
			<x32>128</x32>
			<y32>202</y32>
			<x33>126</x33>
			<y33>199</y33>
			<x34>126</x34>
			<y34>197</y34>
			<x35>125</x35>
			<y35>196</y35>
			<x36>125</x36>
			<y36>191</y36>
			<x37>129</x37>
			<y37>183</y37>
			<x38>136</x38>
			<y38>176</y38>
			<x39>137</x39>
			<y39>176</y39>
			<x40>142</x40>
			<y40>172</y40>
			<x41>150</x41>
			<y41>168</y41>
			<x42>152</x42>
			<y42>168</y42>
			<x43>157</x43>
			<y43>165</y43>
			<x44>159</x44>
			<y44>165</y44>
			<x45>160</x45>
			<y45>164</y45>
			<x46>163</x46>
			<y46>164</y46>
			<x47>164</x47>
			<y47>163</y47>
			<x48>168</x48>
			<y48>163</y48>
			<x49>169</x49>
			<y49>162</y49>
			<x50>182</x50>
			<y50>162</y50>
			<x51>183</x51>
			<y51>163</y51>
			<x52>185</x52>
			<y52>163</y52>
		</polygon>
	</object>
	<object>
		<name>Watermelon rind</name>
		<pose>Unspecified</pose>
		<truncated>0</truncated>
		<difficult>0</difficult>
		<occluded>0</occluded>
		<bndbox>
			<xmin>146</xmin>
			<xmax>177</xmax>
			<ymin>182</ymin>
			<ymax>232</ymax>
		</bndbox>
		<polygon>
			<x1>156</x1>
			<y1>187</y1>
			<x2>166</x2>
			<y2>182</y2>
			<x3>176</x3>
			<y3>182</y3>
			<x4>176</x4>
			<y4>184</y4>
			<x5>175</x5>
			<y5>185</y5>
			<x6>173</x6>
			<y6>185</y6>
			<x7>169</x7>
			<y7>188</y7>
			<x8>164</x8>
			<y8>190</y8>
			<x9>162</x9>
			<y9>192</y9>
			<x10>162</x10>
			<y10>197</y10>
			<x11>161</x11>
			<y11>198</y11>
			<x12>159</x12>
			<y12>198</y12>
			<x13>155</x13>
			<y13>202</y13>
			<x14>155</x14>
			<y14>208</y14>
			<x15>156</x15>
			<y15>210</y15>
			<x16>155</x16>
			<y16>211</y16>
			<x17>155</x17>
			<y17>219</y17>
			<x18>154</x18>
			<y18>220</y18>
			<x19>157</x19>
			<y19>223</y19>
			<x20>159</x20>
			<y20>224</y20>
			<x21>162</x21>
			<y21>224</y21>
			<x22>163</x22>
			<y22>225</y22>
			<x23>163</x23>
			<y23>229</y23>
			<x24>162</x24>
			<y24>230</y24>
			<x25>159</x25>
			<y25>230</y25>
			<x26>158</x26>
			<y26>229</y26>
			<x27>156</x27>
			<y27>229</y27>
			<x28>152</x28>
			<y28>227</y28>
			<x29>147</x29>
			<y29>222</y29>
			<x30>147</x30>
			<y30>220</y30>
			<x31>146</x31>
			<y31>219</y31>
			<x32>146</x32>
			<y32>216</y32>
			<x33>145</x33>
			<y33>215</y33>
			<x34>145</x34>
			<y34>209</y34>
			<x35>146</x35>
			<y35>208</y35>
			<x36>147</x36>
			<y36>201</y36>
			<x37>150</x37>
			<y37>195</y37>
			<x38>152</x38>
			<y38>193</y38>
			<x39>152</x39>
			<y39>192</y39>
			<x40>156</x40>
			<y40>188</y40>
		</polygon>
	</object>
	<metadata>
	</metadata>
</annotation>
