<annotation>
	<folder></folder>
	<filename>IMG_8158_jpeg.rf.acf0ad1b32fde90e678bfa3bd7e06e4a.jpg</filename>
	<path>IMG_8158_jpeg.rf.acf0ad1b32fde90e678bfa3bd7e06e4a.jpg</path>
	<source>
		<database>roboflow.com</database>
	</source>
	<size>
		<width>320</width>
		<height>320</height>
		<depth>3</depth>
	</size>
	<segmented>0</segmented>
	<object>
		<name>Watermelon rind</name>
		<pose>Unspecified</pose>
		<truncated>0</truncated>
		<difficult>0</difficult>
		<occluded>0</occluded>
		<bndbox>
			<xmin>137</xmin>
			<xmax>258</xmax>
			<ymin>143</ymin>
			<ymax>206</ymax>
		</bndbox>
		<polygon>
			<x1>185</x1>
			<y1>143</y1>
			<x2>186</x2>
			<y2>144</y2>
			<x3>190</x3>
			<y3>144</y3>
			<x4>191</x4>
			<y4>145</y4>
			<x5>196</x5>
			<y5>145</y5>
			<x6>197</x6>
			<y6>146</y6>
			<x7>200</x7>
			<y7>146</y7>
			<x8>201</x8>
			<y8>147</y8>
			<x9>203</x9>
			<y9>147</y9>
			<x10>204</x10>
			<y10>148</y10>
			<x11>206</x11>
			<y11>148</y11>
			<x12>207</x12>
			<y12>149</y12>
			<x13>212</x13>
			<y13>150</y13>
			<x14>215</x14>
			<y14>152</y14>
			<x15>220</x15>
			<y15>153</y15>
			<x16>225</x16>
			<y16>156</y16>
			<x17>227</x17>
			<y17>156</y17>
			<x18>229</x18>
			<y18>157</y18>
			<x19>231</x19>
			<y19>159</y19>
			<x20>239</x20>
			<y20>163</y20>
			<x21>241</x21>
			<y21>165</y21>
			<x22>242</x22>
			<y22>165</y22>
			<x23>247</x23>
			<y23>170</y23>
			<x24>248</x24>
			<y24>170</y24>
			<x25>253</x25>
			<y25>176</y25>
			<x26>256</x26>
			<y26>182</y26>
			<x27>256</x27>
			<y27>191</y27>
			<x28>255</x28>
			<y28>192</y28>
			<x29>255</x29>
			<y29>194</y29>
			<x30>253</x30>
			<y30>198</y30>
			<x31>251</x31>
			<y31>200</y31>
			<x32>251</x32>
			<y32>201</y32>
			<x33>248</x33>
			<y33>204</y33>
			<x34>244</x34>
			<y34>204</y34>
			<x35>241</x35>
			<y35>202</y35>
			<x36>245</x36>
			<y36>198</y36>
			<x37>249</x37>
			<y37>190</y37>
			<x38>249</x38>
			<y38>185</y38>
			<x39>248</x39>
			<y39>184</y39>
			<x40>248</x40>
			<y40>182</y40>
			<x41>247</x41>
			<y41>180</y41>
			<x42>239</x42>
			<y42>171</y42>
			<x43>238</x43>
			<y43>171</y43>
			<x44>232</x44>
			<y44>166</y44>
			<x45>229</x45>
			<y45>165</y45>
			<x46>227</x46>
			<y46>163</y46>
			<x47>217</x47>
			<y47>158</y47>
			<x48>215</x48>
			<y48>158</y48>
			<x49>214</x49>
			<y49>157</y49>
			<x50>209</x50>
			<y50>156</y50>
			<x51>206</x51>
			<y51>154</y51>
			<x52>204</x52>
			<y52>154</y52>
			<x53>200</x53>
			<y53>152</y53>
			<x54>193</x54>
			<y54>151</y54>
			<x55>192</x55>
			<y55>150</y55>
			<x56>186</x56>
			<y56>150</y56>
			<x57>185</x57>
			<y57>149</y57>
			<x58>177</x58>
			<y58>149</y58>
			<x59>176</x59>
			<y59>148</y59>
			<x60>174</x60>
			<y60>148</y60>
			<x61>173</x61>
			<y61>149</y61>
			<x62>165</x62>
			<y62>149</y62>
			<x63>164</x63>
			<y63>150</y63>
			<x64>161</x64>
			<y64>150</y64>
			<x65>160</x65>
			<y65>151</y65>
			<x66>157</x66>
			<y66>151</y66>
			<x67>156</x67>
			<y67>152</y67>
			<x68>154</x68>
			<y68>152</y68>
			<x69>148</x69>
			<y69>155</y69>
			<x70>142</x70>
			<y70>160</y70>
			<x71>141</x71>
			<y71>159</y71>
			<x72>139</x72>
			<y72>159</y72>
			<x73>137</x73>
			<y73>158</y73>
			<x74>138</x74>
			<y74>155</y74>
			<x75>144</x75>
			<y75>150</y75>
			<x76>150</x76>
			<y76>147</y76>
			<x77>155</x77>
			<y77>146</y77>
			<x78>156</x78>
			<y78>145</y78>
			<x79>159</x79>
			<y79>145</y79>
			<x80>160</x80>
			<y80>144</y80>
			<x81>166</x81>
			<y81>144</y81>
			<x82>167</x82>
			<y82>143</y82>
			<x83>184</x83>
			<y83>143</y83>
		</polygon>
	</object>
	<object>
		<name>Watermelon rind</name>
		<pose>Unspecified</pose>
		<truncated>0</truncated>
		<difficult>0</difficult>
		<occluded>0</occluded>
		<bndbox>
			<xmin>112</xmin>
			<xmax>215</xmax>
			<ymin>174</ymin>
			<ymax>212</ymax>
		</bndbox>
		<polygon>
			<x1>186</x1>
			<y1>174</y1>
			<x2>187</x2>
			<y2>175</y2>
			<x3>192</x3>
			<y3>175</y3>
			<x4>193</x4>
			<y4>176</y4>
			<x5>198</x5>
			<y5>177</y5>
			<x6>206</x6>
			<y6>181</y6>
			<x7>212</x7>
			<y7>187</y7>
			<x8>213</x8>
			<y8>189</y8>
			<x9>213</x9>
			<y9>191</y9>
			<x10>208</x10>
			<y10>192</y10>
			<x11>208</x11>
			<y11>191</y11>
			<x12>205</x12>
			<y12>188</y12>
			<x13>205</x13>
			<y13>187</y13>
			<x14>200</x14>
			<y14>183</y14>
			<x15>198</x15>
			<y15>182</y15>
			<x16>196</x16>
			<y16>182</y16>
			<x17>193</x17>
			<y17>180</y17>
			<x18>190</x18>
			<y18>180</y18>
			<x19>187</x19>
			<y19>178</y19>
			<x20>185</x20>
			<y20>178</y20>
			<x21>183</x21>
			<y21>176</y21>
			<x22>179</x22>
			<y22>178</y22>
			<x23>164</x23>
			<y23>178</y23>
			<x24>163</x24>
			<y24>179</y24>
			<x25>156</x25>
			<y25>179</y25>
			<x26>155</x26>
			<y26>180</y26>
			<x27>152</x27>
			<y27>180</y27>
			<x28>151</x28>
			<y28>181</y28>
			<x29>147</x29>
			<y29>181</y29>
			<x30>146</x30>
			<y30>182</y30>
			<x31>139</x31>
			<y31>183</y31>
			<x32>134</x32>
			<y32>186</y32>
			<x33>129</x33>
			<y33>187</y33>
			<x34>125</x34>
			<y34>190</y34>
			<x35>124</x35>
			<y35>190</y35>
			<x36>119</x36>
			<y36>195</y36>
			<x37>117</x37>
			<y37>199</y37>
			<x38>117</x38>
			<y38>206</y38>
			<x39>118</x39>
			<y39>207</y39>
			<x40>118</x40>
			<y40>209</y40>
			<x41>116</x41>
			<y41>209</y41>
			<x42>115</x42>
			<y42>210</y42>
			<x43>113</x43>
			<y43>210</y43>
			<x44>112</x44>
			<y44>208</y44>
			<x45>112</x45>
			<y45>206</y45>
			<x46>111</x46>
			<y46>205</y46>
			<x47>111</x47>
			<y47>199</y47>
			<x48>115</x48>
			<y48>191</y48>
			<x49>123</x49>
			<y49>185</y49>
			<x50>127</x50>
			<y50>183</y50>
			<x51>129</x51>
			<y51>183</y51>
			<x52>132</x52>
			<y52>181</y52>
			<x53>134</x53>
			<y53>181</y53>
			<x54>138</x54>
			<y54>179</y54>
			<x55>141</x55>
			<y55>179</y55>
			<x56>142</x56>
			<y56>178</y56>
			<x57>145</x57>
			<y57>178</y57>
			<x58>146</x58>
			<y58>177</y58>
			<x59>149</x59>
			<y59>177</y59>
			<x60>150</x60>
			<y60>176</y60>
			<x61>155</x61>
			<y61>176</y61>
			<x62>156</x62>
			<y62>175</y62>
			<x63>163</x63>
			<y63>175</y63>
			<x64>164</x64>
			<y64>174</y64>
			<x65>185</x65>
			<y65>174</y65>
		</polygon>
	</object>
	<metadata>
	</metadata>
</annotation>
