<annotation>
	<folder></folder>
	<filename>IMG_8258_jpeg.rf.5347c5a0d5e037b6a48af928b31ab88a.jpg</filename>
	<path>IMG_8258_jpeg.rf.5347c5a0d5e037b6a48af928b31ab88a.jpg</path>
	<source>
		<database>roboflow.com</database>
	</source>
	<size>
		<width>320</width>
		<height>320</height>
		<depth>3</depth>
	</size>
	<segmented>0</segmented>
	<object>
		<name>Watermelon rind</name>
		<pose>Unspecified</pose>
		<truncated>0</truncated>
		<difficult>0</difficult>
		<occluded>0</occluded>
		<bndbox>
			<xmin>79</xmin>
			<xmax>165</xmax>
			<ymin>142</ymin>
			<ymax>184</ymax>
		</bndbox>
		<polygon>
			<x1>81</x1>
			<y1>142</y1>
			<x2>85</x2>
			<y2>142</y2>
			<x3>89</x3>
			<y3>144</y3>
			<x4>92</x4>
			<y4>147</y4>
			<x5>88</x5>
			<y5>151</y5>
			<x6>88</x6>
			<y6>155</y6>
			<x7>90</x7>
			<y7>157</y7>
			<x8>96</x8>
			<y8>159</y8>
			<x9>100</x9>
			<y9>163</y9>
			<x10>102</x10>
			<y10>164</y10>
			<x11>107</x11>
			<y11>164</y11>
			<x12>108</x12>
			<y12>167</y12>
			<x13>112</x13>
			<y13>170</y13>
			<x14>114</x14>
			<y14>170</y14>
			<x15>118</x15>
			<y15>172</y15>
			<x16>123</x16>
			<y16>172</y16>
			<x17>129</x17>
			<y17>169</y17>
			<x18>136</x18>
			<y18>174</y18>
			<x19>141</x19>
			<y19>174</y19>
			<x20>144</x20>
			<y20>172</y20>
			<x21>153</x21>
			<y21>172</y21>
			<x22>157</x22>
			<y22>169</y22>
			<x23>160</x23>
			<y23>169</y23>
			<x24>164</x24>
			<y24>171</y24>
			<x25>162</x25>
			<y25>173</y25>
			<x26>162</x26>
			<y26>174</y26>
			<x27>161</x27>
			<y27>174</y27>
			<x28>155</x28>
			<y28>179</y28>
			<x29>153</x29>
			<y29>179</y29>
			<x30>149</x30>
			<y30>181</y30>
			<x31>145</x31>
			<y31>181</y31>
			<x32>144</x32>
			<y32>182</y32>
			<x33>126</x33>
			<y33>182</y33>
			<x34>125</x34>
			<y34>181</y34>
			<x35>120</x35>
			<y35>181</y35>
			<x36>119</x36>
			<y36>180</y36>
			<x37>116</x37>
			<y37>180</y37>
			<x38>115</x38>
			<y38>179</y38>
			<x39>113</x39>
			<y39>179</y39>
			<x40>112</x40>
			<y40>178</y40>
			<x41>110</x41>
			<y41>178</y41>
			<x42>109</x42>
			<y42>177</y42>
			<x43>104</x43>
			<y43>176</y43>
			<x44>88</x44>
			<y44>168</y44>
			<x45>80</x45>
			<y45>160</y45>
			<x46>79</x46>
			<y46>158</y46>
			<x47>79</x47>
			<y47>156</y47>
			<x48>78</x48>
			<y48>155</y48>
			<x49>78</x49>
			<y49>148</y49>
			<x50>79</x50>
			<y50>147</y50>
			<x51>79</x51>
			<y51>145</y51>
			<x52>81</x52>
			<y52>143</y52>
		</polygon>
	</object>
	<object>
		<name>Watermelon rind</name>
		<pose>Unspecified</pose>
		<truncated>0</truncated>
		<difficult>0</difficult>
		<occluded>0</occluded>
		<bndbox>
			<xmin>109</xmin>
			<xmax>179</xmax>
			<ymin>132</ymin>
			<ymax>162</ymax>
		</bndbox>
		<polygon>
			<x1>155</x1>
			<y1>147</y1>
			<x2>156</x2>
			<y2>148</y2>
			<x3>158</x3>
			<y3>148</y3>
			<x4>162</x4>
			<y4>145</y4>
			<x5>168</x5>
			<y5>143</y5>
			<x6>170</x6>
			<y6>141</y6>
			<x7>170</x7>
			<y7>138</y7>
			<x8>168</x8>
			<y8>136</y8>
			<x9>168</x9>
			<y9>135</y9>
			<x10>171</x10>
			<y10>132</y10>
			<x11>173</x11>
			<y11>132</y11>
			<x12>174</x12>
			<y12>131</y12>
			<x13>175</x13>
			<y13>131</y13>
			<x14>178</x14>
			<y14>135</y14>
			<x15>178</x15>
			<y15>141</y15>
			<x16>176</x16>
			<y16>145</y16>
			<x17>171</x17>
			<y17>150</y17>
			<x18>170</x18>
			<y18>150</y18>
			<x19>168</x19>
			<y19>152</y19>
			<x20>162</x20>
			<y20>155</y20>
			<x21>160</x21>
			<y21>155</y21>
			<x22>159</x22>
			<y22>156</y22>
			<x23>157</x23>
			<y23>156</y23>
			<x24>153</x24>
			<y24>158</y24>
			<x25>150</x25>
			<y25>158</y25>
			<x26>149</x26>
			<y26>159</y26>
			<x27>145</x27>
			<y27>159</y27>
			<x28>144</x28>
			<y28>160</y28>
			<x29>137</x29>
			<y29>160</y29>
			<x30>136</x30>
			<y30>161</y30>
			<x31>130</x31>
			<y31>161</y31>
			<x32>129</x32>
			<y32>160</y32>
			<x33>123</x33>
			<y33>160</y33>
			<x34>122</x34>
			<y34>159</y34>
			<x35>119</x35>
			<y35>159</y35>
			<x36>113</x36>
			<y36>156</y36>
			<x37>109</x37>
			<y37>152</y37>
			<x38>109</x38>
			<y38>150</y38>
			<x39>110</x39>
			<y39>149</y39>
			<x40>114</x40>
			<y40>149</y40>
			<x41>118</x41>
			<y41>152</y41>
			<x42>124</x42>
			<y42>152</y42>
			<x43>126</x43>
			<y43>154</y43>
			<x44>131</x44>
			<y44>154</y44>
			<x45>135</x45>
			<y45>151</y45>
			<x46>138</x46>
			<y46>151</y46>
			<x47>141</x47>
			<y47>153</y47>
			<x48>147</x48>
			<y48>153</y48>
			<x49>148</x49>
			<y49>152</y49>
			<x50>150</x50>
			<y50>152</y50>
			<x51>152</x51>
			<y51>151</y51>
			<x52>154</x52>
			<y52>149</y52>
			<x53>154</x53>
			<y53>148</y53>
		</polygon>
	</object>
	<metadata>
	</metadata>
</annotation>
