<annotation>
	<folder></folder>
	<filename>IMG_1944_HEIC.rf.bbc25d05351753153252f482645ef7d5.jpg</filename>
	<path>IMG_1944_HEIC.rf.bbc25d05351753153252f482645ef7d5.jpg</path>
	<source>
		<database>roboflow.com</database>
	</source>
	<size>
		<width>320</width>
		<height>320</height>
		<depth>3</depth>
	</size>
	<segmented>0</segmented>
	<object>
		<name>Apple core</name>
		<pose>Unspecified</pose>
		<truncated>0</truncated>
		<difficult>0</difficult>
		<occluded>0</occluded>
		<bndbox>
			<xmin>126</xmin>
			<xmax>143</xmax>
			<ymin>157</ymin>
			<ymax>179</ymax>
		</bndbox>
	</object>
	<metadata>
	</metadata>
</annotation>
