<annotation>
	<folder></folder>
	<filename>IMG_8301_jpeg.rf.278ac927d6055d25bd04f0e8426034f3.jpg</filename>
	<path>IMG_8301_jpeg.rf.278ac927d6055d25bd04f0e8426034f3.jpg</path>
	<source>
		<database>roboflow.com</database>
	</source>
	<size>
		<width>320</width>
		<height>320</height>
		<depth>3</depth>
	</size>
	<segmented>0</segmented>
	<object>
		<name>Watermelon rind</name>
		<pose>Unspecified</pose>
		<truncated>0</truncated>
		<difficult>0</difficult>
		<occluded>0</occluded>
		<bndbox>
			<xmin>174</xmin>
			<xmax>245</xmax>
			<ymin>102</ymin>
			<ymax>126</ymax>
		</bndbox>
		<polygon>
			<x1>218</x1>
			<y1>102</y1>
			<x2>219</x2>
			<y2>103</y2>
			<x3>223</x3>
			<y3>103</y3>
			<x4>224</x4>
			<y4>104</y4>
			<x5>229</x5>
			<y5>105</y5>
			<x6>233</x6>
			<y6>107</y6>
			<x7>236</x7>
			<y7>110</y7>
			<x8>237</x8>
			<y8>110</y8>
			<x9>237</x9>
			<y9>111</y9>
			<x10>239</x10>
			<y10>112</y10>
			<x11>242</x11>
			<y11>116</y11>
			<x12>244</x12>
			<y12>122</y12>
			<x13>241</x13>
			<y13>122</y13>
			<x14>240</x14>
			<y14>123</y14>
			<x15>238</x15>
			<y15>122</y15>
			<x16>236</x16>
			<y16>122</y16>
			<x17>235</x17>
			<y17>121</y17>
			<x18>235</x18>
			<y18>117</y18>
			<x19>231</x19>
			<y19>113</y19>
			<x20>225</x20>
			<y20>113</y20>
			<x21>222</x21>
			<y21>111</y21>
			<x22>218</x22>
			<y22>111</y22>
			<x23>216</x23>
			<y23>112</y23>
			<x24>212</x24>
			<y24>109</y24>
			<x25>203</x25>
			<y25>109</y25>
			<x26>200</x26>
			<y26>112</y26>
			<x27>199</x27>
			<y27>114</y27>
			<x28>196</x28>
			<y28>114</y28>
			<x29>195</x29>
			<y29>113</y29>
			<x30>190</x30>
			<y30>113</y30>
			<x31>185</x31>
			<y31>118</y31>
			<x32>182</x32>
			<y32>119</y32>
			<x33>179</x33>
			<y33>124</y33>
			<x34>174</x34>
			<y34>124</y34>
			<x35>174</x35>
			<y35>116</y35>
			<x36>176</x36>
			<y36>112</y36>
			<x37>183</x37>
			<y37>106</y37>
			<x38>185</x38>
			<y38>105</y38>
			<x39>187</x39>
			<y39>105</y39>
			<x40>188</x40>
			<y40>104</y40>
			<x41>195</x41>
			<y41>103</y41>
			<x42>196</x42>
			<y42>102</y42>
			<x43>217</x43>
			<y43>102</y43>
		</polygon>
	</object>
	<object>
		<name>Watermelon rind</name>
		<pose>Unspecified</pose>
		<truncated>0</truncated>
		<difficult>0</difficult>
		<occluded>0</occluded>
		<bndbox>
			<xmin>184</xmin>
			<xmax>225</xmax>
			<ymin>120</ymin>
			<ymax>166</ymax>
		</bndbox>
		<polygon>
			<x1>216</x1>
			<y1>120</y1>
			<x2>217</x2>
			<y2>121</y2>
			<x3>219</x3>
			<y3>121</y3>
			<x4>223</x4>
			<y4>123</y4>
			<x5>223</x5>
			<y5>125</y5>
			<x6>222</x6>
			<y6>126</y6>
			<x7>215</x7>
			<y7>126</y7>
			<x8>214</x8>
			<y8>127</y8>
			<x9>209</x9>
			<y9>127</y9>
			<x10>207</x10>
			<y10>129</y10>
			<x11>207</x11>
			<y11>131</y11>
			<x12>206</x12>
			<y12>132</y12>
			<x13>202</x13>
			<y13>132</y13>
			<x14>200</x14>
			<y14>133</y14>
			<x15>197</x15>
			<y15>136</y15>
			<x16>196</x16>
			<y16>138</y16>
			<x17>196</x17>
			<y17>142</y17>
			<x18>193</x18>
			<y18>145</y18>
			<x19>193</x19>
			<y19>148</y19>
			<x20>190</x20>
			<y20>152</y20>
			<x21>190</x21>
			<y21>153</y21>
			<x22>194</x22>
			<y22>157</y22>
			<x23>196</x23>
			<y23>158</y23>
			<x24>196</x24>
			<y24>161</y24>
			<x25>194</x25>
			<y25>164</y25>
			<x26>192</x26>
			<y26>164</y26>
			<x27>190</x27>
			<y27>163</y27>
			<x28>186</x28>
			<y28>159</y28>
			<x29>183</x29>
			<y29>153</y29>
			<x30>183</x30>
			<y30>145</y30>
			<x31>184</x31>
			<y31>144</y31>
			<x32>184</x32>
			<y32>142</y32>
			<x33>187</x33>
			<y33>136</y33>
			<x34>196</x34>
			<y34>126</y34>
			<x35>208</x35>
			<y35>120</y35>
			<x36>215</x36>
			<y36>120</y36>
		</polygon>
	</object>
	<metadata>
	</metadata>
</annotation>
