<annotation>
	<folder></folder>
	<filename>IMG_1901_HEIC.rf.9d12507d2ff88236dc0977dcd7135cef.jpg</filename>
	<path>IMG_1901_HEIC.rf.9d12507d2ff88236dc0977dcd7135cef.jpg</path>
	<source>
		<database>roboflow.com</database>
	</source>
	<size>
		<width>320</width>
		<height>320</height>
		<depth>3</depth>
	</size>
	<segmented>0</segmented>
	<object>
		<name>Apple core</name>
		<pose>Unspecified</pose>
		<truncated>0</truncated>
		<difficult>0</difficult>
		<occluded>0</occluded>
		<bndbox>
			<xmin>175</xmin>
			<xmax>201</xmax>
			<ymin>107</ymin>
			<ymax>140</ymax>
		</bndbox>
	</object>
	<metadata>
	</metadata>
</annotation>
