<annotation>
	<folder></folder>
	<filename>IMG_8311_jpeg.rf.cf6d81376ee5c474840ffbff520b3a22.jpg</filename>
	<path>IMG_8311_jpeg.rf.cf6d81376ee5c474840ffbff520b3a22.jpg</path>
	<source>
		<database>roboflow.com</database>
	</source>
	<size>
		<width>320</width>
		<height>320</height>
		<depth>3</depth>
	</size>
	<segmented>0</segmented>
	<object>
		<name>Watermelon rind</name>
		<pose>Unspecified</pose>
		<truncated>0</truncated>
		<difficult>0</difficult>
		<occluded>0</occluded>
		<bndbox>
			<xmin>120</xmin>
			<xmax>179</xmax>
			<ymin>155</ymin>
			<ymax>230</ymax>
		</bndbox>
		<polygon>
			<x1>171</x1>
			<y1>154</y1>
			<x2>172</x2>
			<y2>155</y2>
			<x3>176</x3>
			<y3>155</y3>
			<x4>177</x4>
			<y4>156</y4>
			<x5>177</x5>
			<y5>158</y5>
			<x6>172</x6>
			<y6>164</y6>
			<x7>170</x7>
			<y7>165</y7>
			<x8>168</x8>
			<y8>165</y8>
			<x9>165</x9>
			<y9>163</y9>
			<x10>156</x10>
			<y10>163</y10>
			<x11>152</x11>
			<y11>167</y11>
			<x12>152</x12>
			<y12>169</y12>
			<x13>145</x13>
			<y13>175</y13>
			<x14>145</x14>
			<y14>180</y14>
			<x15>144</x15>
			<y15>181</y15>
			<x16>141</x16>
			<y16>181</y16>
			<x17>137</x17>
			<y17>185</y17>
			<x18>136</x18>
			<y18>187</y18>
			<x19>136</x19>
			<y19>189</y19>
			<x20>135</x20>
			<y20>190</y20>
			<x21>135</x21>
			<y21>193</y21>
			<x22>136</x22>
			<y22>195</y22>
			<x23>140</x23>
			<y23>199</y23>
			<x24>140</x24>
			<y24>200</y24>
			<x25>135</x25>
			<y25>205</y25>
			<x26>134</x26>
			<y26>207</y26>
			<x27>135</x27>
			<y27>209</y27>
			<x28>139</x28>
			<y28>213</y28>
			<x29>139</x29>
			<y29>216</y29>
			<x30>140</x30>
			<y30>218</y30>
			<x31>145</x31>
			<y31>223</y31>
			<x32>145</x32>
			<y32>225</y32>
			<x33>143</x33>
			<y33>228</y33>
			<x34>141</x34>
			<y34>227</y34>
			<x35>139</x35>
			<y35>227</y35>
			<x36>138</x36>
			<y36>226</y36>
			<x37>136</x37>
			<y37>226</y37>
			<x38>134</x38>
			<y38>224</y38>
			<x39>130</x39>
			<y39>222</y39>
			<x40>125</x40>
			<y40>217</y40>
			<x41>125</x41>
			<y41>216</y41>
			<x42>123</x42>
			<y42>214</y42>
			<x43>123</x43>
			<y43>212</y43>
			<x44>120</x44>
			<y44>206</y44>
			<x45>120</x45>
			<y45>195</y45>
			<x46>121</x46>
			<y46>194</y46>
			<x47>121</x47>
			<y47>191</y47>
			<x48>122</x48>
			<y48>190</y48>
			<x49>122</x49>
			<y49>187</y49>
			<x50>123</x50>
			<y50>186</y50>
			<x51>123</x51>
			<y51>184</y51>
			<x52>128</x52>
			<y52>174</y52>
			<x53>130</x53>
			<y53>172</y53>
			<x54>130</x54>
			<y54>171</y54>
			<x55>133</x55>
			<y55>168</y55>
			<x56>133</x56>
			<y56>167</y56>
			<x57>141</x57>
			<y57>160</y57>
			<x58>149</x58>
			<y58>156</y58>
			<x59>151</x59>
			<y59>156</y59>
			<x60>155</x60>
			<y60>154</y60>
			<x61>170</x61>
			<y61>154</y61>
		</polygon>
	</object>
	<object>
		<name>Watermelon rind</name>
		<pose>Unspecified</pose>
		<truncated>0</truncated>
		<difficult>0</difficult>
		<occluded>0</occluded>
		<bndbox>
			<xmin>154</xmin>
			<xmax>209</xmax>
			<ymin>181</ymin>
			<ymax>239</ymax>
		</bndbox>
		<polygon>
			<x1>167</x1>
			<y1>180</y1>
			<x2>169</x2>
			<y2>182</y2>
			<x3>169</x3>
			<y3>184</y3>
			<x4>166</x4>
			<y4>188</y4>
			<x5>166</x5>
			<y5>194</y5>
			<x6>164</x6>
			<y6>196</y6>
			<x7>164</x7>
			<y7>198</y7>
			<x8>168</x8>
			<y8>202</y8>
			<x9>170</x9>
			<y9>203</y9>
			<x10>170</x10>
			<y10>205</y10>
			<x11>168</x11>
			<y11>207</y11>
			<x12>168</x12>
			<y12>211</y12>
			<x13>169</x13>
			<y13>213</y13>
			<x14>173</x14>
			<y14>217</y14>
			<x15>175</x15>
			<y15>218</y15>
			<x16>177</x16>
			<y16>218</y16>
			<x17>183</x17>
			<y17>225</y17>
			<x18>184</x18>
			<y18>225</y18>
			<x19>189</x19>
			<y19>230</y19>
			<x20>191</x20>
			<y20>231</y20>
			<x21>194</x21>
			<y21>231</y21>
			<x22>198</x22>
			<y22>229</y22>
			<x23>202</x23>
			<y23>229</y23>
			<x24>204</x24>
			<y24>230</y24>
			<x25>206</x25>
			<y25>232</y25>
			<x26>207</x26>
			<y26>235</y26>
			<x27>205</x27>
			<y27>236</y27>
			<x28>201</x28>
			<y28>236</y28>
			<x29>200</x29>
			<y29>237</y29>
			<x30>189</x30>
			<y30>237</y30>
			<x31>188</x31>
			<y31>236</y31>
			<x32>185</x32>
			<y32>236</y32>
			<x33>179</x33>
			<y33>233</y33>
			<x34>177</x34>
			<y34>233</y34>
			<x35>175</x35>
			<y35>231</y35>
			<x36>171</x36>
			<y36>229</y36>
			<x37>163</x37>
			<y37>221</y37>
			<x38>163</x38>
			<y38>220</y38>
			<x39>158</x39>
			<y39>214</y39>
			<x40>154</x40>
			<y40>206</y40>
			<x41>154</x41>
			<y41>202</y41>
			<x42>153</x42>
			<y42>201</y42>
			<x43>153</x43>
			<y43>193</y43>
			<x44>156</x44>
			<y44>187</y44>
			<x45>161</x45>
			<y45>182</y45>
			<x46>166</x46>
			<y46>180</y46>
		</polygon>
	</object>
	<metadata>
	</metadata>
</annotation>
