<annotation>
	<folder></folder>
	<filename>IMG_1937_HEIC.rf.c51049f9cbac794182722a512ebd9e4c.jpg</filename>
	<path>IMG_1937_HEIC.rf.c51049f9cbac794182722a512ebd9e4c.jpg</path>
	<source>
		<database>roboflow.com</database>
	</source>
	<size>
		<width>320</width>
		<height>320</height>
		<depth>3</depth>
	</size>
	<segmented>0</segmented>
	<object>
		<name>Apple core</name>
		<pose>Unspecified</pose>
		<truncated>0</truncated>
		<difficult>0</difficult>
		<occluded>0</occluded>
		<bndbox>
			<xmin>125</xmin>
			<xmax>143</xmax>
			<ymin>155</ymin>
			<ymax>178</ymax>
		</bndbox>
	</object>
	<metadata>
	</metadata>
</annotation>
