<annotation>
	<folder></folder>
	<filename>IMG_8418_jpeg.rf.190591641077ec3a75a47ce93f8f8838.jpg</filename>
	<path>IMG_8418_jpeg.rf.190591641077ec3a75a47ce93f8f8838.jpg</path>
	<source>
		<database>roboflow.com</database>
	</source>
	<size>
		<width>320</width>
		<height>320</height>
		<depth>3</depth>
	</size>
	<segmented>0</segmented>
	<object>
		<name>fish</name>
		<pose>Unspecified</pose>
		<truncated>0</truncated>
		<difficult>0</difficult>
		<occluded>0</occluded>
		<bndbox>
			<xmin>93</xmin>
			<xmax>138</xmax>
			<ymin>128</ymin>
			<ymax>178</ymax>
		</bndbox>
		<polygon>
			<x1>108</x1>
			<y1>129</y1>
			<x2>109</x2>
			<y2>130</y2>
			<x3>111</x3>
			<y3>130</y3>
			<x4>112</x4>
			<y4>131</y4>
			<x5>117</x5>
			<y5>132</y5>
			<x6>120</x6>
			<y6>134</y6>
			<x7>127</x7>
			<y7>135</y7>
			<x8>128</x8>
			<y8>136</y8>
			<x9>126</x9>
			<y9>136</y9>
			<x10>125</x10>
			<y10>137</y10>
			<x11>126</x11>
			<y11>139</y11>
			<x12>131</x12>
			<y12>139</y12>
			<x13>132</x13>
			<y13>140</y13>
			<x14>135</x14>
			<y14>140</y14>
			<x15>136</x15>
			<y15>141</y15>
			<x16>134</x16>
			<y16>141</y16>
			<x17>133</x17>
			<y17>142</y17>
			<x18>129</x18>
			<y18>142</y18>
			<x19>126</x19>
			<y19>144</y19>
			<x20>126</x20>
			<y20>145</y20>
			<x21>129</x21>
			<y21>147</y21>
			<x22>135</x22>
			<y22>147</y22>
			<x23>136</x23>
			<y23>148</y23>
			<x24>131</x24>
			<y24>148</y24>
			<x25>127</x25>
			<y25>151</y25>
			<x26>127</x26>
			<y26>153</y26>
			<x27>129</x27>
			<y27>155</y27>
			<x28>132</x28>
			<y28>155</y28>
			<x29>133</x29>
			<y29>156</y29>
			<x30>131</x30>
			<y30>157</y30>
			<x31>129</x31>
			<y31>157</y31>
			<x32>128</x32>
			<y32>158</y32>
			<x33>130</x33>
			<y33>162</y33>
			<x34>128</x34>
			<y34>162</y34>
			<x35>127</x35>
			<y35>163</y35>
			<x36>127</x36>
			<y36>165</y36>
			<x37>132</x37>
			<y37>173</y37>
			<x38>132</x38>
			<y38>174</y38>
			<x39>130</x39>
			<y39>174</y39>
			<x40>128</x40>
			<y40>176</y40>
			<x41>124</x41>
			<y41>176</y41>
			<x42>123</x42>
			<y42>175</y42>
			<x43>120</x43>
			<y43>175</y43>
			<x44>116</x44>
			<y44>172</y44>
			<x45>116</x45>
			<y45>169</y45>
			<x46>115</x46>
			<y46>168</y46>
			<x47>119</x47>
			<y47>166</y47>
			<x48>120</x48>
			<y48>164</y48>
			<x49>118</x49>
			<y49>162</y49>
			<x50>116</x50>
			<y50>162</y50>
			<x51>116</x51>
			<y51>158</y51>
			<x52>113</x52>
			<y52>155</y52>
			<x53>111</x53>
			<y53>155</y53>
			<x54>109</x54>
			<y54>156</y54>
			<x55>108</x55>
			<y55>155</y55>
			<x56>108</x56>
			<y56>150</y56>
			<x57>105</x57>
			<y57>148</y57>
			<x58>103</x58>
			<y58>148</y58>
			<x59>101</x59>
			<y59>147</y59>
			<x60>94</x60>
			<y60>138</y60>
			<x61>94</x61>
			<y61>136</y61>
			<x62>93</x62>
			<y62>135</y62>
			<x63>93</x63>
			<y63>130</y63>
			<x64>97</x64>
			<y64>130</y64>
			<x65>99</x65>
			<y65>128</y65>
			<x66>104</x66>
			<y66>128</y66>
			<x67>105</x67>
			<y67>129</y67>
			<x68>107</x68>
			<y68>129</y68>
		</polygon>
	</object>
	<metadata>
	</metadata>
</annotation>
