<annotation>
	<folder></folder>
	<filename>IMG_8295_jpeg.rf.6f3f8beafe4e0d9b481a26ccb01d970b.jpg</filename>
	<path>IMG_8295_jpeg.rf.6f3f8beafe4e0d9b481a26ccb01d970b.jpg</path>
	<source>
		<database>roboflow.com</database>
	</source>
	<size>
		<width>320</width>
		<height>320</height>
		<depth>3</depth>
	</size>
	<segmented>0</segmented>
	<object>
		<name>Watermelon rind</name>
		<pose>Unspecified</pose>
		<truncated>0</truncated>
		<difficult>0</difficult>
		<occluded>0</occluded>
		<bndbox>
			<xmin>1</xmin>
			<xmax>64</xmax>
			<ymin>84</ymin>
			<ymax>120</ymax>
		</bndbox>
		<polygon>
			<x1>0</x1>
			<y1>83</y1>
			<x2>1</x2>
			<y2>85</y2>
			<x3>6</x3>
			<y3>90</y3>
			<x4>8</x4>
			<y4>90</y4>
			<x5>9</x5>
			<y5>91</y5>
			<x6>9</x6>
			<y6>94</y6>
			<x7>10</x7>
			<y7>96</y7>
			<x8>18</x8>
			<y8>102</y8>
			<x9>29</x9>
			<y9>102</y9>
			<x10>35</x10>
			<y10>109</y10>
			<x11>38</x11>
			<y11>109</y11>
			<x12>39</x12>
			<y12>110</y12>
			<x13>40</x13>
			<y13>109</y13>
			<x14>45</x14>
			<y14>109</y14>
			<x15>49</x15>
			<y15>111</y15>
			<x16>54</x16>
			<y16>111</y16>
			<x17>55</x17>
			<y17>110</y17>
			<x18>58</x18>
			<y18>110</y18>
			<x19>62</x19>
			<y19>113</y19>
			<x20>60</x20>
			<y20>115</y20>
			<x21>56</x21>
			<y21>117</y21>
			<x22>52</x22>
			<y22>117</y22>
			<x23>51</x23>
			<y23>118</y23>
			<x24>38</x24>
			<y24>118</y24>
			<x25>37</x25>
			<y25>117</y25>
			<x26>32</x26>
			<y26>117</y26>
			<x27>31</x27>
			<y27>116</y27>
			<x28>28</x28>
			<y28>116</y28>
			<x29>22</x29>
			<y29>113</y29>
			<x30>20</x30>
			<y30>113</y30>
			<x31>17</x31>
			<y31>111</y31>
			<x32>15</x32>
			<y32>111</y32>
			<x33>13</x33>
			<y33>109</y33>
			<x34>8</x34>
			<y34>107</y34>
			<x35>0</x35>
			<y35>101</y35>
			<x36>0</x36>
			<y36>84</y36>
		</polygon>
	</object>
	<object>
		<name>Watermelon rind</name>
		<pose>Unspecified</pose>
		<truncated>0</truncated>
		<difficult>0</difficult>
		<occluded>0</occluded>
		<bndbox>
			<xmin>17</xmin>
			<xmax>92</xmax>
			<ymin>79</ymin>
			<ymax>100</ymax>
		</bndbox>
		<polygon>
			<x1>17</x1>
			<y1>79</y1>
			<x2>23</x2>
			<y2>79</y2>
			<x3>27</x3>
			<y3>83</y3>
			<x4>32</x4>
			<y4>85</y4>
			<x5>35</x5>
			<y5>88</y5>
			<x6>41</x6>
			<y6>88</y6>
			<x7>42</x7>
			<y7>87</y7>
			<x8>45</x8>
			<y8>87</y8>
			<x9>49</x9>
			<y9>91</y9>
			<x10>51</x10>
			<y10>91</y10>
			<x11>52</x11>
			<y11>92</y11>
			<x12>60</x12>
			<y12>92</y12>
			<x13>62</x13>
			<y13>90</y13>
			<x14>66</x14>
			<y14>90</y14>
			<x15>67</x15>
			<y15>91</y15>
			<x16>68</x16>
			<y16>90</y16>
			<x17>72</x17>
			<y17>90</y17>
			<x18>73</x18>
			<y18>89</y18>
			<x19>79</x19>
			<y19>89</y19>
			<x20>82</x20>
			<y20>85</y20>
			<x21>81</x21>
			<y21>84</y21>
			<x22>82</x22>
			<y22>82</y22>
			<x23>84</x23>
			<y23>81</y23>
			<x24>89</x24>
			<y24>81</y24>
			<x25>90</x25>
			<y25>82</y25>
			<x26>90</x26>
			<y26>87</y26>
			<x27>89</x27>
			<y27>89</y27>
			<x28>84</x28>
			<y28>94</y28>
			<x29>80</x29>
			<y29>96</y29>
			<x30>77</x30>
			<y30>96</y30>
			<x31>73</x31>
			<y31>98</y31>
			<x32>47</x32>
			<y32>98</y32>
			<x33>46</x33>
			<y33>97</y33>
			<x34>42</x34>
			<y34>97</y34>
			<x35>41</x35>
			<y35>96</y35>
			<x36>38</x36>
			<y36>96</y36>
			<x37>37</x37>
			<y37>95</y37>
			<x38>35</x38>
			<y38>95</y38>
			<x39>34</x39>
			<y39>94</y39>
			<x40>29</x40>
			<y40>93</y40>
			<x41>27</x41>
			<y41>91</y41>
			<x42>23</x42>
			<y42>89</y42>
			<x43>18</x43>
			<y43>84</y43>
			<x44>18</x44>
			<y44>82</y44>
			<x45>17</x45>
			<y45>80</y45>
		</polygon>
	</object>
	<metadata>
	</metadata>
</annotation>
