<annotation>
	<folder></folder>
	<filename>IMG_8385_jpeg.rf.ad6d1cac284fbda046e05b33b884751c.jpg</filename>
	<path>IMG_8385_jpeg.rf.ad6d1cac284fbda046e05b33b884751c.jpg</path>
	<source>
		<database>roboflow.com</database>
	</source>
	<size>
		<width>320</width>
		<height>320</height>
		<depth>3</depth>
	</size>
	<segmented>0</segmented>
	<object>
		<name>fish</name>
		<pose>Unspecified</pose>
		<truncated>0</truncated>
		<difficult>0</difficult>
		<occluded>0</occluded>
		<bndbox>
			<xmin>125</xmin>
			<xmax>174</xmax>
			<ymin>105</ymin>
			<ymax>177</ymax>
		</bndbox>
		<polygon>
			<x1>136</x1>
			<y1>105</y1>
			<x2>139</x2>
			<y2>105</y2>
			<x3>140</x3>
			<y3>106</y3>
			<x4>142</x4>
			<y4>106</y4>
			<x5>149</x5>
			<y5>112</y5>
			<x6>150</x6>
			<y6>112</y6>
			<x7>153</x7>
			<y7>115</y7>
			<x8>154</x8>
			<y8>115</y8>
			<x9>157</x9>
			<y9>118</y9>
			<x10>157</x10>
			<y10>121</y10>
			<x11>158</x11>
			<y11>122</y11>
			<x12>160</x12>
			<y12>122</y12>
			<x13>163</x13>
			<y13>124</y13>
			<x14>165</x14>
			<y14>124</y14>
			<x15>167</x15>
			<y15>125</y15>
			<x16>160</x16>
			<y16>126</y16>
			<x17>159</x17>
			<y17>127</y17>
			<x18>159</x18>
			<y18>129</y18>
			<x19>162</x19>
			<y19>131</y19>
			<x20>165</x20>
			<y20>131</y20>
			<x21>172</x21>
			<y21>135</y21>
			<x22>166</x22>
			<y22>135</y22>
			<x23>165</x23>
			<y23>134</y23>
			<x24>159</x24>
			<y24>134</y24>
			<x25>158</x25>
			<y25>135</y25>
			<x26>155</x26>
			<y26>135</y26>
			<x27>154</x27>
			<y27>136</y27>
			<x28>156</x28>
			<y28>139</y28>
			<x29>158</x29>
			<y29>139</y29>
			<x30>167</x30>
			<y30>144</y30>
			<x31>165</x31>
			<y31>144</y31>
			<x32>164</x32>
			<y32>143</y32>
			<x33>154</x33>
			<y33>143</y33>
			<x34>152</x34>
			<y34>145</y34>
			<x35>152</x35>
			<y35>146</y35>
			<x36>150</x36>
			<y36>147</y36>
			<x37>152</x37>
			<y37>149</y37>
			<x38>158</x38>
			<y38>152</y38>
			<x39>158</x39>
			<y39>153</y39>
			<x40>152</x40>
			<y40>153</y40>
			<x41>151</x41>
			<y41>154</y41>
			<x42>151</x42>
			<y42>159</y42>
			<x43>148</x43>
			<y43>159</y43>
			<x44>147</x44>
			<y44>158</y44>
			<x45>145</x45>
			<y45>160</y45>
			<x46>146</x46>
			<y46>161</y46>
			<x47>146</x47>
			<y47>174</y47>
			<x48>145</x48>
			<y48>175</y48>
			<x49>133</x49>
			<y49>175</y49>
			<x50>133</x50>
			<y50>174</y50>
			<x51>127</x51>
			<y51>169</y51>
			<x52>126</x52>
			<y52>166</y52>
			<x53>128</x53>
			<y53>164</y53>
			<x54>128</x54>
			<y54>162</y54>
			<x55>130</x55>
			<y55>161</y55>
			<x56>133</x56>
			<y56>161</y56>
			<x57>137</x57>
			<y57>158</y57>
			<x58>136</x58>
			<y58>155</y58>
			<x59>135</x59>
			<y59>154</y59>
			<x60>133</x60>
			<y60>154</y60>
			<x61>138</x61>
			<y61>149</y61>
			<x62>134</x62>
			<y62>146</y62>
			<x63>135</x63>
			<y63>144</y63>
			<x64>134</x64>
			<y64>143</y64>
			<x65>129</x65>
			<y65>143</y65>
			<x66>129</x66>
			<y66>141</y66>
			<x67>134</x67>
			<y67>136</y67>
			<x68>134</x68>
			<y68>135</y68>
			<x69>131</x69>
			<y69>133</y69>
			<x70>128</x70>
			<y70>133</y70>
			<x71>126</x71>
			<y71>132</y71>
			<x72>126</x72>
			<y72>130</y72>
			<x73>125</x73>
			<y73>129</y73>
			<x74>125</x74>
			<y74>126</y74>
			<x75>124</x75>
			<y75>125</y75>
			<x76>124</x76>
			<y76>113</y76>
			<x77>125</x77>
			<y77>112</y77>
			<x78>125</x78>
			<y78>109</y78>
			<x79>127</x79>
			<y79>106</y79>
			<x80>131</x80>
			<y80>106</y80>
			<x81>132</x81>
			<y81>107</y81>
			<x82>135</x82>
			<y82>107</y82>
			<x83>136</x83>
			<y83>106</y83>
		</polygon>
	</object>
	<metadata>
	</metadata>
</annotation>
