<annotation>
	<folder></folder>
	<filename>IMG_8490_jpeg.rf.de0ef95652b2ad19311b7d56760fa231.jpg</filename>
	<path>IMG_8490_jpeg.rf.de0ef95652b2ad19311b7d56760fa231.jpg</path>
	<source>
		<database>roboflow.com</database>
	</source>
	<size>
		<width>320</width>
		<height>320</height>
		<depth>3</depth>
	</size>
	<segmented>0</segmented>
	<object>
		<name>fish</name>
		<pose>Unspecified</pose>
		<truncated>0</truncated>
		<difficult>0</difficult>
		<occluded>0</occluded>
		<bndbox>
			<xmin>100</xmin>
			<xmax>174</xmax>
			<ymin>141</ymin>
			<ymax>184</ymax>
		</bndbox>
		<polygon>
			<x1>167</x1>
			<y1>141</y1>
			<x2>167</x2>
			<y2>143</y2>
			<x3>169</x3>
			<y3>145</y3>
			<x4>172</x4>
			<y4>145</y4>
			<x5>173</x5>
			<y5>146</y5>
			<x6>173</x6>
			<y6>148</y6>
			<x7>172</x7>
			<y7>149</y7>
			<x8>172</x8>
			<y8>154</y8>
			<x9>171</x9>
			<y9>155</y9>
			<x10>170</x10>
			<y10>160</y10>
			<x11>169</x11>
			<y11>162</y11>
			<x12>167</x12>
			<y12>162</y12>
			<x13>166</x13>
			<y13>163</y13>
			<x14>167</x14>
			<y14>165</y14>
			<x15>167</x15>
			<y15>167</y15>
			<x16>168</x16>
			<y16>168</y16>
			<x17>168</x17>
			<y17>171</y17>
			<x18>167</x18>
			<y18>171</y18>
			<x19>165</x19>
			<y19>169</y19>
			<x20>165</x20>
			<y20>168</y20>
			<x21>160</x21>
			<y21>164</y21>
			<x22>159</x22>
			<y22>164</y22>
			<x23>157</x23>
			<y23>166</y23>
			<x24>157</x24>
			<y24>167</y24>
			<x25>159</x25>
			<y25>169</y25>
			<x26>161</x26>
			<y26>173</y26>
			<x27>161</x27>
			<y27>179</y27>
			<x28>159</x28>
			<y28>178</y28>
			<x29>158</x29>
			<y29>175</y29>
			<x30>153</x30>
			<y30>169</y30>
			<x31>151</x31>
			<y31>168</y31>
			<x32>148</x32>
			<y32>168</y32>
			<x33>147</x33>
			<y33>169</y33>
			<x34>147</x34>
			<y34>171</y34>
			<x35>149</x35>
			<y35>175</y35>
			<x36>149</x36>
			<y36>181</y36>
			<x37>147</x37>
			<y37>177</y37>
			<x38>140</x38>
			<y38>170</y38>
			<x39>139</x39>
			<y39>171</y39>
			<x40>137</x40>
			<y40>171</y40>
			<x41>135</x41>
			<y41>173</y41>
			<x42>136</x42>
			<y42>174</y42>
			<x43>136</x43>
			<y43>177</y43>
			<x44>135</x44>
			<y44>178</y44>
			<x45>135</x45>
			<y45>180</y45>
			<x46>134</x46>
			<y46>180</y46>
			<x47>132</x47>
			<y47>175</y47>
			<x48>130</x48>
			<y48>174</y48>
			<x49>127</x49>
			<y49>177</y49>
			<x50>125</x50>
			<y50>178</y50>
			<x51>124</x51>
			<y51>178</y51>
			<x52>124</x52>
			<y52>176</y52>
			<x53>123</x53>
			<y53>175</y53>
			<x54>121</x54>
			<y54>175</y54>
			<x55>117</x55>
			<y55>178</y55>
			<x56>115</x56>
			<y56>179</y56>
			<x57>113</x57>
			<y57>179</y57>
			<x58>108</x58>
			<y58>182</y58>
			<x59>104</x59>
			<y59>182</y59>
			<x60>104</x60>
			<y60>180</y60>
			<x61>103</x61>
			<y61>179</y61>
			<x62>100</x62>
			<y62>179</y62>
			<x63>100</x63>
			<y63>176</y63>
			<x64>102</x64>
			<y64>176</y64>
			<x65>103</x65>
			<y65>175</y65>
			<x66>103</x66>
			<y66>174</y66>
			<x67>101</x67>
			<y67>173</y67>
			<x68>101</x68>
			<y68>172</y68>
			<x69>103</x69>
			<y69>171</y69>
			<x70>105</x70>
			<y70>168</y70>
			<x71>110</x71>
			<y71>168</y71>
			<x72>112</x72>
			<y72>167</y72>
			<x73>115</x73>
			<y73>170</y73>
			<x74>117</x74>
			<y74>171</y74>
			<x75>119</x75>
			<y75>171</y75>
			<x76>123</x76>
			<y76>168</y76>
			<x77>121</x77>
			<y77>166</y77>
			<x78>127</x78>
			<y78>166</y78>
			<x79>130</x79>
			<y79>163</y79>
			<x80>134</x80>
			<y80>163</y80>
			<x81>135</x81>
			<y81>162</y81>
			<x82>134</x82>
			<y82>160</y82>
			<x83>132</x83>
			<y83>159</y83>
			<x84>130</x84>
			<y84>159</y84>
			<x85>131</x85>
			<y85>158</y85>
			<x86>139</x86>
			<y86>158</y86>
			<x87>141</x87>
			<y87>155</y87>
			<x88>147</x88>
			<y88>155</y88>
			<x89>148</x89>
			<y89>154</y89>
			<x90>147</x90>
			<y90>153</y90>
			<x91>140</x91>
			<y91>153</y91>
			<x92>140</x92>
			<y92>152</y92>
			<x93>148</x93>
			<y93>146</y93>
			<x94>152</x94>
			<y94>144</y94>
			<x95>154</x95>
			<y95>144</y95>
			<x96>157</x96>
			<y96>142</y96>
			<x97>160</x97>
			<y97>142</y97>
			<x98>161</x98>
			<y98>141</y98>
			<x99>166</x99>
			<y99>141</y99>
		</polygon>
	</object>
	<metadata>
	</metadata>
</annotation>
