<annotation>
	<folder></folder>
	<filename>IMG_1984_HEIC.rf.5879ea248f0a6bb2adeabb81a79ef11f.jpg</filename>
	<path>IMG_1984_HEIC.rf.5879ea248f0a6bb2adeabb81a79ef11f.jpg</path>
	<source>
		<database>roboflow.com</database>
	</source>
	<size>
		<width>320</width>
		<height>320</height>
		<depth>3</depth>
	</size>
	<segmented>0</segmented>
	<object>
		<name>Apple core</name>
		<pose>Unspecified</pose>
		<truncated>0</truncated>
		<difficult>0</difficult>
		<occluded>0</occluded>
		<bndbox>
			<xmin>250</xmin>
			<xmax>271</xmax>
			<ymin>185</ymin>
			<ymax>217</ymax>
		</bndbox>
	</object>
	<metadata>
	</metadata>
</annotation>
