<annotation>
	<folder></folder>
	<filename>IMG_2012_HEIC.rf.c00a550c4f989bf71af4dc0c0d1a7690.jpg</filename>
	<path>IMG_2012_HEIC.rf.c00a550c4f989bf71af4dc0c0d1a7690.jpg</path>
	<source>
		<database>roboflow.com</database>
	</source>
	<size>
		<width>320</width>
		<height>320</height>
		<depth>3</depth>
	</size>
	<segmented>0</segmented>
	<object>
		<name>Egg shell</name>
		<pose>Unspecified</pose>
		<truncated>0</truncated>
		<difficult>0</difficult>
		<occluded>0</occluded>
		<bndbox>
			<xmin>152</xmin>
			<xmax>217</xmax>
			<ymin>113</ymin>
			<ymax>143</ymax>
		</bndbox>
	</object>
	<metadata>
	</metadata>
</annotation>
