<annotation>
	<folder></folder>
	<filename>IMG_1897_HEIC.rf.bb2383bb21def5136ac2902f24fcb29b.jpg</filename>
	<path>IMG_1897_HEIC.rf.bb2383bb21def5136ac2902f24fcb29b.jpg</path>
	<source>
		<database>roboflow.com</database>
	</source>
	<size>
		<width>320</width>
		<height>320</height>
		<depth>3</depth>
	</size>
	<segmented>0</segmented>
	<object>
		<name>Apple core</name>
		<pose>Unspecified</pose>
		<truncated>0</truncated>
		<difficult>0</difficult>
		<occluded>0</occluded>
		<bndbox>
			<xmin>99</xmin>
			<xmax>127</xmax>
			<ymin>110</ymin>
			<ymax>139</ymax>
		</bndbox>
	</object>
	<metadata>
	</metadata>
</annotation>
