<annotation>
	<folder></folder>
	<filename>IMG_1958_HEIC.rf.84e95b87ea03c84d4e52f2bd1eb4dca0.jpg</filename>
	<path>IMG_1958_HEIC.rf.84e95b87ea03c84d4e52f2bd1eb4dca0.jpg</path>
	<source>
		<database>roboflow.com</database>
	</source>
	<size>
		<width>320</width>
		<height>320</height>
		<depth>3</depth>
	</size>
	<segmented>0</segmented>
	<object>
		<name>Apple core</name>
		<pose>Unspecified</pose>
		<truncated>0</truncated>
		<difficult>0</difficult>
		<occluded>0</occluded>
		<bndbox>
			<xmin>166</xmin>
			<xmax>189</xmax>
			<ymin>174</ymin>
			<ymax>199</ymax>
		</bndbox>
	</object>
	<metadata>
	</metadata>
</annotation>
