<annotation>
	<folder></folder>
	<filename>IMG_8206_jpeg.rf.1e4c687380acd14c5a88909b5c28090d.jpg</filename>
	<path>IMG_8206_jpeg.rf.1e4c687380acd14c5a88909b5c28090d.jpg</path>
	<source>
		<database>roboflow.com</database>
	</source>
	<size>
		<width>320</width>
		<height>320</height>
		<depth>3</depth>
	</size>
	<segmented>0</segmented>
	<object>
		<name>Watermelon rind</name>
		<pose>Unspecified</pose>
		<truncated>0</truncated>
		<difficult>0</difficult>
		<occluded>0</occluded>
		<bndbox>
			<xmin>81</xmin>
			<xmax>136</xmax>
			<ymin>150</ymin>
			<ymax>180</ymax>
		</bndbox>
		<polygon>
			<x1>129</x1>
			<y1>151</y1>
			<x2>133</x2>
			<y2>153</y2>
			<x3>135</x3>
			<y3>155</y3>
			<x4>133</x4>
			<y4>156</y4>
			<x5>129</x5>
			<y5>156</y5>
			<x6>128</x6>
			<y6>155</y6>
			<x7>120</x7>
			<y7>155</y7>
			<x8>118</x8>
			<y8>154</y8>
			<x9>114</x9>
			<y9>156</y9>
			<x10>112</x10>
			<y10>158</y10>
			<x11>110</x11>
			<y11>158</y11>
			<x12>109</x12>
			<y12>157</y12>
			<x13>104</x13>
			<y13>157</y13>
			<x14>100</x14>
			<y14>159</y14>
			<x15>98</x15>
			<y15>163</y15>
			<x16>96</x16>
			<y16>163</y16>
			<x17>94</x17>
			<y17>164</y17>
			<x18>87</x18>
			<y18>170</y18>
			<x19>87</x19>
			<y19>172</y19>
			<x20>89</x20>
			<y20>176</y20>
			<x21>87</x21>
			<y21>178</y21>
			<x22>85</x22>
			<y22>178</y22>
			<x23>84</x23>
			<y23>179</y23>
			<x24>81</x24>
			<y24>176</y24>
			<x25>81</x25>
			<y25>174</y25>
			<x26>80</x26>
			<y26>173</y26>
			<x27>80</x27>
			<y27>170</y27>
			<x28>83</x28>
			<y28>164</y28>
			<x29>87</x29>
			<y29>160</y29>
			<x30>90</x30>
			<y30>159</y30>
			<x31>92</x31>
			<y31>157</y31>
			<x32>100</x32>
			<y32>153</y32>
			<x33>102</x33>
			<y33>153</y33>
			<x34>103</x34>
			<y34>152</y34>
			<x35>105</x35>
			<y35>152</y35>
			<x36>109</x36>
			<y36>150</y36>
			<x37>114</x37>
			<y37>150</y37>
			<x38>115</x38>
			<y38>149</y38>
			<x39>122</x39>
			<y39>149</y39>
			<x40>123</x40>
			<y40>150</y40>
			<x41>127</x41>
			<y41>150</y41>
			<x42>128</x42>
			<y42>151</y42>
		</polygon>
	</object>
	<object>
		<name>Watermelon rind</name>
		<pose>Unspecified</pose>
		<truncated>0</truncated>
		<difficult>0</difficult>
		<occluded>0</occluded>
		<bndbox>
			<xmin>87</xmin>
			<xmax>161</xmax>
			<ymin>133</ymin>
			<ymax>160</ymax>
		</bndbox>
		<polygon>
			<x1>122</x1>
			<y1>132</y1>
			<x2>123</x2>
			<y2>133</y2>
			<x3>130</x3>
			<y3>133</y3>
			<x4>131</x4>
			<y4>134</y4>
			<x5>135</x5>
			<y5>134</y5>
			<x6>136</x6>
			<y6>135</y6>
			<x7>139</x7>
			<y7>135</y7>
			<x8>140</x8>
			<y8>136</y8>
			<x9>145</x9>
			<y9>137</y9>
			<x10>151</x10>
			<y10>140</y10>
			<x11>153</x11>
			<y11>142</y11>
			<x12>154</x12>
			<y12>142</y12>
			<x13>159</x13>
			<y13>148</y13>
			<x14>159</x14>
			<y14>158</y14>
			<x15>158</x15>
			<y15>159</y15>
			<x16>156</x16>
			<y16>159</y16>
			<x17>155</x17>
			<y17>158</y17>
			<x18>152</x18>
			<y18>158</y18>
			<x19>150</x19>
			<y19>156</y19>
			<x20>149</x20>
			<y20>156</y20>
			<x21>151</x21>
			<y21>152</y21>
			<x22>151</x22>
			<y22>150</y22>
			<x23>148</x23>
			<y23>147</y23>
			<x24>146</x24>
			<y24>147</y24>
			<x25>145</x25>
			<y25>146</y25>
			<x26>142</x26>
			<y26>146</y26>
			<x27>137</x27>
			<y27>143</y27>
			<x28>135</x28>
			<y28>143</y28>
			<x29>133</x29>
			<y29>144</y29>
			<x30>131</x30>
			<y30>141</y30>
			<x31>129</x31>
			<y31>140</y31>
			<x32>127</x32>
			<y32>140</y32>
			<x33>126</x33>
			<y33>139</y33>
			<x34>120</x34>
			<y34>139</y34>
			<x35>115</x35>
			<y35>142</y35>
			<x36>113</x36>
			<y36>142</y36>
			<x37>110</x37>
			<y37>140</y37>
			<x38>104</x38>
			<y38>140</y38>
			<x39>99</x39>
			<y39>143</y39>
			<x40>96</x40>
			<y40>143</y40>
			<x41>91</x41>
			<y41>146</y41>
			<x42>88</x42>
			<y42>146</y42>
			<x43>87</x43>
			<y43>145</y43>
			<x44>87</x44>
			<y44>143</y44>
			<x45>89</x45>
			<y45>141</y45>
			<x46>89</x46>
			<y46>140</y46>
			<x47>90</x47>
			<y47>140</y47>
			<x48>93</x48>
			<y48>137</y48>
			<x49>97</x49>
			<y49>135</y49>
			<x50>99</x50>
			<y50>135</y50>
			<x51>100</x51>
			<y51>134</y51>
			<x52>103</x52>
			<y52>134</y52>
			<x53>104</x53>
			<y53>133</y53>
			<x54>109</x54>
			<y54>133</y54>
			<x55>110</x55>
			<y55>132</y55>
			<x56>121</x56>
			<y56>132</y56>
		</polygon>
	</object>
	<metadata>
	</metadata>
</annotation>
