<annotation>
	<folder></folder>
	<filename>IMG_8213_jpeg.rf.a4a818916efb04a8057e2d02f8c80f89.jpg</filename>
	<path>IMG_8213_jpeg.rf.a4a818916efb04a8057e2d02f8c80f89.jpg</path>
	<source>
		<database>roboflow.com</database>
	</source>
	<size>
		<width>320</width>
		<height>320</height>
		<depth>3</depth>
	</size>
	<segmented>0</segmented>
	<object>
		<name>Watermelon rind</name>
		<pose>Unspecified</pose>
		<truncated>0</truncated>
		<difficult>0</difficult>
		<occluded>0</occluded>
		<bndbox>
			<xmin>127</xmin>
			<xmax>201</xmax>
			<ymin>150</ymin>
			<ymax>177</ymax>
		</bndbox>
		<polygon>
			<x1>172</x1>
			<y1>151</y1>
			<x2>173</x2>
			<y2>152</y2>
			<x3>177</x3>
			<y3>152</y3>
			<x4>178</x4>
			<y4>153</y4>
			<x5>180</x5>
			<y5>153</y5>
			<x6>181</x6>
			<y6>154</y6>
			<x7>186</x7>
			<y7>155</y7>
			<x8>188</x8>
			<y8>157</y8>
			<x9>191</x9>
			<y9>158</y9>
			<x10>195</x10>
			<y10>162</y10>
			<x11>196</x11>
			<y11>162</y11>
			<x12>196</x12>
			<y12>163</y12>
			<x13>199</x13>
			<y13>167</y13>
			<x14>199</x14>
			<y14>170</y14>
			<x15>200</x15>
			<y15>171</y15>
			<x16>200</x16>
			<y16>174</y16>
			<x17>199</x17>
			<y17>176</y17>
			<x18>197</x18>
			<y18>175</y18>
			<x19>194</x19>
			<y19>175</y19>
			<x20>191</x20>
			<y20>173</y20>
			<x21>191</x21>
			<y21>171</y21>
			<x22>192</x22>
			<y22>169</y22>
			<x23>191</x23>
			<y23>167</y23>
			<x24>188</x24>
			<y24>164</y24>
			<x25>184</x25>
			<y25>164</y25>
			<x26>179</x26>
			<y26>161</y26>
			<x27>173</x27>
			<y27>161</y27>
			<x28>172</x28>
			<y28>159</y28>
			<x29>168</x29>
			<y29>157</y29>
			<x30>160</x30>
			<y30>157</y30>
			<x31>156</x31>
			<y31>160</y31>
			<x32>153</x32>
			<y32>160</y32>
			<x33>150</x33>
			<y33>158</y33>
			<x34>145</x34>
			<y34>158</y34>
			<x35>141</x35>
			<y35>161</y35>
			<x36>139</x36>
			<y36>161</y36>
			<x37>138</x37>
			<y37>162</y37>
			<x38>136</x38>
			<y38>162</y38>
			<x39>134</x39>
			<y39>163</y39>
			<x40>132</x40>
			<y40>165</y40>
			<x41>126</x41>
			<y41>165</y41>
			<x42>127</x42>
			<y42>163</y42>
			<x43>127</x43>
			<y43>161</y43>
			<x44>131</x44>
			<y44>156</y44>
			<x45>132</x45>
			<y45>156</y45>
			<x46>136</x46>
			<y46>153</y46>
			<x47>138</x47>
			<y47>153</y47>
			<x48>139</x48>
			<y48>152</y48>
			<x49>141</x49>
			<y49>152</y49>
			<x50>145</x50>
			<y50>150</y50>
			<x51>166</x51>
			<y51>150</y51>
			<x52>167</x52>
			<y52>151</y52>
			<x53>171</x53>
			<y53>151</y53>
		</polygon>
	</object>
	<object>
		<name>Watermelon rind</name>
		<pose>Unspecified</pose>
		<truncated>0</truncated>
		<difficult>0</difficult>
		<occluded>0</occluded>
		<bndbox>
			<xmin>126</xmin>
			<xmax>179</xmax>
			<ymin>168</ymin>
			<ymax>205</ymax>
		</bndbox>
		<polygon>
			<x1>169</x1>
			<y1>168</y1>
			<x2>170</x2>
			<y2>169</y2>
			<x3>172</x3>
			<y3>169</y3>
			<x4>174</x4>
			<y4>170</y4>
			<x5>177</x5>
			<y5>173</y5>
			<x6>175</x6>
			<y6>175</y6>
			<x7>173</x7>
			<y7>174</y7>
			<x8>164</x8>
			<y8>174</y8>
			<x9>163</x9>
			<y9>173</y9>
			<x10>161</x10>
			<y10>173</y10>
			<x11>159</x11>
			<y11>174</y11>
			<x12>156</x12>
			<y12>177</y12>
			<x13>148</x13>
			<y13>177</y13>
			<x14>146</x14>
			<y14>178</y14>
			<x15>143</x15>
			<y15>181</y15>
			<x16>142</x16>
			<y16>184</y16>
			<x17>140</x17>
			<y17>184</y17>
			<x18>132</x18>
			<y18>192</y18>
			<x19>132</x19>
			<y19>195</y19>
			<x20>135</x20>
			<y20>198</y20>
			<x21>135</x21>
			<y21>200</y21>
			<x22>131</x22>
			<y22>203</y22>
			<x23>129</x23>
			<y23>203</y23>
			<x24>129</x24>
			<y24>202</y24>
			<x25>126</x25>
			<y25>199</y25>
			<x26>125</x26>
			<y26>197</y26>
			<x27>125</x27>
			<y27>189</y27>
			<x28>127</x28>
			<y28>185</y28>
			<x29>134</x29>
			<y29>178</y29>
			<x30>135</x30>
			<y30>178</y30>
			<x31>140</x31>
			<y31>174</y31>
			<x32>148</x32>
			<y32>170</y32>
			<x33>150</x33>
			<y33>170</y33>
			<x34>151</x34>
			<y34>169</y34>
			<x35>154</x35>
			<y35>169</y35>
			<x36>155</x36>
			<y36>168</y36>
			<x37>168</x37>
			<y37>168</y37>
		</polygon>
	</object>
	<metadata>
	</metadata>
</annotation>
