<annotation>
	<folder></folder>
	<filename>IMG_1933_HEIC.rf.28bd44acace7b0be54772744720d2eaf.jpg</filename>
	<path>IMG_1933_HEIC.rf.28bd44acace7b0be54772744720d2eaf.jpg</path>
	<source>
		<database>roboflow.com</database>
	</source>
	<size>
		<width>320</width>
		<height>320</height>
		<depth>3</depth>
	</size>
	<segmented>0</segmented>
	<object>
		<name>Egg shell</name>
		<pose>Unspecified</pose>
		<truncated>0</truncated>
		<difficult>0</difficult>
		<occluded>0</occluded>
		<bndbox>
			<xmin>162</xmin>
			<xmax>194</xmax>
			<ymin>117</ymin>
			<ymax>134</ymax>
		</bndbox>
	</object>
	<metadata>
	</metadata>
</annotation>
