<annotation>
	<folder></folder>
	<filename>IMG_8394_jpeg.rf.288dfaa999c7c3062e1677bd8870dcaa.jpg</filename>
	<path>IMG_8394_jpeg.rf.288dfaa999c7c3062e1677bd8870dcaa.jpg</path>
	<source>
		<database>roboflow.com</database>
	</source>
	<size>
		<width>320</width>
		<height>320</height>
		<depth>3</depth>
	</size>
	<segmented>0</segmented>
	<object>
		<name>fish</name>
		<pose>Unspecified</pose>
		<truncated>0</truncated>
		<difficult>0</difficult>
		<occluded>0</occluded>
		<bndbox>
			<xmin>143</xmin>
			<xmax>189</xmax>
			<ymin>131</ymin>
			<ymax>188</ymax>
		</bndbox>
		<polygon>
			<x1>158</x1>
			<y1>130</y1>
			<x2>160</x2>
			<y2>131</y2>
			<x3>161</x3>
			<y3>133</y3>
			<x4>163</x4>
			<y4>133</y4>
			<x5>164</x5>
			<y5>132</y5>
			<x6>168</x6>
			<y6>136</y6>
			<x7>168</x7>
			<y7>143</y7>
			<x8>164</x8>
			<y8>145</y8>
			<x9>166</x9>
			<y9>147</y9>
			<x10>167</x10>
			<y10>147</y10>
			<x11>167</x11>
			<y11>151</y11>
			<x12>169</x12>
			<y12>153</y12>
			<x13>169</x13>
			<y13>156</y13>
			<x14>171</x14>
			<y14>158</y14>
			<x15>173</x15>
			<y15>156</y15>
			<x16>173</x16>
			<y16>155</y16>
			<x17>174</x17>
			<y17>155</y17>
			<x18>176</x18>
			<y18>159</y18>
			<x19>175</x19>
			<y19>160</y19>
			<x20>175</x20>
			<y20>162</y20>
			<x21>178</x21>
			<y21>164</y21>
			<x22>180</x22>
			<y22>163</y22>
			<x23>182</x23>
			<y23>165</y23>
			<x24>182</x24>
			<y24>167</y24>
			<x25>186</x25>
			<y25>172</y25>
			<x26>186</x26>
			<y26>174</y26>
			<x27>187</x27>
			<y27>175</y27>
			<x28>187</x28>
			<y28>183</y28>
			<x29>185</x29>
			<y29>181</y29>
			<x30>183</x30>
			<y30>182</y30>
			<x31>182</x31>
			<y31>184</y31>
			<x32>180</x32>
			<y32>185</y32>
			<x33>180</x33>
			<y33>186</y33>
			<x34>178</x34>
			<y34>186</y34>
			<x35>178</x35>
			<y35>185</y35>
			<x36>180</x36>
			<y36>185</y36>
			<x37>181</x37>
			<y37>183</y37>
			<x38>183</x38>
			<y38>182</y38>
			<x39>183</x39>
			<y39>172</y39>
			<x40>182</x40>
			<y40>171</y40>
			<x41>180</x41>
			<y41>171</y41>
			<x42>169</x42>
			<y42>182</y42>
			<x43>169</x43>
			<y43>183</y43>
			<x44>171</x44>
			<y44>184</y44>
			<x45>171</x45>
			<y45>185</y45>
			<x46>170</x46>
			<y46>184</y46>
			<x47>169</x47>
			<y47>185</y47>
			<x48>167</x48>
			<y48>184</y48>
			<x49>165</x49>
			<y49>184</y49>
			<x50>160</x50>
			<y50>181</y50>
			<x51>151</x51>
			<y51>181</y51>
			<x52>151</x52>
			<y52>179</y52>
			<x53>152</x53>
			<y53>178</y53>
			<x54>155</x54>
			<y54>178</y54>
			<x55>157</x55>
			<y55>176</y55>
			<x56>155</x56>
			<y56>174</y56>
			<x57>154</x57>
			<y57>175</y57>
			<x58>144</x58>
			<y58>175</y58>
			<x59>142</x59>
			<y59>174</y59>
			<x60>144</x60>
			<y60>172</y60>
			<x61>148</x61>
			<y61>172</y61>
			<x62>149</x62>
			<y62>171</y62>
			<x63>151</x63>
			<y63>171</y63>
			<x64>154</x64>
			<y64>168</y64>
			<x65>153</x65>
			<y65>167</y65>
			<x66>151</x66>
			<y66>167</y66>
			<x67>149</x67>
			<y67>168</y67>
			<x68>148</x68>
			<y68>167</y68>
			<x69>143</x69>
			<y69>166</y69>
			<x70>143</x70>
			<y70>165</y70>
			<x71>144</x71>
			<y71>164</y71>
			<x72>151</x72>
			<y72>163</y72>
			<x73>155</x73>
			<y73>161</y73>
			<x74>152</x74>
			<y74>158</y74>
			<x75>149</x75>
			<y75>157</y75>
			<x76>148</x76>
			<y76>155</y76>
			<x77>149</x77>
			<y77>154</y77>
			<x78>152</x78>
			<y78>154</y78>
			<x79>153</x79>
			<y79>153</y79>
			<x80>153</x80>
			<y80>151</y80>
			<x81>152</x81>
			<y81>150</y81>
			<x82>152</x82>
			<y82>147</y82>
			<x83>155</x83>
			<y83>145</y83>
			<x84>152</x84>
			<y84>139</y84>
			<x85>152</x85>
			<y85>137</y85>
			<x86>151</x86>
			<y86>136</y86>
			<x87>151</x87>
			<y87>133</y87>
			<x88>154</x88>
			<y88>133</y88>
			<x89>156</x89>
			<y89>131</y89>
			<x90>157</x90>
			<y90>131</y90>
		</polygon>
	</object>
	<metadata>
	</metadata>
</annotation>
