<annotation>
	<folder></folder>
	<filename>IMG_8494_jpeg.rf.0713a31b5dce78fafcae2d7931cc9571.jpg</filename>
	<path>IMG_8494_jpeg.rf.0713a31b5dce78fafcae2d7931cc9571.jpg</path>
	<source>
		<database>roboflow.com</database>
	</source>
	<size>
		<width>320</width>
		<height>320</height>
		<depth>3</depth>
	</size>
	<segmented>0</segmented>
	<object>
		<name>fish</name>
		<pose>Unspecified</pose>
		<truncated>0</truncated>
		<difficult>0</difficult>
		<occluded>0</occluded>
		<bndbox>
			<xmin>88</xmin>
			<xmax>156</xmax>
			<ymin>139</ymin>
			<ymax>194</ymax>
		</bndbox>
		<polygon>
			<x1>93</x1>
			<y1>138</y1>
			<x2>108</x2>
			<y2>138</y2>
			<x3>109</x3>
			<y3>139</y3>
			<x4>118</x4>
			<y4>139</y4>
			<x5>120</x5>
			<y5>141</y5>
			<x6>123</x6>
			<y6>141</y6>
			<x7>124</x7>
			<y7>140</y7>
			<x8>128</x8>
			<y8>140</y8>
			<x9>130</x9>
			<y9>139</y9>
			<x10>131</x10>
			<y10>140</y10>
			<x11>130</x11>
			<y11>140</y11>
			<x12>124</x12>
			<y12>145</y12>
			<x13>125</x13>
			<y13>146</y13>
			<x14>127</x14>
			<y14>145</y14>
			<x15>128</x15>
			<y15>147</y15>
			<x16>131</x16>
			<y16>145</y16>
			<x17>135</x17>
			<y17>145</y17>
			<x18>136</x18>
			<y18>144</y18>
			<x19>144</x19>
			<y19>144</y19>
			<x20>132</x20>
			<y20>150</y20>
			<x21>129</x21>
			<y21>153</y21>
			<x22>129</x22>
			<y22>155</y22>
			<x23>130</x23>
			<y23>156</y23>
			<x24>132</x24>
			<y24>156</y24>
			<x25>136</x25>
			<y25>154</y25>
			<x26>140</x26>
			<y26>154</y26>
			<x27>141</x27>
			<y27>153</y27>
			<x28>147</x28>
			<y28>153</y28>
			<x29>145</x29>
			<y29>154</y29>
			<x30>143</x30>
			<y30>154</y30>
			<x31>139</x31>
			<y31>157</y31>
			<x32>138</x32>
			<y32>157</y32>
			<x33>134</x33>
			<y33>161</y33>
			<x34>134</x34>
			<y34>162</y34>
			<x35>136</x35>
			<y35>164</y35>
			<x36>147</x36>
			<y36>164</y36>
			<x37>147</x37>
			<y37>165</y37>
			<x38>145</x38>
			<y38>166</y38>
			<x39>143</x39>
			<y39>166</y39>
			<x40>141</x40>
			<y40>168</y40>
			<x41>146</x41>
			<y41>172</y41>
			<x42>146</x42>
			<y42>173</y42>
			<x43>143</x43>
			<y43>173</y43>
			<x44>142</x44>
			<y44>175</y44>
			<x45>144</x45>
			<y45>177</y45>
			<x46>145</x46>
			<y46>177</y46>
			<x47>150</x47>
			<y47>182</y47>
			<x48>151</x48>
			<y48>182</y48>
			<x49>155</x49>
			<y49>186</y49>
			<x50>154</x50>
			<y50>188</y50>
			<x51>152</x51>
			<y51>187</y51>
			<x52>150</x52>
			<y52>189</y52>
			<x53>150</x53>
			<y53>191</y53>
			<x54>149</x54>
			<y54>192</y54>
			<x55>147</x55>
			<y55>192</y55>
			<x56>145</x56>
			<y56>189</y56>
			<x57>144</x57>
			<y57>189</y57>
			<x58>142</x58>
			<y58>191</y58>
			<x59>140</x59>
			<y59>191</y59>
			<x60>137</x60>
			<y60>189</y60>
			<x61>135</x61>
			<y61>189</y61>
			<x62>135</x62>
			<y62>187</y62>
			<x63>133</x63>
			<y63>185</y63>
			<x64>133</x64>
			<y64>184</y64>
			<x65>138</x65>
			<y65>178</y65>
			<x66>138</x66>
			<y66>176</y66>
			<x67>137</x67>
			<y67>175</y67>
			<x68>136</x68>
			<y68>176</y68>
			<x69>134</x69>
			<y69>176</y69>
			<x70>133</x70>
			<y70>174</y70>
			<x71>132</x71>
			<y71>174</y71>
			<x72>131</x72>
			<y72>176</y72>
			<x73>130</x73>
			<y73>176</y73>
			<x74>130</x74>
			<y74>170</y74>
			<x75>131</x75>
			<y75>169</y75>
			<x76>130</x76>
			<y76>168</y76>
			<x77>128</x77>
			<y77>168</y77>
			<x78>126</x78>
			<y78>170</y78>
			<x79>125</x79>
			<y79>170</y79>
			<x80>124</x80>
			<y80>169</y80>
			<x81>124</x81>
			<y81>165</y81>
			<x82>122</x82>
			<y82>163</y82>
			<x83>120</x83>
			<y83>165</y83>
			<x84>118</x84>
			<y84>171</y84>
			<x85>116</x85>
			<y85>168</y85>
			<x86>116</x86>
			<y86>161</y86>
			<x87>115</x87>
			<y87>160</y87>
			<x88>114</x88>
			<y88>160</y88>
			<x89>113</x89>
			<y89>162</y89>
			<x90>112</x90>
			<y90>162</y90>
			<x91>110</x91>
			<y91>160</y91>
			<x92>108</x92>
			<y92>162</y92>
			<x93>108</x93>
			<y93>163</y93>
			<x94>106</x94>
			<y94>163</y94>
			<x95>104</x95>
			<y95>161</y95>
			<x96>103</x96>
			<y96>161</y96>
			<x97>101</x97>
			<y97>159</y97>
			<x98>97</x98>
			<y98>157</y98>
			<x99>90</x99>
			<y99>150</y99>
			<x100>87</x100>
			<y100>144</y100>
			<x101>88</x101>
			<y101>143</y101>
			<x102>91</x102>
			<y102>143</y102>
			<x103>93</x103>
			<y103>141</y103>
			<x104>93</x104>
			<y104>139</y104>
		</polygon>
	</object>
	<metadata>
	</metadata>
</annotation>
