<annotation>
	<folder></folder>
	<filename>IMG_8190_jpeg.rf.3b652ffad6dc9cd638876582cba49fe4.jpg</filename>
	<path>IMG_8190_jpeg.rf.3b652ffad6dc9cd638876582cba49fe4.jpg</path>
	<source>
		<database>roboflow.com</database>
	</source>
	<size>
		<width>320</width>
		<height>320</height>
		<depth>3</depth>
	</size>
	<segmented>0</segmented>
	<object>
		<name>Watermelon rind</name>
		<pose>Unspecified</pose>
		<truncated>0</truncated>
		<difficult>0</difficult>
		<occluded>0</occluded>
		<bndbox>
			<xmin>163</xmin>
			<xmax>218</xmax>
			<ymin>149</ymin>
			<ymax>176</ymax>
		</bndbox>
		<polygon>
			<x1>177</x1>
			<y1>150</y1>
			<x2>180</x2>
			<y2>152</y2>
			<x3>183</x3>
			<y3>152</y3>
			<x4>189</x4>
			<y4>155</y4>
			<x5>191</x5>
			<y5>155</y5>
			<x6>193</x6>
			<y6>157</y6>
			<x7>197</x7>
			<y7>159</y7>
			<x8>200</x8>
			<y8>162</y8>
			<x9>201</x9>
			<y9>162</y9>
			<x10>205</x10>
			<y10>166</y10>
			<x11>205</x11>
			<y11>167</y11>
			<x12>202</x12>
			<y12>166</y12>
			<x13>199</x13>
			<y13>163</y13>
			<x14>196</x14>
			<y14>162</y14>
			<x15>193</x15>
			<y15>159</y15>
			<x16>189</x16>
			<y16>159</y16>
			<x17>181</x17>
			<y17>154</y17>
			<x18>179</x18>
			<y18>154</y18>
			<x19>178</x19>
			<y19>155</y19>
			<x20>177</x20>
			<y20>154</y20>
			<x21>170</x21>
			<y21>154</y21>
			<x22>169</x22>
			<y22>155</y22>
			<x23>169</x23>
			<y23>158</y23>
			<x24>167</x24>
			<y24>158</y24>
			<x25>165</x25>
			<y25>157</y25>
			<x26>163</x26>
			<y26>155</y26>
			<x27>163</x27>
			<y27>153</y27>
			<x28>162</x28>
			<y28>152</y28>
			<x29>164</x29>
			<y29>149</y29>
			<x30>171</x30>
			<y30>149</y30>
			<x31>172</x31>
			<y31>150</y31>
			<x32>176</x32>
			<y32>150</y32>
		</polygon>
	</object>
	<object>
		<name>Watermelon rind</name>
		<pose>Unspecified</pose>
		<truncated>0</truncated>
		<difficult>0</difficult>
		<occluded>0</occluded>
		<bndbox>
			<xmin>165</xmin>
			<xmax>225</xmax>
			<ymin>141</ymin>
			<ymax>181</ymax>
		</bndbox>
		<polygon>
			<x1>169</x1>
			<y1>141</y1>
			<x2>170</x2>
			<y2>140</y2>
			<x3>175</x3>
			<y3>140</y3>
			<x4>176</x4>
			<y4>141</y4>
			<x5>178</x5>
			<y5>141</y5>
			<x6>179</x6>
			<y6>142</y6>
			<x7>184</x7>
			<y7>143</y7>
			<x8>188</x8>
			<y8>146</y8>
			<x9>191</x9>
			<y9>147</y9>
			<x10>193</x10>
			<y10>149</y10>
			<x11>196</x11>
			<y11>150</y11>
			<x12>199</x12>
			<y12>153</y12>
			<x13>203</x13>
			<y13>155</y13>
			<x14>211</x14>
			<y14>162</y14>
			<x15>212</x15>
			<y15>162</y15>
			<x16>215</x16>
			<y16>165</y16>
			<x17>215</x17>
			<y17>166</y17>
			<x18>217</x18>
			<y18>167</y18>
			<x19>218</x19>
			<y19>169</y19>
			<x20>219</x20>
			<y20>169</y20>
			<x21>219</x21>
			<y21>170</y21>
			<x22>222</x22>
			<y22>173</y22>
			<x23>223</x23>
			<y23>175</y23>
			<x24>223</x24>
			<y24>177</y24>
			<x25>224</x25>
			<y25>178</y25>
			<x26>223</x26>
			<y26>179</y26>
			<x27>219</x27>
			<y27>176</y27>
			<x28>218</x28>
			<y28>176</y28>
			<x29>216</x29>
			<y29>174</y29>
			<x30>217</x30>
			<y30>172</y30>
			<x31>216</x31>
			<y31>170</y31>
			<x32>207</x32>
			<y32>162</y32>
			<x33>206</x33>
			<y33>162</y33>
			<x34>199</x34>
			<y34>155</y34>
			<x35>193</x35>
			<y35>152</y35>
			<x36>191</x36>
			<y36>152</y36>
			<x37>189</x37>
			<y37>151</y37>
			<x38>185</x38>
			<y38>147</y38>
			<x39>183</x39>
			<y39>146</y39>
			<x40>178</x40>
			<y40>145</y40>
			<x41>175</x41>
			<y41>143</y41>
			<x42>172</x42>
			<y42>143</y42>
			<x43>170</x43>
			<y43>141</y43>
		</polygon>
	</object>
	<metadata>
	</metadata>
</annotation>
