<annotation>
	<folder></folder>
	<filename>IMG_8161_mov-0012_jpg.rf.6695ce55d90b85bc6bfc41c07aacdb07.jpg</filename>
	<path>IMG_8161_mov-0012_jpg.rf.6695ce55d90b85bc6bfc41c07aacdb07.jpg</path>
	<source>
		<database>roboflow.com</database>
	</source>
	<size>
		<width>320</width>
		<height>320</height>
		<depth>3</depth>
	</size>
	<segmented>0</segmented>
	<object>
		<name>Watermelon rind</name>
		<pose>Unspecified</pose>
		<truncated>0</truncated>
		<difficult>0</difficult>
		<occluded>0</occluded>
		<bndbox>
			<xmin>96</xmin>
			<xmax>209</xmax>
			<ymin>160</ymin>
			<ymax>202</ymax>
		</bndbox>
		<polygon>
			<x1>118</x1>
			<y1>176</y1>
			<x2>123</x2>
			<y2>180</y2>
			<x3>125</x3>
			<y3>180</y3>
			<x4>128</x4>
			<y4>182</y4>
			<x5>134</x5>
			<y5>182</y5>
			<x6>135</x6>
			<y6>185</y6>
			<x7>138</x7>
			<y7>187</y7>
			<x8>140</x8>
			<y8>187</y8>
			<x9>144</x9>
			<y9>189</y9>
			<x10>149</x10>
			<y10>189</y10>
			<x11>150</x11>
			<y11>190</y11>
			<x12>153</x12>
			<y12>190</y12>
			<x13>154</x13>
			<y13>189</y13>
			<x14>157</x14>
			<y14>189</y14>
			<x15>158</x15>
			<y15>188</y15>
			<x16>165</x16>
			<y16>188</y16>
			<x17>167</x17>
			<y17>190</y17>
			<x18>169</x18>
			<y18>191</y18>
			<x19>171</x19>
			<y19>191</y19>
			<x20>172</x20>
			<y20>192</y20>
			<x21>178</x21>
			<y21>192</y21>
			<x22>179</x22>
			<y22>191</y22>
			<x23>182</x23>
			<y23>191</y23>
			<x24>183</x24>
			<y24>190</y24>
			<x25>195</x25>
			<y25>190</y25>
			<x26>198</x26>
			<y26>188</y26>
			<x27>204</x27>
			<y27>188</y27>
			<x28>205</x28>
			<y28>189</y28>
			<x29>207</x29>
			<y29>189</y29>
			<x30>207</x30>
			<y30>191</y30>
			<x31>204</x31>
			<y31>194</y31>
			<x32>198</x32>
			<y32>197</y32>
			<x33>196</x33>
			<y33>197</y33>
			<x34>195</x34>
			<y34>198</y34>
			<x35>192</x35>
			<y35>198</y35>
			<x36>191</x36>
			<y36>199</y36>
			<x37>188</x37>
			<y37>199</y37>
			<x38>187</x38>
			<y38>200</y38>
			<x39>178</x39>
			<y39>200</y39>
			<x40>177</x40>
			<y40>201</y40>
			<x41>172</x41>
			<y41>201</y41>
			<x42>171</x42>
			<y42>200</y42>
			<x43>158</x43>
			<y43>200</y43>
			<x44>157</x44>
			<y44>199</y44>
			<x45>150</x45>
			<y45>199</y45>
			<x46>149</x46>
			<y46>198</y46>
			<x47>146</x47>
			<y47>198</y47>
			<x48>145</x48>
			<y48>197</y48>
			<x49>141</x49>
			<y49>197</y49>
			<x50>140</x50>
			<y50>196</y50>
			<x51>133</x51>
			<y51>195</y51>
			<x52>129</x52>
			<y52>193</y52>
			<x53>126</x53>
			<y53>193</y53>
			<x54>123</x54>
			<y54>191</y54>
			<x55>120</x55>
			<y55>191</y55>
			<x56>104</x56>
			<y56>183</y56>
			<x57>100</x57>
			<y57>179</y57>
			<x58>99</x58>
			<y58>179</y58>
			<x59>99</x59>
			<y59>178</y59>
			<x60>96</x60>
			<y60>175</y60>
			<x61>96</x61>
			<y61>173</y61>
			<x62>95</x62>
			<y62>172</y62>
			<x63>95</x63>
			<y63>168</y63>
			<x64>96</x64>
			<y64>167</y64>
			<x65>96</x65>
			<y65>165</y65>
			<x66>97</x66>
			<y66>163</y66>
			<x67>100</x67>
			<y67>160</y67>
			<x68>103</x68>
			<y68>160</y68>
			<x69>104</x69>
			<y69>161</y69>
			<x70>108</x70>
			<y70>161</y70>
			<x71>109</x71>
			<y71>162</y71>
			<x72>111</x72>
			<y72>162</y72>
			<x73>114</x73>
			<y73>165</y73>
			<x74>112</x74>
			<y74>166</y74>
			<x75>109</x75>
			<y75>169</y75>
			<x76>109</x76>
			<y76>172</y76>
			<x77>112</x77>
			<y77>175</y77>
			<x78>117</x78>
			<y78>176</y78>
		</polygon>
	</object>
	<object>
		<name>Watermelon rind</name>
		<pose>Unspecified</pose>
		<truncated>0</truncated>
		<difficult>0</difficult>
		<occluded>0</occluded>
		<bndbox>
			<xmin>136</xmin>
			<xmax>226</xmax>
			<ymin>153</ymin>
			<ymax>181</ymax>
		</bndbox>
		<polygon>
			<x1>222</x1>
			<y1>153</y1>
			<x2>224</x2>
			<y2>156</y2>
			<x3>224</x3>
			<y3>158</y3>
			<x4>225</x4>
			<y4>160</y4>
			<x5>224</x5>
			<y5>161</y5>
			<x6>224</x6>
			<y6>163</y6>
			<x7>223</x7>
			<y7>165</y7>
			<x8>218</x8>
			<y8>169</y8>
			<x9>212</x9>
			<y9>172</y9>
			<x10>207</x10>
			<y10>173</y10>
			<x11>206</x11>
			<y11>174</y11>
			<x12>203</x12>
			<y12>174</y12>
			<x13>202</x13>
			<y13>175</y13>
			<x14>199</x14>
			<y14>175</y14>
			<x15>198</x15>
			<y15>176</y15>
			<x16>195</x16>
			<y16>176</y16>
			<x17>194</x17>
			<y17>177</y17>
			<x18>190</x18>
			<y18>177</y18>
			<x19>189</x19>
			<y19>178</y19>
			<x20>182</x20>
			<y20>178</y20>
			<x21>181</x21>
			<y21>179</y21>
			<x22>159</x22>
			<y22>179</y22>
			<x23>158</x23>
			<y23>178</y23>
			<x24>152</x24>
			<y24>178</y24>
			<x25>151</x25>
			<y25>177</y25>
			<x26>148</x26>
			<y26>177</y26>
			<x27>147</x27>
			<y27>176</y27>
			<x28>145</x28>
			<y28>176</y28>
			<x29>139</x29>
			<y29>173</y29>
			<x30>135</x30>
			<y30>169</y30>
			<x31>136</x31>
			<y31>168</y31>
			<x32>143</x32>
			<y32>168</y32>
			<x33>147</x33>
			<y33>170</y33>
			<x34>154</x34>
			<y34>170</y34>
			<x35>158</x35>
			<y35>172</y35>
			<x36>166</x36>
			<y36>172</y36>
			<x37>169</x37>
			<y37>170</y37>
			<x38>175</x38>
			<y38>170</y38>
			<x39>179</x39>
			<y39>172</y39>
			<x40>185</x40>
			<y40>172</y40>
			<x41>186</x41>
			<y41>171</y41>
			<x42>190</x42>
			<y42>171</y42>
			<x43>192</x43>
			<y43>170</y43>
			<x44>195</x44>
			<y44>167</y44>
			<x45>201</x45>
			<y45>167</y45>
			<x46>206</x46>
			<y46>164</y46>
			<x47>209</x47>
			<y47>164</y47>
			<x48>210</x48>
			<y48>163</y48>
			<x49>212</x49>
			<y49>163</y49>
			<x50>214</x50>
			<y50>161</y50>
			<x51>214</x51>
			<y51>158</y51>
			<x52>211</x52>
			<y52>156</y52>
			<x53>216</x53>
			<y53>153</y53>
			<x54>221</x54>
			<y54>153</y54>
		</polygon>
	</object>
	<metadata>
	</metadata>
</annotation>
