<annotation>
	<folder></folder>
	<filename>IMG_8231_jpeg.rf.e9140b67357db25cedc6681206ebbc59.jpg</filename>
	<path>IMG_8231_jpeg.rf.e9140b67357db25cedc6681206ebbc59.jpg</path>
	<source>
		<database>roboflow.com</database>
	</source>
	<size>
		<width>320</width>
		<height>320</height>
		<depth>3</depth>
	</size>
	<segmented>0</segmented>
	<object>
		<name>Watermelon rind</name>
		<pose>Unspecified</pose>
		<truncated>0</truncated>
		<difficult>0</difficult>
		<occluded>0</occluded>
		<bndbox>
			<xmin>103</xmin>
			<xmax>129</xmax>
			<ymin>147</ymin>
			<ymax>204</ymax>
		</bndbox>
		<polygon>
			<x1>126</x1>
			<y1>146</y1>
			<x2>127</x2>
			<y2>147</y2>
			<x3>127</x3>
			<y3>150</y3>
			<x4>124</x4>
			<y4>154</y4>
			<x5>123</x5>
			<y5>153</y5>
			<x6>118</x6>
			<y6>153</y6>
			<x7>116</x7>
			<y7>155</y7>
			<x8>115</x8>
			<y8>157</y8>
			<x9>115</x9>
			<y9>159</y9>
			<x10>113</x10>
			<y10>162</y10>
			<x11>113</x11>
			<y11>167</y11>
			<x12>112</x12>
			<y12>167</y12>
			<x13>110</x13>
			<y13>169</y13>
			<x14>110</x14>
			<y14>171</y14>
			<x15>109</x15>
			<y15>172</y15>
			<x16>109</x16>
			<y16>175</y16>
			<x17>110</x17>
			<y17>177</y17>
			<x18>113</x18>
			<y18>180</y18>
			<x19>113</x19>
			<y19>183</y19>
			<x20>111</x20>
			<y20>185</y20>
			<x21>111</x21>
			<y21>187</y21>
			<x22>112</x22>
			<y22>189</y22>
			<x23>115</x23>
			<y23>192</y23>
			<x24>115</x24>
			<y24>194</y24>
			<x25>119</x25>
			<y25>198</y25>
			<x26>120</x26>
			<y26>200</y26>
			<x27>119</x27>
			<y27>202</y27>
			<x28>116</x28>
			<y28>202</y28>
			<x29>112</x29>
			<y29>199</y29>
			<x30>111</x30>
			<y30>199</y30>
			<x31>106</x31>
			<y31>193</y31>
			<x32>105</x32>
			<y32>191</y32>
			<x33>105</x33>
			<y33>189</y33>
			<x34>104</x34>
			<y34>188</y34>
			<x35>104</x35>
			<y35>186</y35>
			<x36>103</x36>
			<y36>185</y36>
			<x37>103</x37>
			<y37>179</y37>
			<x38>102</x38>
			<y38>178</y38>
			<x39>102</x39>
			<y39>174</y39>
			<x40>103</x40>
			<y40>173</y40>
			<x41>103</x41>
			<y41>165</y41>
			<x42>104</x42>
			<y42>164</y42>
			<x43>105</x43>
			<y43>159</y43>
			<x44>107</x44>
			<y44>155</y44>
			<x45>109</x45>
			<y45>153</y45>
			<x46>109</x46>
			<y46>152</y46>
			<x47>111</x47>
			<y47>150</y47>
			<x48>112</x48>
			<y48>150</y48>
			<x49>116</x49>
			<y49>147</y49>
			<x50>119</x50>
			<y50>147</y50>
			<x51>120</x51>
			<y51>146</y51>
			<x52>125</x52>
			<y52>146</y52>
		</polygon>
	</object>
	<object>
		<name>Watermelon rind</name>
		<pose>Unspecified</pose>
		<truncated>0</truncated>
		<difficult>0</difficult>
		<occluded>0</occluded>
		<bndbox>
			<xmin>121</xmin>
			<xmax>161</xmax>
			<ymin>165</ymin>
			<ymax>209</ymax>
		</bndbox>
		<polygon>
			<x1>126</x1>
			<y1>165</y1>
			<x2>127</x2>
			<y2>166</y2>
			<x3>127</x3>
			<y3>169</y3>
			<x4>126</x4>
			<y4>170</y4>
			<x5>127</x5>
			<y5>175</y5>
			<x6>126</x6>
			<y6>177</y6>
			<x7>127</x7>
			<y7>179</y7>
			<x8>131</x8>
			<y8>182</y8>
			<x9>131</x9>
			<y9>184</y9>
			<x10>130</x10>
			<y10>186</y10>
			<x11>132</x11>
			<y11>190</y11>
			<x12>134</x12>
			<y12>192</y12>
			<x13>137</x13>
			<y13>193</y13>
			<x14>147</x14>
			<y14>202</y14>
			<x15>151</x15>
			<y15>202</y15>
			<x16>153</x16>
			<y16>200</y16>
			<x17>155</x17>
			<y17>200</y17>
			<x18>159</x18>
			<y18>204</y18>
			<x19>159</x19>
			<y19>205</y19>
			<x20>156</x20>
			<y20>207</y20>
			<x21>146</x21>
			<y21>207</y21>
			<x22>145</x22>
			<y22>206</y22>
			<x23>143</x23>
			<y23>206</y23>
			<x24>137</x24>
			<y24>203</y24>
			<x25>127</x25>
			<y25>193</y25>
			<x26>126</x26>
			<y26>190</y26>
			<x27>124</x27>
			<y27>188</y27>
			<x28>122</x28>
			<y28>184</y28>
			<x29>122</x29>
			<y29>182</y29>
			<x30>121</x30>
			<y30>181</y30>
			<x31>121</x31>
			<y31>178</y31>
			<x32>120</x32>
			<y32>177</y32>
			<x33>120</x33>
			<y33>172</y33>
			<x34>121</x34>
			<y34>171</y34>
			<x35>121</x35>
			<y35>169</y35>
			<x36>123</x36>
			<y36>167</y36>
			<x37>123</x37>
			<y37>166</y37>
			<x38>125</x38>
			<y38>165</y38>
		</polygon>
	</object>
	<metadata>
	</metadata>
</annotation>
