<annotation>
	<folder></folder>
	<filename>IMG_8237_jpeg.rf.708b9836f8233955df24c1d507cd05fe.jpg</filename>
	<path>IMG_8237_jpeg.rf.708b9836f8233955df24c1d507cd05fe.jpg</path>
	<source>
		<database>roboflow.com</database>
	</source>
	<size>
		<width>320</width>
		<height>320</height>
		<depth>3</depth>
	</size>
	<segmented>0</segmented>
	<object>
		<name>Watermelon rind</name>
		<pose>Unspecified</pose>
		<truncated>0</truncated>
		<difficult>0</difficult>
		<occluded>0</occluded>
		<bndbox>
			<xmin>74</xmin>
			<xmax>138</xmax>
			<ymin>146</ymin>
			<ymax>225</ymax>
		</bndbox>
		<polygon>
			<x1>97</x1>
			<y1>145</y1>
			<x2>100</x2>
			<y2>150</y2>
			<x3>100</x3>
			<y3>156</y3>
			<x4>98</x4>
			<y4>157</y4>
			<x5>93</x5>
			<y5>157</y5>
			<x6>91</x6>
			<y6>158</y6>
			<x7>87</x7>
			<y7>162</y7>
			<x8>87</x8>
			<y8>164</y8>
			<x9>90</x9>
			<y9>169</y9>
			<x10>89</x10>
			<y10>171</y10>
			<x11>90</x11>
			<y11>176</y11>
			<x12>94</x12>
			<y12>180</y12>
			<x13>94</x13>
			<y13>181</y13>
			<x14>92</x14>
			<y14>183</y14>
			<x15>92</x15>
			<y15>188</y15>
			<x16>93</x16>
			<y16>190</y16>
			<x17>98</x17>
			<y17>196</y17>
			<x18>100</x18>
			<y18>197</y18>
			<x19>103</x19>
			<y19>197</y19>
			<x20>104</x20>
			<y20>198</y20>
			<x21>107</x21>
			<y21>198</y21>
			<x22>108</x22>
			<y22>199</y22>
			<x23>108</x23>
			<y23>206</y23>
			<x24>111</x24>
			<y24>209</y24>
			<x25>113</x25>
			<y25>210</y25>
			<x26>115</x26>
			<y26>210</y26>
			<x27>116</x27>
			<y27>211</y27>
			<x28>119</x28>
			<y28>211</y28>
			<x29>121</x29>
			<y29>213</y29>
			<x30>122</x30>
			<y30>213</y30>
			<x31>124</x31>
			<y31>215</y31>
			<x32>128</x32>
			<y32>217</y32>
			<x33>134</x33>
			<y33>217</y33>
			<x34>134</x34>
			<y34>218</y34>
			<x35>136</x35>
			<y35>220</y35>
			<x36>136</x36>
			<y36>222</y36>
			<x37>134</x37>
			<y37>222</y37>
			<x38>133</x38>
			<y38>223</y38>
			<x39>119</x39>
			<y39>223</y39>
			<x40>118</x40>
			<y40>222</y40>
			<x41>115</x41>
			<y41>222</y41>
			<x42>114</x42>
			<y42>221</y42>
			<x43>109</x43>
			<y43>220</y43>
			<x44>101</x44>
			<y44>216</y44>
			<x45>99</x45>
			<y45>214</y45>
			<x46>98</x46>
			<y46>214</y46>
			<x47>93</x47>
			<y47>209</y47>
			<x48>92</x48>
			<y48>209</y48>
			<x49>92</x49>
			<y49>208</y49>
			<x50>85</x50>
			<y50>201</y50>
			<x51>80</x51>
			<y51>191</y51>
			<x52>78</x52>
			<y52>189</y52>
			<x53>78</x53>
			<y53>187</y53>
			<x54>76</x54>
			<y54>184</y54>
			<x55>76</x55>
			<y55>182</y55>
			<x56>74</x56>
			<y56>178</y56>
			<x57>74</x57>
			<y57>163</y57>
			<x58>75</x58>
			<y58>162</y58>
			<x59>75</x59>
			<y59>160</y59>
			<x60>78</x60>
			<y60>156</y60>
			<x61>78</x61>
			<y61>155</y61>
			<x62>80</x62>
			<y62>154</y62>
			<x63>84</x63>
			<y63>150</y63>
			<x64>90</x64>
			<y64>147</y64>
			<x65>92</x65>
			<y65>147</y65>
			<x66>93</x66>
			<y66>146</y66>
			<x67>96</x67>
			<y67>146</y67>
		</polygon>
	</object>
	<object>
		<name>Watermelon rind</name>
		<pose>Unspecified</pose>
		<truncated>0</truncated>
		<difficult>0</difficult>
		<occluded>0</occluded>
		<bndbox>
			<xmin>109</xmin>
			<xmax>193</xmax>
			<ymin>170</ymin>
			<ymax>210</ymax>
		</bndbox>
		<polygon>
			<x1>114</x1>
			<y1>170</y1>
			<x2>116</x2>
			<y2>172</y2>
			<x3>116</x3>
			<y3>175</y3>
			<x4>122</x4>
			<y4>181</y4>
			<x5>122</x5>
			<y5>183</y5>
			<x6>126</x6>
			<y6>187</y6>
			<x7>134</x7>
			<y7>187</y7>
			<x8>136</x8>
			<y8>190</y8>
			<x9>136</x9>
			<y9>192</y9>
			<x10>139</x10>
			<y10>195</y10>
			<x11>141</x11>
			<y11>196</y11>
			<x12>143</x12>
			<y12>196</y12>
			<x13>144</x13>
			<y13>197</y13>
			<x14>147</x14>
			<y14>197</y14>
			<x15>148</x15>
			<y15>198</y15>
			<x16>155</x16>
			<y16>196</y16>
			<x17>158</x17>
			<y17>199</y17>
			<x18>162</x18>
			<y18>199</y18>
			<x19>163</x19>
			<y19>200</y19>
			<x20>165</x20>
			<y20>200</y20>
			<x21>166</x21>
			<y21>199</y21>
			<x22>170</x22>
			<y22>201</y22>
			<x23>175</x23>
			<y23>201</y23>
			<x24>180</x24>
			<y24>196</y24>
			<x25>181</x25>
			<y25>194</y25>
			<x26>187</x26>
			<y26>194</y26>
			<x27>190</x27>
			<y27>196</y27>
			<x28>192</x28>
			<y28>196</y28>
			<x29>190</x29>
			<y29>200</y29>
			<x30>184</x30>
			<y30>205</y30>
			<x31>182</x31>
			<y31>206</y31>
			<x32>180</x32>
			<y32>206</y32>
			<x33>179</x33>
			<y33>207</y33>
			<x34>177</x34>
			<y34>207</y34>
			<x35>176</x35>
			<y35>208</y35>
			<x36>172</x36>
			<y36>208</y36>
			<x37>171</x37>
			<y37>209</y37>
			<x38>161</x38>
			<y38>209</y38>
			<x39>160</x39>
			<y39>208</y39>
			<x40>154</x40>
			<y40>208</y40>
			<x41>153</x41>
			<y41>207</y41>
			<x42>146</x42>
			<y42>206</y42>
			<x43>145</x43>
			<y43>205</y43>
			<x44>143</x44>
			<y44>205</y44>
			<x45>142</x45>
			<y45>204</y45>
			<x46>140</x46>
			<y46>204</y46>
			<x47>139</x47>
			<y47>203</y47>
			<x48>134</x48>
			<y48>202</y48>
			<x49>124</x49>
			<y49>197</y49>
			<x50>122</x50>
			<y50>195</y50>
			<x51>118</x51>
			<y51>193</y51>
			<x52>112</x52>
			<y52>187</y52>
			<x53>108</x53>
			<y53>179</y53>
			<x54>108</x54>
			<y54>175</y54>
			<x55>109</x55>
			<y55>174</y55>
			<x56>109</x56>
			<y56>171</y56>
			<x57>110</x57>
			<y57>170</y57>
			<x58>113</x58>
			<y58>170</y58>
		</polygon>
	</object>
	<metadata>
	</metadata>
</annotation>
