<annotation>
	<folder></folder>
	<filename>IMG_8498_jpeg.rf.fcb43871f51497286bcaee4b4b5d0387.jpg</filename>
	<path>IMG_8498_jpeg.rf.fcb43871f51497286bcaee4b4b5d0387.jpg</path>
	<source>
		<database>roboflow.com</database>
	</source>
	<size>
		<width>320</width>
		<height>320</height>
		<depth>3</depth>
	</size>
	<segmented>0</segmented>
	<object>
		<name>fish</name>
		<pose>Unspecified</pose>
		<truncated>0</truncated>
		<difficult>0</difficult>
		<occluded>0</occluded>
		<bndbox>
			<xmin>98</xmin>
			<xmax>190</xmax>
			<ymin>181</ymin>
			<ymax>220</ymax>
		</bndbox>
		<polygon>
			<x1>178</x1>
			<y1>180</y1>
			<x2>179</x2>
			<y2>181</y2>
			<x3>184</x3>
			<y3>181</y3>
			<x4>185</x4>
			<y4>182</y4>
			<x5>183</x5>
			<y5>184</y5>
			<x6>183</x6>
			<y6>186</y6>
			<x7>184</x7>
			<y7>187</y7>
			<x8>187</x8>
			<y8>187</y8>
			<x9>188</x9>
			<y9>188</y9>
			<x10>187</x10>
			<y10>190</y10>
			<x11>185</x11>
			<y11>192</y11>
			<x12>185</x12>
			<y12>193</y12>
			<x13>177</x13>
			<y13>201</y13>
			<x14>176</x14>
			<y14>201</y14>
			<x15>173</x15>
			<y15>204</y15>
			<x16>170</x16>
			<y16>201</y16>
			<x17>169</x17>
			<y17>202</y17>
			<x18>169</x18>
			<y18>206</y18>
			<x19>168</x19>
			<y19>207</y19>
			<x20>168</x20>
			<y20>210</y20>
			<x21>167</x21>
			<y21>212</y21>
			<x22>166</x22>
			<y22>212</y22>
			<x23>165</x23>
			<y23>210</y23>
			<x24>165</x24>
			<y24>207</y24>
			<x25>163</x25>
			<y25>203</y25>
			<x26>161</x26>
			<y26>201</y26>
			<x27>159</x27>
			<y27>201</y27>
			<x28>158</x28>
			<y28>202</y28>
			<x29>158</x29>
			<y29>213</y29>
			<x30>155</x30>
			<y30>218</y30>
			<x31>154</x31>
			<y31>218</y31>
			<x32>154</x32>
			<y32>208</y32>
			<x33>152</x33>
			<y33>204</y33>
			<x34>149</x34>
			<y34>201</y34>
			<x35>146</x35>
			<y35>203</y35>
			<x36>146</x36>
			<y36>208</y36>
			<x37>145</x37>
			<y37>209</y37>
			<x38>144</x38>
			<y38>214</y38>
			<x39>142</x39>
			<y39>216</y39>
			<x40>142</x40>
			<y40>207</y40>
			<x41>139</x41>
			<y41>203</y41>
			<x42>135</x42>
			<y42>203</y42>
			<x43>133</x43>
			<y43>205</y43>
			<x44>132</x44>
			<y44>208</y44>
			<x45>130</x45>
			<y45>210</y45>
			<x46>129</x46>
			<y46>210</y46>
			<x47>128</x47>
			<y47>209</y47>
			<x48>129</x48>
			<y48>208</y48>
			<x49>129</x49>
			<y49>205</y49>
			<x50>128</x50>
			<y50>204</y50>
			<x51>125</x51>
			<y51>204</y51>
			<x52>124</x52>
			<y52>205</y52>
			<x53>120</x53>
			<y53>205</y53>
			<x54>121</x54>
			<y54>203</y54>
			<x55>119</x55>
			<y55>201</y55>
			<x56>117</x56>
			<y56>202</y56>
			<x57>112</x57>
			<y57>202</y57>
			<x58>111</x58>
			<y58>203</y58>
			<x59>104</x59>
			<y59>203</y59>
			<x60>103</x60>
			<y60>204</y60>
			<x61>100</x61>
			<y61>204</y61>
			<x62>99</x62>
			<y62>203</y62>
			<x63>100</x63>
			<y63>201</y63>
			<x64>97</x64>
			<y64>198</y64>
			<x65>97</x65>
			<y65>197</y65>
			<x66>99</x66>
			<y66>196</y66>
			<x67>103</x67>
			<y67>191</y67>
			<x68>105</x68>
			<y68>191</y68>
			<x69>108</x69>
			<y69>189</y69>
			<x70>111</x70>
			<y70>191</y70>
			<x71>112</x71>
			<y71>190</y71>
			<x72>114</x72>
			<y72>190</y72>
			<x73>115</x73>
			<y73>193</y73>
			<x74>119</x74>
			<y74>198</y74>
			<x75>120</x75>
			<y75>198</y75>
			<x76>121</x76>
			<y76>196</y76>
			<x77>124</x77>
			<y77>196</y77>
			<x78>125</x78>
			<y78>195</y78>
			<x79>124</x79>
			<y79>193</y79>
			<x80>126</x80>
			<y80>193</y80>
			<x81>131</x81>
			<y81>196</y81>
			<x82>133</x82>
			<y82>196</y82>
			<x83>134</x83>
			<y83>195</y83>
			<x84>133</x84>
			<y84>193</y84>
			<x85>139</x85>
			<y85>193</y85>
			<x86>140</x86>
			<y86>194</y86>
			<x87>142</x87>
			<y87>193</y87>
			<x88>137</x88>
			<y88>188</y88>
			<x89>141</x89>
			<y89>188</y89>
			<x90>145</x90>
			<y90>190</y90>
			<x91>148</x91>
			<y91>190</y91>
			<x92>150</x92>
			<y92>188</y92>
			<x93>153</x93>
			<y93>188</y93>
			<x94>154</x94>
			<y94>187</y94>
			<x95>150</x95>
			<y95>185</y95>
			<x96>152</x96>
			<y96>184</y96>
			<x97>154</x97>
			<y97>184</y97>
			<x98>158</x98>
			<y98>182</y98>
			<x99>162</x99>
			<y99>182</y99>
			<x100>163</x100>
			<y100>181</y100>
			<x101>169</x101>
			<y101>181</y101>
			<x102>170</x102>
			<y102>180</y102>
			<x103>177</x103>
			<y103>180</y103>
		</polygon>
	</object>
	<metadata>
	</metadata>
</annotation>
