<annotation>
	<folder></folder>
	<filename>IMG_1908_HEIC.rf.ef54e34510511bb560c930ed197114e8.jpg</filename>
	<path>IMG_1908_HEIC.rf.ef54e34510511bb560c930ed197114e8.jpg</path>
	<source>
		<database>roboflow.com</database>
	</source>
	<size>
		<width>320</width>
		<height>320</height>
		<depth>3</depth>
	</size>
	<segmented>0</segmented>
	<object>
		<name>Egg shell</name>
		<pose>Unspecified</pose>
		<truncated>0</truncated>
		<difficult>0</difficult>
		<occluded>0</occluded>
		<bndbox>
			<xmin>76</xmin>
			<xmax>142</xmax>
			<ymin>141</ymin>
			<ymax>170</ymax>
		</bndbox>
	</object>
	<metadata>
	</metadata>
</annotation>
