<annotation>
	<folder></folder>
	<filename>IMG_8350_jpeg.rf.35375e81b67b5313400d42bb075916ed.jpg</filename>
	<path>IMG_8350_jpeg.rf.35375e81b67b5313400d42bb075916ed.jpg</path>
	<source>
		<database>roboflow.com</database>
	</source>
	<size>
		<width>320</width>
		<height>320</height>
		<depth>3</depth>
	</size>
	<segmented>0</segmented>
	<object>
		<name>fish</name>
		<pose>Unspecified</pose>
		<truncated>0</truncated>
		<difficult>0</difficult>
		<occluded>0</occluded>
		<bndbox>
			<xmin>73</xmin>
			<xmax>160</xmax>
			<ymin>127</ymin>
			<ymax>165</ymax>
		</bndbox>
		<polygon>
			<x1>118</x1>
			<y1>127</y1>
			<x2>114</x2>
			<y2>134</y2>
			<x3>114</x3>
			<y3>137</y3>
			<x4>113</x4>
			<y4>138</y4>
			<x5>113</x5>
			<y5>141</y5>
			<x6>115</x6>
			<y6>143</y6>
			<x7>117</x7>
			<y7>143</y7>
			<x8>120</x8>
			<y8>139</y8>
			<x9>120</x9>
			<y9>138</y9>
			<x10>126</x10>
			<y10>132</y10>
			<x11>127</x11>
			<y11>132</y11>
			<x12>124</x12>
			<y12>138</y12>
			<x13>124</x13>
			<y13>144</y13>
			<x14>125</x14>
			<y14>145</y14>
			<x15>128</x15>
			<y15>145</y15>
			<x16>136</x16>
			<y16>140</y16>
			<x17>137</x17>
			<y17>141</y17>
			<x18>134</x18>
			<y18>145</y18>
			<x19>135</x19>
			<y19>146</y19>
			<x20>141</x20>
			<y20>146</y20>
			<x21>142</x21>
			<y21>147</y21>
			<x22>141</x22>
			<y22>149</y22>
			<x23>143</x23>
			<y23>151</y23>
			<x24>150</x24>
			<y24>151</y24>
			<x25>151</x25>
			<y25>152</y25>
			<x26>156</x26>
			<y26>152</y26>
			<x27>157</x27>
			<y27>153</y27>
			<x28>159</x28>
			<y28>153</y28>
			<x29>159</x29>
			<y29>154</y29>
			<x30>157</x30>
			<y30>156</y30>
			<x31>158</x31>
			<y31>157</y31>
			<x32>158</x32>
			<y32>159</y32>
			<x33>157</x33>
			<y33>160</y33>
			<x34>154</x34>
			<y34>160</y34>
			<x35>151</x35>
			<y35>163</y35>
			<x36>147</x36>
			<y36>163</y36>
			<x37>146</x37>
			<y37>164</y37>
			<x38>140</x38>
			<y38>161</y38>
			<x39>140</x39>
			<y39>154</y39>
			<x40>139</x40>
			<y40>153</y40>
			<x41>138</x41>
			<y41>153</y41>
			<x42>137</x42>
			<y42>155</y42>
			<x43>135</x43>
			<y43>155</y43>
			<x44>134</x44>
			<y44>154</y44>
			<x45>133</x45>
			<y45>155</y45>
			<x46>133</x46>
			<y46>157</y46>
			<x47>132</x47>
			<y47>157</y47>
			<x48>128</x48>
			<y48>153</y48>
			<x49>127</x49>
			<y49>151</y49>
			<x50>126</x50>
			<y50>151</y50>
			<x51>124</x51>
			<y51>153</y51>
			<x52>125</x52>
			<y52>154</y52>
			<x53>124</x53>
			<y53>155</y53>
			<x54>122</x54>
			<y54>154</y54>
			<x55>119</x55>
			<y55>154</y55>
			<x56>118</x56>
			<y56>155</y56>
			<x57>119</x57>
			<y57>158</y57>
			<x58>114</x58>
			<y58>156</y58>
			<x59>112</x59>
			<y59>154</y59>
			<x60>109</x60>
			<y60>154</y60>
			<x61>107</x61>
			<y61>155</y61>
			<x62>105</x62>
			<y62>158</y62>
			<x63>92</x63>
			<y63>158</y63>
			<x64>91</x64>
			<y64>157</y64>
			<x65>85</x65>
			<y65>157</y65>
			<x66>84</x66>
			<y66>156</y66>
			<x67>80</x67>
			<y67>156</y67>
			<x68>79</x68>
			<y68>155</y68>
			<x69>77</x69>
			<y69>155</y69>
			<x70>75</x70>
			<y70>154</y70>
			<x71>73</x71>
			<y71>152</y71>
			<x72>76</x72>
			<y72>150</y72>
			<x73>76</x73>
			<y73>148</y73>
			<x74>74</x74>
			<y74>146</y74>
			<x75>73</x75>
			<y75>146</y75>
			<x76>75</x76>
			<y76>144</y76>
			<x77>76</x77>
			<y77>144</y77>
			<x78>78</x78>
			<y78>142</y78>
			<x79>92</x79>
			<y79>135</y79>
			<x80>95</x80>
			<y80>135</y80>
			<x81>96</x81>
			<y81>137</y81>
			<x82>98</x82>
			<y82>135</y82>
			<x83>98</x83>
			<y83>134</y83>
			<x84>102</x84>
			<y84>130</y84>
			<x85>104</x85>
			<y85>129</y85>
			<x86>104</x86>
			<y86>132</y86>
			<x87>103</x87>
			<y87>133</y87>
			<x88>103</x88>
			<y88>142</y88>
			<x89>106</x89>
			<y89>144</y89>
			<x90>108</x90>
			<y90>142</y90>
			<x91>108</x91>
			<y91>137</y91>
			<x92>109</x92>
			<y92>136</y92>
			<x93>109</x93>
			<y93>134</y93>
			<x94>114</x94>
			<y94>128</y94>
			<x95>117</x95>
			<y95>127</y95>
		</polygon>
	</object>
	<metadata>
	</metadata>
</annotation>
