<annotation>
	<folder></folder>
	<filename>IMG_8247_jpeg.rf.18cbc433cb10e98f20bd36d45536098f.jpg</filename>
	<path>IMG_8247_jpeg.rf.18cbc433cb10e98f20bd36d45536098f.jpg</path>
	<source>
		<database>roboflow.com</database>
	</source>
	<size>
		<width>320</width>
		<height>320</height>
		<depth>3</depth>
	</size>
	<segmented>0</segmented>
	<object>
		<name>Watermelon rind</name>
		<pose>Unspecified</pose>
		<truncated>0</truncated>
		<difficult>0</difficult>
		<occluded>0</occluded>
		<bndbox>
			<xmin>150</xmin>
			<xmax>213</xmax>
			<ymin>161</ymin>
			<ymax>190</ymax>
		</bndbox>
		<polygon>
			<x1>202</x1>
			<y1>177</y1>
			<x2>209</x2>
			<y2>177</y2>
			<x3>211</x3>
			<y3>178</y3>
			<x4>211</x4>
			<y4>180</y4>
			<x5>206</x5>
			<y5>185</y5>
			<x6>202</x6>
			<y6>187</y6>
			<x7>199</x7>
			<y7>187</y7>
			<x8>198</x8>
			<y8>188</y8>
			<x9>185</x9>
			<y9>188</y9>
			<x10>184</x10>
			<y10>187</y10>
			<x11>181</x11>
			<y11>187</y11>
			<x12>180</x12>
			<y12>186</y12>
			<x13>177</x13>
			<y13>186</y13>
			<x14>176</x14>
			<y14>185</y14>
			<x15>174</x15>
			<y15>185</y15>
			<x16>173</x16>
			<y16>184</y16>
			<x17>168</x17>
			<y17>183</y17>
			<x18>160</x18>
			<y18>179</y18>
			<x19>152</x19>
			<y19>172</y19>
			<x20>150</x20>
			<y20>168</y20>
			<x21>150</x21>
			<y21>161</y21>
			<x22>152</x22>
			<y22>160</y22>
			<x23>153</x23>
			<y23>161</y23>
			<x24>155</x24>
			<y24>161</y24>
			<x25>155</x25>
			<y25>164</y25>
			<x26>162</x26>
			<y26>172</y26>
			<x27>166</x27>
			<y27>172</y27>
			<x28>167</x28>
			<y28>173</y28>
			<x29>169</x29>
			<y29>173</y29>
			<x30>170</x30>
			<y30>176</y30>
			<x31>174</x31>
			<y31>179</y31>
			<x32>176</x32>
			<y32>179</y32>
			<x33>177</x33>
			<y33>180</y33>
			<x34>184</x34>
			<y34>179</y34>
			<x35>187</x35>
			<y35>181</y35>
			<x36>193</x36>
			<y36>181</y36>
			<x37>194</x37>
			<y37>182</y37>
			<x38>199</x38>
			<y38>182</y38>
			<x39>202</x39>
			<y39>179</y39>
			<x40>202</x40>
			<y40>178</y40>
		</polygon>
	</object>
	<object>
		<name>Watermelon rind</name>
		<pose>Unspecified</pose>
		<truncated>0</truncated>
		<difficult>0</difficult>
		<occluded>0</occluded>
		<bndbox>
			<xmin>127</xmin>
			<xmax>172</xmax>
			<ymin>145</ymin>
			<ymax>201</ymax>
		</bndbox>
		<polygon>
			<x1>139</x1>
			<y1>167</y1>
			<x2>139</x2>
			<y2>169</y2>
			<x3>138</x3>
			<y3>170</y3>
			<x4>138</x4>
			<y4>174</y4>
			<x5>139</x5>
			<y5>176</y5>
			<x6>142</x6>
			<y6>179</y6>
			<x7>144</x7>
			<y7>180</y7>
			<x8>146</x8>
			<y8>180</y8>
			<x9>147</x9>
			<y9>181</y9>
			<x10>149</x10>
			<y10>181</y10>
			<x11>149</x11>
			<y11>185</y11>
			<x12>152</x12>
			<y12>189</y12>
			<x13>154</x13>
			<y13>190</y13>
			<x14>157</x14>
			<y14>190</y14>
			<x15>163</x15>
			<y15>194</y15>
			<x16>167</x16>
			<y16>194</y16>
			<x17>169</x17>
			<y17>195</y17>
			<x18>170</x18>
			<y18>197</y18>
			<x19>170</x19>
			<y19>199</y19>
			<x20>156</x20>
			<y20>199</y20>
			<x21>155</x21>
			<y21>198</y21>
			<x22>153</x22>
			<y22>198</y22>
			<x23>152</x23>
			<y23>197</y23>
			<x24>150</x24>
			<y24>197</y24>
			<x25>146</x25>
			<y25>195</y25>
			<x26>143</x26>
			<y26>192</y26>
			<x27>142</x27>
			<y27>192</y27>
			<x28>135</x28>
			<y28>185</y28>
			<x29>135</x29>
			<y29>184</y29>
			<x30>131</x30>
			<y30>179</y30>
			<x31>129</x31>
			<y31>175</y31>
			<x32>129</x32>
			<y32>173</y32>
			<x33>127</x33>
			<y33>170</y33>
			<x34>127</x34>
			<y34>167</y34>
			<x35>126</x35>
			<y35>166</y35>
			<x36>126</x36>
			<y36>157</y36>
			<x37>127</x37>
			<y37>156</y37>
			<x38>127</x38>
			<y38>154</y38>
			<x39>131</x39>
			<y39>149</y39>
			<x40>132</x40>
			<y40>149</y40>
			<x41>137</x41>
			<y41>145</y41>
			<x42>139</x42>
			<y42>145</y42>
			<x43>141</x43>
			<y43>144</y43>
			<x44>143</x44>
			<y44>146</y44>
			<x45>144</x45>
			<y45>148</y45>
			<x46>144</x46>
			<y46>150</y46>
			<x47>143</x47>
			<y47>151</y47>
			<x48>140</x48>
			<y48>151</y48>
			<x49>138</x49>
			<y49>152</y49>
			<x50>135</x50>
			<y50>155</y50>
			<x51>135</x51>
			<y51>158</y51>
			<x52>137</x52>
			<y52>162</y52>
			<x53>136</x53>
			<y53>163</y53>
			<x54>138</x54>
			<y54>167</y54>
		</polygon>
	</object>
	<metadata>
	</metadata>
</annotation>
