<annotation>
	<folder></folder>
	<filename>IMG_8433_jpeg.rf.901d0cf1c0c0510179d1c6aad9670ce1.jpg</filename>
	<path>IMG_8433_jpeg.rf.901d0cf1c0c0510179d1c6aad9670ce1.jpg</path>
	<source>
		<database>roboflow.com</database>
	</source>
	<size>
		<width>320</width>
		<height>320</height>
		<depth>3</depth>
	</size>
	<segmented>0</segmented>
	<object>
		<name>fish</name>
		<pose>Unspecified</pose>
		<truncated>0</truncated>
		<difficult>0</difficult>
		<occluded>0</occluded>
		<bndbox>
			<xmin>40</xmin>
			<xmax>124</xmax>
			<ymin>114</ymin>
			<ymax>172</ymax>
		</bndbox>
		<polygon>
			<x1>43</x1>
			<y1>115</y1>
			<x2>45</x2>
			<y2>114</y2>
			<x3>50</x3>
			<y3>114</y3>
			<x4>51</x4>
			<y4>115</y4>
			<x5>53</x5>
			<y5>115</y5>
			<x6>55</x6>
			<y6>114</y6>
			<x7>56</x7>
			<y7>115</y7>
			<x8>59</x8>
			<y8>115</y8>
			<x9>60</x9>
			<y9>116</y9>
			<x10>62</x10>
			<y10>116</y10>
			<x11>64</x11>
			<y11>117</y11>
			<x12>65</x12>
			<y12>120</y12>
			<x13>67</x13>
			<y13>122</y13>
			<x14>67</x14>
			<y14>123</y14>
			<x15>63</x15>
			<y15>127</y15>
			<x16>64</x16>
			<y16>129</y16>
			<x17>69</x17>
			<y17>129</y17>
			<x18>71</x18>
			<y18>130</y18>
			<x19>72</x19>
			<y19>132</y19>
			<x20>72</x20>
			<y20>134</y20>
			<x21>73</x21>
			<y21>135</y21>
			<x22>75</x22>
			<y22>135</y22>
			<x23>77</x23>
			<y23>136</y23>
			<x24>80</x24>
			<y24>139</y24>
			<x25>82</x25>
			<y25>135</y25>
			<x26>84</x26>
			<y26>135</y26>
			<x27>86</x27>
			<y27>136</y27>
			<x28>88</x28>
			<y28>140</y28>
			<x29>88</x29>
			<y29>142</y29>
			<x30>91</x30>
			<y30>144</y30>
			<x31>93</x31>
			<y31>144</y31>
			<x32>94</x32>
			<y32>142</y32>
			<x33>96</x33>
			<y33>142</y33>
			<x34>97</x34>
			<y34>143</y34>
			<x35>99</x35>
			<y35>143</y35>
			<x36>107</x36>
			<y36>147</y36>
			<x37>109</x37>
			<y37>149</y37>
			<x38>113</x38>
			<y38>151</y38>
			<x39>121</x39>
			<y39>159</y39>
			<x40>123</x40>
			<y40>163</y40>
			<x41>122</x41>
			<y41>164</y41>
			<x42>119</x42>
			<y42>164</y42>
			<x43>116</x43>
			<y43>167</y43>
			<x44>118</x44>
			<y44>169</y44>
			<x45>115</x45>
			<y45>169</y45>
			<x46>114</x46>
			<y46>170</y46>
			<x47>90</x47>
			<y47>170</y47>
			<x48>89</x48>
			<y48>169</y48>
			<x49>86</x49>
			<y49>169</y49>
			<x50>85</x50>
			<y50>168</y50>
			<x51>84</x51>
			<y51>169</y51>
			<x52>81</x52>
			<y52>169</y52>
			<x53>80</x53>
			<y53>170</y53>
			<x54>73</x54>
			<y54>170</y54>
			<x55>72</x55>
			<y55>169</y55>
			<x56>76</x56>
			<y56>166</y56>
			<x57>75</x57>
			<y57>164</y57>
			<x58>71</x58>
			<y58>164</y58>
			<x59>70</x59>
			<y59>165</y59>
			<x60>67</x60>
			<y60>165</y60>
			<x61>66</x61>
			<y61>166</y61>
			<x62>58</x62>
			<y62>166</y62>
			<x63>57</x63>
			<y63>165</y63>
			<x64>62</x64>
			<y64>163</y64>
			<x65>65</x65>
			<y65>160</y65>
			<x66>66</x66>
			<y66>160</y66>
			<x67>69</x67>
			<y67>157</y67>
			<x68>70</x68>
			<y68>157</y68>
			<x69>71</x69>
			<y69>155</y69>
			<x70>70</x70>
			<y70>154</y70>
			<x71>67</x71>
			<y71>154</y71>
			<x72>66</x72>
			<y72>155</y72>
			<x73>63</x73>
			<y73>155</y73>
			<x74>62</x74>
			<y74>156</y74>
			<x75>57</x75>
			<y75>156</y75>
			<x76>56</x76>
			<y76>157</y76>
			<x77>54</x77>
			<y77>156</y77>
			<x78>52</x78>
			<y78>156</y78>
			<x79>58</x79>
			<y79>153</y79>
			<x80>61</x80>
			<y80>150</y80>
			<x81>62</x81>
			<y81>150</y81>
			<x82>65</x82>
			<y82>147</y82>
			<x83>65</x83>
			<y83>145</y83>
			<x84>64</x84>
			<y84>144</y84>
			<x85>52</x85>
			<y85>144</y85>
			<x86>51</x86>
			<y86>143</y86>
			<x87>52</x87>
			<y87>142</y87>
			<x88>54</x88>
			<y88>142</y88>
			<x89>57</x89>
			<y89>139</y89>
			<x90>55</x90>
			<y90>137</y90>
			<x91>51</x91>
			<y91>135</y91>
			<x92>51</x92>
			<y92>134</y92>
			<x93>53</x93>
			<y93>134</y93>
			<x94>55</x94>
			<y94>132</y94>
			<x95>55</x95>
			<y95>131</y95>
			<x96>51</x96>
			<y96>128</y96>
			<x97>50</x97>
			<y97>128</y97>
			<x98>48</x98>
			<y98>126</y98>
			<x99>47</x99>
			<y99>126</y99>
			<x100>40</x100>
			<y100>120</y100>
			<x101>40</x101>
			<y101>119</y101>
			<x102>42</x102>
			<y102>119</y102>
			<x103>44</x103>
			<y103>117</y103>
			<x104>43</x104>
			<y104>116</y104>
		</polygon>
	</object>
	<metadata>
	</metadata>
</annotation>
