<annotation>
	<folder></folder>
	<filename>IMG_8142_jpeg.rf.3fb1902923f44ba8a65cf1fc21bf7435.jpg</filename>
	<path>IMG_8142_jpeg.rf.3fb1902923f44ba8a65cf1fc21bf7435.jpg</path>
	<source>
		<database>roboflow.com</database>
	</source>
	<size>
		<width>320</width>
		<height>320</height>
		<depth>3</depth>
	</size>
	<segmented>0</segmented>
	<object>
		<name>Watermelon rind</name>
		<pose>Unspecified</pose>
		<truncated>0</truncated>
		<difficult>0</difficult>
		<occluded>0</occluded>
		<bndbox>
			<xmin>121</xmin>
			<xmax>164</xmax>
			<ymin>196</ymin>
			<ymax>212</ymax>
		</bndbox>
		<polygon>
			<x1>155</x1>
			<y1>196</y1>
			<x2>161</x2>
			<y2>199</y2>
			<x3>162</x3>
			<y3>202</y3>
			<x4>159</x4>
			<y4>202</y4>
			<x5>158</x5>
			<y5>201</y5>
			<x6>156</x6>
			<y6>201</y6>
			<x7>152</x7>
			<y7>199</y7>
			<x8>149</x8>
			<y8>199</y8>
			<x9>146</x9>
			<y9>201</y9>
			<x10>143</x10>
			<y10>199</y10>
			<x11>139</x11>
			<y11>199</y11>
			<x12>135</x12>
			<y12>202</y12>
			<x13>132</x13>
			<y13>202</y13>
			<x14>126</x14>
			<y14>205</y14>
			<x15>125</x15>
			<y15>206</y15>
			<x16>126</x16>
			<y16>209</y16>
			<x17>124</x17>
			<y17>211</y17>
			<x18>122</x18>
			<y18>211</y18>
			<x19>121</x19>
			<y19>210</y19>
			<x20>121</x20>
			<y20>204</y20>
			<x21>125</x21>
			<y21>200</y21>
			<x22>127</x22>
			<y22>199</y22>
			<x23>129</x23>
			<y23>199</y23>
			<x24>135</x24>
			<y24>196</y24>
			<x25>141</x25>
			<y25>196</y25>
			<x26>142</x26>
			<y26>195</y26>
			<x27>151</x27>
			<y27>195</y27>
			<x28>152</x28>
			<y28>196</y28>
			<x29>154</x29>
			<y29>196</y29>
		</polygon>
	</object>
	<object>
		<name>Watermelon rind</name>
		<pose>Unspecified</pose>
		<truncated>0</truncated>
		<difficult>0</difficult>
		<occluded>0</occluded>
		<bndbox>
			<xmin>131</xmin>
			<xmax>182</xmax>
			<ymin>183</ymin>
			<ymax>209</ymax>
		</bndbox>
		<polygon>
			<x1>159</x1>
			<y1>184</y1>
			<x2>160</x2>
			<y2>185</y2>
			<x3>165</x3>
			<y3>186</y3>
			<x4>169</x4>
			<y4>189</y4>
			<x5>171</x5>
			<y5>189</y5>
			<x6>173</x6>
			<y6>191</y6>
			<x7>174</x7>
			<y7>191</y7>
			<x8>179</x8>
			<y8>196</y8>
			<x9>180</x9>
			<y9>198</y9>
			<x10>180</x10>
			<y10>205</y10>
			<x11>178</x11>
			<y11>207</y11>
			<x12>176</x12>
			<y12>207</y12>
			<x13>173</x13>
			<y13>205</y13>
			<x14>173</x14>
			<y14>203</y14>
			<x15>175</x15>
			<y15>201</y15>
			<x16>175</x16>
			<y16>200</y16>
			<x17>173</x17>
			<y17>198</y17>
			<x18>170</x18>
			<y18>197</y18>
			<x19>167</x19>
			<y19>194</y19>
			<x20>164</x20>
			<y20>194</y20>
			<x21>164</x21>
			<y21>193</y21>
			<x22>161</x22>
			<y22>190</y22>
			<x23>159</x23>
			<y23>189</y23>
			<x24>153</x24>
			<y24>189</y24>
			<x25>151</x25>
			<y25>190</y25>
			<x26>147</x26>
			<y26>187</y26>
			<x27>143</x27>
			<y27>187</y27>
			<x28>142</x28>
			<y28>188</y28>
			<x29>136</x29>
			<y29>188</y29>
			<x30>135</x30>
			<y30>189</y30>
			<x31>132</x31>
			<y31>189</y31>
			<x32>131</x32>
			<y32>188</y32>
			<x33>131</x33>
			<y33>187</y33>
			<x34>133</x34>
			<y34>185</y34>
			<x35>137</x35>
			<y35>183</y35>
			<x36>140</x36>
			<y36>183</y36>
			<x37>141</x37>
			<y37>182</y37>
			<x38>150</x38>
			<y38>182</y38>
			<x39>151</x39>
			<y39>183</y39>
			<x40>155</x40>
			<y40>183</y40>
			<x41>156</x41>
			<y41>184</y41>
			<x42>158</x42>
			<y42>184</y42>
		</polygon>
	</object>
	<metadata>
	</metadata>
</annotation>
