<annotation>
	<folder></folder>
	<filename>IMG_8464_jpeg.rf.0cc4cc42df7bc634d38386e43f2188dd.jpg</filename>
	<path>IMG_8464_jpeg.rf.0cc4cc42df7bc634d38386e43f2188dd.jpg</path>
	<source>
		<database>roboflow.com</database>
	</source>
	<size>
		<width>320</width>
		<height>320</height>
		<depth>3</depth>
	</size>
	<segmented>0</segmented>
	<object>
		<name>fish</name>
		<pose>Unspecified</pose>
		<truncated>0</truncated>
		<difficult>0</difficult>
		<occluded>0</occluded>
		<bndbox>
			<xmin>16</xmin>
			<xmax>110</xmax>
			<ymin>181</ymin>
			<ymax>217</ymax>
		</bndbox>
		<polygon>
			<x1>103</x1>
			<y1>181</y1>
			<x2>104</x2>
			<y2>182</y2>
			<x3>106</x3>
			<y3>182</y3>
			<x4>106</x4>
			<y4>184</y4>
			<x5>105</x5>
			<y5>185</y5>
			<x6>108</x6>
			<y6>188</y6>
			<x7>108</x7>
			<y7>189</y7>
			<x8>103</x8>
			<y8>194</y8>
			<x9>102</x9>
			<y9>194</y9>
			<x10>91</x10>
			<y10>202</y10>
			<x11>89</x11>
			<y11>202</y11>
			<x12>87</x12>
			<y12>201</y12>
			<x13>84</x13>
			<y13>207</y13>
			<x14>82</x14>
			<y14>209</y14>
			<x15>82</x15>
			<y15>210</y15>
			<x16>81</x16>
			<y16>210</y16>
			<x17>81</x17>
			<y17>204</y17>
			<x18>80</x18>
			<y18>203</y18>
			<x19>80</x19>
			<y19>199</y19>
			<x20>77</x20>
			<y20>196</y20>
			<x21>76</x21>
			<y21>196</y21>
			<x22>74</x22>
			<y22>198</y22>
			<x23>74</x23>
			<y23>206</y23>
			<x24>73</x24>
			<y24>207</y24>
			<x25>73</x25>
			<y25>209</y25>
			<x26>68</x26>
			<y26>215</y26>
			<x27>66</x27>
			<y27>215</y27>
			<x28>67</x28>
			<y28>214</y28>
			<x29>67</x29>
			<y29>211</y29>
			<x30>69</x30>
			<y30>207</y30>
			<x31>69</x31>
			<y31>201</y31>
			<x32>67</x32>
			<y32>198</y32>
			<x33>64</x33>
			<y33>198</y33>
			<x34>62</x34>
			<y34>200</y34>
			<x35>61</x35>
			<y35>205</y35>
			<x36>55</x36>
			<y36>212</y36>
			<x37>55</x37>
			<y37>210</y37>
			<x38>56</x38>
			<y38>209</y38>
			<x39>56</x39>
			<y39>206</y39>
			<x40>57</x40>
			<y40>205</y40>
			<x41>57</x41>
			<y41>201</y41>
			<x42>54</x42>
			<y42>198</y42>
			<x43>52</x43>
			<y43>198</y43>
			<x44>46</x44>
			<y44>204</y44>
			<x45>43</x45>
			<y45>205</y45>
			<x46>43</x46>
			<y46>203</y46>
			<x47>45</x47>
			<y47>200</y47>
			<x48>44</x48>
			<y48>199</y48>
			<x49>41</x49>
			<y49>199</y49>
			<x50>40</x50>
			<y50>200</y50>
			<x51>36</x51>
			<y51>200</y51>
			<x52>35</x52>
			<y52>199</y52>
			<x53>36</x53>
			<y53>199</y53>
			<x54>38</x54>
			<y54>197</y54>
			<x55>37</x55>
			<y55>196</y55>
			<x56>31</x56>
			<y56>196</y56>
			<x57>30</x57>
			<y57>197</y57>
			<x58>15</x58>
			<y58>197</y58>
			<x59>15</x59>
			<y59>196</y59>
			<x60>17</x60>
			<y60>194</y60>
			<x61>15</x61>
			<y61>192</y61>
			<x62>16</x62>
			<y62>190</y62>
			<x63>20</x63>
			<y63>190</y63>
			<x64>22</x64>
			<y64>187</y64>
			<x65>24</x65>
			<y65>186</y65>
			<x66>26</x66>
			<y66>186</y66>
			<x67>27</x67>
			<y67>185</y67>
			<x68>30</x68>
			<y68>185</y68>
			<x69>31</x69>
			<y69>186</y69>
			<x70>35</x70>
			<y70>186</y70>
			<x71>35</x71>
			<y71>189</y71>
			<x72>36</x72>
			<y72>190</y72>
			<x73>36</x73>
			<y73>192</y73>
			<x74>38</x74>
			<y74>194</y74>
			<x75>41</x75>
			<y75>191</y75>
			<x76>43</x76>
			<y76>192</y76>
			<x77>44</x77>
			<y77>191</y77>
			<x78>44</x78>
			<y78>189</y78>
			<x79>46</x79>
			<y79>189</y79>
			<x80>52</x80>
			<y80>195</y80>
			<x81>54</x81>
			<y81>196</y81>
			<x82>55</x82>
			<y82>194</y82>
			<x83>53</x83>
			<y83>191</y83>
			<x84>53</x84>
			<y84>189</y84>
			<x85>56</x85>
			<y85>189</y85>
			<x86>57</x86>
			<y86>190</y86>
			<x87>59</x87>
			<y87>190</y87>
			<x88>61</x88>
			<y88>192</y88>
			<x89>63</x89>
			<y89>191</y89>
			<x90>60</x90>
			<y90>188</y90>
			<x91>60</x91>
			<y91>187</y91>
			<x92>57</x92>
			<y92>185</y92>
			<x93>61</x93>
			<y93>185</y93>
			<x94>62</x94>
			<y94>186</y94>
			<x95>64</x95>
			<y95>186</y95>
			<x96>68</x96>
			<y96>188</y96>
			<x97>70</x97>
			<y97>186</y97>
			<x98>73</x98>
			<y98>186</y98>
			<x99>75</x99>
			<y99>187</y99>
			<x100>76</x100>
			<y100>186</y100>
			<x101>72</x101>
			<y101>183</y101>
			<x102>74</x102>
			<y102>183</y102>
			<x103>75</x103>
			<y103>182</y103>
			<x104>80</x104>
			<y104>182</y104>
			<x105>81</x105>
			<y105>181</y105>
			<x106>91</x106>
			<y106>181</y106>
			<x107>92</x107>
			<y107>180</y107>
			<x108>95</x108>
			<y108>180</y108>
			<x109>96</x109>
			<y109>181</y109>
			<x110>102</x110>
			<y110>181</y110>
		</polygon>
	</object>
	<metadata>
	</metadata>
</annotation>
