<annotation>
	<folder></folder>
	<filename>IMG_8194_jpeg.rf.cdffffd3fdf36b2d63f50cd0ac4e6bcb.jpg</filename>
	<path>IMG_8194_jpeg.rf.cdffffd3fdf36b2d63f50cd0ac4e6bcb.jpg</path>
	<source>
		<database>roboflow.com</database>
	</source>
	<size>
		<width>320</width>
		<height>320</height>
		<depth>3</depth>
	</size>
	<segmented>0</segmented>
	<object>
		<name>Watermelon rind</name>
		<pose>Unspecified</pose>
		<truncated>0</truncated>
		<difficult>0</difficult>
		<occluded>0</occluded>
		<bndbox>
			<xmin>63</xmin>
			<xmax>88</xmax>
			<ymin>173</ymin>
			<ymax>224</ymax>
		</bndbox>
		<polygon>
			<x1>85</x1>
			<y1>172</y1>
			<x2>86</x2>
			<y2>173</y2>
			<x3>86</x3>
			<y3>176</y3>
			<x4>84</x4>
			<y4>176</y4>
			<x5>75</x5>
			<y5>184</y5>
			<x6>75</x6>
			<y6>187</y6>
			<x7>76</x7>
			<y7>188</y7>
			<x8>76</x8>
			<y8>190</y8>
			<x9>74</x9>
			<y9>191</y9>
			<x10>71</x10>
			<y10>194</y10>
			<x11>70</x11>
			<y11>196</y11>
			<x12>70</x12>
			<y12>199</y12>
			<x13>73</x13>
			<y13>203</y13>
			<x14>72</x14>
			<y14>204</y14>
			<x15>72</x15>
			<y15>207</y15>
			<x16>73</x16>
			<y16>208</y16>
			<x17>73</x17>
			<y17>213</y17>
			<x18>75</x18>
			<y18>216</y18>
			<x19>82</x19>
			<y19>216</y19>
			<x20>83</x20>
			<y20>217</y20>
			<x21>83</x21>
			<y21>222</y21>
			<x22>82</x22>
			<y22>223</y22>
			<x23>73</x23>
			<y23>221</y23>
			<x24>71</x24>
			<y24>219</y24>
			<x25>70</x25>
			<y25>219</y25>
			<x26>65</x26>
			<y26>214</y26>
			<x27>64</x27>
			<y27>212</y27>
			<x28>64</x28>
			<y28>210</y28>
			<x29>63</x29>
			<y29>209</y29>
			<x30>63</x30>
			<y30>203</y30>
			<x31>62</x31>
			<y31>202</y31>
			<x32>62</x32>
			<y32>199</y32>
			<x33>63</x33>
			<y33>198</y33>
			<x34>63</x34>
			<y34>192</y34>
			<x35>64</x35>
			<y35>191</y35>
			<x36>64</x36>
			<y36>189</y36>
			<x37>65</x37>
			<y37>188</y37>
			<x38>65</x38>
			<y38>186</y38>
			<x39>67</x39>
			<y39>182</y39>
			<x40>73</x40>
			<y40>176</y40>
			<x41>74</x41>
			<y41>176</y41>
			<x42>76</x42>
			<y42>174</y42>
			<x43>78</x43>
			<y43>174</y43>
			<x44>79</x44>
			<y44>173</y44>
			<x45>82</x45>
			<y45>173</y45>
			<x46>84</x46>
			<y46>172</y46>
		</polygon>
	</object>
	<object>
		<name>Watermelon rind</name>
		<pose>Unspecified</pose>
		<truncated>0</truncated>
		<difficult>0</difficult>
		<occluded>0</occluded>
		<bndbox>
			<xmin>41</xmin>
			<xmax>107</xmax>
			<ymin>152</ymin>
			<ymax>201</ymax>
		</bndbox>
		<polygon>
			<x1>99</x1>
			<y1>154</y1>
			<x2>105</x2>
			<y2>158</y2>
			<x3>105</x3>
			<y3>159</y3>
			<x4>101</x4>
			<y4>162</y4>
			<x5>96</x5>
			<y5>163</y5>
			<x6>91</x6>
			<y6>158</y6>
			<x7>86</x7>
			<y7>158</y7>
			<x8>82</x8>
			<y8>161</y8>
			<x9>80</x9>
			<y9>161</y9>
			<x10>79</x10>
			<y10>162</y10>
			<x11>77</x11>
			<y11>162</y11>
			<x12>75</x12>
			<y12>163</y12>
			<x13>73</x13>
			<y13>166</y13>
			<x14>67</x14>
			<y14>166</y14>
			<x15>63</x15>
			<y15>169</y15>
			<x16>62</x16>
			<y16>169</y16>
			<x17>59</x17>
			<y17>173</y17>
			<x18>59</x18>
			<y18>178</y18>
			<x19>58</x19>
			<y19>179</y19>
			<x20>55</x20>
			<y20>179</y20>
			<x21>51</x21>
			<y21>182</y21>
			<x22>51</x22>
			<y22>186</y22>
			<x23>48</x23>
			<y23>192</y23>
			<x24>48</x24>
			<y24>194</y24>
			<x25>49</x25>
			<y25>196</y25>
			<x26>46</x26>
			<y26>199</y26>
			<x27>45</x27>
			<y27>199</y27>
			<x28>42</x28>
			<y28>196</y28>
			<x29>40</x29>
			<y29>192</y29>
			<x30>40</x30>
			<y30>184</y30>
			<x31>41</x31>
			<y31>183</y31>
			<x32>41</x32>
			<y32>181</y32>
			<x33>44</x33>
			<y33>175</y33>
			<x34>54</x34>
			<y34>165</y34>
			<x35>55</x35>
			<y35>165</y35>
			<x36>58</x36>
			<y36>162</y36>
			<x37>64</x37>
			<y37>159</y37>
			<x38>66</x38>
			<y38>157</y38>
			<x39>70</x39>
			<y39>155</y39>
			<x40>75</x40>
			<y40>154</y40>
			<x41>76</x41>
			<y41>153</y41>
			<x42>79</x42>
			<y42>153</y42>
			<x43>80</x43>
			<y43>152</y43>
			<x44>85</x44>
			<y44>152</y44>
			<x45>87</x45>
			<y45>151</y45>
			<x46>88</x46>
			<y46>152</y46>
			<x47>94</x47>
			<y47>152</y47>
			<x48>98</x48>
			<y48>154</y48>
		</polygon>
	</object>
	<metadata>
	</metadata>
</annotation>
