<annotation>
	<folder></folder>
	<filename>IMG_8489_jpeg.rf.63a513f927d93da9d7bc3c5cce9d2f19.jpg</filename>
	<path>IMG_8489_jpeg.rf.63a513f927d93da9d7bc3c5cce9d2f19.jpg</path>
	<source>
		<database>roboflow.com</database>
	</source>
	<size>
		<width>320</width>
		<height>320</height>
		<depth>3</depth>
	</size>
	<segmented>0</segmented>
	<object>
		<name>fish</name>
		<pose>Unspecified</pose>
		<truncated>0</truncated>
		<difficult>0</difficult>
		<occluded>0</occluded>
		<bndbox>
			<xmin>93</xmin>
			<xmax>175</xmax>
			<ymin>163</ymin>
			<ymax>202</ymax>
		</bndbox>
		<polygon>
			<x1>139</x1>
			<y1>169</y1>
			<x2>145</x2>
			<y2>166</y2>
			<x3>147</x3>
			<y3>166</y3>
			<x4>150</x4>
			<y4>164</y4>
			<x5>153</x5>
			<y5>164</y5>
			<x6>154</x6>
			<y6>163</y6>
			<x7>157</x7>
			<y7>163</y7>
			<x8>158</x8>
			<y8>162</y8>
			<x9>169</x9>
			<y9>162</y9>
			<x10>169</x10>
			<y10>166</y10>
			<x11>170</x11>
			<y11>167</y11>
			<x12>174</x12>
			<y12>167</y12>
			<x13>172</x13>
			<y13>171</y13>
			<x14>172</x14>
			<y14>173</y14>
			<x15>170</x15>
			<y15>175</y15>
			<x16>170</x16>
			<y16>176</y16>
			<x17>168</x17>
			<y17>178</y17>
			<x18>166</x18>
			<y18>182</y18>
			<x19>164</x19>
			<y19>184</y19>
			<x20>163</x20>
			<y20>184</y20>
			<x21>162</x21>
			<y21>182</y21>
			<x22>161</x22>
			<y22>183</y22>
			<x23>161</x23>
			<y23>191</y23>
			<x24>160</x24>
			<y24>192</y24>
			<x25>159</x25>
			<y25>192</y25>
			<x26>155</x26>
			<y26>184</y26>
			<x27>154</x27>
			<y27>184</y27>
			<x28>151</x28>
			<y28>181</y28>
			<x29>149</x29>
			<y29>183</y29>
			<x30>149</x30>
			<y30>184</y30>
			<x31>152</x31>
			<y31>188</y31>
			<x32>152</x32>
			<y32>197</y32>
			<x33>150</x33>
			<y33>200</y33>
			<x34>149</x34>
			<y34>198</y34>
			<x35>149</x35>
			<y35>194</y35>
			<x36>148</x36>
			<y36>193</y36>
			<x37>148</x37>
			<y37>191</y37>
			<x38>147</x38>
			<y38>189</y38>
			<x39>144</x39>
			<y39>186</y39>
			<x40>141</x40>
			<y40>186</y40>
			<x41>140</x41>
			<y41>187</y41>
			<x42>140</x42>
			<y42>197</y42>
			<x43>139</x43>
			<y43>199</y43>
			<x44>138</x44>
			<y44>199</y44>
			<x45>138</x45>
			<y45>194</y45>
			<x46>137</x46>
			<y46>192</y46>
			<x47>132</x47>
			<y47>187</y47>
			<x48>128</x48>
			<y48>189</y48>
			<x49>127</x49>
			<y49>194</y49>
			<x50>125</x50>
			<y50>196</y50>
			<x51>125</x51>
			<y51>193</y51>
			<x52>123</x52>
			<y52>189</y52>
			<x53>122</x53>
			<y53>189</y53>
			<x54>118</x54>
			<y54>192</y54>
			<x55>115</x55>
			<y55>192</y55>
			<x56>116</x56>
			<y56>190</y56>
			<x57>115</x57>
			<y57>189</y57>
			<x58>111</x58>
			<y58>189</y58>
			<x59>108</x59>
			<y59>191</y59>
			<x60>105</x60>
			<y60>191</y60>
			<x61>104</x61>
			<y61>192</y61>
			<x62>101</x62>
			<y62>192</y62>
			<x63>100</x63>
			<y63>193</y63>
			<x64>95</x64>
			<y64>193</y64>
			<x65>96</x65>
			<y65>191</y65>
			<x66>94</x66>
			<y66>189</y66>
			<x67>93</x67>
			<y67>189</y67>
			<x68>92</x68>
			<y68>187</y68>
			<x69>94</x69>
			<y69>186</y69>
			<x70>96</x70>
			<y70>184</y70>
			<x71>96</x71>
			<y71>182</y71>
			<x72>100</x72>
			<y72>179</y72>
			<x73>103</x73>
			<y73>179</y73>
			<x74>104</x74>
			<y74>180</y74>
			<x75>105</x75>
			<y75>179</y75>
			<x76>107</x76>
			<y76>179</y76>
			<x77>109</x77>
			<y77>181</y77>
			<x78>109</x78>
			<y78>182</y78>
			<x79>113</x79>
			<y79>185</y79>
			<x80>115</x80>
			<y80>183</y80>
			<x81>117</x81>
			<y81>183</y81>
			<x82>118</x82>
			<y82>182</y82>
			<x83>117</x83>
			<y83>180</y83>
			<x84>120</x84>
			<y84>180</y84>
			<x85>121</x85>
			<y85>181</y85>
			<x86>123</x86>
			<y86>181</y86>
			<x87>125</x87>
			<y87>182</y87>
			<x88>126</x88>
			<y88>181</y88>
			<x89>125</x89>
			<y89>179</y89>
			<x90>127</x90>
			<y90>178</y90>
			<x91>130</x91>
			<y91>178</y91>
			<x92>131</x92>
			<y92>177</y92>
			<x93>127</x93>
			<y93>174</y93>
			<x94>135</x94>
			<y94>174</y94>
			<x95>137</x95>
			<y95>175</y95>
			<x96>139</x96>
			<y96>173</y96>
			<x97>143</x97>
			<y97>173</y97>
			<x98>145</x98>
			<y98>171</y98>
			<x99>144</x99>
			<y99>170</y99>
			<x100>140</x100>
			<y100>170</y100>
		</polygon>
	</object>
	<metadata>
	</metadata>
</annotation>
