<annotation>
	<folder></folder>
	<filename>IMG_8297_jpeg.rf.97dbeab1452c7657d9c89979ccb69e1e.jpg</filename>
	<path>IMG_8297_jpeg.rf.97dbeab1452c7657d9c89979ccb69e1e.jpg</path>
	<source>
		<database>roboflow.com</database>
	</source>
	<size>
		<width>320</width>
		<height>320</height>
		<depth>3</depth>
	</size>
	<segmented>0</segmented>
	<object>
		<name>Watermelon rind</name>
		<pose>Unspecified</pose>
		<truncated>0</truncated>
		<difficult>0</difficult>
		<occluded>0</occluded>
		<bndbox>
			<xmin>57</xmin>
			<xmax>90</xmax>
			<ymin>68</ymin>
			<ymax>117</ymax>
		</bndbox>
		<polygon>
			<x1>72</x1>
			<y1>68</y1>
			<x2>73</x2>
			<y2>70</y2>
			<x3>69</x3>
			<y3>74</y3>
			<x4>68</x4>
			<y4>77</y4>
			<x5>66</x5>
			<y5>79</y5>
			<x6>66</x6>
			<y6>83</y6>
			<x7>68</x7>
			<y7>85</y7>
			<x8>68</x8>
			<y8>87</y8>
			<x9>65</x9>
			<y9>90</y9>
			<x10>65</x10>
			<y10>92</y10>
			<x11>66</x11>
			<y11>93</y11>
			<x12>66</x12>
			<y12>95</y12>
			<x13>71</x13>
			<y13>99</y13>
			<x14>71</x14>
			<y14>102</y14>
			<x15>74</x15>
			<y15>105</y15>
			<x16>75</x16>
			<y16>108</y16>
			<x17>77</x17>
			<y17>110</y17>
			<x18>82</x18>
			<y18>110</y18>
			<x19>83</x19>
			<y19>109</y19>
			<x20>85</x20>
			<y20>109</y20>
			<x21>88</x21>
			<y21>112</y21>
			<x22>88</x22>
			<y22>114</y22>
			<x23>87</x23>
			<y23>115</y23>
			<x24>77</x24>
			<y24>115</y24>
			<x25>76</x25>
			<y25>114</y25>
			<x26>74</x26>
			<y26>114</y26>
			<x27>70</x27>
			<y27>112</y27>
			<x28>64</x28>
			<y28>107</y28>
			<x29>64</x29>
			<y29>106</y29>
			<x30>60</x30>
			<y30>101</y30>
			<x31>60</x31>
			<y31>99</y31>
			<x32>58</x32>
			<y32>96</y32>
			<x33>58</x33>
			<y33>93</y33>
			<x34>57</x34>
			<y34>92</y34>
			<x35>57</x35>
			<y35>80</y35>
			<x36>58</x36>
			<y36>79</y36>
			<x37>58</x37>
			<y37>77</y37>
			<x38>59</x38>
			<y38>75</y38>
			<x39>64</x39>
			<y39>70</y39>
			<x40>68</x40>
			<y40>68</y40>
			<x41>71</x41>
			<y41>68</y41>
		</polygon>
	</object>
	<object>
		<name>Watermelon rind</name>
		<pose>Unspecified</pose>
		<truncated>0</truncated>
		<difficult>0</difficult>
		<occluded>0</occluded>
		<bndbox>
			<xmin>31</xmin>
			<xmax>86</xmax>
			<ymin>48</ymin>
			<ymax>103</ymax>
		</bndbox>
		<polygon>
			<x1>76</x1>
			<y1>48</y1>
			<x2>77</x2>
			<y2>49</y2>
			<x3>82</x3>
			<y3>50</y3>
			<x4>84</x4>
			<y4>52</y4>
			<x5>80</x5>
			<y5>56</y5>
			<x6>78</x6>
			<y6>56</y6>
			<x7>77</x7>
			<y7>57</y7>
			<x8>72</x8>
			<y8>54</y8>
			<x9>66</x9>
			<y9>54</y9>
			<x10>63</x10>
			<y10>58</y10>
			<x11>58</x11>
			<y11>60</y11>
			<x12>55</x12>
			<y12>65</y12>
			<x13>52</x13>
			<y13>65</y13>
			<x14>50</x14>
			<y14>66</y14>
			<x15>46</x15>
			<y15>70</y15>
			<x16>45</x16>
			<y16>72</y16>
			<x17>45</x17>
			<y17>75</y17>
			<x18>47</x18>
			<y18>79</y18>
			<x19>45</x19>
			<y19>80</y19>
			<x20>41</x20>
			<y20>84</y20>
			<x21>41</x21>
			<y21>87</y21>
			<x22>42</x22>
			<y22>88</y22>
			<x23>42</x23>
			<y23>95</y23>
			<x24>45</x24>
			<y24>99</y24>
			<x25>42</x25>
			<y25>102</y25>
			<x26>39</x26>
			<y26>101</y26>
			<x27>34</x27>
			<y27>97</y27>
			<x28>30</x28>
			<y28>89</y28>
			<x29>30</x29>
			<y29>81</y29>
			<x30>31</x30>
			<y30>80</y30>
			<x31>31</x31>
			<y31>77</y31>
			<x32>35</x32>
			<y32>69</y32>
			<x33>37</x33>
			<y33>67</y33>
			<x34>37</x34>
			<y34>66</y34>
			<x35>48</x35>
			<y35>55</y35>
			<x36>54</x36>
			<y36>52</y36>
			<x37>56</x37>
			<y37>50</y37>
			<x38>58</x38>
			<y38>50</y38>
			<x39>62</x39>
			<y39>48</y39>
			<x40>75</x40>
			<y40>48</y40>
		</polygon>
	</object>
	<metadata>
	</metadata>
</annotation>
