<annotation>
	<folder></folder>
	<filename>IMG_8152_jpeg.rf.f8582b8b5d0fd345bf0d3c68100d4709.jpg</filename>
	<path>IMG_8152_jpeg.rf.f8582b8b5d0fd345bf0d3c68100d4709.jpg</path>
	<source>
		<database>roboflow.com</database>
	</source>
	<size>
		<width>320</width>
		<height>320</height>
		<depth>3</depth>
	</size>
	<segmented>0</segmented>
	<object>
		<name>Watermelon rind</name>
		<pose>Unspecified</pose>
		<truncated>0</truncated>
		<difficult>0</difficult>
		<occluded>0</occluded>
		<bndbox>
			<xmin>57</xmin>
			<xmax>157</xmax>
			<ymin>220</ymin>
			<ymax>267</ymax>
		</bndbox>
		<polygon>
			<x1>129</x1>
			<y1>219</y1>
			<x2>130</x2>
			<y2>220</y2>
			<x3>136</x3>
			<y3>220</y3>
			<x4>137</x4>
			<y4>221</y4>
			<x5>140</x5>
			<y5>221</y5>
			<x6>141</x6>
			<y6>222</y6>
			<x7>143</x7>
			<y7>222</y7>
			<x8>149</x8>
			<y8>225</y8>
			<x9>152</x9>
			<y9>228</y9>
			<x10>154</x10>
			<y10>229</y10>
			<x11>156</x11>
			<y11>233</y11>
			<x12>154</x12>
			<y12>234</y12>
			<x13>152</x13>
			<y13>234</y13>
			<x14>151</x14>
			<y14>235</y14>
			<x15>149</x15>
			<y15>235</y15>
			<x16>145</x16>
			<y16>232</y16>
			<x17>140</x17>
			<y17>232</y17>
			<x18>139</x18>
			<y18>231</y18>
			<x19>136</x19>
			<y19>232</y19>
			<x20>130</x20>
			<y20>229</y20>
			<x21>125</x21>
			<y21>229</y21>
			<x22>117</x22>
			<y22>234</y22>
			<x23>113</x23>
			<y23>234</y23>
			<x24>110</x24>
			<y24>232</y24>
			<x25>102</x25>
			<y25>232</y25>
			<x26>101</x26>
			<y26>233</y26>
			<x27>98</x27>
			<y27>233</y27>
			<x28>94</x28>
			<y28>235</y28>
			<x29>91</x29>
			<y29>238</y29>
			<x30>91</x30>
			<y30>240</y30>
			<x31>90</x31>
			<y31>241</y31>
			<x32>88</x32>
			<y32>241</y32>
			<x33>87</x33>
			<y33>240</y33>
			<x34>86</x34>
			<y34>241</y34>
			<x35>84</x35>
			<y35>241</y35>
			<x36>80</x36>
			<y36>243</y36>
			<x37>77</x37>
			<y37>246</y37>
			<x38>71</x38>
			<y38>248</y38>
			<x39>68</x39>
			<y39>251</y39>
			<x40>68</x40>
			<y40>255</y40>
			<x41>71</x41>
			<y41>258</y41>
			<x42>71</x42>
			<y42>261</y42>
			<x43>69</x43>
			<y43>263</y43>
			<x44>67</x44>
			<y44>264</y44>
			<x45>65</x45>
			<y45>264</y45>
			<x46>64</x46>
			<y46>265</y46>
			<x47>62</x47>
			<y47>265</y47>
			<x48>61</x48>
			<y48>266</y48>
			<x49>60</x49>
			<y49>266</y49>
			<x50>60</x50>
			<y50>265</y50>
			<x51>57</x51>
			<y51>261</y51>
			<x52>57</x52>
			<y52>259</y52>
			<x53>56</x53>
			<y53>258</y53>
			<x54>56</x54>
			<y54>251</y54>
			<x55>57</x55>
			<y55>250</y55>
			<x56>57</x56>
			<y56>248</y56>
			<x57>62</x57>
			<y57>242</y57>
			<x58>62</x58>
			<y58>241</y58>
			<x59>68</x59>
			<y59>236</y59>
			<x60>71</x60>
			<y60>235</y60>
			<x61>73</x61>
			<y61>233</y61>
			<x62>81</x62>
			<y62>229</y62>
			<x63>83</x63>
			<y63>229</y63>
			<x64>86</x64>
			<y64>227</y64>
			<x65>88</x65>
			<y65>227</y65>
			<x66>89</x66>
			<y66>226</y66>
			<x67>91</x67>
			<y67>226</y67>
			<x68>95</x68>
			<y68>224</y68>
			<x69>98</x69>
			<y69>224</y69>
			<x70>102</x70>
			<y70>222</y70>
			<x71>105</x71>
			<y71>222</y71>
			<x72>106</x72>
			<y72>221</y72>
			<x73>110</x73>
			<y73>221</y73>
			<x74>111</x74>
			<y74>220</y74>
			<x75>120</x75>
			<y75>220</y75>
			<x76>121</x76>
			<y76>219</y76>
			<x77>128</x77>
			<y77>219</y77>
		</polygon>
	</object>
	<object>
		<name>Watermelon rind</name>
		<pose>Unspecified</pose>
		<truncated>0</truncated>
		<difficult>0</difficult>
		<occluded>0</occluded>
		<bndbox>
			<xmin>75</xmin>
			<xmax>199</xmax>
			<ymin>189</ymin>
			<ymax>244</ymax>
		</bndbox>
		<polygon>
			<x1>127</x1>
			<y1>189</y1>
			<x2>128</x2>
			<y2>190</y2>
			<x3>135</x3>
			<y3>190</y3>
			<x4>136</x4>
			<y4>191</y4>
			<x5>140</x5>
			<y5>191</y5>
			<x6>141</x6>
			<y6>192</y6>
			<x7>144</x7>
			<y7>192</y7>
			<x8>145</x8>
			<y8>193</y8>
			<x9>148</x9>
			<y9>193</y9>
			<x10>149</x10>
			<y10>194</y10>
			<x11>152</x11>
			<y11>194</y11>
			<x12>153</x12>
			<y12>195</y12>
			<x13>156</x13>
			<y13>195</y13>
			<x14>157</x14>
			<y14>196</y14>
			<x15>162</x15>
			<y15>197</y15>
			<x16>165</x16>
			<y16>199</y16>
			<x17>167</x17>
			<y17>199</y17>
			<x18>172</x18>
			<y18>202</y18>
			<x19>174</x19>
			<y19>202</y19>
			<x20>178</x20>
			<y20>204</y20>
			<x21>180</x21>
			<y21>206</y21>
			<x22>183</x22>
			<y22>207</y22>
			<x23>186</x23>
			<y23>210</y23>
			<x24>187</x24>
			<y24>210</y24>
			<x25>192</x25>
			<y25>215</y25>
			<x26>197</x26>
			<y26>225</y26>
			<x27>197</x27>
			<y27>233</y27>
			<x28>196</x28>
			<y28>234</y28>
			<x29>196</x29>
			<y29>237</y29>
			<x30>193</x30>
			<y30>242</y30>
			<x31>189</x31>
			<y31>242</y31>
			<x32>188</x32>
			<y32>241</y32>
			<x33>185</x33>
			<y33>241</y33>
			<x34>181</x34>
			<y34>238</y34>
			<x35>180</x35>
			<y35>238</y35>
			<x36>179</x36>
			<y36>235</y36>
			<x37>182</x37>
			<y37>232</y37>
			<x38>183</x38>
			<y38>230</y38>
			<x39>183</x39>
			<y39>225</y39>
			<x40>179</x40>
			<y40>221</y40>
			<x41>177</x41>
			<y41>221</y41>
			<x42>176</x42>
			<y42>220</y42>
			<x43>172</x43>
			<y43>220</y43>
			<x44>168</x44>
			<y44>216</y44>
			<x45>162</x45>
			<y45>213</y45>
			<x46>159</x46>
			<y46>213</y46>
			<x47>158</x47>
			<y47>214</y47>
			<x48>156</x48>
			<y48>214</y48>
			<x49>155</x49>
			<y49>212</y49>
			<x50>155</x50>
			<y50>210</y50>
			<x51>152</x51>
			<y51>207</y51>
			<x52>148</x52>
			<y52>205</y52>
			<x53>145</x53>
			<y53>205</y53>
			<x54>144</x54>
			<y54>204</y54>
			<x55>140</x55>
			<y55>204</y55>
			<x56>139</x56>
			<y56>203</y56>
			<x57>136</x57>
			<y57>203</y57>
			<x58>135</x58>
			<y58>204</y58>
			<x59>132</x59>
			<y59>204</y59>
			<x60>128</x60>
			<y60>207</y60>
			<x61>123</x61>
			<y61>207</y61>
			<x62>119</x62>
			<y62>204</y62>
			<x63>118</x63>
			<y63>204</y63>
			<x64>116</x64>
			<y64>202</y64>
			<x65>109</x65>
			<y65>201</y65>
			<x66>102</x66>
			<y66>205</y66>
			<x67>93</x67>
			<y67>205</y67>
			<x68>92</x68>
			<y68>206</y68>
			<x69>89</x69>
			<y69>206</y69>
			<x70>87</x70>
			<y70>207</y70>
			<x71>84</x71>
			<y71>210</y71>
			<x72>80</x72>
			<y72>210</y72>
			<x73>79</x73>
			<y73>209</y73>
			<x74>74</x74>
			<y74>208</y74>
			<x75>75</x75>
			<y75>205</y75>
			<x76>82</x76>
			<y76>198</y76>
			<x77>83</x77>
			<y77>198</y77>
			<x78>85</x78>
			<y78>196</y78>
			<x79>91</x79>
			<y79>193</y79>
			<x80>93</x80>
			<y80>193</y80>
			<x81>97</x81>
			<y81>191</y81>
			<x82>100</x82>
			<y82>191</y82>
			<x83>101</x83>
			<y83>190</y83>
			<x84>106</x84>
			<y84>190</y84>
			<x85>107</x85>
			<y85>189</y85>
			<x86>126</x86>
			<y86>189</y86>
		</polygon>
	</object>
	<metadata>
	</metadata>
</annotation>
