<annotation>
	<folder></folder>
	<filename>IMG_8484_jpeg.rf.ef7e7fab936c1596288e463078caf656.jpg</filename>
	<path>IMG_8484_jpeg.rf.ef7e7fab936c1596288e463078caf656.jpg</path>
	<source>
		<database>roboflow.com</database>
	</source>
	<size>
		<width>320</width>
		<height>320</height>
		<depth>3</depth>
	</size>
	<segmented>0</segmented>
	<object>
		<name>fish</name>
		<pose>Unspecified</pose>
		<truncated>0</truncated>
		<difficult>0</difficult>
		<occluded>0</occluded>
		<bndbox>
			<xmin>50</xmin>
			<xmax>135</xmax>
			<ymin>147</ymin>
			<ymax>193</ymax>
		</bndbox>
		<polygon>
			<x1>82</x1>
			<y1>148</y1>
			<x2>83</x2>
			<y2>148</y2>
			<x3>83</x3>
			<y3>150</y3>
			<x4>84</x4>
			<y4>152</y4>
			<x5>89</x5>
			<y5>158</y5>
			<x6>93</x6>
			<y6>158</y6>
			<x7>95</x7>
			<y7>156</y7>
			<x8>95</x8>
			<y8>152</y8>
			<x9>96</x9>
			<y9>151</y9>
			<x10>96</x10>
			<y10>149</y10>
			<x11>98</x11>
			<y11>149</y11>
			<x12>98</x12>
			<y12>153</y12>
			<x13>100</x13>
			<y13>155</y13>
			<x14>101</x14>
			<y14>155</y14>
			<x15>105</x15>
			<y15>151</y15>
			<x16>108</x16>
			<y16>151</y16>
			<x17>107</x17>
			<y17>153</y17>
			<x18>108</x18>
			<y18>154</y18>
			<x19>111</x19>
			<y19>154</y19>
			<x20>115</x20>
			<y20>151</y20>
			<x21>117</x21>
			<y21>150</y21>
			<x22>119</x22>
			<y22>150</y22>
			<x23>127</x23>
			<y23>146</y23>
			<x24>129</x24>
			<y24>147</y24>
			<x25>129</x25>
			<y25>149</y25>
			<x26>130</x26>
			<y26>150</y26>
			<x27>132</x27>
			<y27>150</y27>
			<x28>133</x28>
			<y28>151</y28>
			<x29>133</x29>
			<y29>153</y29>
			<x30>131</x30>
			<y30>153</y30>
			<x31>129</x31>
			<y31>155</y31>
			<x32>131</x32>
			<y32>156</y32>
			<x33>131</x33>
			<y33>157</y33>
			<x34>126</x34>
			<y34>162</y34>
			<x35>121</x35>
			<y35>162</y35>
			<x36>120</x36>
			<y36>163</y36>
			<x37>113</x37>
			<y37>158</y37>
			<x38>112</x38>
			<y38>158</y38>
			<x39>108</x39>
			<y39>161</y39>
			<x40>109</x40>
			<y40>163</y40>
			<x41>108</x41>
			<y41>164</y41>
			<x42>106</x42>
			<y42>163</y42>
			<x43>103</x43>
			<y43>163</y43>
			<x44>102</x44>
			<y44>162</y44>
			<x45>99</x45>
			<y45>162</y45>
			<x46>98</x46>
			<y46>163</y46>
			<x47>100</x47>
			<y47>165</y47>
			<x48>100</x48>
			<y48>166</y48>
			<x49>98</x49>
			<y49>167</y49>
			<x50>94</x50>
			<y50>167</y50>
			<x51>93</x51>
			<y51>168</y51>
			<x52>95</x52>
			<y52>170</y52>
			<x53>98</x53>
			<y53>171</y53>
			<x54>98</x54>
			<y54>172</y54>
			<x55>85</x55>
			<y55>172</y55>
			<x56>84</x56>
			<y56>173</y56>
			<x57>85</x57>
			<y57>174</y57>
			<x58>87</x58>
			<y58>174</y58>
			<x59>83</x59>
			<y59>177</y59>
			<x60>84</x60>
			<y60>178</y60>
			<x61>86</x61>
			<y61>178</y61>
			<x62>86</x62>
			<y62>179</y62>
			<x63>84</x63>
			<y63>181</y63>
			<x64>83</x64>
			<y64>181</y64>
			<x65>81</x65>
			<y65>183</y65>
			<x66>69</x66>
			<y66>189</y66>
			<x67>67</x67>
			<y67>189</y67>
			<x68>66</x68>
			<y68>190</y68>
			<x69>63</x69>
			<y69>190</y69>
			<x70>62</x70>
			<y70>191</y70>
			<x71>57</x71>
			<y71>191</y71>
			<x72>55</x72>
			<y72>192</y72>
			<x73>54</x73>
			<y73>191</y73>
			<x74>55</x74>
			<y74>190</y74>
			<x75>55</x75>
			<y75>188</y75>
			<x76>53</x76>
			<y76>186</y76>
			<x77>51</x77>
			<y77>186</y77>
			<x78>50</x78>
			<y78>187</y78>
			<x79>49</x79>
			<y79>187</y79>
			<x80>49</x80>
			<y80>186</y80>
			<x81>50</x81>
			<y81>185</y81>
			<x82>50</x82>
			<y82>182</y82>
			<x83>51</x83>
			<y83>181</y83>
			<x84>51</x84>
			<y84>179</y84>
			<x85>56</x85>
			<y85>169</y85>
			<x86>58</x86>
			<y86>167</y86>
			<x87>60</x87>
			<y87>167</y87>
			<x88>61</x88>
			<y88>166</y88>
			<x89>61</x89>
			<y89>158</y89>
			<x90>62</x90>
			<y90>157</y90>
			<x91>64</x91>
			<y91>161</y91>
			<x92>70</x92>
			<y92>167</y92>
			<x93>73</x93>
			<y93>168</y93>
			<x94>75</x94>
			<y94>166</y94>
			<x95>70</x95>
			<y95>160</y95>
			<x96>70</x96>
			<y96>158</y96>
			<x97>69</x97>
			<y97>157</y97>
			<x98>69</x98>
			<y98>151</y98>
			<x99>70</x99>
			<y99>149</y99>
			<x100>71</x100>
			<y100>149</y100>
			<x101>73</x101>
			<y101>153</y101>
			<x102>73</x102>
			<y102>155</y102>
			<x103>75</x103>
			<y103>157</y103>
			<x104>75</x104>
			<y104>158</y104>
			<x105>78</x105>
			<y105>161</y105>
			<x106>80</x106>
			<y106>162</y106>
			<x107>82</x107>
			<y107>162</y107>
			<x108>83</x108>
			<y108>161</y108>
			<x109>83</x109>
			<y109>157</y109>
			<x110>82</x110>
			<y110>156</y110>
			<x111>82</x111>
			<y111>149</y111>
		</polygon>
	</object>
	<metadata>
	</metadata>
</annotation>
