<annotation>
	<folder></folder>
	<filename>IMG_8400_jpeg.rf.ee575bd6b3a3d164dff19d7f8c3a018f.jpg</filename>
	<path>IMG_8400_jpeg.rf.ee575bd6b3a3d164dff19d7f8c3a018f.jpg</path>
	<source>
		<database>roboflow.com</database>
	</source>
	<size>
		<width>320</width>
		<height>320</height>
		<depth>3</depth>
	</size>
	<segmented>0</segmented>
	<object>
		<name>fish</name>
		<pose>Unspecified</pose>
		<truncated>0</truncated>
		<difficult>0</difficult>
		<occluded>0</occluded>
		<bndbox>
			<xmin>127</xmin>
			<xmax>192</xmax>
			<ymin>130</ymin>
			<ymax>169</ymax>
		</bndbox>
		<polygon>
			<x1>150</x1>
			<y1>139</y1>
			<x2>150</x2>
			<y2>140</y2>
			<x3>152</x3>
			<y3>142</y3>
			<x4>155</x4>
			<y4>142</y4>
			<x5>156</x5>
			<y5>143</y5>
			<x6>160</x6>
			<y6>141</y6>
			<x7>163</x7>
			<y7>144</y7>
			<x8>164</x8>
			<y8>146</y8>
			<x9>167</x9>
			<y9>146</y9>
			<x10>170</x10>
			<y10>144</y10>
			<x11>171</x11>
			<y11>145</y11>
			<x12>178</x12>
			<y12>146</y12>
			<x13>186</x13>
			<y13>150</y13>
			<x14>191</x14>
			<y14>155</y14>
			<x15>189</x15>
			<y15>157</y15>
			<x16>189</x16>
			<y16>159</y16>
			<x17>186</x17>
			<y17>162</y17>
			<x18>182</x18>
			<y18>164</y18>
			<x19>179</x19>
			<y19>164</y19>
			<x20>178</x20>
			<y20>165</y20>
			<x21>164</x21>
			<y21>165</y21>
			<x22>160</x22>
			<y22>167</y22>
			<x23>158</x23>
			<y23>167</y23>
			<x24>160</x24>
			<y24>163</y24>
			<x25>159</x25>
			<y25>162</y25>
			<x26>157</x26>
			<y26>163</y26>
			<x27>155</x27>
			<y27>163</y27>
			<x28>150</x28>
			<y28>166</y28>
			<x29>147</x29>
			<y29>166</y29>
			<x30>154</x30>
			<y30>159</y30>
			<x31>155</x31>
			<y31>157</y31>
			<x32>153</x32>
			<y32>155</y32>
			<x33>146</x33>
			<y33>159</y33>
			<x34>143</x34>
			<y34>159</y34>
			<x35>142</x35>
			<y35>160</y35>
			<x36>148</x36>
			<y36>154</y36>
			<x37>149</x37>
			<y37>152</y37>
			<x38>147</x38>
			<y38>150</y38>
			<x39>138</x39>
			<y39>151</y39>
			<x40>141</x40>
			<y40>149</y40>
			<x41>141</x41>
			<y41>147</y41>
			<x42>137</x42>
			<y42>145</y42>
			<x43>138</x43>
			<y43>144</y43>
			<x44>138</x44>
			<y44>142</y44>
			<x45>126</x45>
			<y45>136</y45>
			<x46>128</x46>
			<y46>132</y46>
			<x47>131</x47>
			<y47>130</y47>
			<x48>142</x48>
			<y48>130</y48>
			<x49>142</x49>
			<y49>131</y49>
			<x50>144</x50>
			<y50>133</y50>
			<x51>144</x51>
			<y51>138</y51>
			<x52>145</x52>
			<y52>139</y52>
			<x53>149</x53>
			<y53>139</y53>
		</polygon>
	</object>
	<metadata>
	</metadata>
</annotation>
