<annotation>
	<folder></folder>
	<filename>IMG_8177_jpeg.rf.c65e64092d93106093cb474adf6fbe29.jpg</filename>
	<path>IMG_8177_jpeg.rf.c65e64092d93106093cb474adf6fbe29.jpg</path>
	<source>
		<database>roboflow.com</database>
	</source>
	<size>
		<width>320</width>
		<height>320</height>
		<depth>3</depth>
	</size>
	<segmented>0</segmented>
	<object>
		<name>Watermelon rind</name>
		<pose>Unspecified</pose>
		<truncated>0</truncated>
		<difficult>0</difficult>
		<occluded>0</occluded>
		<bndbox>
			<xmin>109</xmin>
			<xmax>171</xmax>
			<ymin>219</ymin>
			<ymax>246</ymax>
		</bndbox>
		<polygon>
			<x1>156</x1>
			<y1>219</y1>
			<x2>157</x2>
			<y2>220</y2>
			<x3>160</x3>
			<y3>220</y3>
			<x4>164</x4>
			<y4>222</y4>
			<x5>169</x5>
			<y5>227</y5>
			<x6>169</x6>
			<y6>229</y6>
			<x7>165</x7>
			<y7>229</y7>
			<x8>162</x8>
			<y8>227</y8>
			<x9>158</x9>
			<y9>227</y9>
			<x10>155</x10>
			<y10>225</y10>
			<x11>149</x11>
			<y11>225</y11>
			<x12>147</x12>
			<y12>227</y12>
			<x13>144</x13>
			<y13>227</y13>
			<x14>141</x14>
			<y14>225</y14>
			<x15>137</x15>
			<y15>225</y15>
			<x16>136</x16>
			<y16>226</y16>
			<x17>134</x17>
			<y17>226</y17>
			<x18>132</x18>
			<y18>227</y18>
			<x19>129</x19>
			<y19>230</y19>
			<x20>126</x20>
			<y20>230</y20>
			<x21>122</x21>
			<y21>233</y21>
			<x22>117</x22>
			<y22>234</y22>
			<x23>115</x23>
			<y23>237</y23>
			<x24>115</x24>
			<y24>239</y24>
			<x25>117</x25>
			<y25>241</y25>
			<x26>117</x26>
			<y26>242</y26>
			<x27>112</x27>
			<y27>245</y27>
			<x28>109</x28>
			<y28>245</y28>
			<x29>109</x29>
			<y29>242</y29>
			<x30>108</x30>
			<y30>241</y30>
			<x31>108</x31>
			<y31>237</y31>
			<x32>109</x32>
			<y32>236</y32>
			<x33>109</x33>
			<y33>234</y33>
			<x34>110</x34>
			<y34>232</y34>
			<x35>117</x35>
			<y35>226</y35>
			<x36>123</x36>
			<y36>223</y36>
			<x37>125</x37>
			<y37>223</y37>
			<x38>126</x38>
			<y38>222</y38>
			<x39>128</x39>
			<y39>222</y39>
			<x40>132</x40>
			<y40>220</y40>
			<x41>137</x41>
			<y41>220</y41>
			<x42>138</x42>
			<y42>219</y42>
			<x43>155</x43>
			<y43>219</y43>
		</polygon>
	</object>
	<object>
		<name>Watermelon rind</name>
		<pose>Unspecified</pose>
		<truncated>0</truncated>
		<difficult>0</difficult>
		<occluded>0</occluded>
		<bndbox>
			<xmin>123</xmin>
			<xmax>197</xmax>
			<ymin>200</ymin>
			<ymax>238</ymax>
		</bndbox>
		<polygon>
			<x1>173</x1>
			<y1>206</y1>
			<x2>185</x2>
			<y2>212</y2>
			<x3>188</x3>
			<y3>215</y3>
			<x4>189</x4>
			<y4>215</y4>
			<x5>194</x5>
			<y5>221</y5>
			<x6>194</x6>
			<y6>223</y6>
			<x7>195</x7>
			<y7>224</y7>
			<x8>195</x8>
			<y8>233</y8>
			<x9>193</x9>
			<y9>236</y9>
			<x10>190</x10>
			<y10>236</y10>
			<x11>189</x11>
			<y11>235</y11>
			<x12>187</x12>
			<y12>235</y12>
			<x13>184</x13>
			<y13>232</y13>
			<x14>187</x14>
			<y14>228</y14>
			<x15>187</x15>
			<y15>225</y15>
			<x16>184</x16>
			<y16>222</y16>
			<x17>181</x17>
			<y17>221</y17>
			<x18>178</x18>
			<y18>218</y18>
			<x19>174</x19>
			<y19>216</y19>
			<x20>171</x20>
			<y20>216</y20>
			<x21>168</x21>
			<y21>212</y21>
			<x22>164</x22>
			<y22>210</y22>
			<x23>162</x23>
			<y23>210</y23>
			<x24>161</x24>
			<y24>209</y24>
			<x25>156</x25>
			<y25>209</y25>
			<x26>154</x26>
			<y26>211</y26>
			<x27>152</x27>
			<y27>211</y27>
			<x28>146</x28>
			<y28>207</y28>
			<x29>140</x29>
			<y29>207</y29>
			<x30>139</x30>
			<y30>208</y30>
			<x31>132</x31>
			<y31>208</y31>
			<x32>127</x32>
			<y32>211</y32>
			<x33>122</x33>
			<y33>209</y33>
			<x34>123</x34>
			<y34>207</y34>
			<x35>128</x35>
			<y35>203</y35>
			<x36>130</x36>
			<y36>202</y36>
			<x37>132</x37>
			<y37>202</y37>
			<x38>133</x38>
			<y38>201</y38>
			<x39>136</x39>
			<y39>201</y39>
			<x40>137</x40>
			<y40>200</y40>
			<x41>154</x41>
			<y41>200</y41>
			<x42>155</x42>
			<y42>201</y42>
			<x43>159</x43>
			<y43>201</y43>
			<x44>160</x44>
			<y44>202</y44>
			<x45>162</x45>
			<y45>202</y45>
			<x46>163</x46>
			<y46>203</y46>
			<x47>165</x47>
			<y47>203</y47>
			<x48>166</x48>
			<y48>204</y48>
			<x49>168</x49>
			<y49>204</y49>
			<x50>172</x50>
			<y50>206</y50>
		</polygon>
	</object>
	<metadata>
	</metadata>
</annotation>
