<annotation>
	<folder></folder>
	<filename>IMG_8230_jpeg.rf.80316315f9e0ed4d69a9cf5c7f4e4cb6.jpg</filename>
	<path>IMG_8230_jpeg.rf.80316315f9e0ed4d69a9cf5c7f4e4cb6.jpg</path>
	<source>
		<database>roboflow.com</database>
	</source>
	<size>
		<width>320</width>
		<height>320</height>
		<depth>3</depth>
	</size>
	<segmented>0</segmented>
	<object>
		<name>Watermelon rind</name>
		<pose>Unspecified</pose>
		<truncated>0</truncated>
		<difficult>0</difficult>
		<occluded>0</occluded>
		<bndbox>
			<xmin>109</xmin>
			<xmax>137</xmax>
			<ymin>148</ymin>
			<ymax>208</ymax>
		</bndbox>
		<polygon>
			<x1>123</x1>
			<y1>184</y1>
			<x2>123</x2>
			<y2>186</y2>
			<x3>121</x3>
			<y3>188</y3>
			<x4>121</x4>
			<y4>191</y4>
			<x5>127</x5>
			<y5>197</y5>
			<x6>127</x6>
			<y6>198</y6>
			<x7>131</x7>
			<y7>202</y7>
			<x8>133</x8>
			<y8>203</y8>
			<x9>133</x9>
			<y9>206</y9>
			<x10>128</x10>
			<y10>206</y10>
			<x11>127</x11>
			<y11>205</y11>
			<x12>125</x12>
			<y12>205</y12>
			<x13>121</x13>
			<y13>203</y13>
			<x14>114</x14>
			<y14>196</y14>
			<x15>114</x15>
			<y15>195</y15>
			<x16>111</x16>
			<y16>191</y16>
			<x17>111</x17>
			<y17>189</y17>
			<x18>110</x18>
			<y18>188</y18>
			<x19>110</x19>
			<y19>185</y19>
			<x20>109</x20>
			<y20>184</y20>
			<x21>109</x21>
			<y21>166</y21>
			<x22>110</x22>
			<y22>165</y22>
			<x23>110</x23>
			<y23>163</y23>
			<x24>114</x24>
			<y24>155</y24>
			<x25>119</x25>
			<y25>151</y25>
			<x26>123</x26>
			<y26>149</y26>
			<x27>125</x27>
			<y27>149</y27>
			<x28>126</x28>
			<y28>148</y28>
			<x29>135</x29>
			<y29>148</y29>
			<x30>135</x30>
			<y30>153</y30>
			<x31>133</x31>
			<y31>155</y31>
			<x32>125</x32>
			<y32>155</y32>
			<x33>123</x33>
			<y33>157</y33>
			<x34>123</x34>
			<y34>159</y34>
			<x35>122</x35>
			<y35>160</y35>
			<x36>122</x36>
			<y36>163</y36>
			<x37>120</x37>
			<y37>166</y37>
			<x38>121</x38>
			<y38>168</y38>
			<x39>121</x39>
			<y39>170</y39>
			<x40>118</x40>
			<y40>172</y40>
			<x41>118</x41>
			<y41>174</y41>
			<x42>117</x42>
			<y42>175</y42>
			<x43>117</x43>
			<y43>178</y43>
			<x44>118</x44>
			<y44>180</y44>
			<x45>122</x45>
			<y45>184</y45>
		</polygon>
	</object>
	<object>
		<name>Watermelon rind</name>
		<pose>Unspecified</pose>
		<truncated>0</truncated>
		<difficult>0</difficult>
		<occluded>0</occluded>
		<bndbox>
			<xmin>131</xmin>
			<xmax>180</xmax>
			<ymin>168</ymin>
			<ymax>209</ymax>
		</bndbox>
		<polygon>
			<x1>136</x1>
			<y1>167</y1>
			<x2>137</x2>
			<y2>168</y2>
			<x3>137</x3>
			<y3>174</y3>
			<x4>138</x4>
			<y4>175</y4>
			<x5>138</x5>
			<y5>180</y5>
			<x6>140</x6>
			<y6>182</y6>
			<x7>144</x7>
			<y7>184</y7>
			<x8>144</x8>
			<y8>189</y8>
			<x9>148</x9>
			<y9>193</y9>
			<x10>150</x10>
			<y10>194</y10>
			<x11>154</x11>
			<y11>194</y11>
			<x12>154</x12>
			<y12>195</y12>
			<x13>157</x13>
			<y13>198</y13>
			<x14>159</x14>
			<y14>199</y14>
			<x15>161</x15>
			<y15>199</y15>
			<x16>164</x16>
			<y16>202</y16>
			<x17>168</x17>
			<y17>202</y17>
			<x18>172</x18>
			<y18>199</y18>
			<x19>177</x19>
			<y19>201</y19>
			<x20>179</x20>
			<y20>203</y20>
			<x21>177</x21>
			<y21>205</y21>
			<x22>175</x22>
			<y22>206</y22>
			<x23>173</x23>
			<y23>206</y23>
			<x24>172</x24>
			<y24>207</y24>
			<x25>163</x25>
			<y25>207</y25>
			<x26>162</x26>
			<y26>206</y26>
			<x27>158</x27>
			<y27>206</y27>
			<x28>157</x28>
			<y28>205</y28>
			<x29>155</x29>
			<y29>205</y29>
			<x30>153</x30>
			<y30>203</y30>
			<x31>150</x31>
			<y31>202</y31>
			<x32>144</x32>
			<y32>197</y32>
			<x33>143</x33>
			<y33>197</y33>
			<x34>136</x34>
			<y34>190</y34>
			<x35>136</x35>
			<y35>189</y35>
			<x36>132</x36>
			<y36>184</y36>
			<x37>132</x37>
			<y37>182</y37>
			<x38>131</x38>
			<y38>181</y38>
			<x39>131</x39>
			<y39>172</y39>
			<x40>132</x40>
			<y40>171</y40>
			<x41>132</x41>
			<y41>169</y41>
			<x42>134</x42>
			<y42>167</y42>
			<x43>135</x43>
			<y43>167</y43>
		</polygon>
	</object>
	<metadata>
	</metadata>
</annotation>
