<annotation>
	<folder></folder>
	<filename>IMG_8370_jpeg.rf.a05ade8a9a22e51f3570b06cbc29d4e3.jpg</filename>
	<path>IMG_8370_jpeg.rf.a05ade8a9a22e51f3570b06cbc29d4e3.jpg</path>
	<source>
		<database>roboflow.com</database>
	</source>
	<size>
		<width>320</width>
		<height>320</height>
		<depth>3</depth>
	</size>
	<segmented>0</segmented>
	<object>
		<name>fish</name>
		<pose>Unspecified</pose>
		<truncated>0</truncated>
		<difficult>0</difficult>
		<occluded>0</occluded>
		<bndbox>
			<xmin>113</xmin>
			<xmax>190</xmax>
			<ymin>191</ymin>
			<ymax>226</ymax>
		</bndbox>
		<polygon>
			<x1>152</x1>
			<y1>191</y1>
			<x2>148</x2>
			<y2>198</y2>
			<x3>148</x3>
			<y3>203</y3>
			<x4>150</x4>
			<y4>205</y4>
			<x5>151</x5>
			<y5>205</y5>
			<x6>153</x6>
			<y6>203</y6>
			<x7>154</x7>
			<y7>200</y7>
			<x8>158</x8>
			<y8>196</y8>
			<x9>160</x9>
			<y9>195</y9>
			<x10>157</x10>
			<y10>201</y10>
			<x11>157</x11>
			<y11>206</y11>
			<x12>158</x12>
			<y12>207</y12>
			<x13>162</x13>
			<y13>207</y13>
			<x14>165</x14>
			<y14>204</y14>
			<x15>168</x15>
			<y15>203</y15>
			<x16>168</x16>
			<y16>204</y16>
			<x17>166</x17>
			<y17>206</y17>
			<x18>166</x18>
			<y18>208</y18>
			<x19>167</x19>
			<y19>209</y19>
			<x20>173</x20>
			<y20>209</y20>
			<x21>172</x21>
			<y21>211</y21>
			<x22>173</x22>
			<y22>213</y22>
			<x23>178</x23>
			<y23>213</y23>
			<x24>179</x24>
			<y24>214</y24>
			<x25>185</x25>
			<y25>214</y25>
			<x26>189</x26>
			<y26>216</y26>
			<x27>187</x27>
			<y27>217</y27>
			<x28>188</x28>
			<y28>219</y28>
			<x29>188</x29>
			<y29>221</y29>
			<x30>187</x30>
			<y30>222</y30>
			<x31>185</x31>
			<y31>222</y31>
			<x32>184</x32>
			<y32>221</y32>
			<x33>183</x33>
			<y33>222</y33>
			<x34>183</x34>
			<y34>224</y34>
			<x35>179</x35>
			<y35>224</y35>
			<x36>178</x36>
			<y36>225</y36>
			<x37>176</x37>
			<y37>225</y37>
			<x38>175</x38>
			<y38>223</y38>
			<x39>172</x39>
			<y39>223</y39>
			<x40>172</x40>
			<y40>216</y40>
			<x41>170</x41>
			<y41>214</y41>
			<x42>168</x42>
			<y42>216</y42>
			<x43>166</x43>
			<y43>216</y43>
			<x44>165</x44>
			<y44>218</y44>
			<x45>164</x45>
			<y45>218</y45>
			<x46>160</x46>
			<y46>214</y46>
			<x47>159</x47>
			<y47>214</y47>
			<x48>158</x48>
			<y48>216</y48>
			<x49>153</x49>
			<y49>215</y49>
			<x50>152</x50>
			<y50>216</y50>
			<x51>153</x51>
			<y51>219</y51>
			<x52>152</x52>
			<y52>219</y52>
			<x53>148</x53>
			<y53>216</y53>
			<x54>147</x54>
			<y54>216</y54>
			<x55>145</x55>
			<y55>214</y55>
			<x56>143</x56>
			<y56>215</y56>
			<x57>141</x57>
			<y57>217</y57>
			<x58>141</x58>
			<y58>218</y58>
			<x59>126</x59>
			<y59>218</y59>
			<x60>125</x60>
			<y60>217</y60>
			<x61>118</x61>
			<y61>216</y61>
			<x62>112</x62>
			<y62>213</y62>
			<x63>115</x63>
			<y63>210</y63>
			<x64>115</x64>
			<y64>209</y64>
			<x65>113</x65>
			<y65>207</y65>
			<x66>112</x66>
			<y66>207</y66>
			<x67>114</x67>
			<y67>205</y67>
			<x68>117</x68>
			<y68>204</y68>
			<x69>119</x69>
			<y69>202</y69>
			<x70>121</x70>
			<y70>202</y70>
			<x71>123</x71>
			<y71>200</y71>
			<x72>125</x72>
			<y72>200</y72>
			<x73>131</x73>
			<y73>197</y73>
			<x74>133</x74>
			<y74>200</y74>
			<x75>135</x75>
			<y75>196</y75>
			<x76>138</x76>
			<y76>193</y76>
			<x77>140</x77>
			<y77>193</y77>
			<x78>140</x78>
			<y78>195</y78>
			<x79>139</x79>
			<y79>196</y79>
			<x80>139</x80>
			<y80>203</y80>
			<x81>141</x81>
			<y81>205</y81>
			<x82>143</x82>
			<y82>203</y82>
			<x83>143</x83>
			<y83>199</y83>
			<x84>146</x84>
			<y84>195</y84>
			<x85>146</x85>
			<y85>194</y85>
			<x86>148</x86>
			<y86>192</y86>
			<x87>151</x87>
			<y87>191</y87>
		</polygon>
	</object>
	<metadata>
	</metadata>
</annotation>
