<annotation>
	<folder></folder>
	<filename>IMG_8486_jpeg.rf.263151ed07f51707eaa8d258e2e1fa3c.jpg</filename>
	<path>IMG_8486_jpeg.rf.263151ed07f51707eaa8d258e2e1fa3c.jpg</path>
	<source>
		<database>roboflow.com</database>
	</source>
	<size>
		<width>320</width>
		<height>320</height>
		<depth>3</depth>
	</size>
	<segmented>0</segmented>
	<object>
		<name>fish</name>
		<pose>Unspecified</pose>
		<truncated>0</truncated>
		<difficult>0</difficult>
		<occluded>0</occluded>
		<bndbox>
			<xmin>80</xmin>
			<xmax>139</xmax>
			<ymin>164</ymin>
			<ymax>239</ymax>
		</bndbox>
		<polygon>
			<x1>101</x1>
			<y1>164</y1>
			<x2>105</x2>
			<y2>164</y2>
			<x3>107</x3>
			<y3>168</y3>
			<x4>108</x4>
			<y4>167</y4>
			<x5>112</x5>
			<y5>167</y5>
			<x6>113</x6>
			<y6>169</y6>
			<x7>116</x7>
			<y7>171</y7>
			<x8>115</x8>
			<y8>172</y8>
			<x9>115</x9>
			<y9>176</y9>
			<x10>108</x10>
			<y10>179</y10>
			<x11>106</x11>
			<y11>181</y11>
			<x12>108</x12>
			<y12>183</y12>
			<x13>108</x13>
			<y13>186</y13>
			<x14>109</x14>
			<y14>187</y14>
			<x15>112</x15>
			<y15>185</y15>
			<x16>113</x16>
			<y16>185</y16>
			<x17>113</x17>
			<y17>186</y17>
			<x18>112</x18>
			<y18>188</y18>
			<x19>105</x19>
			<y19>194</y19>
			<x20>105</x20>
			<y20>195</y20>
			<x21>106</x21>
			<y21>196</y21>
			<x22>114</x22>
			<y22>192</y22>
			<x23>115</x23>
			<y23>193</y23>
			<x24>114</x24>
			<y24>195</y24>
			<x25>114</x25>
			<y25>197</y25>
			<x26>113</x26>
			<y26>198</y26>
			<x27>114</x27>
			<y27>200</y27>
			<x28>115</x28>
			<y28>200</y28>
			<x29>118</x29>
			<y29>197</y29>
			<x30>122</x30>
			<y30>195</y30>
			<x31>122</x31>
			<y31>198</y31>
			<x32>120</x32>
			<y32>201</y32>
			<x33>120</x33>
			<y33>204</y33>
			<x34>123</x34>
			<y34>206</y34>
			<x35>123</x35>
			<y35>209</y35>
			<x36>124</x36>
			<y36>210</y36>
			<x37>127</x37>
			<y37>206</y37>
			<x38>128</x38>
			<y38>206</y38>
			<x39>132</x39>
			<y39>210</y39>
			<x40>137</x40>
			<y40>220</y40>
			<x41>137</x41>
			<y41>224</y41>
			<x42>138</x42>
			<y42>225</y42>
			<x43>138</x43>
			<y43>231</y43>
			<x44>136</x44>
			<y44>234</y44>
			<x45>130</x45>
			<y45>234</y45>
			<x46>128</x46>
			<y46>237</y46>
			<x47>125</x47>
			<y47>237</y47>
			<x48>124</x48>
			<y48>236</y48>
			<x49>120</x49>
			<y49>236</y49>
			<x50>117</x50>
			<y50>234</y50>
			<x51>115</x51>
			<y51>234</y51>
			<x52>103</x52>
			<y52>228</y52>
			<x53>102</x53>
			<y53>227</y53>
			<x54>103</x54>
			<y54>225</y54>
			<x55>102</x55>
			<y55>224</y55>
			<x56>97</x56>
			<y56>224</y56>
			<x57>96</x57>
			<y57>223</y57>
			<x58>91</x58>
			<y58>223</y58>
			<x59>90</x59>
			<y59>222</y59>
			<x60>92</x60>
			<y60>221</y60>
			<x61>94</x61>
			<y61>221</y61>
			<x62>95</x62>
			<y62>220</y62>
			<x63>97</x63>
			<y63>220</y63>
			<x64>101</x64>
			<y64>218</y64>
			<x65>103</x65>
			<y65>216</y65>
			<x66>102</x66>
			<y66>214</y66>
			<x67>100</x67>
			<y67>215</y67>
			<x68>85</x68>
			<y68>215</y68>
			<x69>84</x69>
			<y69>214</y69>
			<x70>81</x70>
			<y70>214</y70>
			<x71>80</x71>
			<y71>213</y71>
			<x72>82</x72>
			<y72>212</y72>
			<x73>90</x73>
			<y73>212</y73>
			<x74>91</x74>
			<y74>211</y74>
			<x75>94</x75>
			<y75>211</y75>
			<x76>102</x76>
			<y76>207</y76>
			<x77>101</x77>
			<y77>205</y77>
			<x78>96</x78>
			<y78>205</y78>
			<x79>95</x79>
			<y79>206</y79>
			<x80>96</x80>
			<y80>207</y80>
			<x81>94</x81>
			<y81>205</y81>
			<x82>92</x82>
			<y82>205</y82>
			<x83>91</x83>
			<y83>204</y83>
			<x84>85</x84>
			<y84>204</y84>
			<x85>83</x85>
			<y85>203</y85>
			<x86>85</x86>
			<y86>203</y86>
			<x87>86</x87>
			<y87>202</y87>
			<x88>93</x88>
			<y88>202</y88>
			<x89>94</x89>
			<y89>201</y89>
			<x90>96</x90>
			<y90>201</y90>
			<x91>98</x91>
			<y91>200</y91>
			<x92>100</x92>
			<y92>198</y92>
			<x93>98</x93>
			<y93>194</y93>
			<x94>96</x94>
			<y94>194</y94>
			<x95>95</x95>
			<y95>193</y95>
			<x96>92</x96>
			<y96>193</y96>
			<x97>89</x97>
			<y97>191</y97>
			<x98>97</x98>
			<y98>191</y98>
			<x99>99</x99>
			<y99>189</y99>
			<x100>95</x100>
			<y100>185</y100>
			<x101>95</x101>
			<y101>183</y101>
			<x102>100</x102>
			<y102>184</y102>
			<x103>101</x103>
			<y103>183</y103>
			<x104>101</x104>
			<y104>181</y104>
			<x105>99</x105>
			<y105>179</y105>
			<x106>96</x106>
			<y106>173</y106>
			<x107>96</x107>
			<y107>171</y107>
			<x108>95</x108>
			<y108>170</y108>
			<x109>95</x109>
			<y109>166</y109>
			<x110>97</x110>
			<y110>166</y110>
			<x111>99</x111>
			<y111>168</y111>
			<x112>101</x112>
			<y112>166</y112>
			<x113>101</x113>
			<y113>165</y113>
		</polygon>
	</object>
	<metadata>
	</metadata>
</annotation>
