<annotation>
	<folder></folder>
	<filename>IMG_1976_HEIC.rf.325045251cac8ee08de580c4b6e49c4e.jpg</filename>
	<path>IMG_1976_HEIC.rf.325045251cac8ee08de580c4b6e49c4e.jpg</path>
	<source>
		<database>roboflow.com</database>
	</source>
	<size>
		<width>320</width>
		<height>320</height>
		<depth>3</depth>
	</size>
	<segmented>0</segmented>
	<object>
		<name>Egg shell</name>
		<pose>Unspecified</pose>
		<truncated>0</truncated>
		<difficult>0</difficult>
		<occluded>0</occluded>
		<bndbox>
			<xmin>132</xmin>
			<xmax>179</xmax>
			<ymin>76</ymin>
			<ymax>99</ymax>
		</bndbox>
	</object>
	<metadata>
	</metadata>
</annotation>
