<annotation>
	<folder></folder>
	<filename>IMG_1948_HEIC.rf.aaa27e9d525b5c4af62a524b828a8937.jpg</filename>
	<path>IMG_1948_HEIC.rf.aaa27e9d525b5c4af62a524b828a8937.jpg</path>
	<source>
		<database>roboflow.com</database>
	</source>
	<size>
		<width>320</width>
		<height>320</height>
		<depth>3</depth>
	</size>
	<segmented>0</segmented>
	<object>
		<name>Egg shell</name>
		<pose>Unspecified</pose>
		<truncated>0</truncated>
		<difficult>0</difficult>
		<occluded>0</occluded>
		<bndbox>
			<xmin>157</xmin>
			<xmax>206</xmax>
			<ymin>146</ymin>
			<ymax>165</ymax>
		</bndbox>
	</object>
	<metadata>
	</metadata>
</annotation>
