<annotation>
	<folder></folder>
	<filename>IMG_1996_HEIC.rf.1f2abdf64cc76253ac4b0998558653e4.jpg</filename>
	<path>IMG_1996_HEIC.rf.1f2abdf64cc76253ac4b0998558653e4.jpg</path>
	<source>
		<database>roboflow.com</database>
	</source>
	<size>
		<width>320</width>
		<height>320</height>
		<depth>3</depth>
	</size>
	<segmented>0</segmented>
	<object>
		<name>Egg shell</name>
		<pose>Unspecified</pose>
		<truncated>0</truncated>
		<difficult>0</difficult>
		<occluded>0</occluded>
		<bndbox>
			<xmin>99</xmin>
			<xmax>144</xmax>
			<ymin>207</ymin>
			<ymax>228</ymax>
		</bndbox>
	</object>
	<metadata>
	</metadata>
</annotation>
