<annotation>
	<folder></folder>
	<filename>IMG_8305_jpeg.rf.63949e5ceff28c59b6251a3b4937c934.jpg</filename>
	<path>IMG_8305_jpeg.rf.63949e5ceff28c59b6251a3b4937c934.jpg</path>
	<source>
		<database>roboflow.com</database>
	</source>
	<size>
		<width>320</width>
		<height>320</height>
		<depth>3</depth>
	</size>
	<segmented>0</segmented>
	<object>
		<name>Watermelon rind</name>
		<pose>Unspecified</pose>
		<truncated>0</truncated>
		<difficult>0</difficult>
		<occluded>0</occluded>
		<bndbox>
			<xmin>104</xmin>
			<xmax>148</xmax>
			<ymin>136</ymin>
			<ymax>176</ymax>
		</bndbox>
		<polygon>
			<x1>125</x1>
			<y1>148</y1>
			<x2>124</x2>
			<y2>147</y2>
			<x3>121</x3>
			<y3>147</y3>
			<x4>119</x4>
			<y4>148</y4>
			<x5>115</x5>
			<y5>152</y5>
			<x6>115</x6>
			<y6>156</y6>
			<x7>112</x7>
			<y7>159</y7>
			<x8>112</x8>
			<y8>161</y8>
			<x9>110</x9>
			<y9>163</y9>
			<x10>110</x10>
			<y10>167</y10>
			<x11>115</x11>
			<y11>170</y11>
			<x12>115</x12>
			<y12>172</y12>
			<x13>113</x13>
			<y13>174</y13>
			<x14>110</x14>
			<y14>174</y14>
			<x15>105</x15>
			<y15>169</y15>
			<x16>103</x16>
			<y16>165</y16>
			<x17>103</x17>
			<y17>158</y17>
			<x18>108</x18>
			<y18>148</y18>
			<x19>118</x19>
			<y19>139</y19>
			<x20>122</x20>
			<y20>137</y20>
			<x21>127</x21>
			<y21>136</y21>
			<x22>128</x22>
			<y22>135</y22>
			<x23>139</x23>
			<y23>135</y23>
			<x24>140</x24>
			<y24>136</y24>
			<x25>142</x25>
			<y25>136</y25>
			<x26>146</x26>
			<y26>138</y26>
			<x27>144</x27>
			<y27>141</y27>
			<x28>139</x28>
			<y28>140</y28>
			<x29>135</x29>
			<y29>142</y29>
			<x30>129</x30>
			<y30>142</y30>
			<x31>126</x31>
			<y31>145</y31>
			<x32>126</x32>
			<y32>147</y32>
		</polygon>
	</object>
	<object>
		<name>Watermelon rind</name>
		<pose>Unspecified</pose>
		<truncated>0</truncated>
		<difficult>0</difficult>
		<occluded>0</occluded>
		<bndbox>
			<xmin>93</xmin>
			<xmax>175</xmax>
			<ymin>116</ymin>
			<ymax>142</ymax>
		</bndbox>
		<polygon>
			<x1>152</x1>
			<y1>116</y1>
			<x2>153</x2>
			<y2>117</y2>
			<x3>156</x3>
			<y3>117</y3>
			<x4>157</x4>
			<y4>118</y4>
			<x5>159</x5>
			<y5>118</y5>
			<x6>163</x6>
			<y6>120</y6>
			<x7>165</x7>
			<y7>122</y7>
			<x8>166</x8>
			<y8>122</y8>
			<x9>172</x9>
			<y9>129</y9>
			<x10>173</x10>
			<y10>131</y10>
			<x11>173</x11>
			<y11>136</y11>
			<x12>164</x12>
			<y12>136</y12>
			<x13>162</x13>
			<y13>135</y13>
			<x14>161</x14>
			<y14>134</y14>
			<x15>161</x15>
			<y15>130</y15>
			<x16>160</x16>
			<y16>128</y16>
			<x17>157</x17>
			<y17>126</y17>
			<x18>148</x18>
			<y18>126</y18>
			<x19>147</x19>
			<y19>125</y19>
			<x20>140</x20>
			<y20>125</y20>
			<x21>139</x21>
			<y21>126</y21>
			<x22>136</x22>
			<y22>126</y22>
			<x23>134</x23>
			<y23>124</y23>
			<x24>129</x24>
			<y24>123</y24>
			<x25>128</x25>
			<y25>124</y25>
			<x26>123</x26>
			<y26>124</y26>
			<x27>121</x27>
			<y27>126</y27>
			<x28>120</x28>
			<y28>126</y28>
			<x29>117</x29>
			<y29>130</y29>
			<x30>115</x30>
			<y30>130</y30>
			<x31>114</x31>
			<y31>129</y31>
			<x32>109</x32>
			<y32>129</y32>
			<x33>107</x33>
			<y33>130</y33>
			<x34>106</x34>
			<y34>132</y34>
			<x35>103</x35>
			<y35>135</y35>
			<x36>102</x36>
			<y36>135</y36>
			<x37>97</x37>
			<y37>141</y37>
			<x38>94</x38>
			<y38>141</y38>
			<x39>93</x39>
			<y39>140</y39>
			<x40>93</x40>
			<y40>133</y40>
			<x41>94</x41>
			<y41>132</y41>
			<x42>94</x42>
			<y42>130</y42>
			<x43>96</x43>
			<y43>128</y43>
			<x44>96</x44>
			<y44>127</y44>
			<x45>98</x45>
			<y45>126</y45>
			<x46>101</x46>
			<y46>123</y46>
			<x47>109</x47>
			<y47>119</y47>
			<x48>112</x48>
			<y48>119</y48>
			<x49>113</x49>
			<y49>118</y49>
			<x50>115</x50>
			<y50>118</y50>
			<x51>116</x51>
			<y51>117</y51>
			<x52>119</x52>
			<y52>117</y52>
			<x53>120</x53>
			<y53>116</y53>
			<x54>126</x54>
			<y54>116</y54>
			<x55>127</x55>
			<y55>115</y55>
			<x56>146</x56>
			<y56>115</y56>
			<x57>147</x57>
			<y57>116</y57>
			<x58>151</x58>
			<y58>116</y58>
		</polygon>
	</object>
	<metadata>
	</metadata>
</annotation>
