<annotation>
	<folder></folder>
	<filename>IMG_8307_jpeg.rf.bc6e57e3bcc088c6acf5029eaa0c0e17.jpg</filename>
	<path>IMG_8307_jpeg.rf.bc6e57e3bcc088c6acf5029eaa0c0e17.jpg</path>
	<source>
		<database>roboflow.com</database>
	</source>
	<size>
		<width>320</width>
		<height>320</height>
		<depth>3</depth>
	</size>
	<segmented>0</segmented>
	<object>
		<name>Watermelon rind</name>
		<pose>Unspecified</pose>
		<truncated>0</truncated>
		<difficult>0</difficult>
		<occluded>0</occluded>
		<bndbox>
			<xmin>119</xmin>
			<xmax>173</xmax>
			<ymin>132</ymin>
			<ymax>173</ymax>
		</bndbox>
		<polygon>
			<x1>169</x1>
			<y1>133</y1>
			<x2>172</x2>
			<y2>135</y2>
			<x3>171</x3>
			<y3>135</y3>
			<x4>169</x4>
			<y4>137</y4>
			<x5>161</x5>
			<y5>137</y5>
			<x6>160</x6>
			<y6>138</y6>
			<x7>152</x7>
			<y7>138</y7>
			<x8>147</x8>
			<y8>144</y8>
			<x9>140</x9>
			<y9>144</y9>
			<x10>138</x10>
			<y10>145</y10>
			<x11>135</x11>
			<y11>148</y11>
			<x12>134</x12>
			<y12>150</y12>
			<x13>134</x13>
			<y13>152</y13>
			<x14>130</x14>
			<y14>155</y14>
			<x15>129</x15>
			<y15>158</y15>
			<x16>126</x16>
			<y16>161</y16>
			<x17>126</x17>
			<y17>163</y17>
			<x18>129</x18>
			<y18>166</y18>
			<x19>131</x19>
			<y19>167</y19>
			<x20>130</x20>
			<y20>170</y20>
			<x21>129</x21>
			<y21>170</y21>
			<x22>127</x22>
			<y22>172</y22>
			<x23>125</x23>
			<y23>172</y23>
			<x24>119</x24>
			<y24>165</y24>
			<x25>119</x25>
			<y25>155</y25>
			<x26>121</x26>
			<y26>153</y26>
			<x27>123</x27>
			<y27>149</y27>
			<x28>129</x28>
			<y28>143</y28>
			<x29>130</x29>
			<y29>143</y29>
			<x30>133</x30>
			<y30>140</y30>
			<x31>134</x31>
			<y31>140</y31>
			<x32>139</x32>
			<y32>136</y32>
			<x33>141</x33>
			<y33>135</y33>
			<x34>143</x34>
			<y34>135</y34>
			<x35>149</x35>
			<y35>132</y35>
			<x36>154</x36>
			<y36>132</y36>
			<x37>155</x37>
			<y37>131</y37>
			<x38>162</x38>
			<y38>131</y38>
			<x39>163</x39>
			<y39>132</y39>
			<x40>167</x40>
			<y40>132</y40>
			<x41>168</x41>
			<y41>133</y41>
		</polygon>
	</object>
	<object>
		<name>Watermelon rind</name>
		<pose>Unspecified</pose>
		<truncated>0</truncated>
		<difficult>0</difficult>
		<occluded>0</occluded>
		<bndbox>
			<xmin>114</xmin>
			<xmax>203</xmax>
			<ymin>112</ymin>
			<ymax>138</ymax>
		</bndbox>
		<polygon>
			<x1>176</x1>
			<y1>112</y1>
			<x2>177</x2>
			<y2>113</y2>
			<x3>181</x3>
			<y3>113</y3>
			<x4>182</x4>
			<y4>114</y4>
			<x5>185</x5>
			<y5>114</y5>
			<x6>193</x6>
			<y6>118</y6>
			<x7>199</x7>
			<y7>124</y7>
			<x8>200</x8>
			<y8>126</y8>
			<x9>200</x9>
			<y9>128</y9>
			<x10>201</x10>
			<y10>129</y10>
			<x11>201</x11>
			<y11>133</y11>
			<x12>200</x12>
			<y12>134</y12>
			<x13>194</x13>
			<y13>134</y13>
			<x14>193</x14>
			<y14>133</y14>
			<x15>190</x15>
			<y15>133</y15>
			<x16>188</x16>
			<y16>131</y16>
			<x17>189</x17>
			<y17>130</y17>
			<x18>189</x18>
			<y18>126</y18>
			<x19>186</x19>
			<y19>123</y19>
			<x20>177</x20>
			<y20>123</y20>
			<x21>176</x21>
			<y21>122</y21>
			<x22>173</x22>
			<y22>122</y22>
			<x23>172</x23>
			<y23>121</y23>
			<x24>169</x24>
			<y24>121</y24>
			<x25>165</x25>
			<y25>123</y25>
			<x26>161</x26>
			<y26>120</y26>
			<x27>154</x27>
			<y27>119</y27>
			<x28>153</x28>
			<y28>120</y28>
			<x29>149</x29>
			<y29>120</y29>
			<x30>147</x30>
			<y30>121</y30>
			<x31>144</x31>
			<y31>124</y31>
			<x32>144</x32>
			<y32>125</y32>
			<x33>137</x33>
			<y33>125</y33>
			<x34>136</x34>
			<y34>124</y34>
			<x35>133</x35>
			<y35>124</y35>
			<x36>131</x36>
			<y36>125</y36>
			<x37>127</x37>
			<y37>129</y37>
			<x38>122</x38>
			<y38>131</y38>
			<x39>118</x39>
			<y39>136</y39>
			<x40>113</x40>
			<y40>136</y40>
			<x41>113</x41>
			<y41>131</y41>
			<x42>114</x42>
			<y42>130</y42>
			<x43>114</x43>
			<y43>128</y43>
			<x44>119</x44>
			<y44>122</y44>
			<x45>120</x45>
			<y45>122</y45>
			<x46>123</x46>
			<y46>119</y46>
			<x47>125</x47>
			<y47>118</y47>
			<x48>127</x48>
			<y48>118</y48>
			<x49>130</x49>
			<y49>116</y49>
			<x50>132</x50>
			<y50>116</y50>
			<x51>136</x51>
			<y51>114</y51>
			<x52>140</x52>
			<y52>114</y52>
			<x53>141</x53>
			<y53>113</y53>
			<x54>145</x54>
			<y54>113</y54>
			<x55>146</x55>
			<y55>112</y55>
			<x56>175</x56>
			<y56>112</y56>
		</polygon>
	</object>
	<metadata>
	</metadata>
</annotation>
