<annotation>
	<folder></folder>
	<filename>IMG_8262_jpeg.rf.18ce705e208eee548582e8ef599e58b7.jpg</filename>
	<path>IMG_8262_jpeg.rf.18ce705e208eee548582e8ef599e58b7.jpg</path>
	<source>
		<database>roboflow.com</database>
	</source>
	<size>
		<width>320</width>
		<height>320</height>
		<depth>3</depth>
	</size>
	<segmented>0</segmented>
	<object>
		<name>Watermelon rind</name>
		<pose>Unspecified</pose>
		<truncated>0</truncated>
		<difficult>0</difficult>
		<occluded>0</occluded>
		<bndbox>
			<xmin>152</xmin>
			<xmax>221</xmax>
			<ymin>97</ymin>
			<ymax>137</ymax>
		</bndbox>
		<polygon>
			<x1>156</x1>
			<y1>97</y1>
			<x2>158</x2>
			<y2>98</y2>
			<x3>158</x3>
			<y3>102</y3>
			<x4>161</x4>
			<y4>106</y4>
			<x5>162</x5>
			<y5>108</y5>
			<x6>162</x6>
			<y6>110</y6>
			<x7>165</x7>
			<y7>113</y7>
			<x8>168</x8>
			<y8>113</y8>
			<x9>169</x9>
			<y9>114</y9>
			<x10>171</x10>
			<y10>114</y10>
			<x11>172</x11>
			<y11>115</y11>
			<x12>172</x12>
			<y12>119</y12>
			<x13>175</x13>
			<y13>122</y13>
			<x14>177</x14>
			<y14>123</y14>
			<x15>179</x15>
			<y15>123</y15>
			<x16>180</x16>
			<y16>124</y16>
			<x17>185</x17>
			<y17>124</y17>
			<x18>186</x18>
			<y18>123</y18>
			<x19>189</x19>
			<y19>126</y19>
			<x20>191</x20>
			<y20>126</y20>
			<x21>192</x21>
			<y21>127</y21>
			<x22>197</x22>
			<y22>127</y22>
			<x23>199</x23>
			<y23>129</y23>
			<x24>205</x24>
			<y24>129</y24>
			<x25>208</x25>
			<y25>126</y25>
			<x26>209</x26>
			<y26>124</y26>
			<x27>214</x27>
			<y27>124</y27>
			<x28>215</x28>
			<y28>125</y28>
			<x29>217</x29>
			<y29>125</y29>
			<x30>219</x30>
			<y30>127</y30>
			<x31>215</x31>
			<y31>131</y31>
			<x32>209</x32>
			<y32>134</y32>
			<x33>207</x33>
			<y33>134</y33>
			<x34>206</x34>
			<y34>135</y34>
			<x35>191</x35>
			<y35>135</y35>
			<x36>190</x36>
			<y36>134</y36>
			<x37>186</x37>
			<y37>134</y37>
			<x38>185</x38>
			<y38>133</y38>
			<x39>180</x39>
			<y39>132</y39>
			<x40>177</x40>
			<y40>130</y40>
			<x41>175</x41>
			<y41>130</y41>
			<x42>169</x42>
			<y42>127</y42>
			<x43>167</x43>
			<y43>125</y43>
			<x44>164</x44>
			<y44>124</y44>
			<x45>159</x45>
			<y45>119</y45>
			<x46>157</x46>
			<y46>118</y46>
			<x47>157</x47>
			<y47>117</y47>
			<x48>152</x48>
			<y48>111</y48>
			<x49>152</x49>
			<y49>109</y49>
			<x50>151</x50>
			<y50>108</y50>
			<x51>151</x51>
			<y51>101</y51>
			<x52>152</x52>
			<y52>99</y52>
			<x53>154</x53>
			<y53>97</y53>
			<x54>155</x54>
			<y54>97</y54>
		</polygon>
	</object>
	<object>
		<name>Watermelon rind</name>
		<pose>Unspecified</pose>
		<truncated>0</truncated>
		<difficult>0</difficult>
		<occluded>0</occluded>
		<bndbox>
			<xmin>124</xmin>
			<xmax>168</xmax>
			<ymin>76</ymin>
			<ymax>145</ymax>
		</bndbox>
		<polygon>
			<x1>149</x1>
			<y1>131</y1>
			<x2>150</x2>
			<y2>132</y2>
			<x3>152</x3>
			<y3>132</y3>
			<x4>154</x4>
			<y4>133</y4>
			<x5>158</x5>
			<y5>137</y5>
			<x6>160</x6>
			<y6>138</y6>
			<x7>162</x7>
			<y7>138</y7>
			<x8>163</x8>
			<y8>139</y8>
			<x9>165</x9>
			<y9>139</y9>
			<x10>166</x10>
			<y10>141</y10>
			<x11>166</x11>
			<y11>143</y11>
			<x12>165</x12>
			<y12>144</y12>
			<x13>158</x13>
			<y13>144</y13>
			<x14>157</x14>
			<y14>143</y14>
			<x15>153</x15>
			<y15>143</y15>
			<x16>152</x16>
			<y16>142</y16>
			<x17>149</x17>
			<y17>142</y17>
			<x18>145</x18>
			<y18>140</y18>
			<x19>140</x19>
			<y19>136</y19>
			<x20>139</x20>
			<y20>136</y20>
			<x21>134</x21>
			<y21>131</y21>
			<x22>134</x22>
			<y22>130</y22>
			<x23>129</x23>
			<y23>124</y23>
			<x24>127</x24>
			<y24>120</y24>
			<x25>127</x25>
			<y25>118</y25>
			<x26>126</x26>
			<y26>117</y26>
			<x27>125</x27>
			<y27>112</y27>
			<x28>124</x28>
			<y28>111</y28>
			<x29>124</x29>
			<y29>108</y29>
			<x30>123</x30>
			<y30>107</y30>
			<x31>123</x31>
			<y31>93</y31>
			<x32>124</x32>
			<y32>92</y32>
			<x33>124</x33>
			<y33>90</y33>
			<x34>125</x34>
			<y34>88</y34>
			<x35>127</x35>
			<y35>86</y35>
			<x36>127</x36>
			<y36>85</y36>
			<x37>132</x37>
			<y37>80</y37>
			<x38>140</x38>
			<y38>76</y38>
			<x39>143</x39>
			<y39>76</y39>
			<x40>144</x40>
			<y40>75</y40>
			<x41>147</x41>
			<y41>75</y41>
			<x42>148</x42>
			<y42>76</y42>
			<x43>148</x43>
			<y43>83</y43>
			<x44>145</x44>
			<y44>85</y44>
			<x45>140</x45>
			<y45>85</y45>
			<x46>136</x46>
			<y46>88</y46>
			<x47>136</x47>
			<y47>93</y47>
			<x48>137</x48>
			<y48>94</y48>
			<x49>136</x49>
			<y49>96</y49>
			<x50>136</x50>
			<y50>102</y50>
			<x51>138</x51>
			<y51>104</y51>
			<x52>138</x52>
			<y52>105</y52>
			<x53>136</x53>
			<y53>107</y53>
			<x54>136</x54>
			<y54>109</y54>
			<x55>135</x55>
			<y55>110</y55>
			<x56>136</x56>
			<y56>111</y56>
			<x57>136</x57>
			<y57>114</y57>
			<x58>137</x58>
			<y58>116</y58>
			<x59>140</x59>
			<y59>119</y59>
			<x60>142</x60>
			<y60>119</y60>
			<x61>146</x61>
			<y61>121</y61>
			<x62>146</x62>
			<y62>129</y62>
			<x63>148</x63>
			<y63>131</y63>
		</polygon>
	</object>
	<metadata>
	</metadata>
</annotation>
