<annotation>
	<folder></folder>
	<filename>IMG_8332_jpeg.rf.2659546e8ae83cfb78eb8dd0dac6885f.jpg</filename>
	<path>IMG_8332_jpeg.rf.2659546e8ae83cfb78eb8dd0dac6885f.jpg</path>
	<source>
		<database>roboflow.com</database>
	</source>
	<size>
		<width>320</width>
		<height>320</height>
		<depth>3</depth>
	</size>
	<segmented>0</segmented>
	<object>
		<name>fish</name>
		<pose>Unspecified</pose>
		<truncated>0</truncated>
		<difficult>0</difficult>
		<occluded>0</occluded>
		<bndbox>
			<xmin>111</xmin>
			<xmax>198</xmax>
			<ymin>183</ymin>
			<ymax>221</ymax>
		</bndbox>
		<polygon>
			<x1>191</x1>
			<y1>182</y1>
			<x2>192</x2>
			<y2>183</y2>
			<x3>194</x3>
			<y3>183</y3>
			<x4>192</x4>
			<y4>187</y4>
			<x5>194</x5>
			<y5>189</y5>
			<x6>197</x6>
			<y6>189</y6>
			<x7>194</x7>
			<y7>193</y7>
			<x8>194</x8>
			<y8>194</y8>
			<x9>183</x9>
			<y9>205</y9>
			<x10>182</x10>
			<y10>205</y10>
			<x11>181</x11>
			<y11>203</y11>
			<x12>179</x12>
			<y12>204</y12>
			<x13>179</x13>
			<y13>208</y13>
			<x14>176</x14>
			<y14>213</y14>
			<x15>176</x15>
			<y15>210</y15>
			<x16>175</x16>
			<y16>209</y16>
			<x17>174</x17>
			<y17>204</y17>
			<x18>173</x18>
			<y18>203</y18>
			<x19>171</x19>
			<y19>203</y19>
			<x20>169</x20>
			<y20>205</y20>
			<x21>170</x21>
			<y21>207</y21>
			<x22>169</x22>
			<y22>208</y22>
			<x23>169</x23>
			<y23>212</y23>
			<x24>168</x24>
			<y24>213</y24>
			<x25>168</x25>
			<y25>215</y25>
			<x26>165</x26>
			<y26>219</y26>
			<x27>165</x27>
			<y27>209</y27>
			<x28>163</x28>
			<y28>205</y28>
			<x29>161</x29>
			<y29>203</y29>
			<x30>158</x30>
			<y30>203</y30>
			<x31>157</x31>
			<y31>204</y31>
			<x32>157</x32>
			<y32>211</y32>
			<x33>154</x33>
			<y33>216</y33>
			<x34>154</x34>
			<y34>209</y34>
			<x35>153</x35>
			<y35>208</y35>
			<x36>153</x36>
			<y36>206</y36>
			<x37>151</x37>
			<y37>204</y37>
			<x38>147</x38>
			<y38>204</y38>
			<x39>145</x39>
			<y39>206</y39>
			<x40>144</x40>
			<y40>209</y40>
			<x41>142</x41>
			<y41>211</y41>
			<x42>141</x42>
			<y42>211</y42>
			<x43>141</x43>
			<y43>206</y43>
			<x44>139</x44>
			<y44>204</y44>
			<x45>137</x45>
			<y45>206</y45>
			<x46>132</x46>
			<y46>206</y46>
			<x47>134</x47>
			<y47>204</y47>
			<x48>132</x48>
			<y48>202</y48>
			<x49>131</x49>
			<y49>202</y49>
			<x50>130</x50>
			<y50>203</y50>
			<x51>127</x51>
			<y51>203</y51>
			<x52>126</x52>
			<y52>204</y52>
			<x53>119</x53>
			<y53>204</y53>
			<x54>118</x54>
			<y54>205</y54>
			<x55>112</x55>
			<y55>205</y55>
			<x56>113</x56>
			<y56>202</y56>
			<x57>111</x57>
			<y57>200</y57>
			<x58>110</x58>
			<y58>200</y58>
			<x59>110</x59>
			<y59>199</y59>
			<x60>111</x60>
			<y60>198</y60>
			<x61>114</x61>
			<y61>198</y61>
			<x62>115</x62>
			<y62>197</y62>
			<x63>114</x63>
			<y63>195</y63>
			<x64>116</x64>
			<y64>193</y64>
			<x65>118</x65>
			<y65>193</y65>
			<x66>120</x66>
			<y66>191</y66>
			<x67>121</x67>
			<y67>191</y67>
			<x68>124</x68>
			<y68>193</y68>
			<x69>125</x69>
			<y69>192</y69>
			<x70>127</x70>
			<y70>192</y70>
			<x71>128</x71>
			<y71>195</y71>
			<x72>132</x72>
			<y72>199</y72>
			<x73>134</x73>
			<y73>197</y73>
			<x74>136</x74>
			<y74>198</y74>
			<x75>137</x75>
			<y75>197</y75>
			<x76>137</x76>
			<y76>195</y76>
			<x77>136</x77>
			<y77>194</y77>
			<x78>137</x78>
			<y78>194</y78>
			<x79>141</x79>
			<y79>196</y79>
			<x80>146</x80>
			<y80>200</y80>
			<x81>147</x81>
			<y81>200</y81>
			<x82>148</x82>
			<y82>199</y82>
			<x83>146</x83>
			<y83>197</y83>
			<x84>145</x84>
			<y84>194</y84>
			<x85>149</x85>
			<y85>194</y85>
			<x86>150</x86>
			<y86>195</y86>
			<x87>152</x87>
			<y87>195</y87>
			<x88>153</x88>
			<y88>194</y88>
			<x89>149</x89>
			<y89>190</y89>
			<x90>149</x90>
			<y90>189</y90>
			<x91>151</x91>
			<y91>190</y91>
			<x92>154</x92>
			<y92>190</y92>
			<x93>155</x93>
			<y93>191</y93>
			<x94>157</x94>
			<y94>191</y94>
			<x95>159</x95>
			<y95>192</y95>
			<x96>161</x96>
			<y96>190</y96>
			<x97>165</x97>
			<y97>190</y97>
			<x98>166</x98>
			<y98>189</y98>
			<x99>161</x99>
			<y99>186</y99>
			<x100>163</x100>
			<y100>186</y100>
			<x101>164</x101>
			<y101>185</y101>
			<x102>167</x102>
			<y102>185</y102>
			<x103>168</x103>
			<y103>184</y103>
			<x104>172</x104>
			<y104>184</y104>
			<x105>173</x105>
			<y105>183</y105>
			<x106>176</x106>
			<y106>183</y106>
			<x107>177</x107>
			<y107>182</y107>
			<x108>190</x108>
			<y108>182</y108>
		</polygon>
	</object>
	<metadata>
	</metadata>
</annotation>
