<annotation>
	<folder></folder>
	<filename>IMG_8132_jpeg.rf.33b82ad592570cc3674f0f3ec2d9a8e9.jpg</filename>
	<path>IMG_8132_jpeg.rf.33b82ad592570cc3674f0f3ec2d9a8e9.jpg</path>
	<source>
		<database>roboflow.com</database>
	</source>
	<size>
		<width>320</width>
		<height>320</height>
		<depth>3</depth>
	</size>
	<segmented>0</segmented>
	<object>
		<name>Watermelon rind</name>
		<pose>Unspecified</pose>
		<truncated>0</truncated>
		<difficult>0</difficult>
		<occluded>0</occluded>
		<bndbox>
			<xmin>162</xmin>
			<xmax>193</xmax>
			<ymin>225</ymin>
			<ymax>267</ymax>
		</bndbox>
		<polygon>
			<x1>171</x1>
			<y1>224</y1>
			<x2>172</x2>
			<y2>226</y2>
			<x3>170</x3>
			<y3>228</y3>
			<x4>169</x4>
			<y4>230</y4>
			<x5>169</x5>
			<y5>232</y5>
			<x6>167</x6>
			<y6>235</y6>
			<x7>171</x7>
			<y7>239</y7>
			<x8>168</x8>
			<y8>243</y8>
			<x9>168</x9>
			<y9>244</y9>
			<x10>170</x10>
			<y10>248</y10>
			<x11>172</x11>
			<y11>250</y11>
			<x12>174</x12>
			<y12>250</y12>
			<x13>174</x13>
			<y13>252</y13>
			<x14>175</x14>
			<y14>254</y14>
			<x15>177</x15>
			<y15>255</y15>
			<x16>178</x16>
			<y16>257</y16>
			<x17>182</x17>
			<y17>261</y17>
			<x18>184</x18>
			<y18>260</y18>
			<x19>186</x19>
			<y19>260</y19>
			<x20>187</x20>
			<y20>259</y20>
			<x21>190</x21>
			<y21>260</y21>
			<x22>192</x22>
			<y22>264</y22>
			<x23>189</x23>
			<y23>264</y23>
			<x24>188</x24>
			<y24>265</y24>
			<x25>181</x25>
			<y25>265</y25>
			<x26>180</x26>
			<y26>264</y26>
			<x27>178</x27>
			<y27>264</y27>
			<x28>174</x28>
			<y28>262</y28>
			<x29>167</x29>
			<y29>255</y29>
			<x30>167</x30>
			<y30>254</y30>
			<x31>165</x31>
			<y31>252</y31>
			<x32>163</x32>
			<y32>248</y32>
			<x33>163</x33>
			<y33>246</y33>
			<x34>162</x34>
			<y34>245</y34>
			<x35>162</x35>
			<y35>242</y35>
			<x36>161</x36>
			<y36>241</y36>
			<x37>161</x37>
			<y37>233</y37>
			<x38>164</x38>
			<y38>227</y38>
			<x39>170</x39>
			<y39>224</y39>
		</polygon>
	</object>
	<object>
		<name>Watermelon rind</name>
		<pose>Unspecified</pose>
		<truncated>0</truncated>
		<difficult>0</difficult>
		<occluded>0</occluded>
		<bndbox>
			<xmin>140</xmin>
			<xmax>180</xmax>
			<ymin>208</ymin>
			<ymax>257</ymax>
		</bndbox>
		<polygon>
			<x1>171</x1>
			<y1>207</y1>
			<x2>172</x2>
			<y2>208</y2>
			<x3>176</x3>
			<y3>208</y3>
			<x4>178</x4>
			<y4>209</y4>
			<x5>177</x5>
			<y5>212</y5>
			<x6>174</x6>
			<y6>214</y6>
			<x7>170</x7>
			<y7>212</y7>
			<x8>166</x8>
			<y8>212</y8>
			<x9>163</x9>
			<y9>215</y9>
			<x10>163</x10>
			<y10>216</y10>
			<x11>162</x11>
			<y11>216</y11>
			<x12>158</x12>
			<y12>220</y12>
			<x13>158</x13>
			<y13>222</y13>
			<x14>153</x14>
			<y14>224</y14>
			<x15>150</x15>
			<y15>228</y15>
			<x16>150</x16>
			<y16>231</y16>
			<x17>152</x17>
			<y17>234</y17>
			<x18>152</x18>
			<y18>235</y18>
			<x19>148</x19>
			<y19>239</y19>
			<x20>148</x20>
			<y20>243</y20>
			<x21>149</x21>
			<y21>244</y21>
			<x22>149</x22>
			<y22>247</y22>
			<x23>150</x23>
			<y23>248</y23>
			<x24>150</x24>
			<y24>250</y24>
			<x25>152</x25>
			<y25>252</y25>
			<x26>152</x26>
			<y26>254</y26>
			<x27>150</x27>
			<y27>256</y27>
			<x28>146</x28>
			<y28>254</y28>
			<x29>142</x29>
			<y29>250</y29>
			<x30>140</x30>
			<y30>246</y30>
			<x31>140</x31>
			<y31>244</y31>
			<x32>139</x32>
			<y32>243</y32>
			<x33>139</x33>
			<y33>237</y33>
			<x34>140</x34>
			<y34>236</y34>
			<x35>140</x35>
			<y35>232</y35>
			<x36>145</x36>
			<y36>222</y36>
			<x37>154</x37>
			<y37>212</y37>
			<x38>162</x38>
			<y38>208</y38>
			<x39>166</x39>
			<y39>208</y39>
			<x40>167</x40>
			<y40>207</y40>
			<x41>170</x41>
			<y41>207</y41>
		</polygon>
	</object>
	<metadata>
	</metadata>
</annotation>
