<annotation>
	<folder></folder>
	<filename>IMG_8162_mov-0021_jpg.rf.716b61c4b4bb5356a1b86788095f9bc5.jpg</filename>
	<path>IMG_8162_mov-0021_jpg.rf.716b61c4b4bb5356a1b86788095f9bc5.jpg</path>
	<source>
		<database>roboflow.com</database>
	</source>
	<size>
		<width>320</width>
		<height>320</height>
		<depth>3</depth>
	</size>
	<segmented>0</segmented>
	<object>
		<name>fish</name>
		<pose>Unspecified</pose>
		<truncated>0</truncated>
		<difficult>0</difficult>
		<occluded>0</occluded>
		<bndbox>
			<xmin>209</xmin>
			<xmax>263</xmax>
			<ymin>201</ymin>
			<ymax>251</ymax>
		</bndbox>
		<polygon>
			<x1>221</x1>
			<y1>201</y1>
			<x2>225</x2>
			<y2>204</y2>
			<x3>225</x3>
			<y3>210</y3>
			<x4>226</x4>
			<y4>211</y4>
			<x5>229</x5>
			<y5>209</y5>
			<x6>231</x6>
			<y6>210</y6>
			<x7>237</x7>
			<y7>210</y7>
			<x8>238</x8>
			<y8>209</y8>
			<x9>238</x9>
			<y9>204</y9>
			<x10>242</x10>
			<y10>207</y10>
			<x11>246</x11>
			<y11>207</y11>
			<x12>247</x12>
			<y12>206</y12>
			<x13>246</x13>
			<y13>203</y13>
			<x14>252</x14>
			<y14>200</y14>
			<x15>257</x15>
			<y15>200</y15>
			<x16>261</x16>
			<y16>202</y16>
			<x17>261</x17>
			<y17>212</y17>
			<x18>258</x18>
			<y18>216</y18>
			<x19>257</x19>
			<y19>219</y19>
			<x20>253</x20>
			<y20>224</y20>
			<x21>253</x21>
			<y21>225</y21>
			<x22>246</x22>
			<y22>233</y22>
			<x23>245</x23>
			<y23>235</y23>
			<x24>245</x24>
			<y24>237</y24>
			<x25>243</x25>
			<y25>241</y25>
			<x26>242</x26>
			<y26>241</y26>
			<x27>242</x27>
			<y27>239</y27>
			<x28>241</x28>
			<y28>238</y28>
			<x29>239</x29>
			<y29>240</y29>
			<x30>239</x30>
			<y30>242</y30>
			<x31>237</x31>
			<y31>244</y31>
			<x32>236</x32>
			<y32>247</y32>
			<x33>234</x33>
			<y33>249</y33>
			<x34>234</x34>
			<y34>245</y34>
			<x35>235</x35>
			<y35>244</y35>
			<x36>235</x36>
			<y36>241</y36>
			<x37>236</x37>
			<y37>240</y37>
			<x38>237</x38>
			<y38>235</y38>
			<x39>236</x39>
			<y39>234</y39>
			<x40>234</x40>
			<y40>236</y40>
			<x41>234</x41>
			<y41>238</y41>
			<x42>232</x42>
			<y42>240</y42>
			<x43>231</x43>
			<y43>243</y43>
			<x44>229</x44>
			<y44>245</y44>
			<x45>228</x45>
			<y45>245</y45>
			<x46>230</x46>
			<y46>242</y46>
			<x47>230</x47>
			<y47>238</y47>
			<x48>231</x48>
			<y48>237</y48>
			<x49>231</x49>
			<y49>231</y49>
			<x50>230</x50>
			<y50>230</y50>
			<x51>229</x51>
			<y51>232</y51>
			<x52>227</x52>
			<y52>233</y52>
			<x53>225</x53>
			<y53>236</y53>
			<x54>223</x54>
			<y54>236</y54>
			<x55>224</x55>
			<y55>235</y55>
			<x56>224</x56>
			<y56>233</y56>
			<x57>226</x57>
			<y57>229</y57>
			<x58>225</x58>
			<y58>228</y58>
			<x59>221</x59>
			<y59>228</y59>
			<x60>221</x60>
			<y60>226</y60>
			<x61>222</x61>
			<y61>225</y61>
			<x62>222</x62>
			<y62>223</y62>
			<x63>221</x63>
			<y63>222</y63>
			<x64>219</x64>
			<y64>222</y64>
			<x65>218</x65>
			<y65>223</y65>
			<x66>208</x66>
			<y66>223</y66>
			<x67>208</x67>
			<y67>221</y67>
			<x68>211</x68>
			<y68>218</y68>
			<x69>211</x69>
			<y69>216</y69>
			<x70>210</x70>
			<y70>215</y70>
			<x71>210</x71>
			<y71>212</y71>
			<x72>211</x72>
			<y72>210</y72>
			<x73>215</x73>
			<y73>207</y73>
			<x74>215</x74>
			<y74>205</y74>
			<x75>217</x75>
			<y75>203</y75>
			<x76>220</x76>
			<y76>202</y76>
		</polygon>
	</object>
	<metadata>
	</metadata>
</annotation>
