<annotation>
	<folder></folder>
	<filename>IMG_8421_jpeg.rf.f0e085aefc5f3967ad87d88d4eec00bd.jpg</filename>
	<path>IMG_8421_jpeg.rf.f0e085aefc5f3967ad87d88d4eec00bd.jpg</path>
	<source>
		<database>roboflow.com</database>
	</source>
	<size>
		<width>320</width>
		<height>320</height>
		<depth>3</depth>
	</size>
	<segmented>0</segmented>
	<object>
		<name>fish</name>
		<pose>Unspecified</pose>
		<truncated>0</truncated>
		<difficult>0</difficult>
		<occluded>0</occluded>
		<bndbox>
			<xmin>75</xmin>
			<xmax>130</xmax>
			<ymin>142</ymin>
			<ymax>195</ymax>
		</bndbox>
		<polygon>
			<x1>122</x1>
			<y1>143</y1>
			<x2>124</x2>
			<y2>147</y2>
			<x3>124</x3>
			<y3>149</y3>
			<x4>125</x4>
			<y4>150</y4>
			<x5>125</x5>
			<y5>154</y5>
			<x6>126</x6>
			<y6>155</y6>
			<x7>126</x7>
			<y7>159</y7>
			<x8>124</x8>
			<y8>160</y8>
			<x9>128</x9>
			<y9>165</y9>
			<x10>128</x10>
			<y10>167</y10>
			<x11>123</x11>
			<y11>164</y11>
			<x12>119</x12>
			<y12>164</y12>
			<x13>118</x13>
			<y13>165</y13>
			<x14>124</x14>
			<y14>170</y14>
			<x15>127</x15>
			<y15>176</y15>
			<x16>126</x16>
			<y16>176</y16>
			<x17>121</x17>
			<y17>172</y17>
			<x18>115</x18>
			<y18>169</y18>
			<x19>112</x19>
			<y19>169</y19>
			<x20>111</x20>
			<y20>171</y20>
			<x21>113</x21>
			<y21>173</y21>
			<x22>114</x22>
			<y22>173</y22>
			<x23>114</x23>
			<y23>174</y23>
			<x24>117</x24>
			<y24>178</y24>
			<x25>117</x25>
			<y25>180</y25>
			<x26>112</x26>
			<y26>176</y26>
			<x27>110</x27>
			<y27>175</y27>
			<x28>108</x28>
			<y28>175</y28>
			<x29>107</x29>
			<y29>174</y29>
			<x30>105</x30>
			<y30>174</y30>
			<x31>103</x31>
			<y31>176</y31>
			<x32>105</x32>
			<y32>180</y32>
			<x33>105</x33>
			<y33>183</y33>
			<x34>104</x34>
			<y34>183</y34>
			<x35>100</x35>
			<y35>179</y35>
			<x36>98</x36>
			<y36>181</y36>
			<x37>97</x37>
			<y37>184</y37>
			<x38>95</x38>
			<y38>184</y38>
			<x39>95</x39>
			<y39>183</y39>
			<x40>93</x40>
			<y40>182</y40>
			<x41>83</x41>
			<y41>193</y41>
			<x42>81</x42>
			<y42>193</y42>
			<x43>80</x43>
			<y43>191</y43>
			<x44>76</x44>
			<y44>191</y44>
			<x45>75</x45>
			<y45>190</y45>
			<x46>75</x46>
			<y46>187</y46>
			<x47>74</x47>
			<y47>186</y47>
			<x48>75</x48>
			<y48>184</y48>
			<x49>75</x49>
			<y49>181</y49>
			<x50>77</x50>
			<y50>181</y50>
			<x51>80</x51>
			<y51>179</y51>
			<x52>87</x52>
			<y52>180</y52>
			<x53>89</x53>
			<y53>178</y53>
			<x54>89</x54>
			<y54>176</y54>
			<x55>88</x55>
			<y55>175</y55>
			<x56>90</x56>
			<y56>175</y56>
			<x57>94</x57>
			<y57>173</y57>
			<x58>94</x58>
			<y58>170</y58>
			<x59>95</x59>
			<y59>170</y59>
			<x60>97</x60>
			<y60>168</y60>
			<x61>97</x61>
			<y61>167</y61>
			<x62>96</x62>
			<y62>166</y62>
			<x63>92</x63>
			<y63>166</y63>
			<x64>96</x64>
			<y64>164</y64>
			<x65>98</x65>
			<y65>164</y65>
			<x66>100</x66>
			<y66>162</y66>
			<x67>100</x67>
			<y67>160</y67>
			<x68>101</x68>
			<y68>159</y68>
			<x69>100</x69>
			<y69>158</y69>
			<x70>98</x70>
			<y70>158</y70>
			<x71>98</x71>
			<y71>156</y71>
			<x72>100</x72>
			<y72>154</y72>
			<x73>102</x73>
			<y73>150</y73>
			<x74>108</x74>
			<y74>144</y74>
			<x75>114</x75>
			<y75>141</y75>
			<x76>115</x76>
			<y76>141</y76>
			<x77>117</x77>
			<y77>144</y77>
			<x78>119</x78>
			<y78>144</y78>
			<x79>121</x79>
			<y79>143</y79>
		</polygon>
	</object>
	<metadata>
	</metadata>
</annotation>
