<annotation>
	<folder></folder>
	<filename>IMG_1943_HEIC.rf.341865d0ce0e4fec75319abf02b2ca24.jpg</filename>
	<path>IMG_1943_HEIC.rf.341865d0ce0e4fec75319abf02b2ca24.jpg</path>
	<source>
		<database>roboflow.com</database>
	</source>
	<size>
		<width>320</width>
		<height>320</height>
		<depth>3</depth>
	</size>
	<segmented>0</segmented>
	<object>
		<name>Apple core</name>
		<pose>Unspecified</pose>
		<truncated>0</truncated>
		<difficult>0</difficult>
		<occluded>0</occluded>
		<bndbox>
			<xmin>122</xmin>
			<xmax>138</xmax>
			<ymin>159</ymin>
			<ymax>180</ymax>
		</bndbox>
	</object>
	<metadata>
	</metadata>
</annotation>
