<annotation>
	<folder></folder>
	<filename>IMG_8312_jpeg.rf.1a66c22a9ea72c8df3698be7111a2afb.jpg</filename>
	<path>IMG_8312_jpeg.rf.1a66c22a9ea72c8df3698be7111a2afb.jpg</path>
	<source>
		<database>roboflow.com</database>
	</source>
	<size>
		<width>320</width>
		<height>320</height>
		<depth>3</depth>
	</size>
	<segmented>0</segmented>
	<object>
		<name>Watermelon rind</name>
		<pose>Unspecified</pose>
		<truncated>0</truncated>
		<difficult>0</difficult>
		<occluded>0</occluded>
		<bndbox>
			<xmin>91</xmin>
			<xmax>135</xmax>
			<ymin>155</ymin>
			<ymax>233</ymax>
		</bndbox>
		<polygon>
			<x1>113</x1>
			<y1>204</y1>
			<x2>115</x2>
			<y2>206</y2>
			<x3>113</x3>
			<y3>210</y3>
			<x4>113</x4>
			<y4>213</y4>
			<x5>114</x5>
			<y5>215</y5>
			<x6>116</x6>
			<y6>217</y6>
			<x7>118</x7>
			<y7>218</y7>
			<x8>120</x8>
			<y8>218</y8>
			<x9>127</x9>
			<y9>225</y9>
			<x10>132</x10>
			<y10>226</y10>
			<x11>133</x11>
			<y11>227</y11>
			<x12>133</x12>
			<y12>231</y12>
			<x13>131</x13>
			<y13>232</y13>
			<x14>130</x14>
			<y14>231</y14>
			<x15>121</x15>
			<y15>231</y15>
			<x16>120</x16>
			<y16>230</y16>
			<x17>118</x17>
			<y17>230</y17>
			<x18>110</x18>
			<y18>226</y18>
			<x19>100</x19>
			<y19>217</y19>
			<x20>100</x20>
			<y20>216</y20>
			<x21>98</x21>
			<y21>214</y21>
			<x22>94</x22>
			<y22>206</y22>
			<x23>94</x23>
			<y23>204</y23>
			<x24>92</x24>
			<y24>200</y24>
			<x25>92</x25>
			<y25>195</y25>
			<x26>91</x26>
			<y26>194</y26>
			<x27>91</x27>
			<y27>178</y27>
			<x28>92</x28>
			<y28>177</y28>
			<x29>92</x29>
			<y29>174</y29>
			<x30>93</x30>
			<y30>173</y30>
			<x31>93</x31>
			<y31>171</y31>
			<x32>94</x32>
			<y32>169</y32>
			<x33>100</x33>
			<y33>162</y33>
			<x34>101</x34>
			<y34>162</y34>
			<x35>104</x35>
			<y35>159</y35>
			<x36>106</x36>
			<y36>158</y36>
			<x37>108</x37>
			<y37>158</y37>
			<x38>112</x38>
			<y38>156</y38>
			<x39>115</x39>
			<y39>156</y39>
			<x40>116</x40>
			<y40>155</y40>
			<x41>123</x41>
			<y41>155</y41>
			<x42>123</x42>
			<y42>163</y42>
			<x43>121</x43>
			<y43>165</y43>
			<x44>112</x44>
			<y44>165</y44>
			<x45>108</x45>
			<y45>168</y45>
			<x46>107</x46>
			<y46>170</y46>
			<x47>107</x47>
			<y47>172</y47>
			<x48>108</x48>
			<y48>173</y48>
			<x49>108</x49>
			<y49>176</y49>
			<x50>106</x50>
			<y50>179</y50>
			<x51>106</x51>
			<y51>183</y51>
			<x52>108</x52>
			<y52>185</y52>
			<x53>108</x53>
			<y53>187</y53>
			<x54>107</x54>
			<y54>187</y54>
			<x55>104</x55>
			<y55>191</y55>
			<x56>104</x56>
			<y56>196</y56>
			<x57>105</x57>
			<y57>197</y57>
			<x58>105</x58>
			<y58>199</y58>
			<x59>109</x59>
			<y59>203</y59>
			<x60>111</x60>
			<y60>203</y60>
			<x61>112</x61>
			<y61>204</y61>
		</polygon>
	</object>
	<object>
		<name>Watermelon rind</name>
		<pose>Unspecified</pose>
		<truncated>0</truncated>
		<difficult>0</difficult>
		<occluded>0</occluded>
		<bndbox>
			<xmin>122</xmin>
			<xmax>194</xmax>
			<ymin>180</ymin>
			<ymax>227</ymax>
		</bndbox>
		<polygon>
			<x1>131</x1>
			<y1>181</y1>
			<x2>131</x2>
			<y2>187</y2>
			<x3>133</x3>
			<y3>190</y3>
			<x4>133</x4>
			<y4>192</y4>
			<x5>134</x5>
			<y5>193</y5>
			<x6>134</x6>
			<y6>196</y6>
			<x7>138</x7>
			<y7>199</y7>
			<x8>141</x8>
			<y8>199</y8>
			<x9>143</x9>
			<y9>200</y9>
			<x10>144</x10>
			<y10>201</y10>
			<x11>144</x11>
			<y11>206</y11>
			<x12>150</x12>
			<y12>211</y12>
			<x13>152</x13>
			<y13>212</y13>
			<x14>157</x14>
			<y14>212</y14>
			<x15>158</x15>
			<y15>211</y15>
			<x16>162</x16>
			<y16>215</y16>
			<x17>164</x17>
			<y17>216</y17>
			<x18>168</x18>
			<y18>216</y18>
			<x19>173</x19>
			<y19>219</y19>
			<x20>178</x20>
			<y20>219</y20>
			<x21>183</x21>
			<y21>214</y21>
			<x22>186</x22>
			<y22>214</y22>
			<x23>187</x23>
			<y23>215</y23>
			<x24>189</x24>
			<y24>215</y24>
			<x25>191</x25>
			<y25>216</y25>
			<x26>192</x26>
			<y26>217</y26>
			<x27>192</x27>
			<y27>219</y27>
			<x28>190</x28>
			<y28>221</y28>
			<x29>189</x29>
			<y29>221</y29>
			<x30>185</x30>
			<y30>224</y30>
			<x31>183</x31>
			<y31>224</y31>
			<x32>182</x32>
			<y32>225</y32>
			<x33>177</x33>
			<y33>225</y33>
			<x34>176</x34>
			<y34>226</y34>
			<x35>168</x35>
			<y35>226</y35>
			<x36>167</x36>
			<y36>225</y36>
			<x37>163</x37>
			<y37>225</y37>
			<x38>159</x38>
			<y38>223</y38>
			<x39>156</x39>
			<y39>223</y39>
			<x40>142</x40>
			<y40>216</y40>
			<x41>139</x41>
			<y41>213</y41>
			<x42>135</x42>
			<y42>211</y42>
			<x43>125</x43>
			<y43>201</y43>
			<x44>123</x44>
			<y44>197</y44>
			<x45>123</x45>
			<y45>195</y45>
			<x46>122</x46>
			<y46>194</y46>
			<x47>122</x47>
			<y47>186</y47>
			<x48>124</x48>
			<y48>182</y48>
			<x49>126</x49>
			<y49>180</y49>
			<x50>129</x50>
			<y50>180</y50>
			<x51>130</x51>
			<y51>181</y51>
		</polygon>
	</object>
	<metadata>
	</metadata>
</annotation>
