<annotation>
	<folder></folder>
	<filename>IMG_8243_jpeg.rf.21359e71522d9cbdb18537b46d508ddf.jpg</filename>
	<path>IMG_8243_jpeg.rf.21359e71522d9cbdb18537b46d508ddf.jpg</path>
	<source>
		<database>roboflow.com</database>
	</source>
	<size>
		<width>320</width>
		<height>320</height>
		<depth>3</depth>
	</size>
	<segmented>0</segmented>
	<object>
		<name>Watermelon rind</name>
		<pose>Unspecified</pose>
		<truncated>0</truncated>
		<difficult>0</difficult>
		<occluded>0</occluded>
		<bndbox>
			<xmin>149</xmin>
			<xmax>206</xmax>
			<ymin>154</ymin>
			<ymax>182</ymax>
		</bndbox>
		<polygon>
			<x1>149</x1>
			<y1>154</y1>
			<x2>153</x2>
			<y2>154</y2>
			<x3>157</x3>
			<y3>162</y3>
			<x4>160</x4>
			<y4>165</y4>
			<x5>165</x5>
			<y5>165</y5>
			<x6>166</x6>
			<y6>166</y6>
			<x7>166</x7>
			<y7>168</y7>
			<x8>169</x8>
			<y8>171</y8>
			<x9>171</x9>
			<y9>172</y9>
			<x10>174</x10>
			<y10>172</y10>
			<x11>175</x11>
			<y11>173</y11>
			<x12>176</x12>
			<y12>172</y12>
			<x13>179</x13>
			<y13>172</y13>
			<x14>182</x14>
			<y14>174</y14>
			<x15>187</x15>
			<y15>174</y15>
			<x16>188</x16>
			<y16>175</y16>
			<x17>191</x17>
			<y17>175</y17>
			<x18>192</x18>
			<y18>176</y18>
			<x19>194</x19>
			<y19>175</y19>
			<x20>197</x20>
			<y20>172</y20>
			<x21>197</x21>
			<y21>171</y21>
			<x22>202</x22>
			<y22>171</y22>
			<x23>203</x23>
			<y23>172</y23>
			<x24>205</x24>
			<y24>172</y24>
			<x25>203</x25>
			<y25>176</y25>
			<x26>202</x26>
			<y26>176</y26>
			<x27>200</x27>
			<y27>178</y27>
			<x28>196</x28>
			<y28>180</y28>
			<x29>192</x29>
			<y29>180</y29>
			<x30>191</x30>
			<y30>181</y30>
			<x31>185</x31>
			<y31>181</y31>
			<x32>184</x32>
			<y32>180</y32>
			<x33>175</x33>
			<y33>179</y33>
			<x34>174</x34>
			<y34>178</y34>
			<x35>169</x35>
			<y35>177</y35>
			<x36>164</x36>
			<y36>174</y36>
			<x37>162</x37>
			<y37>174</y37>
			<x38>160</x38>
			<y38>173</y38>
			<x39>157</x39>
			<y39>170</y39>
			<x40>156</x40>
			<y40>170</y40>
			<x41>149</x41>
			<y41>163</y41>
			<x42>149</x42>
			<y42>155</y42>
		</polygon>
	</object>
	<object>
		<name>Watermelon rind</name>
		<pose>Unspecified</pose>
		<truncated>0</truncated>
		<difficult>0</difficult>
		<occluded>0</occluded>
		<bndbox>
			<xmin>127</xmin>
			<xmax>167</xmax>
			<ymin>139</ymin>
			<ymax>191</ymax>
		</bndbox>
		<polygon>
			<x1>150</x1>
			<y1>180</y1>
			<x2>151</x2>
			<y2>181</y2>
			<x3>153</x3>
			<y3>181</y3>
			<x4>155</x4>
			<y4>182</y4>
			<x5>159</x5>
			<y5>185</y5>
			<x6>164</x6>
			<y6>186</y6>
			<x7>165</x7>
			<y7>188</y7>
			<x8>164</x8>
			<y8>190</y8>
			<x9>155</x9>
			<y9>190</y9>
			<x10>154</x10>
			<y10>189</y10>
			<x11>151</x11>
			<y11>189</y11>
			<x12>150</x12>
			<y12>188</y12>
			<x13>148</x13>
			<y13>188</y13>
			<x14>142</x14>
			<y14>185</y14>
			<x15>139</x15>
			<y15>182</y15>
			<x16>138</x16>
			<y16>182</y16>
			<x17>131</x17>
			<y17>173</y17>
			<x18>128</x18>
			<y18>167</y18>
			<x19>127</x19>
			<y19>162</y19>
			<x20>126</x20>
			<y20>161</y20>
			<x21>126</x21>
			<y21>150</y21>
			<x22>127</x22>
			<y22>149</y22>
			<x23>127</x23>
			<y23>147</y23>
			<x24>132</x24>
			<y24>142</y24>
			<x25>138</x25>
			<y25>139</y25>
			<x26>143</x26>
			<y26>139</y26>
			<x27>144</x27>
			<y27>140</y27>
			<x28>144</x28>
			<y28>144</y28>
			<x29>143</x29>
			<y29>145</y29>
			<x30>138</x30>
			<y30>145</y30>
			<x31>135</x31>
			<y31>148</y31>
			<x32>135</x32>
			<y32>150</y32>
			<x33>136</x33>
			<y33>151</y33>
			<x34>136</x34>
			<y34>157</y34>
			<x35>138</x35>
			<y35>159</y35>
			<x36>136</x36>
			<y36>164</y36>
			<x37>138</x37>
			<y37>168</y37>
			<x38>141</x38>
			<y38>171</y38>
			<x39>146</x39>
			<y39>172</y39>
			<x40>146</x40>
			<y40>177</y40>
			<x41>149</x41>
			<y41>180</y41>
		</polygon>
	</object>
	<metadata>
	</metadata>
</annotation>
