<annotation>
	<folder></folder>
	<filename>IMG_8300_jpeg.rf.2f23fbaf4832c98cc31da419cf264686.jpg</filename>
	<path>IMG_8300_jpeg.rf.2f23fbaf4832c98cc31da419cf264686.jpg</path>
	<source>
		<database>roboflow.com</database>
	</source>
	<size>
		<width>320</width>
		<height>320</height>
		<depth>3</depth>
	</size>
	<segmented>0</segmented>
	<object>
		<name>Watermelon rind</name>
		<pose>Unspecified</pose>
		<truncated>0</truncated>
		<difficult>0</difficult>
		<occluded>0</occluded>
		<bndbox>
			<xmin>104</xmin>
			<xmax>178</xmax>
			<ymin>79</ymin>
			<ymax>114</ymax>
		</bndbox>
		<polygon>
			<x1>153</x1>
			<y1>78</y1>
			<x2>155</x2>
			<y2>81</y2>
			<x3>156</x3>
			<y3>79</y3>
			<x4>157</x4>
			<y4>81</y4>
			<x5>158</x5>
			<y5>79</y5>
			<x6>161</x6>
			<y6>79</y6>
			<x7>162</x7>
			<y7>80</y7>
			<x8>164</x8>
			<y8>80</y8>
			<x9>168</x9>
			<y9>82</y9>
			<x10>171</x10>
			<y10>85</y10>
			<x11>172</x11>
			<y11>85</y11>
			<x12>172</x12>
			<y12>86</y12>
			<x13>175</x13>
			<y13>89</y13>
			<x14>175</x14>
			<y14>91</y14>
			<x15>176</x15>
			<y15>92</y15>
			<x16>175</x16>
			<y16>94</y16>
			<x17>172</x17>
			<y17>94</y17>
			<x18>171</x18>
			<y18>95</y18>
			<x19>166</x19>
			<y19>95</y19>
			<x20>164</x20>
			<y20>93</y20>
			<x21>164</x21>
			<y21>90</y21>
			<x22>161</x22>
			<y22>87</y22>
			<x23>155</x23>
			<y23>87</y23>
			<x24>154</x24>
			<y24>88</y24>
			<x25>145</x25>
			<y25>88</y25>
			<x26>143</x26>
			<y26>90</y26>
			<x27>140</x27>
			<y27>90</y27>
			<x28>139</x28>
			<y28>89</y28>
			<x29>133</x29>
			<y29>89</y29>
			<x30>129</x30>
			<y30>91</y30>
			<x31>126</x31>
			<y31>94</y31>
			<x32>126</x32>
			<y32>96</y32>
			<x33>125</x33>
			<y33>97</y33>
			<x34>123</x34>
			<y34>98</y34>
			<x35>117</x35>
			<y35>98</y35>
			<x36>115</x36>
			<y36>100</y36>
			<x37>114</x37>
			<y37>103</y37>
			<x38>110</x38>
			<y38>107</y38>
			<x39>110</x39>
			<y39>110</y39>
			<x40>109</x40>
			<y40>111</y40>
			<x41>108</x41>
			<y41>111</y41>
			<x42>106</x42>
			<y42>107</y42>
			<x43>105</x43>
			<y43>108</y43>
			<x44>105</x44>
			<y44>112</y44>
			<x45>104</x45>
			<y45>110</y45>
			<x46>104</x46>
			<y46>102</y46>
			<x47>105</x47>
			<y47>101</y47>
			<x48>105</x48>
			<y48>99</y48>
			<x49>108</x49>
			<y49>95</y49>
			<x50>108</x50>
			<y50>94</y50>
			<x51>110</x51>
			<y51>93</y51>
			<x52>114</x52>
			<y52>89</y52>
			<x53>119</x53>
			<y53>87</y53>
			<x54>121</x54>
			<y54>85</y54>
			<x55>123</x55>
			<y55>85</y55>
			<x56>131</x56>
			<y56>81</y56>
			<x57>134</x57>
			<y57>81</y57>
			<x58>135</x58>
			<y58>80</y58>
			<x59>138</x59>
			<y59>80</y59>
			<x60>139</x60>
			<y60>79</y60>
			<x61>150</x61>
			<y61>79</y61>
			<x62>152</x62>
			<y62>78</y62>
		</polygon>
	</object>
	<object>
		<name>Watermelon rind</name>
		<pose>Unspecified</pose>
		<truncated>0</truncated>
		<difficult>0</difficult>
		<occluded>0</occluded>
		<bndbox>
			<xmin>117</xmin>
			<xmax>153</xmax>
			<ymin>100</ymin>
			<ymax>145</ymax>
		</bndbox>
		<polygon>
			<x1>142</x1>
			<y1>99</y1>
			<x2>143</x2>
			<y2>100</y2>
			<x3>150</x3>
			<y3>100</y3>
			<x4>151</x4>
			<y4>102</y4>
			<x5>149</x5>
			<y5>104</y5>
			<x6>145</x6>
			<y6>104</y6>
			<x7>142</x7>
			<y7>106</y7>
			<x8>137</x8>
			<y8>107</y8>
			<x9>135</x9>
			<y9>110</y9>
			<x10>135</x10>
			<y10>113</y10>
			<x11>134</x11>
			<y11>114</y11>
			<x12>131</x12>
			<y12>114</y12>
			<x13>127</x13>
			<y13>117</y13>
			<x14>126</x14>
			<y14>119</y14>
			<x15>126</x15>
			<y15>125</y15>
			<x16>124</x16>
			<y16>127</y16>
			<x17>124</x17>
			<y17>131</y17>
			<x18>123</x18>
			<y18>133</y18>
			<x19>126</x19>
			<y19>137</y19>
			<x20>129</x20>
			<y20>138</y20>
			<x21>129</x21>
			<y21>141</y21>
			<x22>128</x22>
			<y22>143</y22>
			<x23>127</x23>
			<y23>144</y23>
			<x24>125</x24>
			<y24>143</y24>
			<x25>118</x25>
			<y25>137</y25>
			<x26>116</x26>
			<y26>133</y26>
			<x27>116</x27>
			<y27>125</y27>
			<x28>117</x28>
			<y28>124</y28>
			<x29>117</x29>
			<y29>122</y29>
			<x30>118</x30>
			<y30>121</y30>
			<x31>118</x31>
			<y31>119</y31>
			<x32>120</x32>
			<y32>115</y32>
			<x33>126</x33>
			<y33>108</y33>
			<x34>126</x34>
			<y34>107</y34>
			<x35>131</x35>
			<y35>103</y35>
			<x36>137</x36>
			<y36>100</y36>
			<x37>141</x37>
			<y37>100</y37>
		</polygon>
	</object>
	<metadata>
	</metadata>
</annotation>
