<annotation>
	<folder></folder>
	<filename>IMG_8138_jpeg.rf.e01f17b30ed5e328570e35d912a33cb8.jpg</filename>
	<path>IMG_8138_jpeg.rf.e01f17b30ed5e328570e35d912a33cb8.jpg</path>
	<source>
		<database>roboflow.com</database>
	</source>
	<size>
		<width>320</width>
		<height>320</height>
		<depth>3</depth>
	</size>
	<segmented>0</segmented>
	<object>
		<name>Watermelon rind</name>
		<pose>Unspecified</pose>
		<truncated>0</truncated>
		<difficult>0</difficult>
		<occluded>0</occluded>
		<bndbox>
			<xmin>179</xmin>
			<xmax>232</xmax>
			<ymin>182</ymin>
			<ymax>199</ymax>
		</bndbox>
		<polygon>
			<x1>224</x1>
			<y1>182</y1>
			<x2>226</x2>
			<y2>181</y2>
			<x3>229</x3>
			<y3>181</y3>
			<x4>230</x4>
			<y4>182</y4>
			<x5>230</x5>
			<y5>185</y5>
			<x6>228</x6>
			<y6>189</y6>
			<x7>224</x7>
			<y7>193</y7>
			<x8>220</x8>
			<y8>195</y8>
			<x9>218</x9>
			<y9>195</y9>
			<x10>217</x10>
			<y10>196</y10>
			<x11>213</x11>
			<y11>196</y11>
			<x12>212</x12>
			<y12>197</y12>
			<x13>193</x13>
			<y13>197</y13>
			<x14>192</x14>
			<y14>196</y14>
			<x15>189</x15>
			<y15>196</y15>
			<x16>183</x16>
			<y16>193</y16>
			<x17>179</x17>
			<y17>189</y17>
			<x18>178</x18>
			<y18>187</y18>
			<x19>178</x19>
			<y19>184</y19>
			<x20>181</x20>
			<y20>184</y20>
			<x21>184</x21>
			<y21>187</y21>
			<x22>189</x22>
			<y22>189</y22>
			<x23>191</x23>
			<y23>191</y23>
			<x24>193</x24>
			<y24>191</y24>
			<x25>197</x25>
			<y25>189</y25>
			<x26>200</x26>
			<y26>192</y26>
			<x27>202</x27>
			<y27>193</y27>
			<x28>206</x28>
			<y28>193</y28>
			<x29>207</x29>
			<y29>192</y29>
			<x30>209</x30>
			<y30>192</y30>
			<x31>211</x31>
			<y31>190</y31>
			<x32>216</x32>
			<y32>190</y32>
			<x33>217</x33>
			<y33>189</y33>
			<x34>221</x34>
			<y34>189</y34>
			<x35>224</x35>
			<y35>186</y35>
			<x36>224</x36>
			<y36>183</y36>
		</polygon>
	</object>
	<object>
		<name>Watermelon rind</name>
		<pose>Unspecified</pose>
		<truncated>0</truncated>
		<difficult>0</difficult>
		<occluded>0</occluded>
		<bndbox>
			<xmin>155</xmin>
			<xmax>212</xmax>
			<ymin>174</ymin>
			<ymax>217</ymax>
		</bndbox>
		<polygon>
			<x1>162</x1>
			<y1>173</y1>
			<x2>166</x2>
			<y2>176</y2>
			<x3>166</x3>
			<y3>179</y3>
			<x4>162</x4>
			<y4>182</y4>
			<x5>162</x5>
			<y5>186</y5>
			<x6>166</x6>
			<y6>189</y6>
			<x7>167</x7>
			<y7>192</y7>
			<x8>169</x8>
			<y8>194</y8>
			<x9>171</x9>
			<y9>194</y9>
			<x10>172</x10>
			<y10>195</y10>
			<x11>172</x11>
			<y11>198</y11>
			<x12>175</x12>
			<y12>201</y12>
			<x13>176</x13>
			<y13>201</y13>
			<x14>178</x14>
			<y14>203</y14>
			<x15>181</x15>
			<y15>203</y15>
			<x16>182</x16>
			<y16>204</y16>
			<x17>183</x17>
			<y17>203</y17>
			<x18>187</x18>
			<y18>203</y18>
			<x19>188</x19>
			<y19>205</y19>
			<x20>191</x20>
			<y20>208</y20>
			<x21>196</x21>
			<y21>208</y21>
			<x22>197</x22>
			<y22>207</y22>
			<x23>198</x23>
			<y23>208</y23>
			<x24>205</x24>
			<y24>208</y24>
			<x25>206</x25>
			<y25>207</y25>
			<x26>208</x26>
			<y26>207</y26>
			<x27>210</x27>
			<y27>209</y27>
			<x28>207</x28>
			<y28>212</y28>
			<x29>205</x29>
			<y29>213</y29>
			<x30>203</x30>
			<y30>213</y30>
			<x31>202</x31>
			<y31>214</y31>
			<x32>199</x32>
			<y32>214</y32>
			<x33>198</x33>
			<y33>215</y33>
			<x34>192</x34>
			<y34>215</y34>
			<x35>191</x35>
			<y35>214</y35>
			<x36>186</x36>
			<y36>214</y36>
			<x37>185</x37>
			<y37>213</y37>
			<x38>182</x38>
			<y38>213</y38>
			<x39>172</x39>
			<y39>208</y39>
			<x40>170</x40>
			<y40>206</y40>
			<x41>169</x41>
			<y41>206</y41>
			<x42>166</x42>
			<y42>203</y42>
			<x43>165</x43>
			<y43>203</y43>
			<x44>158</x44>
			<y44>196</y44>
			<x45>154</x45>
			<y45>188</y45>
			<x46>154</x46>
			<y46>182</y46>
			<x47>157</x47>
			<y47>176</y47>
			<x48>160</x48>
			<y48>173</y48>
			<x49>161</x49>
			<y49>173</y49>
		</polygon>
	</object>
	<metadata>
	</metadata>
</annotation>
