<annotation>
	<folder></folder>
	<filename>IMG_8218_jpeg.rf.89427e001f17993767e4d4689e5ad8e9.jpg</filename>
	<path>IMG_8218_jpeg.rf.89427e001f17993767e4d4689e5ad8e9.jpg</path>
	<source>
		<database>roboflow.com</database>
	</source>
	<size>
		<width>320</width>
		<height>320</height>
		<depth>3</depth>
	</size>
	<segmented>0</segmented>
	<object>
		<name>Watermelon rind</name>
		<pose>Unspecified</pose>
		<truncated>0</truncated>
		<difficult>0</difficult>
		<occluded>0</occluded>
		<bndbox>
			<xmin>90</xmin>
			<xmax>142</xmax>
			<ymin>176</ymin>
			<ymax>208</ymax>
		</bndbox>
		<polygon>
			<x1>139</x1>
			<y1>179</y1>
			<x2>140</x2>
			<y2>181</y2>
			<x3>138</x3>
			<y3>182</y3>
			<x4>136</x4>
			<y4>182</y4>
			<x5>135</x5>
			<y5>181</y5>
			<x6>123</x6>
			<y6>181</y6>
			<x7>120</x7>
			<y7>184</y7>
			<x8>118</x8>
			<y8>185</y8>
			<x9>117</x9>
			<y9>184</y9>
			<x10>112</x10>
			<y10>184</y10>
			<x11>111</x11>
			<y11>185</y11>
			<x12>109</x12>
			<y12>185</y12>
			<x13>106</x13>
			<y13>188</y13>
			<x14>106</x14>
			<y14>190</y14>
			<x15>103</x15>
			<y15>191</y15>
			<x16>96</x16>
			<y16>197</y16>
			<x17>96</x17>
			<y17>199</y17>
			<x18>99</x18>
			<y18>203</y18>
			<x19>96</x19>
			<y19>206</y19>
			<x20>93</x20>
			<y20>206</y20>
			<x21>91</x21>
			<y21>204</y21>
			<x22>89</x22>
			<y22>198</y22>
			<x23>90</x23>
			<y23>197</y23>
			<x24>90</x24>
			<y24>194</y24>
			<x25>91</x25>
			<y25>192</y25>
			<x26>97</x26>
			<y26>186</y26>
			<x27>98</x27>
			<y27>186</y27>
			<x28>100</x28>
			<y28>184</y28>
			<x29>107</x29>
			<y29>181</y29>
			<x30>109</x30>
			<y30>179</y30>
			<x31>111</x31>
			<y31>179</y31>
			<x32>112</x32>
			<y32>178</y32>
			<x33>114</x33>
			<y33>178</y33>
			<x34>118</x34>
			<y34>176</y34>
			<x35>133</x35>
			<y35>176</y35>
			<x36>134</x36>
			<y36>177</y36>
			<x37>136</x37>
			<y37>177</y37>
			<x38>138</x38>
			<y38>179</y38>
		</polygon>
	</object>
	<object>
		<name>Watermelon rind</name>
		<pose>Unspecified</pose>
		<truncated>0</truncated>
		<difficult>0</difficult>
		<occluded>0</occluded>
		<bndbox>
			<xmin>92</xmin>
			<xmax>166</xmax>
			<ymin>160</ymin>
			<ymax>184</ymax>
		</bndbox>
		<polygon>
			<x1>129</x1>
			<y1>159</y1>
			<x2>130</x2>
			<y2>160</y2>
			<x3>138</x3>
			<y3>160</y3>
			<x4>139</x4>
			<y4>161</y4>
			<x5>143</x5>
			<y5>161</y5>
			<x6>147</x6>
			<y6>163</y6>
			<x7>150</x7>
			<y7>163</y7>
			<x8>158</x8>
			<y8>167</y8>
			<x9>162</x9>
			<y9>171</y9>
			<x10>164</x10>
			<y10>175</y10>
			<x11>164</x11>
			<y11>182</y11>
			<x12>163</x12>
			<y12>183</y12>
			<x13>161</x13>
			<y13>182</y13>
			<x14>157</x14>
			<y14>182</y14>
			<x15>154</x15>
			<y15>180</y15>
			<x16>156</x16>
			<y16>176</y16>
			<x17>153</x17>
			<y17>172</y17>
			<x18>148</x18>
			<y18>172</y18>
			<x19>143</x19>
			<y19>169</y19>
			<x20>139</x20>
			<y20>169</y20>
			<x21>138</x21>
			<y21>170</y21>
			<x22>135</x22>
			<y22>167</y22>
			<x23>133</x23>
			<y23>166</y23>
			<x24>124</x24>
			<y24>166</y24>
			<x25>119</x25>
			<y25>169</y25>
			<x26>117</x26>
			<y26>169</y26>
			<x27>113</x27>
			<y27>167</y27>
			<x28>110</x28>
			<y28>167</y28>
			<x29>105</x29>
			<y29>170</y29>
			<x30>100</x30>
			<y30>171</y30>
			<x31>97</x31>
			<y31>174</y31>
			<x32>92</x32>
			<y32>174</y32>
			<x33>92</x33>
			<y33>171</y33>
			<x34>94</x34>
			<y34>169</y34>
			<x35>94</x35>
			<y35>168</y35>
			<x36>97</x36>
			<y36>165</y36>
			<x37>103</x37>
			<y37>162</y37>
			<x38>105</x38>
			<y38>162</y38>
			<x39>106</x39>
			<y39>161</y39>
			<x40>109</x40>
			<y40>161</y40>
			<x41>110</x41>
			<y41>160</y41>
			<x42>114</x42>
			<y42>160</y42>
			<x43>115</x43>
			<y43>159</y43>
			<x44>128</x44>
			<y44>159</y44>
		</polygon>
	</object>
	<metadata>
	</metadata>
</annotation>
