<annotation>
	<folder></folder>
	<filename>IMG_8284_jpeg.rf.4f9969aed247c21848848de99b87736c.jpg</filename>
	<path>IMG_8284_jpeg.rf.4f9969aed247c21848848de99b87736c.jpg</path>
	<source>
		<database>roboflow.com</database>
	</source>
	<size>
		<width>320</width>
		<height>320</height>
		<depth>3</depth>
	</size>
	<segmented>0</segmented>
	<object>
		<name>Watermelon rind</name>
		<pose>Unspecified</pose>
		<truncated>0</truncated>
		<difficult>0</difficult>
		<occluded>0</occluded>
		<bndbox>
			<xmin>119</xmin>
			<xmax>150</xmax>
			<ymin>163</ymin>
			<ymax>206</ymax>
		</bndbox>
		<polygon>
			<x1>131</x1>
			<y1>162</y1>
			<x2>133</x2>
			<y2>165</y2>
			<x3>133</x3>
			<y3>167</y3>
			<x4>130</x4>
			<y4>167</y4>
			<x5>126</x5>
			<y5>170</y5>
			<x6>126</x6>
			<y6>178</y6>
			<x7>128</x7>
			<y7>180</y7>
			<x8>127</x8>
			<y8>182</y8>
			<x9>127</x9>
			<y9>185</y9>
			<x10>130</x10>
			<y10>189</y10>
			<x11>133</x11>
			<y11>190</y11>
			<x12>135</x12>
			<y12>192</y12>
			<x13>135</x13>
			<y13>195</y13>
			<x14>138</x14>
			<y14>198</y14>
			<x15>140</x15>
			<y15>198</y15>
			<x16>142</x16>
			<y16>199</y16>
			<x17>145</x17>
			<y17>202</y17>
			<x18>148</x18>
			<y18>202</y18>
			<x19>149</x19>
			<y19>204</y19>
			<x20>147</x20>
			<y20>205</y20>
			<x21>140</x21>
			<y21>205</y21>
			<x22>139</x22>
			<y22>204</y22>
			<x23>136</x23>
			<y23>204</y23>
			<x24>134</x24>
			<y24>202</y24>
			<x25>130</x25>
			<y25>200</y25>
			<x26>125</x26>
			<y26>195</y26>
			<x27>125</x27>
			<y27>194</y27>
			<x28>123</x28>
			<y28>192</y28>
			<x29>120</x29>
			<y29>186</y29>
			<x30>120</x30>
			<y30>184</y30>
			<x31>119</x31>
			<y31>183</y31>
			<x32>119</x32>
			<y32>180</y32>
			<x33>118</x33>
			<y33>179</y33>
			<x34>118</x34>
			<y34>173</y34>
			<x35>119</x35>
			<y35>172</y35>
			<x36>119</x36>
			<y36>170</y36>
			<x37>120</x37>
			<y37>168</y37>
			<x38>124</x38>
			<y38>164</y38>
			<x39>126</x39>
			<y39>164</y39>
			<x40>130</x40>
			<y40>162</y40>
		</polygon>
	</object>
	<object>
		<name>Watermelon rind</name>
		<pose>Unspecified</pose>
		<truncated>0</truncated>
		<difficult>0</difficult>
		<occluded>0</occluded>
		<bndbox>
			<xmin>137</xmin>
			<xmax>179</xmax>
			<ymin>176</ymin>
			<ymax>199</ymax>
		</bndbox>
		<polygon>
			<x1>136</x1>
			<y1>177</y1>
			<x2>137</x2>
			<y2>176</y2>
			<x3>140</x3>
			<y3>176</y3>
			<x4>142</x4>
			<y4>181</y4>
			<x5>146</x5>
			<y5>185</y5>
			<x6>149</x6>
			<y6>185</y6>
			<x7>150</x7>
			<y7>187</y7>
			<x8>154</x8>
			<y8>191</y8>
			<x9>160</x9>
			<y9>191</y9>
			<x10>164</x10>
			<y10>193</y10>
			<x11>167</x11>
			<y11>193</y11>
			<x12>168</x12>
			<y12>194</y12>
			<x13>170</x13>
			<y13>194</y13>
			<x14>173</x14>
			<y14>190</y14>
			<x15>176</x15>
			<y15>190</y15>
			<x16>178</x16>
			<y16>192</y16>
			<x17>177</x17>
			<y17>194</y17>
			<x18>172</x18>
			<y18>197</y18>
			<x19>161</x19>
			<y19>197</y19>
			<x20>160</x20>
			<y20>196</y20>
			<x21>156</x21>
			<y21>196</y21>
			<x22>155</x22>
			<y22>195</y22>
			<x23>153</x23>
			<y23>195</y23>
			<x24>145</x24>
			<y24>191</y24>
			<x25>141</x25>
			<y25>187</y25>
			<x26>140</x26>
			<y26>187</y26>
			<x27>140</x27>
			<y27>186</y27>
			<x28>137</x28>
			<y28>182</y28>
			<x29>137</x29>
			<y29>180</y29>
			<x30>136</x30>
			<y30>179</y30>
			<x31>137</x31>
			<y31>178</y31>
		</polygon>
	</object>
	<metadata>
	</metadata>
</annotation>
