<annotation>
	<folder></folder>
	<filename>IMG_1995_HEIC.rf.597693e065ab21bae78e8ad3273c8cf3.jpg</filename>
	<path>IMG_1995_HEIC.rf.597693e065ab21bae78e8ad3273c8cf3.jpg</path>
	<source>
		<database>roboflow.com</database>
	</source>
	<size>
		<width>320</width>
		<height>320</height>
		<depth>3</depth>
	</size>
	<segmented>0</segmented>
	<object>
		<name>Egg shell</name>
		<pose>Unspecified</pose>
		<truncated>0</truncated>
		<difficult>0</difficult>
		<occluded>0</occluded>
		<bndbox>
			<xmin>131</xmin>
			<xmax>183</xmax>
			<ymin>162</ymin>
			<ymax>182</ymax>
		</bndbox>
	</object>
	<metadata>
	</metadata>
</annotation>
