<annotation>
	<folder></folder>
	<filename>IMG_1974_HEIC.rf.4f5f2608a69eb9024f7ef9c4de3e6257.jpg</filename>
	<path>IMG_1974_HEIC.rf.4f5f2608a69eb9024f7ef9c4de3e6257.jpg</path>
	<source>
		<database>roboflow.com</database>
	</source>
	<size>
		<width>320</width>
		<height>320</height>
		<depth>3</depth>
	</size>
	<segmented>0</segmented>
	<object>
		<name>Egg shell</name>
		<pose>Unspecified</pose>
		<truncated>0</truncated>
		<difficult>0</difficult>
		<occluded>0</occluded>
		<bndbox>
			<xmin>158</xmin>
			<xmax>205</xmax>
			<ymin>67</ymin>
			<ymax>88</ymax>
		</bndbox>
	</object>
	<metadata>
	</metadata>
</annotation>
