<annotation>
	<folder></folder>
	<filename>IMG_1961_HEIC.rf.15644f6e3de38525112472421fcf6ff0.jpg</filename>
	<path>IMG_1961_HEIC.rf.15644f6e3de38525112472421fcf6ff0.jpg</path>
	<source>
		<database>roboflow.com</database>
	</source>
	<size>
		<width>320</width>
		<height>320</height>
		<depth>3</depth>
	</size>
	<segmented>0</segmented>
	<object>
		<name>Apple core</name>
		<pose>Unspecified</pose>
		<truncated>0</truncated>
		<difficult>0</difficult>
		<occluded>0</occluded>
		<bndbox>
			<xmin>149</xmin>
			<xmax>170</xmax>
			<ymin>161</ymin>
			<ymax>187</ymax>
		</bndbox>
	</object>
	<metadata>
	</metadata>
</annotation>
