<annotation>
	<folder></folder>
	<filename>IMG_8537_mov-0002_jpg.rf.492e156b7c644234bce95f37ad5deed1.jpg</filename>
	<path>IMG_8537_mov-0002_jpg.rf.492e156b7c644234bce95f37ad5deed1.jpg</path>
	<source>
		<database>roboflow.com</database>
	</source>
	<size>
		<width>320</width>
		<height>320</height>
		<depth>3</depth>
	</size>
	<segmented>0</segmented>
	<object>
		<name>fish</name>
		<pose>Unspecified</pose>
		<truncated>0</truncated>
		<difficult>0</difficult>
		<occluded>0</occluded>
		<bndbox>
			<xmin>127</xmin>
			<xmax>229</xmax>
			<ymin>159</ymin>
			<ymax>192</ymax>
		</bndbox>
		<polygon>
			<x1>143</x1>
			<y1>158</y1>
			<x2>145</x2>
			<y2>160</y2>
			<x3>148</x3>
			<y3>160</y3>
			<x4>149</x4>
			<y4>161</y4>
			<x5>149</x5>
			<y5>165</y5>
			<x6>151</x6>
			<y6>167</y6>
			<x7>153</x7>
			<y7>166</y7>
			<x8>157</x8>
			<y8>166</y8>
			<x9>158</x9>
			<y9>164</y9>
			<x10>159</x10>
			<y10>164</y10>
			<x11>161</x11>
			<y11>165</y11>
			<x12>166</x12>
			<y12>171</y12>
			<x13>168</x13>
			<y13>170</y13>
			<x14>168</x14>
			<y14>167</y14>
			<x15>167</x15>
			<y15>166</y15>
			<x16>170</x16>
			<y16>166</y16>
			<x17>171</x17>
			<y17>167</y17>
			<x18>176</x18>
			<y18>168</y18>
			<x19>177</x19>
			<y19>167</y19>
			<x20>174</x20>
			<y20>164</y20>
			<x21>174</x21>
			<y21>163</y21>
			<x22>176</x22>
			<y22>163</y22>
			<x23>185</x23>
			<y23>168</y23>
			<x24>187</x24>
			<y24>167</y24>
			<x25>186</x25>
			<y25>166</y25>
			<x26>190</x26>
			<y26>166</y26>
			<x27>191</x27>
			<y27>165</y27>
			<x28>190</x28>
			<y28>163</y28>
			<x29>210</x29>
			<y29>163</y29>
			<x30>211</x30>
			<y30>164</y30>
			<x31>215</x31>
			<y31>164</y31>
			<x32>216</x32>
			<y32>165</y32>
			<x33>220</x33>
			<y33>165</y33>
			<x34>221</x34>
			<y34>166</y34>
			<x35>224</x35>
			<y35>166</y35>
			<x36>226</x36>
			<y36>167</y36>
			<x37>227</x37>
			<y37>168</y37>
			<x38>224</x38>
			<y38>171</y38>
			<x39>226</x39>
			<y39>173</y39>
			<x40>227</x40>
			<y40>173</y40>
			<x41>227</x41>
			<y41>174</y41>
			<x42>217</x42>
			<y42>179</y42>
			<x43>215</x43>
			<y43>179</y43>
			<x44>212</x44>
			<y44>181</y44>
			<x45>210</x45>
			<y45>181</y45>
			<x46>206</x46>
			<y46>183</y46>
			<x47>203</x47>
			<y47>183</y47>
			<x48>201</x48>
			<y48>182</y48>
			<x49>199</x49>
			<y49>184</y49>
			<x50>199</x50>
			<y50>185</y50>
			<x51>198</x51>
			<y51>185</y51>
			<x52>195</x52>
			<y52>188</y52>
			<x53>193</x53>
			<y53>188</y53>
			<x54>194</x54>
			<y54>186</y54>
			<x55>194</x55>
			<y55>179</y55>
			<x56>192</x56>
			<y56>177</y56>
			<x57>190</x57>
			<y57>177</y57>
			<x58>189</x58>
			<y58>178</y58>
			<x59>189</x59>
			<y59>182</y59>
			<x60>186</x60>
			<y60>185</y60>
			<x61>186</x61>
			<y61>186</y61>
			<x62>184</x62>
			<y62>187</y62>
			<x63>181</x63>
			<y63>190</y63>
			<x64>179</x64>
			<y64>190</y64>
			<x65>178</x65>
			<y65>191</y65>
			<x66>177</x66>
			<y66>191</y66>
			<x67>177</x67>
			<y67>190</y67>
			<x68>179</x68>
			<y68>188</y68>
			<x69>179</x69>
			<y69>187</y69>
			<x70>182</x70>
			<y70>183</y70>
			<x71>182</x71>
			<y71>178</y71>
			<x72>179</x72>
			<y72>176</y72>
			<x73>178</x73>
			<y73>176</y73>
			<x74>170</x74>
			<y74>185</y74>
			<x75>168</x75>
			<y75>186</y75>
			<x76>166</x76>
			<y76>186</y76>
			<x77>168</x77>
			<y77>184</y77>
			<x78>168</x78>
			<y78>182</y78>
			<x79>170</x79>
			<y79>179</y79>
			<x80>168</x80>
			<y80>175</y80>
			<x81>163</x81>
			<y81>175</y81>
			<x82>159</x82>
			<y82>178</y82>
			<x83>157</x83>
			<y83>178</y83>
			<x84>155</x84>
			<y84>179</y84>
			<x85>157</x85>
			<y85>175</y85>
			<x86>156</x86>
			<y86>174</y86>
			<x87>150</x87>
			<y87>174</y87>
			<x88>148</x88>
			<y88>173</y88>
			<x89>149</x89>
			<y89>172</y89>
			<x90>148</x90>
			<y90>170</y90>
			<x91>142</x91>
			<y91>170</y91>
			<x92>141</x92>
			<y92>169</y92>
			<x93>132</x93>
			<y93>169</y93>
			<x94>131</x94>
			<y94>168</y94>
			<x95>127</x95>
			<y95>168</y95>
			<x96>126</x96>
			<y96>167</y96>
			<x97>128</x97>
			<y97>166</y97>
			<x98>128</x98>
			<y98>165</y98>
			<x99>126</x99>
			<y99>163</y99>
			<x100>127</x100>
			<y100>162</y100>
			<x101>132</x101>
			<y101>162</y101>
			<x102>134</x102>
			<y102>160</y102>
			<x103>134</x103>
			<y103>159</y103>
			<x104>140</x104>
			<y104>159</y104>
			<x105>142</x105>
			<y105>158</y105>
		</polygon>
	</object>
	<metadata>
	</metadata>
</annotation>
