<annotation>
	<folder></folder>
	<filename>IMG_8416_jpeg.rf.eca3a39a38da56ed7df4aaabd5aaa7ae.jpg</filename>
	<path>IMG_8416_jpeg.rf.eca3a39a38da56ed7df4aaabd5aaa7ae.jpg</path>
	<source>
		<database>roboflow.com</database>
	</source>
	<size>
		<width>320</width>
		<height>320</height>
		<depth>3</depth>
	</size>
	<segmented>0</segmented>
	<object>
		<name>fish</name>
		<pose>Unspecified</pose>
		<truncated>0</truncated>
		<difficult>0</difficult>
		<occluded>0</occluded>
		<bndbox>
			<xmin>82</xmin>
			<xmax>129</xmax>
			<ymin>126</ymin>
			<ymax>168</ymax>
		</bndbox>
		<polygon>
			<x1>95</x1>
			<y1>125</y1>
			<x2>96</x2>
			<y2>126</y2>
			<x3>101</x3>
			<y3>126</y3>
			<x4>102</x4>
			<y4>127</y4>
			<x5>105</x5>
			<y5>127</y5>
			<x6>109</x6>
			<y6>129</y6>
			<x7>112</x7>
			<y7>129</y7>
			<x8>113</x8>
			<y8>128</y8>
			<x9>115</x9>
			<y9>128</y9>
			<x10>116</x10>
			<y10>129</y10>
			<x11>116</x11>
			<y11>131</y11>
			<x12>119</x12>
			<y12>133</y12>
			<x13>121</x13>
			<y13>132</y13>
			<x14>124</x14>
			<y14>132</y14>
			<x15>126</x15>
			<y15>133</y15>
			<x16>124</x16>
			<y16>133</y16>
			<x17>116</x17>
			<y17>138</y17>
			<x18>117</x18>
			<y18>140</y18>
			<x19>124</x19>
			<y19>140</y19>
			<x20>125</x20>
			<y20>139</y20>
			<x21>127</x21>
			<y21>139</y21>
			<x22>127</x22>
			<y22>140</y22>
			<x23>121</x23>
			<y23>142</y23>
			<x24>119</x24>
			<y24>144</y24>
			<x25>119</x25>
			<y25>145</y25>
			<x26>121</x26>
			<y26>147</y26>
			<x27>125</x27>
			<y27>147</y27>
			<x28>126</x28>
			<y28>148</y28>
			<x29>128</x29>
			<y29>148</y29>
			<x30>127</x30>
			<y30>148</y30>
			<x31>124</x31>
			<y31>151</y31>
			<x32>126</x32>
			<y32>153</y32>
			<x33>126</x33>
			<y33>155</y33>
			<x34>124</x34>
			<y34>156</y34>
			<x35>126</x35>
			<y35>160</y35>
			<x36>126</x36>
			<y36>162</y36>
			<x37>125</x37>
			<y37>162</y37>
			<x38>123</x38>
			<y38>164</y38>
			<x39>122</x39>
			<y39>164</y39>
			<x40>118</x40>
			<y40>167</y40>
			<x41>117</x41>
			<y41>167</y41>
			<x42>115</x42>
			<y42>164</y42>
			<x43>118</x43>
			<y43>158</y43>
			<x44>117</x44>
			<y44>157</y44>
			<x45>114</x45>
			<y45>157</y45>
			<x46>113</x46>
			<y46>156</y46>
			<x47>113</x47>
			<y47>154</y47>
			<x48>114</x48>
			<y48>153</y48>
			<x49>113</x49>
			<y49>152</y49>
			<x50>111</x50>
			<y50>153</y50>
			<x51>107</x51>
			<y51>149</y51>
			<x52>106</x52>
			<y52>151</y52>
			<x53>104</x53>
			<y53>151</y53>
			<x54>103</x54>
			<y54>149</y54>
			<x55>103</x55>
			<y55>146</y55>
			<x56>102</x56>
			<y56>145</y56>
			<x57>95</x57>
			<y57>145</y57>
			<x58>88</x58>
			<y58>139</y58>
			<x59>87</x59>
			<y59>139</y59>
			<x60>86</x60>
			<y60>137</y60>
			<x61>83</x61>
			<y61>134</y61>
			<x62>82</x62>
			<y62>132</y62>
			<x63>82</x63>
			<y63>129</y63>
			<x64>85</x64>
			<y64>128</y64>
			<x65>87</x65>
			<y65>125</y65>
			<x66>94</x66>
			<y66>125</y66>
		</polygon>
	</object>
	<metadata>
	</metadata>
</annotation>
