<annotation>
	<folder></folder>
	<filename>IMG_8308_jpeg.rf.f0c90034918445ccb76dfb09e1fc1ee3.jpg</filename>
	<path>IMG_8308_jpeg.rf.f0c90034918445ccb76dfb09e1fc1ee3.jpg</path>
	<source>
		<database>roboflow.com</database>
	</source>
	<size>
		<width>320</width>
		<height>320</height>
		<depth>3</depth>
	</size>
	<segmented>0</segmented>
	<object>
		<name>Watermelon rind</name>
		<pose>Unspecified</pose>
		<truncated>0</truncated>
		<difficult>0</difficult>
		<occluded>0</occluded>
		<bndbox>
			<xmin>132</xmin>
			<xmax>188</xmax>
			<ymin>134</ymin>
			<ymax>178</ymax>
		</bndbox>
		<polygon>
			<x1>180</x1>
			<y1>134</y1>
			<x2>181</x2>
			<y2>135</y2>
			<x3>184</x3>
			<y3>135</y3>
			<x4>186</x4>
			<y4>136</y4>
			<x5>187</x5>
			<y5>137</y5>
			<x6>185</x6>
			<y6>139</y6>
			<x7>183</x7>
			<y7>140</y7>
			<x8>182</x8>
			<y8>139</y8>
			<x9>177</x9>
			<y9>139</y9>
			<x10>173</x10>
			<y10>141</y10>
			<x11>166</x11>
			<y11>141</y11>
			<x12>162</x12>
			<y12>146</y12>
			<x13>156</x13>
			<y13>146</y13>
			<x14>152</x14>
			<y14>148</y14>
			<x15>149</x15>
			<y15>151</y15>
			<x16>148</x16>
			<y16>153</y16>
			<x17>148</x17>
			<y17>156</y17>
			<x18>146</x18>
			<y18>156</y18>
			<x19>144</x19>
			<y19>158</y19>
			<x20>143</x20>
			<y20>161</y20>
			<x21>139</x21>
			<y21>165</y21>
			<x22>139</x22>
			<y22>167</y22>
			<x23>144</x23>
			<y23>171</y23>
			<x24>144</x24>
			<y24>173</y24>
			<x25>140</x25>
			<y25>177</y25>
			<x26>138</x26>
			<y26>176</y26>
			<x27>133</x27>
			<y27>171</y27>
			<x28>132</x28>
			<y28>169</y28>
			<x29>132</x29>
			<y29>160</y29>
			<x30>135</x30>
			<y30>154</y30>
			<x31>144</x31>
			<y31>145</y31>
			<x32>145</x32>
			<y32>145</y32>
			<x33>147</x33>
			<y33>143</y33>
			<x34>148</x34>
			<y34>143</y34>
			<x35>150</x35>
			<y35>141</y35>
			<x36>151</x36>
			<y36>141</y36>
			<x37>153</x37>
			<y37>139</y37>
			<x38>157</x38>
			<y38>137</y38>
			<x39>159</x39>
			<y39>137</y39>
			<x40>162</x40>
			<y40>135</y40>
			<x41>165</x41>
			<y41>135</y41>
			<x42>166</x42>
			<y42>134</y42>
			<x43>179</x43>
			<y43>134</y43>
		</polygon>
	</object>
	<object>
		<name>Watermelon rind</name>
		<pose>Unspecified</pose>
		<truncated>0</truncated>
		<difficult>0</difficult>
		<occluded>0</occluded>
		<bndbox>
			<xmin>127</xmin>
			<xmax>217</xmax>
			<ymin>115</ymin>
			<ymax>140</ymax>
		</bndbox>
		<polygon>
			<x1>193</x1>
			<y1>115</y1>
			<x2>194</x2>
			<y2>116</y2>
			<x3>201</x3>
			<y3>117</y3>
			<x4>207</x4>
			<y4>120</y4>
			<x5>209</x5>
			<y5>122</y5>
			<x6>210</x6>
			<y6>122</y6>
			<x7>213</x7>
			<y7>125</y7>
			<x8>216</x8>
			<y8>131</y8>
			<x9>216</x9>
			<y9>135</y9>
			<x10>212</x10>
			<y10>135</y10>
			<x11>211</x11>
			<y11>136</y11>
			<x12>209</x12>
			<y12>136</y12>
			<x13>208</x13>
			<y13>135</y13>
			<x14>205</x14>
			<y14>135</y14>
			<x15>204</x15>
			<y15>134</y15>
			<x16>204</x16>
			<y16>129</y16>
			<x17>203</x17>
			<y17>127</y17>
			<x18>200</x18>
			<y18>125</y18>
			<x19>190</x19>
			<y19>125</y19>
			<x20>189</x20>
			<y20>124</y20>
			<x21>182</x21>
			<y21>124</y21>
			<x22>181</x22>
			<y22>125</y22>
			<x23>179</x23>
			<y23>125</y23>
			<x24>175</x24>
			<y24>122</y24>
			<x25>166</x25>
			<y25>122</y25>
			<x26>165</x26>
			<y26>123</y26>
			<x27>163</x27>
			<y27>123</y27>
			<x28>161</x28>
			<y28>124</y28>
			<x29>158</x29>
			<y29>128</y29>
			<x30>153</x30>
			<y30>128</y30>
			<x31>152</x31>
			<y31>127</y31>
			<x32>147</x32>
			<y32>127</y32>
			<x33>145</x33>
			<y33>128</y33>
			<x34>141</x34>
			<y34>132</y34>
			<x35>136</x35>
			<y35>134</y35>
			<x36>133</x36>
			<y36>137</y36>
			<x37>133</x37>
			<y37>138</y37>
			<x38>131</x38>
			<y38>139</y38>
			<x39>127</x39>
			<y39>139</y39>
			<x40>126</x40>
			<y40>138</y40>
			<x41>126</x41>
			<y41>136</y41>
			<x42>127</x42>
			<y42>135</y42>
			<x43>127</x43>
			<y43>133</y43>
			<x44>129</x44>
			<y44>129</y44>
			<x45>133</x45>
			<y45>125</y45>
			<x46>134</x46>
			<y46>125</y46>
			<x47>136</x47>
			<y47>123</y47>
			<x48>144</x48>
			<y48>119</y48>
			<x49>146</x49>
			<y49>119</y49>
			<x50>147</x50>
			<y50>118</y50>
			<x51>150</x51>
			<y51>118</y51>
			<x52>151</x52>
			<y52>117</y52>
			<x53>154</x53>
			<y53>117</y53>
			<x54>155</x54>
			<y54>116</y54>
			<x55>159</x55>
			<y55>116</y55>
			<x56>160</x56>
			<y56>115</y56>
			<x57>171</x57>
			<y57>115</y57>
			<x58>172</x58>
			<y58>114</y58>
			<x59>183</x59>
			<y59>114</y59>
			<x60>184</x60>
			<y60>115</y60>
			<x61>192</x61>
			<y61>115</y61>
		</polygon>
	</object>
	<metadata>
	</metadata>
</annotation>
