<annotation>
	<folder></folder>
	<filename>IMG_8156_jpeg.rf.0b5961eb9a1d9d5cc7b8d1c5304a6407.jpg</filename>
	<path>IMG_8156_jpeg.rf.0b5961eb9a1d9d5cc7b8d1c5304a6407.jpg</path>
	<source>
		<database>roboflow.com</database>
	</source>
	<size>
		<width>320</width>
		<height>320</height>
		<depth>3</depth>
	</size>
	<segmented>0</segmented>
	<object>
		<name>Watermelon rind</name>
		<pose>Unspecified</pose>
		<truncated>0</truncated>
		<difficult>0</difficult>
		<occluded>0</occluded>
		<bndbox>
			<xmin>66</xmin>
			<xmax>204</xmax>
			<ymin>152</ymin>
			<ymax>248</ymax>
		</bndbox>
		<polygon>
			<x1>191</x1>
			<y1>153</y1>
			<x2>196</x2>
			<y2>158</y2>
			<x3>196</x3>
			<y3>159</y3>
			<x4>198</x4>
			<y4>161</y4>
			<x5>201</x5>
			<y5>167</y5>
			<x6>201</x6>
			<y6>169</y6>
			<x7>202</x7>
			<y7>170</y7>
			<x8>202</x8>
			<y8>184</y8>
			<x9>201</x9>
			<y9>185</y9>
			<x10>201</x10>
			<y10>188</y10>
			<x11>196</x11>
			<y11>198</y11>
			<x12>191</x12>
			<y12>204</y12>
			<x13>191</x13>
			<y13>205</y13>
			<x14>181</x14>
			<y14>215</y14>
			<x15>180</x15>
			<y15>215</y15>
			<x16>176</x16>
			<y16>219</y16>
			<x17>175</x17>
			<y17>219</y17>
			<x18>172</x18>
			<y18>222</y18>
			<x19>169</x19>
			<y19>223</y19>
			<x20>163</x20>
			<y20>228</y20>
			<x21>160</x21>
			<y21>229</y21>
			<x22>158</x22>
			<y22>231</y22>
			<x23>142</x23>
			<y23>239</y23>
			<x24>140</x24>
			<y24>239</y24>
			<x25>137</x25>
			<y25>241</y25>
			<x26>135</x26>
			<y26>241</y26>
			<x27>134</x27>
			<y27>242</y27>
			<x28>132</x28>
			<y28>242</y28>
			<x29>128</x29>
			<y29>244</y29>
			<x30>126</x30>
			<y30>244</y30>
			<x31>125</x31>
			<y31>245</y31>
			<x32>120</x32>
			<y32>245</y32>
			<x33>119</x33>
			<y33>246</y33>
			<x34>113</x34>
			<y34>246</y34>
			<x35>112</x35>
			<y35>247</y35>
			<x36>98</x36>
			<y36>247</y36>
			<x37>97</x37>
			<y37>246</y37>
			<x38>91</x38>
			<y38>246</y38>
			<x39>90</x39>
			<y39>245</y39>
			<x40>87</x40>
			<y40>245</y40>
			<x41>86</x41>
			<y41>244</y41>
			<x42>81</x42>
			<y42>243</y42>
			<x43>78</x43>
			<y43>241</y43>
			<x44>76</x44>
			<y44>241</y44>
			<x45>74</x45>
			<y45>239</y45>
			<x46>71</x46>
			<y46>238</y46>
			<x47>69</x47>
			<y47>236</y47>
			<x48>65</x48>
			<y48>234</y48>
			<x49>65</x49>
			<y49>233</y49>
			<x50>67</x50>
			<y50>231</y50>
			<x51>68</x51>
			<y51>231</y51>
			<x52>72</x52>
			<y52>228</y52>
			<x53>74</x53>
			<y53>228</y53>
			<x54>75</x54>
			<y54>227</y54>
			<x55>78</x55>
			<y55>227</y55>
			<x56>79</x56>
			<y56>226</y56>
			<x57>83</x57>
			<y57>226</y57>
			<x58>85</x58>
			<y58>227</y58>
			<x59>85</x59>
			<y59>228</y59>
			<x60>90</x60>
			<y60>233</y60>
			<x61>92</x61>
			<y61>234</y61>
			<x62>94</x62>
			<y62>234</y62>
			<x63>95</x63>
			<y63>235</y63>
			<x64>104</x64>
			<y64>235</y64>
			<x65>106</x65>
			<y65>234</y65>
			<x66>110</x66>
			<y66>230</y66>
			<x67>112</x67>
			<y67>230</y67>
			<x68>113</x68>
			<y68>229</y68>
			<x69>118</x69>
			<y69>229</y69>
			<x70>119</x70>
			<y70>228</y70>
			<x71>121</x71>
			<y71>228</y71>
			<x72>125</x72>
			<y72>226</y72>
			<x73>128</x73>
			<y73>223</y73>
			<x74>128</x74>
			<y74>221</y74>
			<x75>129</x75>
			<y75>220</y75>
			<x76>133</x76>
			<y76>220</y76>
			<x77>134</x77>
			<y77>221</y77>
			<x78>139</x78>
			<y78>221</y78>
			<x79>140</x79>
			<y79>220</y79>
			<x80>143</x80>
			<y80>220</y80>
			<x81>147</x81>
			<y81>218</y81>
			<x82>149</x82>
			<y82>216</y82>
			<x83>153</x83>
			<y83>214</y83>
			<x84>157</x84>
			<y84>210</y84>
			<x85>158</x85>
			<y85>208</y85>
			<x86>158</x86>
			<y86>202</y86>
			<x87>157</x87>
			<y87>201</y87>
			<x88>157</x88>
			<y88>197</y88>
			<x89>159</x89>
			<y89>196</y89>
			<x90>161</x90>
			<y90>196</y90>
			<x91>162</x91>
			<y91>195</y91>
			<x92>164</x92>
			<y92>195</y92>
			<x93>165</x93>
			<y93>194</y93>
			<x94>168</x94>
			<y94>194</y94>
			<x95>172</x95>
			<y95>192</y95>
			<x96>177</x96>
			<y96>187</y96>
			<x97>177</x97>
			<y97>182</y97>
			<x98>176</x98>
			<y98>181</y98>
			<x99>176</x99>
			<y99>176</y99>
			<x100>178</x100>
			<y100>174</y100>
			<x101>180</x101>
			<y101>170</y101>
			<x102>180</x102>
			<y102>168</y102>
			<x103>181</x103>
			<y103>167</y103>
			<x104>181</x104>
			<y104>165</y104>
			<x105>178</x105>
			<y105>161</y105>
			<x106>178</x106>
			<y106>158</y106>
			<x107>181</x107>
			<y107>155</y107>
			<x108>182</x108>
			<y108>155</y108>
			<x109>185</x109>
			<y109>152</y109>
			<x110>187</x110>
			<y110>151</y110>
			<x111>188</x111>
			<y111>151</y111>
			<x112>190</x112>
			<y112>153</y112>
		</polygon>
	</object>
	<object>
		<name>Watermelon rind</name>
		<pose>Unspecified</pose>
		<truncated>0</truncated>
		<difficult>0</difficult>
		<occluded>0</occluded>
		<bndbox>
			<xmin>94</xmin>
			<xmax>148</xmax>
			<ymin>105</ymin>
			<ymax>211</ymax>
		</bndbox>
		<polygon>
			<x1>99</x1>
			<y1>104</y1>
			<x2>100</x2>
			<y2>105</y2>
			<x3>110</x3>
			<y3>105</y3>
			<x4>111</x4>
			<y4>106</y4>
			<x5>114</x5>
			<y5>106</y5>
			<x6>115</x6>
			<y6>107</y6>
			<x7>120</x7>
			<y7>108</y7>
			<x8>126</x8>
			<y8>111</y8>
			<x9>129</x9>
			<y9>114</y9>
			<x10>130</x10>
			<y10>114</y10>
			<x11>137</x11>
			<y11>121</y11>
			<x12>137</x12>
			<y12>122</y12>
			<x13>139</x13>
			<y13>124</y13>
			<x14>144</x14>
			<y14>134</y14>
			<x15>144</x15>
			<y15>137</y15>
			<x16>145</x16>
			<y16>138</y16>
			<x17>145</x17>
			<y17>141</y17>
			<x18>146</x18>
			<y18>142</y18>
			<x19>146</x19>
			<y19>149</y19>
			<x20>147</x20>
			<y20>150</y20>
			<x21>147</x21>
			<y21>163</y21>
			<x22>146</x22>
			<y22>164</y22>
			<x23>146</x23>
			<y23>172</y23>
			<x24>145</x24>
			<y24>173</y24>
			<x25>145</x25>
			<y25>176</y25>
			<x26>144</x26>
			<y26>177</y26>
			<x27>143</x27>
			<y27>182</y27>
			<x28>139</x28>
			<y28>190</y28>
			<x29>136</x29>
			<y29>193</y29>
			<x30>136</x30>
			<y30>194</y30>
			<x31>126</x31>
			<y31>203</y31>
			<x32>120</x32>
			<y32>206</y32>
			<x33>118</x33>
			<y33>206</y33>
			<x34>114</x34>
			<y34>208</y34>
			<x35>111</x35>
			<y35>208</y35>
			<x36>110</x36>
			<y36>209</y36>
			<x37>99</x37>
			<y37>209</y37>
			<x38>98</x38>
			<y38>208</y38>
			<x39>98</x39>
			<y39>204</y39>
			<x40>100</x40>
			<y40>202</y40>
			<x41>106</x41>
			<y41>200</y41>
			<x42>109</x42>
			<y42>197</y42>
			<x43>110</x43>
			<y43>194</y43>
			<x44>112</x44>
			<y44>192</y44>
			<x45>117</x45>
			<y45>190</y45>
			<x46>121</x46>
			<y46>186</y46>
			<x47>121</x47>
			<y47>182</y47>
			<x48>118</x48>
			<y48>178</y48>
			<x49>118</x49>
			<y49>176</y49>
			<x50>117</x50>
			<y50>175</y50>
			<x51>118</x51>
			<y51>173</y51>
			<x52>120</x52>
			<y52>172</y52>
			<x53>122</x53>
			<y53>172</y53>
			<x54>127</x54>
			<y54>168</y54>
			<x55>129</x55>
			<y55>164</y55>
			<x56>129</x56>
			<y56>155</y56>
			<x57>128</x57>
			<y57>153</y57>
			<x58>125</x58>
			<y58>150</y58>
			<x59>121</x59>
			<y59>148</y59>
			<x60>121</x60>
			<y60>147</y60>
			<x61>124</x61>
			<y61>143</y61>
			<x62>124</x62>
			<y62>140</y62>
			<x63>122</x63>
			<y63>136</y63>
			<x64>119</x64>
			<y64>133</y64>
			<x65>119</x65>
			<y65>124</y65>
			<x66>115</x66>
			<y66>120</y66>
			<x67>113</x67>
			<y67>119</y67>
			<x68>103</x68>
			<y68>119</y68>
			<x69>102</x69>
			<y69>120</y69>
			<x70>99</x70>
			<y70>120</y70>
			<x71>95</x71>
			<y71>116</y71>
			<x72>95</x72>
			<y72>114</y72>
			<x73>94</x73>
			<y73>113</y73>
			<x74>94</x74>
			<y74>109</y74>
			<x75>93</x75>
			<y75>108</y75>
			<x76>93</x76>
			<y76>105</y76>
			<x77>95</x77>
			<y77>104</y77>
			<x78>98</x78>
			<y78>104</y78>
		</polygon>
	</object>
	<metadata>
	</metadata>
</annotation>
