<annotation>
	<folder></folder>
	<filename>IMG_8422_jpeg.rf.d2fce10e08389ca74273cda99cac5558.jpg</filename>
	<path>IMG_8422_jpeg.rf.d2fce10e08389ca74273cda99cac5558.jpg</path>
	<source>
		<database>roboflow.com</database>
	</source>
	<size>
		<width>320</width>
		<height>320</height>
		<depth>3</depth>
	</size>
	<segmented>0</segmented>
	<object>
		<name>fish</name>
		<pose>Unspecified</pose>
		<truncated>0</truncated>
		<difficult>0</difficult>
		<occluded>0</occluded>
		<bndbox>
			<xmin>88</xmin>
			<xmax>138</xmax>
			<ymin>145</ymin>
			<ymax>205</ymax>
		</bndbox>
		<polygon>
			<x1>129</x1>
			<y1>163</y1>
			<x2>135</x2>
			<y2>168</y2>
			<x3>131</x3>
			<y3>168</y3>
			<x4>128</x4>
			<y4>166</y4>
			<x5>119</x5>
			<y5>166</y5>
			<x6>118</x6>
			<y6>168</y6>
			<x7>119</x7>
			<y7>169</y7>
			<x8>123</x8>
			<y8>169</y8>
			<x9>126</x9>
			<y9>171</y9>
			<x10>128</x10>
			<y10>171</y10>
			<x11>132</x11>
			<y11>173</y11>
			<x12>136</x12>
			<y12>177</y12>
			<x13>136</x13>
			<y13>178</y13>
			<x14>132</x14>
			<y14>176</y14>
			<x15>130</x15>
			<y15>176</y15>
			<x16>127</x16>
			<y16>174</y16>
			<x17>122</x17>
			<y17>174</y17>
			<x18>121</x18>
			<y18>173</y18>
			<x19>117</x19>
			<y19>173</y19>
			<x20>116</x20>
			<y20>174</y20>
			<x21>117</x21>
			<y21>176</y21>
			<x22>121</x22>
			<y22>178</y22>
			<x23>123</x23>
			<y23>178</y23>
			<x24>127</x24>
			<y24>182</y24>
			<x25>128</x25>
			<y25>182</y25>
			<x26>128</x26>
			<y26>183</y26>
			<x27>126</x27>
			<y27>183</y27>
			<x28>122</x28>
			<y28>181</y28>
			<x29>119</x29>
			<y29>181</y29>
			<x30>118</x30>
			<y30>180</y30>
			<x31>114</x31>
			<y31>180</y31>
			<x32>113</x32>
			<y32>181</y32>
			<x33>114</x33>
			<y33>182</y33>
			<x34>114</x34>
			<y34>184</y34>
			<x35>117</x35>
			<y35>187</y35>
			<x36>117</x36>
			<y36>189</y36>
			<x37>113</x37>
			<y37>187</y37>
			<x38>111</x38>
			<y38>187</y38>
			<x39>110</x39>
			<y39>188</y39>
			<x40>110</x40>
			<y40>190</y40>
			<x41>109</x41>
			<y41>192</y41>
			<x42>107</x42>
			<y42>192</y42>
			<x43>105</x43>
			<y43>191</y43>
			<x44>103</x44>
			<y44>194</y44>
			<x45>103</x45>
			<y45>196</y45>
			<x46>101</x46>
			<y46>199</y46>
			<x47>101</x47>
			<y47>201</y47>
			<x48>99</x48>
			<y48>203</y48>
			<x49>97</x49>
			<y49>203</y49>
			<x50>96</x50>
			<y50>201</y50>
			<x51>92</x51>
			<y51>203</y51>
			<x52>90</x52>
			<y52>201</y52>
			<x53>90</x53>
			<y53>200</y53>
			<x54>88</x54>
			<y54>199</y54>
			<x55>87</x55>
			<y55>197</y55>
			<x56>87</x56>
			<y56>193</y56>
			<x57>89</x57>
			<y57>192</y57>
			<x58>90</x58>
			<y58>190</y58>
			<x59>98</x59>
			<y59>190</y59>
			<x60>99</x60>
			<y60>189</y60>
			<x61>99</x61>
			<y61>187</y61>
			<x62>97</x62>
			<y62>186</y62>
			<x63>97</x63>
			<y63>184</y63>
			<x64>99</x64>
			<y64>183</y64>
			<x65>101</x65>
			<y65>183</y65>
			<x66>102</x66>
			<y66>182</y66>
			<x67>104</x67>
			<y67>182</y67>
			<x68>105</x68>
			<y68>181</y68>
			<x69>104</x69>
			<y69>180</y69>
			<x70>101</x70>
			<y70>180</y70>
			<x71>101</x71>
			<y71>177</y71>
			<x72>102</x72>
			<y72>176</y72>
			<x73>101</x73>
			<y73>175</y73>
			<x74>99</x74>
			<y74>175</y74>
			<x75>97</x75>
			<y75>176</y75>
			<x76>97</x76>
			<y76>175</y76>
			<x77>99</x77>
			<y77>173</y77>
			<x78>103</x78>
			<y78>171</y78>
			<x79>103</x79>
			<y79>167</y79>
			<x80>102</x80>
			<y80>166</y80>
			<x81>99</x81>
			<y81>166</y81>
			<x82>99</x82>
			<y82>164</y82>
			<x83>100</x83>
			<y83>163</y83>
			<x84>100</x84>
			<y84>159</y84>
			<x85>101</x85>
			<y85>158</y85>
			<x86>101</x86>
			<y86>155</y86>
			<x87>104</x87>
			<y87>151</y87>
			<x88>104</x88>
			<y88>150</y88>
			<x89>109</x89>
			<y89>145</y89>
			<x90>110</x90>
			<y90>145</y90>
			<x91>113</x91>
			<y91>148</y91>
			<x92>115</x92>
			<y92>148</y92>
			<x93>117</x93>
			<y93>146</y93>
			<x94>118</x94>
			<y94>146</y94>
			<x95>122</x95>
			<y95>150</y95>
			<x96>122</x96>
			<y96>151</y96>
			<x97>125</x97>
			<y97>154</y97>
			<x98>126</x98>
			<y98>157</y98>
			<x99>128</x99>
			<y99>159</y99>
			<x100>128</x100>
			<y100>161</y100>
			<x101>127</x101>
			<y101>162</y101>
			<x102>128</x102>
			<y102>163</y102>
		</polygon>
	</object>
	<metadata>
	</metadata>
</annotation>
