<annotation>
	<folder></folder>
	<filename>IMG_8316_jpeg.rf.e0af308844f673385fc2d2d6559c17f6.jpg</filename>
	<path>IMG_8316_jpeg.rf.e0af308844f673385fc2d2d6559c17f6.jpg</path>
	<source>
		<database>roboflow.com</database>
	</source>
	<size>
		<width>320</width>
		<height>320</height>
		<depth>3</depth>
	</size>
	<segmented>0</segmented>
	<object>
		<name>Watermelon rind</name>
		<pose>Unspecified</pose>
		<truncated>0</truncated>
		<difficult>0</difficult>
		<occluded>0</occluded>
		<bndbox>
			<xmin>114</xmin>
			<xmax>172</xmax>
			<ymin>133</ymin>
			<ymax>151</ymax>
		</bndbox>
		<polygon>
			<x1>121</x1>
			<y1>139</y1>
			<x2>122</x2>
			<y2>140</y2>
			<x3>124</x3>
			<y3>140</y3>
			<x4>127</x4>
			<y4>143</y4>
			<x5>130</x5>
			<y5>143</y5>
			<x6>131</x6>
			<y6>142</y6>
			<x7>133</x7>
			<y7>142</y7>
			<x8>135</x8>
			<y8>141</y8>
			<x9>138</x9>
			<y9>144</y9>
			<x10>143</x10>
			<y10>145</y10>
			<x11>144</x11>
			<y11>144</y11>
			<x12>147</x12>
			<y12>144</y12>
			<x13>149</x13>
			<y13>142</y13>
			<x14>154</x14>
			<y14>142</y14>
			<x15>155</x15>
			<y15>141</y15>
			<x16>162</x16>
			<y16>140</y16>
			<x17>164</x17>
			<y17>138</y17>
			<x18>164</x18>
			<y18>134</y18>
			<x19>167</x19>
			<y19>132</y19>
			<x20>170</x20>
			<y20>132</y20>
			<x21>171</x21>
			<y21>133</y21>
			<x22>170</x22>
			<y22>138</y22>
			<x23>169</x23>
			<y23>140</y23>
			<x24>165</x24>
			<y24>144</y24>
			<x25>159</x25>
			<y25>147</y25>
			<x26>157</x26>
			<y26>147</y26>
			<x27>156</x27>
			<y27>148</y27>
			<x28>152</x28>
			<y28>148</y28>
			<x29>151</x29>
			<y29>149</y29>
			<x30>143</x30>
			<y30>149</y30>
			<x31>142</x31>
			<y31>150</y31>
			<x32>136</x32>
			<y32>150</y32>
			<x33>135</x33>
			<y33>149</y33>
			<x34>128</x34>
			<y34>149</y34>
			<x35>127</x35>
			<y35>148</y35>
			<x36>124</x36>
			<y36>148</y36>
			<x37>122</x37>
			<y37>147</y37>
			<x38>118</x38>
			<y38>145</y38>
			<x39>115</x39>
			<y39>142</y39>
			<x40>113</x40>
			<y40>138</y40>
			<x41>114</x41>
			<y41>136</y41>
			<x42>117</x42>
			<y42>136</y42>
			<x43>120</x43>
			<y43>139</y43>
		</polygon>
	</object>
	<object>
		<name>Watermelon rind</name>
		<pose>Unspecified</pose>
		<truncated>0</truncated>
		<difficult>0</difficult>
		<occluded>0</occluded>
		<bndbox>
			<xmin>88</xmin>
			<xmax>150</xmax>
			<ymin>125</ymin>
			<ymax>169</ymax>
		</bndbox>
		<polygon>
			<x1>96</x1>
			<y1>125</y1>
			<x2>98</x2>
			<y2>127</y2>
			<x3>99</x3>
			<y3>127</y3>
			<x4>101</x4>
			<y4>130</y4>
			<x5>101</x5>
			<y5>131</y5>
			<x6>100</x6>
			<y6>131</y6>
			<x7>96</x7>
			<y7>135</y7>
			<x8>96</x8>
			<y8>138</y8>
			<x9>99</x9>
			<y9>141</y9>
			<x10>100</x10>
			<y10>141</y10>
			<x11>100</x11>
			<y11>142</y11>
			<x12>105</x12>
			<y12>147</y12>
			<x13>107</x13>
			<y13>147</y13>
			<x14>107</x14>
			<y14>150</y14>
			<x15>111</x15>
			<y15>154</y15>
			<x16>113</x16>
			<y16>155</y16>
			<x17>115</x17>
			<y17>155</y17>
			<x18>116</x18>
			<y18>156</y18>
			<x19>123</x19>
			<y19>155</y19>
			<x20>127</x20>
			<y20>160</y20>
			<x21>144</x21>
			<y21>160</y21>
			<x22>145</x22>
			<y22>159</y22>
			<x23>147</x23>
			<y23>160</y23>
			<x24>148</x24>
			<y24>161</y24>
			<x25>147</x25>
			<y25>163</y25>
			<x26>146</x26>
			<y26>163</y26>
			<x27>144</x27>
			<y27>165</y27>
			<x28>142</x28>
			<y28>165</y28>
			<x29>138</x29>
			<y29>167</y29>
			<x30>125</x30>
			<y30>167</y30>
			<x31>124</x31>
			<y31>166</y31>
			<x32>120</x32>
			<y32>166</y32>
			<x33>119</x33>
			<y33>165</y33>
			<x34>114</x34>
			<y34>164</y34>
			<x35>106</x35>
			<y35>160</y35>
			<x36>104</x36>
			<y36>158</y36>
			<x37>103</x37>
			<y37>158</y37>
			<x38>101</x38>
			<y38>156</y38>
			<x39>97</x39>
			<y39>154</y39>
			<x40>89</x40>
			<y40>145</y40>
			<x41>88</x41>
			<y41>143</y41>
			<x42>88</x42>
			<y42>140</y42>
			<x43>87</x43>
			<y43>139</y43>
			<x44>87</x44>
			<y44>135</y44>
			<x45>88</x45>
			<y45>134</y45>
			<x46>88</x46>
			<y46>132</y46>
			<x47>89</x47>
			<y47>130</y47>
			<x48>94</x48>
			<y48>125</y48>
			<x49>95</x49>
			<y49>125</y49>
		</polygon>
	</object>
	<metadata>
	</metadata>
</annotation>
