<annotation>
	<folder></folder>
	<filename>IMG_8538_mov-0000_jpg.rf.d32eab2bd6c4d1e7db22a43277265766.jpg</filename>
	<path>IMG_8538_mov-0000_jpg.rf.d32eab2bd6c4d1e7db22a43277265766.jpg</path>
	<source>
		<database>roboflow.com</database>
	</source>
	<size>
		<width>320</width>
		<height>320</height>
		<depth>3</depth>
	</size>
	<segmented>0</segmented>
	<object>
		<name>Watermelon rind</name>
		<pose>Unspecified</pose>
		<truncated>0</truncated>
		<difficult>0</difficult>
		<occluded>0</occluded>
		<bndbox>
			<xmin>153</xmin>
			<xmax>217</xmax>
			<ymin>155</ymin>
			<ymax>179</ymax>
		</bndbox>
		<polygon>
			<x1>206</x1>
			<y1>156</y1>
			<x2>208</x2>
			<y2>155</y2>
			<x3>213</x3>
			<y3>155</y3>
			<x4>215</x4>
			<y4>157</y4>
			<x5>215</x5>
			<y5>163</y5>
			<x6>214</x6>
			<y6>165</y6>
			<x7>209</x7>
			<y7>169</y7>
			<x8>203</x8>
			<y8>172</y8>
			<x9>198</x9>
			<y9>173</y9>
			<x10>197</x10>
			<y10>174</y10>
			<x11>194</x11>
			<y11>174</y11>
			<x12>193</x12>
			<y12>175</y12>
			<x13>191</x13>
			<y13>175</y13>
			<x14>190</x14>
			<y14>176</y14>
			<x15>187</x15>
			<y15>176</y15>
			<x16>186</x16>
			<y16>177</y16>
			<x17>181</x17>
			<y17>177</y17>
			<x18>180</x18>
			<y18>178</y18>
			<x19>166</x19>
			<y19>178</y19>
			<x20>165</x20>
			<y20>177</y20>
			<x21>160</x21>
			<y21>177</y21>
			<x22>152</x22>
			<y22>173</y22>
			<x23>156</x23>
			<y23>171</y23>
			<x24>157</x24>
			<y24>172</y24>
			<x25>160</x25>
			<y25>172</y25>
			<x26>161</x26>
			<y26>173</y26>
			<x27>174</x27>
			<y27>173</y27>
			<x28>177</x28>
			<y28>171</y28>
			<x29>181</x29>
			<y29>171</y29>
			<x30>182</x30>
			<y30>172</y30>
			<x31>187</x31>
			<y31>172</y31>
			<x32>188</x32>
			<y32>171</y32>
			<x33>190</x33>
			<y33>171</y33>
			<x34>192</x34>
			<y34>170</y34>
			<x35>195</x35>
			<y35>167</y35>
			<x36>198</x36>
			<y36>167</y36>
			<x37>204</x37>
			<y37>164</y37>
			<x38>208</x38>
			<y38>160</y38>
			<x39>206</x39>
			<y39>158</y39>
			<x40>206</x40>
			<y40>157</y40>
		</polygon>
	</object>
	<object>
		<name>Watermelon rind</name>
		<pose>Unspecified</pose>
		<truncated>0</truncated>
		<difficult>0</difficult>
		<occluded>0</occluded>
		<bndbox>
			<xmin>124</xmin>
			<xmax>209</xmax>
			<ymin>169</ymin>
			<ymax>195</ymax>
		</bndbox>
		<polygon>
			<x1>127</x1>
			<y1>168</y1>
			<x2>128</x2>
			<y2>169</y2>
			<x3>132</x3>
			<y3>169</y3>
			<x4>135</x4>
			<y4>171</y4>
			<x5>134</x5>
			<y5>176</y5>
			<x6>136</x6>
			<y6>178</y6>
			<x7>138</x7>
			<y7>179</y7>
			<x8>142</x8>
			<y8>179</y8>
			<x9>144</x9>
			<y9>181</y9>
			<x10>146</x10>
			<y10>181</y10>
			<x11>147</x11>
			<y11>182</y11>
			<x12>153</x12>
			<y12>182</y12>
			<x13>155</x13>
			<y13>184</y13>
			<x14>159</x14>
			<y14>186</y14>
			<x15>170</x15>
			<y15>186</y15>
			<x16>171</x16>
			<y16>185</y16>
			<x17>173</x17>
			<y17>185</y17>
			<x18>175</x18>
			<y18>184</y18>
			<x19>176</x19>
			<y19>185</y19>
			<x20>178</x20>
			<y20>185</y20>
			<x21>182</x21>
			<y21>187</y21>
			<x22>185</x22>
			<y22>187</y22>
			<x23>186</x23>
			<y23>186</y23>
			<x24>189</x24>
			<y24>186</y24>
			<x25>190</x25>
			<y25>185</y25>
			<x26>194</x26>
			<y26>185</y26>
			<x27>195</x27>
			<y27>184</y27>
			<x28>198</x28>
			<y28>184</y28>
			<x29>201</x29>
			<y29>182</y29>
			<x30>205</x30>
			<y30>182</y30>
			<x31>207</x31>
			<y31>183</y31>
			<x32>207</x32>
			<y32>185</y32>
			<x33>199</x33>
			<y33>190</y33>
			<x34>197</x34>
			<y34>190</y34>
			<x35>196</x35>
			<y35>191</y35>
			<x36>193</x36>
			<y36>191</y36>
			<x37>192</x37>
			<y37>192</y37>
			<x38>187</x38>
			<y38>192</y38>
			<x39>186</x39>
			<y39>193</y39>
			<x40>168</x40>
			<y40>193</y40>
			<x41>167</x41>
			<y41>192</y41>
			<x42>159</x42>
			<y42>192</y42>
			<x43>158</x43>
			<y43>191</y43>
			<x44>154</x44>
			<y44>191</y44>
			<x45>153</x45>
			<y45>190</y45>
			<x46>148</x46>
			<y46>190</y46>
			<x47>147</x47>
			<y47>189</y47>
			<x48>145</x48>
			<y48>189</y48>
			<x49>144</x49>
			<y49>188</y49>
			<x50>141</x50>
			<y50>188</y50>
			<x51>138</x51>
			<y51>186</y51>
			<x52>133</x52>
			<y52>185</y52>
			<x53>129</x53>
			<y53>182</y53>
			<x54>128</x54>
			<y54>182</y54>
			<x55>124</x55>
			<y55>177</y55>
			<x56>124</x56>
			<y56>171</y56>
			<x57>125</x57>
			<y57>169</y57>
			<x58>126</x58>
			<y58>169</y58>
		</polygon>
	</object>
	<metadata>
	</metadata>
</annotation>
