<annotation>
	<folder></folder>
	<filename>IMG_8382_jpeg.rf.3828c772c4497d65870f7ca8b7021704.jpg</filename>
	<path>IMG_8382_jpeg.rf.3828c772c4497d65870f7ca8b7021704.jpg</path>
	<source>
		<database>roboflow.com</database>
	</source>
	<size>
		<width>320</width>
		<height>320</height>
		<depth>3</depth>
	</size>
	<segmented>0</segmented>
	<object>
		<name>fish</name>
		<pose>Unspecified</pose>
		<truncated>0</truncated>
		<difficult>0</difficult>
		<occluded>0</occluded>
		<bndbox>
			<xmin>109</xmin>
			<xmax>183</xmax>
			<ymin>148</ymin>
			<ymax>204</ymax>
		</bndbox>
		<polygon>
			<x1>181</x1>
			<y1>150</y1>
			<x2>182</x2>
			<y2>151</y2>
			<x3>182</x3>
			<y3>162</y3>
			<x4>181</x4>
			<y4>163</y4>
			<x5>181</x5>
			<y5>168</y5>
			<x6>179</x6>
			<y6>172</y6>
			<x7>179</x7>
			<y7>177</y7>
			<x8>180</x8>
			<y8>178</y8>
			<x9>180</x9>
			<y9>181</y9>
			<x10>178</x10>
			<y10>181</y10>
			<x11>175</x11>
			<y11>178</y11>
			<x12>173</x12>
			<y12>177</y12>
			<x13>171</x13>
			<y13>177</y13>
			<x14>170</x14>
			<y14>178</y14>
			<x15>174</x15>
			<y15>186</y15>
			<x16>174</x16>
			<y16>192</y16>
			<x17>168</x17>
			<y17>185</y17>
			<x18>160</x18>
			<y18>181</y18>
			<x19>159</x19>
			<y19>183</y19>
			<x20>162</x20>
			<y20>189</y20>
			<x21>162</x21>
			<y21>194</y21>
			<x22>154</x22>
			<y22>186</y22>
			<x23>152</x23>
			<y23>185</y23>
			<x24>149</x24>
			<y24>185</y24>
			<x25>147</x25>
			<y25>188</y25>
			<x26>147</x26>
			<y26>193</y26>
			<x27>146</x27>
			<y27>195</y27>
			<x28>141</x28>
			<y28>189</y28>
			<x29>137</x29>
			<y29>193</y29>
			<x30>137</x30>
			<y30>194</y30>
			<x31>135</x31>
			<y31>195</y31>
			<x32>134</x32>
			<y32>194</y32>
			<x33>134</x33>
			<y33>192</y33>
			<x34>133</x34>
			<y34>191</y34>
			<x35>131</x35>
			<y35>191</y35>
			<x36>126</x36>
			<y36>196</y36>
			<x37>125</x37>
			<y37>196</y37>
			<x38>120</x38>
			<y38>200</y38>
			<x39>114</x39>
			<y39>202</y39>
			<x40>114</x40>
			<y40>200</y40>
			<x41>113</x41>
			<y41>199</y41>
			<x42>110</x42>
			<y42>199</y42>
			<x43>109</x43>
			<y43>198</y43>
			<x44>109</x44>
			<y44>190</y44>
			<x45>110</x45>
			<y45>189</y45>
			<x46>110</x46>
			<y46>187</y46>
			<x47>113</x47>
			<y47>183</y47>
			<x48>115</x48>
			<y48>183</y48>
			<x49>116</x49>
			<y49>184</y49>
			<x50>119</x50>
			<y50>181</y50>
			<x51>120</x51>
			<y51>181</y51>
			<x52>122</x52>
			<y52>183</y52>
			<x53>126</x53>
			<y53>185</y53>
			<x54>128</x54>
			<y54>185</y54>
			<x55>131</x55>
			<y55>179</y55>
			<x56>135</x56>
			<y56>179</y56>
			<x57>138</x57>
			<y57>176</y57>
			<x58>137</x58>
			<y58>171</y58>
			<x59>140</x59>
			<y59>169</y59>
			<x60>145</x60>
			<y60>169</y60>
			<x61>147</x61>
			<y61>168</y61>
			<x62>149</x62>
			<y62>166</y62>
			<x63>149</x63>
			<y63>165</y63>
			<x64>147</x64>
			<y64>164</y64>
			<x65>147</x65>
			<y65>163</y65>
			<x66>155</x66>
			<y66>155</y66>
			<x67>156</x67>
			<y67>155</y67>
			<x68>161</x68>
			<y68>151</y68>
			<x69>167</x69>
			<y69>148</y69>
			<x70>169</x70>
			<y70>148</y70>
			<x71>170</x71>
			<y71>147</y71>
			<x72>175</x72>
			<y72>147</y72>
			<x73>175</x73>
			<y73>149</y73>
			<x74>177</x74>
			<y74>151</y74>
			<x75>180</x75>
			<y75>151</y75>
		</polygon>
	</object>
	<metadata>
	</metadata>
</annotation>
