<annotation>
	<folder></folder>
	<filename>IMG_8347_jpeg.rf.331956c86e17be4564ccfb19fdde4b4c.jpg</filename>
	<path>IMG_8347_jpeg.rf.331956c86e17be4564ccfb19fdde4b4c.jpg</path>
	<source>
		<database>roboflow.com</database>
	</source>
	<size>
		<width>320</width>
		<height>320</height>
		<depth>3</depth>
	</size>
	<segmented>0</segmented>
	<object>
		<name>fish</name>
		<pose>Unspecified</pose>
		<truncated>0</truncated>
		<difficult>0</difficult>
		<occluded>0</occluded>
		<bndbox>
			<xmin>142</xmin>
			<xmax>194</xmax>
			<ymin>142</ymin>
			<ymax>211</ymax>
		</bndbox>
		<polygon>
			<x1>152</x1>
			<y1>141</y1>
			<x2>154</x2>
			<y2>141</y2>
			<x3>164</x3>
			<y3>146</y3>
			<x4>166</x4>
			<y4>148</y4>
			<x5>170</x5>
			<y5>150</y5>
			<x6>173</x6>
			<y6>153</y6>
			<x7>173</x7>
			<y7>155</y7>
			<x8>174</x8>
			<y8>156</y8>
			<x9>184</x9>
			<y9>158</y9>
			<x10>184</x10>
			<y10>159</y10>
			<x11>179</x11>
			<y11>159</y11>
			<x12>178</x12>
			<y12>160</y12>
			<x13>174</x13>
			<y13>160</y13>
			<x14>173</x14>
			<y14>161</y14>
			<x15>171</x15>
			<y15>161</y15>
			<x16>170</x16>
			<y16>162</y16>
			<x17>171</x17>
			<y17>163</y17>
			<x18>174</x18>
			<y18>163</y18>
			<x19>175</x19>
			<y19>164</y19>
			<x20>179</x20>
			<y20>164</y20>
			<x21>180</x21>
			<y21>165</y21>
			<x22>185</x22>
			<y22>165</y22>
			<x23>186</x23>
			<y23>166</y23>
			<x24>188</x24>
			<y24>166</y24>
			<x25>192</x25>
			<y25>168</y25>
			<x26>176</x26>
			<y26>168</y26>
			<x27>175</x27>
			<y27>169</y27>
			<x28>172</x28>
			<y28>169</y28>
			<x29>170</x29>
			<y29>170</y29>
			<x30>169</x30>
			<y30>171</y30>
			<x31>170</x31>
			<y31>173</y31>
			<x32>172</x32>
			<y32>173</y32>
			<x33>173</x33>
			<y33>174</y33>
			<x34>179</x34>
			<y34>174</y34>
			<x35>180</x35>
			<y35>175</y35>
			<x36>183</x36>
			<y36>175</y36>
			<x37>187</x37>
			<y37>177</y37>
			<x38>173</x38>
			<y38>177</y38>
			<x39>169</x39>
			<y39>179</y39>
			<x40>169</x40>
			<y40>181</y40>
			<x41>171</x41>
			<y41>183</y41>
			<x42>177</x42>
			<y42>185</y42>
			<x43>178</x43>
			<y43>187</y43>
			<x44>176</x44>
			<y44>186</y44>
			<x45>173</x45>
			<y45>186</y45>
			<x46>171</x46>
			<y46>188</y46>
			<x47>171</x47>
			<y47>193</y47>
			<x48>167</x48>
			<y48>191</y48>
			<x49>165</x49>
			<y49>193</y49>
			<x50>166</x50>
			<y50>195</y50>
			<x51>166</x51>
			<y51>197</y51>
			<x52>167</x52>
			<y52>198</y52>
			<x53>167</x53>
			<y53>205</y53>
			<x54>168</x54>
			<y54>206</y54>
			<x55>167</x55>
			<y55>208</y55>
			<x56>163</x56>
			<y56>206</y56>
			<x57>160</x57>
			<y57>209</y57>
			<x58>159</x58>
			<y58>209</y58>
			<x59>157</x59>
			<y59>208</y59>
			<x60>157</x60>
			<y60>206</y60>
			<x61>156</x61>
			<y61>205</y61>
			<x62>152</x62>
			<y62>205</y62>
			<x63>152</x63>
			<y63>204</y63>
			<x64>149</x64>
			<y64>201</y64>
			<x65>149</x65>
			<y65>200</y65>
			<x66>151</x66>
			<y66>198</y66>
			<x67>151</x67>
			<y67>196</y67>
			<x68>153</x68>
			<y68>196</y68>
			<x69>154</x69>
			<y69>195</y69>
			<x70>156</x70>
			<y70>195</y70>
			<x71>160</x71>
			<y71>193</y71>
			<x72>158</x72>
			<y72>191</y72>
			<x73>158</x73>
			<y73>190</y73>
			<x74>157</x74>
			<y74>189</y74>
			<x75>155</x75>
			<y75>189</y75>
			<x76>155</x76>
			<y76>188</y76>
			<x77>162</x77>
			<y77>182</y77>
			<x78>161</x78>
			<y78>181</y78>
			<x79>159</x79>
			<y79>181</y79>
			<x80>158</x80>
			<y80>182</y80>
			<x81>155</x81>
			<y81>182</y81>
			<x82>155</x82>
			<y82>180</y82>
			<x83>157</x83>
			<y83>178</y83>
			<x84>156</x84>
			<y84>176</y84>
			<x85>149</x85>
			<y85>179</y85>
			<x86>149</x86>
			<y86>177</y86>
			<x87>152</x87>
			<y87>172</y87>
			<x88>151</x88>
			<y88>170</y88>
			<x89>151</x89>
			<y89>166</y89>
			<x90>149</x90>
			<y90>165</y90>
			<x91>146</x91>
			<y91>169</y91>
			<x92>143</x92>
			<y92>164</y92>
			<x93>143</x93>
			<y93>162</y93>
			<x94>141</x94>
			<y94>158</y94>
			<x95>141</x95>
			<y95>147</y95>
			<x96>142</x96>
			<y96>145</y96>
			<x97>144</x97>
			<y97>143</y97>
			<x98>146</x98>
			<y98>144</y98>
			<x99>150</x99>
			<y99>144</y99>
			<x100>152</x100>
			<y100>142</y100>
		</polygon>
	</object>
	<metadata>
	</metadata>
</annotation>
