<annotation>
	<folder></folder>
	<filename>IMG_8202_jpeg.rf.1943dc78797948d110511a9e149c2506.jpg</filename>
	<path>IMG_8202_jpeg.rf.1943dc78797948d110511a9e149c2506.jpg</path>
	<source>
		<database>roboflow.com</database>
	</source>
	<size>
		<width>320</width>
		<height>320</height>
		<depth>3</depth>
	</size>
	<segmented>0</segmented>
	<object>
		<name>Watermelon rind</name>
		<pose>Unspecified</pose>
		<truncated>0</truncated>
		<difficult>0</difficult>
		<occluded>0</occluded>
		<bndbox>
			<xmin>72</xmin>
			<xmax>109</xmax>
			<ymin>153</ymin>
			<ymax>193</ymax>
		</bndbox>
		<polygon>
			<x1>107</x1>
			<y1>154</y1>
			<x2>108</x2>
			<y2>154</y2>
			<x3>106</x3>
			<y3>156</y3>
			<x4>103</x4>
			<y4>156</y4>
			<x5>97</x5>
			<y5>159</y5>
			<x6>94</x6>
			<y6>159</y6>
			<x7>92</x7>
			<y7>161</y7>
			<x8>91</x8>
			<y8>163</y8>
			<x9>91</x9>
			<y9>165</y9>
			<x10>87</x10>
			<y10>165</y10>
			<x11>85</x11>
			<y11>166</y11>
			<x12>82</x12>
			<y12>170</y12>
			<x13>82</x13>
			<y13>174</y13>
			<x14>80</x14>
			<y14>176</y14>
			<x15>80</x15>
			<y15>179</y15>
			<x16>78</x16>
			<y16>182</y16>
			<x17>78</x17>
			<y17>184</y17>
			<x18>80</x18>
			<y18>186</y18>
			<x19>82</x19>
			<y19>186</y19>
			<x20>84</x20>
			<y20>187</y20>
			<x21>84</x21>
			<y21>190</y21>
			<x22>82</x22>
			<y22>192</y22>
			<x23>81</x23>
			<y23>192</y23>
			<x24>80</x24>
			<y24>191</y24>
			<x25>78</x25>
			<y25>191</y25>
			<x26>75</x26>
			<y26>188</y26>
			<x27>74</x27>
			<y27>188</y27>
			<x28>74</x28>
			<y28>187</y28>
			<x29>72</x29>
			<y29>185</y29>
			<x30>72</x30>
			<y30>182</y30>
			<x31>71</x31>
			<y31>181</y31>
			<x32>71</x32>
			<y32>179</y32>
			<x33>72</x33>
			<y33>178</y33>
			<x34>72</x34>
			<y34>174</y34>
			<x35>74</x35>
			<y35>170</y35>
			<x36>78</x36>
			<y36>165</y36>
			<x37>78</x37>
			<y37>164</y37>
			<x38>83</x38>
			<y38>159</y38>
			<x39>84</x39>
			<y39>159</y39>
			<x40>86</x40>
			<y40>157</y40>
			<x41>87</x41>
			<y41>157</y41>
			<x42>91</x42>
			<y42>154</y42>
			<x43>94</x43>
			<y43>154</y43>
			<x44>95</x44>
			<y44>153</y44>
			<x45>106</x45>
			<y45>153</y45>
		</polygon>
	</object>
	<object>
		<name>Watermelon rind</name>
		<pose>Unspecified</pose>
		<truncated>0</truncated>
		<difficult>0</difficult>
		<occluded>0</occluded>
		<bndbox>
			<xmin>59</xmin>
			<xmax>131</xmax>
			<ymin>136</ymin>
			<ymax>165</ymax>
		</bndbox>
		<polygon>
			<x1>116</x1>
			<y1>136</y1>
			<x2>124</x2>
			<y2>140</y2>
			<x3>129</x3>
			<y3>145</y3>
			<x4>130</x4>
			<y4>148</y4>
			<x5>128</x5>
			<y5>149</y5>
			<x6>120</x6>
			<y6>149</y6>
			<x7>120</x7>
			<y7>147</y7>
			<x8>119</x8>
			<y8>145</y8>
			<x9>115</x9>
			<y9>142</y9>
			<x10>113</x10>
			<y10>143</y10>
			<x11>102</x11>
			<y11>143</y11>
			<x12>99</x12>
			<y12>145</y12>
			<x13>95</x13>
			<y13>143</y13>
			<x14>94</x14>
			<y14>144</y14>
			<x15>89</x15>
			<y15>144</y15>
			<x16>88</x16>
			<y16>145</y16>
			<x17>86</x17>
			<y17>145</y17>
			<x18>83</x18>
			<y18>148</y18>
			<x19>82</x19>
			<y19>151</y19>
			<x20>74</x20>
			<y20>151</y20>
			<x21>70</x21>
			<y21>155</y21>
			<x22>70</x22>
			<y22>156</y22>
			<x23>68</x23>
			<y23>157</y23>
			<x24>65</x24>
			<y24>160</y24>
			<x25>65</x25>
			<y25>162</y25>
			<x26>62</x26>
			<y26>164</y26>
			<x27>60</x27>
			<y27>164</y27>
			<x28>59</x28>
			<y28>163</y28>
			<x29>59</x29>
			<y29>156</y29>
			<x30>61</x30>
			<y30>152</y30>
			<x31>67</x31>
			<y31>146</y31>
			<x32>68</x32>
			<y32>146</y32>
			<x33>70</x33>
			<y33>144</y33>
			<x34>74</x34>
			<y34>142</y34>
			<x35>76</x35>
			<y35>142</y35>
			<x36>79</x36>
			<y36>140</y36>
			<x37>82</x37>
			<y37>140</y37>
			<x38>83</x38>
			<y38>139</y38>
			<x39>85</x39>
			<y39>139</y39>
			<x40>89</x40>
			<y40>137</y40>
			<x41>93</x41>
			<y41>137</y41>
			<x42>94</x42>
			<y42>136</y42>
			<x43>102</x43>
			<y43>136</y43>
			<x44>103</x44>
			<y44>135</y44>
			<x45>110</x45>
			<y45>135</y45>
			<x46>111</x46>
			<y46>136</y46>
			<x47>115</x47>
			<y47>136</y47>
		</polygon>
	</object>
	<metadata>
	</metadata>
</annotation>
