<annotation>
	<folder></folder>
	<filename>IMG_8240_jpeg.rf.728b9374b064bb18a7b10c8ff520c2ac.jpg</filename>
	<path>IMG_8240_jpeg.rf.728b9374b064bb18a7b10c8ff520c2ac.jpg</path>
	<source>
		<database>roboflow.com</database>
	</source>
	<size>
		<width>320</width>
		<height>320</height>
		<depth>3</depth>
	</size>
	<segmented>0</segmented>
	<object>
		<name>Watermelon rind</name>
		<pose>Unspecified</pose>
		<truncated>0</truncated>
		<difficult>0</difficult>
		<occluded>0</occluded>
		<bndbox>
			<xmin>97</xmin>
			<xmax>131</xmax>
			<ymin>128</ymin>
			<ymax>199</ymax>
		</bndbox>
		<polygon>
			<x1>110</x1>
			<y1>169</y1>
			<x2>114</x2>
			<y2>172</y2>
			<x3>114</x3>
			<y3>176</y3>
			<x4>113</x4>
			<y4>177</y4>
			<x5>113</x5>
			<y5>180</y5>
			<x6>117</x6>
			<y6>184</y6>
			<x7>118</x7>
			<y7>184</y7>
			<x8>125</x8>
			<y8>192</y8>
			<x9>127</x9>
			<y9>192</y9>
			<x10>129</x10>
			<y10>194</y10>
			<x11>129</x11>
			<y11>198</y11>
			<x12>125</x12>
			<y12>198</y12>
			<x13>124</x13>
			<y13>197</y13>
			<x14>121</x14>
			<y14>197</y14>
			<x15>120</x15>
			<y15>196</y15>
			<x16>118</x16>
			<y16>196</y16>
			<x17>114</x17>
			<y17>194</y17>
			<x18>111</x18>
			<y18>191</y18>
			<x19>110</x19>
			<y19>191</y19>
			<x20>105</x20>
			<y20>186</y20>
			<x21>105</x21>
			<y21>185</y21>
			<x22>103</x22>
			<y22>183</y22>
			<x23>100</x23>
			<y23>177</y23>
			<x24>100</x24>
			<y24>175</y24>
			<x25>98</x25>
			<y25>171</y25>
			<x26>98</x26>
			<y26>167</y26>
			<x27>97</x27>
			<y27>166</y27>
			<x28>97</x28>
			<y28>147</y28>
			<x29>98</x29>
			<y29>146</y29>
			<x30>98</x30>
			<y30>143</y30>
			<x31>100</x31>
			<y31>139</y31>
			<x32>102</x32>
			<y32>137</y32>
			<x33>102</x33>
			<y33>136</y33>
			<x34>109</x34>
			<y34>130</y34>
			<x35>111</x35>
			<y35>130</y35>
			<x36>114</x36>
			<y36>128</y36>
			<x37>118</x37>
			<y37>128</y37>
			<x38>119</x38>
			<y38>127</y38>
			<x39>122</x39>
			<y39>127</y39>
			<x40>123</x40>
			<y40>128</y40>
			<x41>123</x41>
			<y41>132</y41>
			<x42>122</x42>
			<y42>133</y42>
			<x43>122</x43>
			<y43>135</y43>
			<x44>121</x44>
			<y44>136</y44>
			<x45>114</x45>
			<y45>136</y45>
			<x46>110</x46>
			<y46>140</y46>
			<x47>110</x47>
			<y47>146</y47>
			<x48>108</x48>
			<y48>149</y48>
			<x49>108</x49>
			<y49>152</y49>
			<x50>110</x50>
			<y50>154</y50>
			<x51>110</x51>
			<y51>155</y51>
			<x52>107</x52>
			<y52>158</y52>
			<x53>106</x53>
			<y53>160</y53>
			<x54>106</x54>
			<y54>162</y54>
			<x55>107</x55>
			<y55>163</y55>
			<x56>107</x56>
			<y56>166</y56>
			<x57>109</x57>
			<y57>169</y57>
		</polygon>
	</object>
	<object>
		<name>Watermelon rind</name>
		<pose>Unspecified</pose>
		<truncated>0</truncated>
		<difficult>0</difficult>
		<occluded>0</occluded>
		<bndbox>
			<xmin>122</xmin>
			<xmax>185</xmax>
			<ymin>150</ymin>
			<ymax>196</ymax>
		</bndbox>
		<polygon>
			<x1>133</x1>
			<y1>166</y1>
			<x2>139</x2>
			<y2>169</y2>
			<x3>139</x3>
			<y3>171</y3>
			<x4>138</x4>
			<y4>172</y4>
			<x5>139</x5>
			<y5>174</y5>
			<x6>144</x6>
			<y6>179</y6>
			<x7>146</x7>
			<y7>180</y7>
			<x8>152</x8>
			<y8>180</y8>
			<x9>152</x9>
			<y9>181</y9>
			<x10>155</x10>
			<y10>184</y10>
			<x11>157</x11>
			<y11>184</y11>
			<x12>158</x12>
			<y12>185</y12>
			<x13>161</x13>
			<y13>185</y13>
			<x14>164</x14>
			<y14>188</y14>
			<x15>169</x15>
			<y15>188</y15>
			<x16>171</x16>
			<y16>187</y16>
			<x17>173</x17>
			<y17>185</y17>
			<x18>173</x18>
			<y18>184</y18>
			<x19>177</x19>
			<y19>184</y19>
			<x20>183</x20>
			<y20>187</y20>
			<x21>183</x21>
			<y21>189</y21>
			<x22>182</x22>
			<y22>189</y22>
			<x23>177</x23>
			<y23>193</y23>
			<x24>175</x24>
			<y24>193</y24>
			<x25>174</x25>
			<y25>194</y25>
			<x26>171</x26>
			<y26>194</y26>
			<x27>170</x27>
			<y27>195</y27>
			<x28>164</x28>
			<y28>195</y28>
			<x29>163</x29>
			<y29>194</y29>
			<x30>158</x30>
			<y30>194</y30>
			<x31>157</x31>
			<y31>193</y31>
			<x32>155</x32>
			<y32>193</y32>
			<x33>152</x33>
			<y33>191</y33>
			<x34>150</x34>
			<y34>191</y34>
			<x35>148</x35>
			<y35>189</y35>
			<x36>146</x36>
			<y36>189</y36>
			<x37>144</x37>
			<y37>188</y37>
			<x38>138</x38>
			<y38>183</y38>
			<x39>137</x39>
			<y39>183</y39>
			<x40>127</x40>
			<y40>174</y40>
			<x41>127</x41>
			<y41>173</y41>
			<x42>123</x42>
			<y42>168</y42>
			<x43>122</x43>
			<y43>166</y43>
			<x44>122</x44>
			<y44>164</y44>
			<x45>121</x45>
			<y45>163</y45>
			<x46>121</x46>
			<y46>156</y46>
			<x47>122</x47>
			<y47>155</y47>
			<x48>122</x48>
			<y48>153</y48>
			<x49>123</x49>
			<y49>151</y49>
			<x50>125</x50>
			<y50>149</y50>
			<x51>126</x51>
			<y51>149</y51>
			<x52>129</x52>
			<y52>152</y52>
			<x53>128</x53>
			<y53>153</y53>
			<x54>128</x54>
			<y54>156</y54>
			<x55>130</x55>
			<y55>159</y55>
			<x56>130</x56>
			<y56>163</y56>
			<x57>132</x57>
			<y57>166</y57>
		</polygon>
	</object>
	<metadata>
	</metadata>
</annotation>
