<annotation>
	<folder></folder>
	<filename>IMG_8319_jpeg.rf.bdd3b1b76eff53ecb50c6dde4eaf68a6.jpg</filename>
	<path>IMG_8319_jpeg.rf.bdd3b1b76eff53ecb50c6dde4eaf68a6.jpg</path>
	<source>
		<database>roboflow.com</database>
	</source>
	<size>
		<width>320</width>
		<height>320</height>
		<depth>3</depth>
	</size>
	<segmented>0</segmented>
	<object>
		<name>Watermelon rind</name>
		<pose>Unspecified</pose>
		<truncated>0</truncated>
		<difficult>0</difficult>
		<occluded>0</occluded>
		<bndbox>
			<xmin>115</xmin>
			<xmax>211</xmax>
			<ymin>143</ymin>
			<ymax>179</ymax>
		</bndbox>
		<polygon>
			<x1>116</x1>
			<y1>142</y1>
			<x2>120</x2>
			<y2>142</y2>
			<x3>121</x3>
			<y3>143</y3>
			<x4>124</x4>
			<y4>143</y4>
			<x5>128</x5>
			<y5>146</y5>
			<x6>128</x6>
			<y6>147</y6>
			<x7>125</x7>
			<y7>151</y7>
			<x8>126</x8>
			<y8>154</y8>
			<x9>128</x9>
			<y9>156</y9>
			<x10>130</x10>
			<y10>157</y10>
			<x11>134</x11>
			<y11>157</y11>
			<x12>136</x12>
			<y12>159</y12>
			<x13>140</x13>
			<y13>161</y13>
			<x14>142</x14>
			<y14>161</y14>
			<x15>143</x15>
			<y15>162</y15>
			<x16>145</x16>
			<y16>161</y16>
			<x17>147</x17>
			<y17>161</y17>
			<x18>151</x18>
			<y18>165</y18>
			<x19>155</x19>
			<y19>167</y19>
			<x20>166</x20>
			<y20>167</y20>
			<x21>170</x21>
			<y21>164</y21>
			<x22>173</x22>
			<y22>164</y22>
			<x23>178</x23>
			<y23>167</y23>
			<x24>183</x24>
			<y24>168</y24>
			<x25>191</x25>
			<y25>164</y25>
			<x26>197</x26>
			<y26>164</y26>
			<x27>199</x27>
			<y27>163</y27>
			<x28>202</x28>
			<y28>160</y28>
			<x29>206</x29>
			<y29>160</y29>
			<x30>207</x30>
			<y30>161</y30>
			<x31>209</x31>
			<y31>161</y31>
			<x32>209</x32>
			<y32>163</y32>
			<x33>208</x33>
			<y33>165</y33>
			<x34>204</x34>
			<y34>169</y34>
			<x35>203</x35>
			<y35>169</y35>
			<x36>201</x36>
			<y36>171</y36>
			<x37>195</x37>
			<y37>174</y37>
			<x38>192</x38>
			<y38>174</y38>
			<x39>191</x39>
			<y39>175</y39>
			<x40>188</x40>
			<y40>175</y40>
			<x41>187</x41>
			<y41>176</y41>
			<x42>180</x42>
			<y42>176</y42>
			<x43>179</x43>
			<y43>177</y43>
			<x44>168</x44>
			<y44>177</y44>
			<x45>167</x45>
			<y45>176</y45>
			<x46>158</x46>
			<y46>176</y46>
			<x47>157</x47>
			<y47>175</y47>
			<x48>152</x48>
			<y48>175</y48>
			<x49>151</x49>
			<y49>174</y49>
			<x50>148</x50>
			<y50>174</y50>
			<x51>147</x51>
			<y51>173</y51>
			<x52>143</x52>
			<y52>173</y52>
			<x53>142</x53>
			<y53>172</y53>
			<x54>137</x54>
			<y54>171</y54>
			<x55>123</x55>
			<y55>164</y55>
			<x56>117</x56>
			<y56>158</y56>
			<x57>115</x57>
			<y57>154</y57>
			<x58>115</x58>
			<y58>144</y58>
			<x59>116</x59>
			<y59>143</y59>
		</polygon>
	</object>
	<object>
		<name>Watermelon rind</name>
		<pose>Unspecified</pose>
		<truncated>0</truncated>
		<difficult>0</difficult>
		<occluded>0</occluded>
		<bndbox>
			<xmin>146</xmin>
			<xmax>219</xmax>
			<ymin>118</ymin>
			<ymax>157</ymax>
		</bndbox>
		<polygon>
			<x1>194</x1>
			<y1>138</y1>
			<x2>197</x2>
			<y2>138</y2>
			<x3>199</x3>
			<y3>137</y3>
			<x4>203</x4>
			<y4>133</y4>
			<x5>205</x5>
			<y5>132</y5>
			<x6>207</x6>
			<y6>132</y6>
			<x7>209</x7>
			<y7>130</y7>
			<x8>210</x8>
			<y8>128</y8>
			<x9>209</x9>
			<y9>126</y9>
			<x10>206</x10>
			<y10>123</y10>
			<x11>206</x11>
			<y11>122</y11>
			<x12>208</x12>
			<y12>120</y12>
			<x13>212</x13>
			<y13>118</y13>
			<x14>215</x14>
			<y14>118</y14>
			<x15>218</x15>
			<y15>124</y15>
			<x16>218</x16>
			<y16>130</y16>
			<x17>215</x17>
			<y17>136</y17>
			<x18>207</x18>
			<y18>143</y18>
			<x19>191</x19>
			<y19>151</y19>
			<x20>189</x20>
			<y20>151</y20>
			<x21>188</x21>
			<y21>152</y21>
			<x22>185</x22>
			<y22>152</y22>
			<x23>184</x23>
			<y23>153</y23>
			<x24>181</x24>
			<y24>153</y24>
			<x25>180</x25>
			<y25>154</y25>
			<x26>176</x26>
			<y26>154</y26>
			<x27>175</x27>
			<y27>155</y27>
			<x28>160</x28>
			<y28>155</y28>
			<x29>159</x29>
			<y29>154</y29>
			<x30>156</x30>
			<y30>154</y30>
			<x31>155</x31>
			<y31>153</y31>
			<x32>153</x32>
			<y32>153</y32>
			<x33>149</x33>
			<y33>151</y33>
			<x34>146</x34>
			<y34>148</y34>
			<x35>146</x35>
			<y35>147</y35>
			<x36>149</x36>
			<y36>145</y36>
			<x37>151</x37>
			<y37>146</y37>
			<x38>153</x38>
			<y38>146</y38>
			<x39>154</x39>
			<y39>147</y39>
			<x40>163</x40>
			<y40>147</y40>
			<x41>164</x41>
			<y41>148</y41>
			<x42>169</x42>
			<y42>148</y42>
			<x43>175</x43>
			<y43>144</y43>
			<x44>178</x44>
			<y44>144</y44>
			<x45>179</x45>
			<y45>145</y45>
			<x46>186</x46>
			<y46>145</y46>
			<x47>187</x47>
			<y47>144</y47>
			<x48>189</x48>
			<y48>144</y48>
			<x49>191</x49>
			<y49>143</y49>
			<x50>194</x50>
			<y50>139</y50>
		</polygon>
	</object>
	<metadata>
	</metadata>
</annotation>
