<annotation>
	<folder></folder>
	<filename>IMG_8236_jpeg.rf.edd89b1782572c586aeae14b8ff2d7ff.jpg</filename>
	<path>IMG_8236_jpeg.rf.edd89b1782572c586aeae14b8ff2d7ff.jpg</path>
	<source>
		<database>roboflow.com</database>
	</source>
	<size>
		<width>320</width>
		<height>320</height>
		<depth>3</depth>
	</size>
	<segmented>0</segmented>
	<object>
		<name>Watermelon rind</name>
		<pose>Unspecified</pose>
		<truncated>0</truncated>
		<difficult>0</difficult>
		<occluded>0</occluded>
		<bndbox>
			<xmin>105</xmin>
			<xmax>163</xmax>
			<ymin>148</ymin>
			<ymax>218</ymax>
		</bndbox>
		<polygon>
			<x1>125</x1>
			<y1>147</y1>
			<x2>128</x2>
			<y2>152</y2>
			<x3>128</x3>
			<y3>156</y3>
			<x4>127</x4>
			<y4>157</y4>
			<x5>124</x5>
			<y5>157</y5>
			<x6>123</x6>
			<y6>158</y6>
			<x7>121</x7>
			<y7>158</y7>
			<x8>119</x8>
			<y8>159</y8>
			<x9>116</x9>
			<y9>163</y9>
			<x10>117</x10>
			<y10>165</y10>
			<x11>117</x11>
			<y11>167</y11>
			<x12>119</x12>
			<y12>169</y12>
			<x13>119</x13>
			<y13>176</y13>
			<x14>123</x14>
			<y14>179</y14>
			<x15>121</x15>
			<y15>183</y15>
			<x16>122</x16>
			<y16>188</y16>
			<x17>126</x17>
			<y17>193</y17>
			<x18>130</x18>
			<y18>195</y18>
			<x19>135</x19>
			<y19>195</y19>
			<x20>136</x20>
			<y20>196</y20>
			<x21>136</x21>
			<y21>200</y21>
			<x22>137</x22>
			<y22>202</y22>
			<x23>140</x23>
			<y23>205</y23>
			<x24>147</x24>
			<y24>206</y24>
			<x25>151</x25>
			<y25>209</y25>
			<x26>153</x26>
			<y26>209</y26>
			<x27>154</x27>
			<y27>210</y27>
			<x28>156</x28>
			<y28>209</y28>
			<x29>158</x29>
			<y29>209</y29>
			<x30>161</x30>
			<y30>213</y30>
			<x31>158</x31>
			<y31>215</y31>
			<x32>155</x32>
			<y32>215</y32>
			<x33>154</x33>
			<y33>216</y33>
			<x34>144</x34>
			<y34>216</y34>
			<x35>143</x35>
			<y35>215</y35>
			<x36>140</x36>
			<y36>215</y36>
			<x37>139</x37>
			<y37>214</y37>
			<x38>136</x38>
			<y38>214</y38>
			<x39>135</x39>
			<y39>213</y39>
			<x40>133</x40>
			<y40>213</y40>
			<x41>129</x41>
			<y41>210</y41>
			<x42>126</x42>
			<y42>209</y42>
			<x43>122</x43>
			<y43>205</y43>
			<x44>121</x44>
			<y44>205</y44>
			<x45>114</x45>
			<y45>197</y45>
			<x46>114</x46>
			<y46>196</y46>
			<x47>110</x47>
			<y47>191</y47>
			<x48>107</x48>
			<y48>185</y48>
			<x49>107</x49>
			<y49>183</y49>
			<x50>105</x50>
			<y50>179</y50>
			<x51>105</x51>
			<y51>175</y51>
			<x52>104</x52>
			<y52>174</y52>
			<x53>104</x53>
			<y53>166</y53>
			<x54>105</x54>
			<y54>165</y54>
			<x55>105</x55>
			<y55>162</y55>
			<x56>108</x56>
			<y56>158</y56>
			<x57>108</x57>
			<y57>157</y57>
			<x58>113</x58>
			<y58>152</y58>
			<x59>114</x59>
			<y59>152</y59>
			<x60>118</x60>
			<y60>149</y60>
			<x61>120</x61>
			<y61>149</y61>
			<x62>124</x62>
			<y62>147</y62>
		</polygon>
	</object>
	<object>
		<name>Watermelon rind</name>
		<pose>Unspecified</pose>
		<truncated>0</truncated>
		<difficult>0</difficult>
		<occluded>0</occluded>
		<bndbox>
			<xmin>137</xmin>
			<xmax>207</xmax>
			<ymin>169</ymin>
			<ymax>201</ymax>
		</bndbox>
		<polygon>
			<x1>137</x1>
			<y1>169</y1>
			<x2>141</x2>
			<y2>169</y2>
			<x3>143</x3>
			<y3>171</y3>
			<x4>143</x4>
			<y4>173</y4>
			<x5>148</x5>
			<y5>178</y5>
			<x6>148</x6>
			<y6>180</y6>
			<x7>151</x7>
			<y7>183</y7>
			<x8>159</x8>
			<y8>183</y8>
			<x9>160</x9>
			<y9>184</y9>
			<x10>160</x10>
			<y10>186</y10>
			<x11>164</x11>
			<y11>190</y11>
			<x12>167</x12>
			<y12>190</y12>
			<x13>168</x13>
			<y13>191</y13>
			<x14>177</x14>
			<y14>190</y14>
			<x15>181</x15>
			<y15>192</y15>
			<x16>183</x16>
			<y16>191</y16>
			<x17>186</x17>
			<y17>191</y17>
			<x18>187</x18>
			<y18>192</y18>
			<x19>192</x19>
			<y19>192</y19>
			<x20>196</x20>
			<y20>188</y20>
			<x21>196</x21>
			<y21>186</y21>
			<x22>198</x22>
			<y22>185</y22>
			<x23>202</x23>
			<y23>185</y23>
			<x24>203</x24>
			<y24>186</y24>
			<x25>205</x25>
			<y25>186</y25>
			<x26>205</x26>
			<y26>188</y26>
			<x27>203</x27>
			<y27>190</y27>
			<x28>203</x28>
			<y28>191</y28>
			<x29>199</x29>
			<y29>195</y29>
			<x30>193</x30>
			<y30>198</y30>
			<x31>191</x31>
			<y31>198</y31>
			<x32>190</x32>
			<y32>199</y32>
			<x33>171</x33>
			<y33>199</y33>
			<x34>170</x34>
			<y34>198</y34>
			<x35>163</x35>
			<y35>197</y35>
			<x36>159</x36>
			<y36>195</y36>
			<x37>156</x37>
			<y37>195</y37>
			<x38>148</x38>
			<y38>191</y38>
			<x39>142</x39>
			<y39>186</y39>
			<x40>141</x40>
			<y40>186</y40>
			<x41>136</x41>
			<y41>178</y41>
			<x42>136</x42>
			<y42>171</y42>
			<x43>137</x43>
			<y43>170</y43>
		</polygon>
	</object>
	<metadata>
	</metadata>
</annotation>
