<annotation>
	<folder></folder>
	<filename>IMG_1903_HEIC.rf.505eb56c79c45155979e39796b3f686e.jpg</filename>
	<path>IMG_1903_HEIC.rf.505eb56c79c45155979e39796b3f686e.jpg</path>
	<source>
		<database>roboflow.com</database>
	</source>
	<size>
		<width>320</width>
		<height>320</height>
		<depth>3</depth>
	</size>
	<segmented>0</segmented>
	<object>
		<name>Egg shell</name>
		<pose>Unspecified</pose>
		<truncated>0</truncated>
		<difficult>0</difficult>
		<occluded>0</occluded>
		<bndbox>
			<xmin>144</xmin>
			<xmax>189</xmax>
			<ymin>143</ymin>
			<ymax>163</ymax>
		</bndbox>
	</object>
	<metadata>
	</metadata>
</annotation>
