<annotation>
	<folder></folder>
	<filename>IMG_1941_HEIC.rf.8e3a78e67ab58fb6d155be272aea313e.jpg</filename>
	<path>IMG_1941_HEIC.rf.8e3a78e67ab58fb6d155be272aea313e.jpg</path>
	<source>
		<database>roboflow.com</database>
	</source>
	<size>
		<width>320</width>
		<height>320</height>
		<depth>3</depth>
	</size>
	<segmented>0</segmented>
	<object>
		<name>Apple core</name>
		<pose>Unspecified</pose>
		<truncated>0</truncated>
		<difficult>0</difficult>
		<occluded>0</occluded>
		<bndbox>
			<xmin>134</xmin>
			<xmax>152</xmax>
			<ymin>152</ymin>
			<ymax>176</ymax>
		</bndbox>
	</object>
	<metadata>
	</metadata>
</annotation>
