<annotation>
	<folder></folder>
	<filename>IMG_8296_jpeg.rf.9cac21a9a18e549b3a36f410ed6dbe32.jpg</filename>
	<path>IMG_8296_jpeg.rf.9cac21a9a18e549b3a36f410ed6dbe32.jpg</path>
	<source>
		<database>roboflow.com</database>
	</source>
	<size>
		<width>320</width>
		<height>320</height>
		<depth>3</depth>
	</size>
	<segmented>0</segmented>
	<object>
		<name>Watermelon rind</name>
		<pose>Unspecified</pose>
		<truncated>0</truncated>
		<difficult>0</difficult>
		<occluded>0</occluded>
		<bndbox>
			<xmin>108</xmin>
			<xmax>171</xmax>
			<ymin>101</ymin>
			<ymax>135</ymax>
		</bndbox>
		<polygon>
			<x1>113</x1>
			<y1>101</y1>
			<x2>114</x2>
			<y2>102</y2>
			<x3>114</x3>
			<y3>105</y3>
			<x4>118</x4>
			<y4>109</y4>
			<x5>118</x5>
			<y5>111</y5>
			<x6>121</x6>
			<y6>114</y6>
			<x7>123</x7>
			<y7>115</y7>
			<x8>127</x8>
			<y8>115</y8>
			<x9>128</x9>
			<y9>116</y9>
			<x10>128</x10>
			<y10>118</y10>
			<x11>132</x11>
			<y11>122</y11>
			<x12>134</x12>
			<y12>123</y12>
			<x13>136</x13>
			<y13>123</y13>
			<x14>137</x14>
			<y14>124</y14>
			<x15>140</x15>
			<y15>124</y15>
			<x16>142</x16>
			<y16>123</y16>
			<x17>145</x17>
			<y17>125</y17>
			<x18>147</x18>
			<y18>125</y18>
			<x19>148</x19>
			<y19>126</y19>
			<x20>152</x20>
			<y20>126</y20>
			<x21>155</x21>
			<y21>128</y21>
			<x22>157</x22>
			<y22>128</y22>
			<x23>161</x23>
			<y23>124</y23>
			<x24>161</x24>
			<y24>123</y24>
			<x25>166</x25>
			<y25>123</y25>
			<x26>167</x26>
			<y26>124</y26>
			<x27>169</x27>
			<y27>124</y27>
			<x28>169</x28>
			<y28>126</y28>
			<x29>164</x29>
			<y29>131</y29>
			<x30>162</x30>
			<y30>132</y30>
			<x31>160</x31>
			<y31>132</y31>
			<x32>159</x32>
			<y32>133</y32>
			<x33>146</x33>
			<y33>133</y33>
			<x34>145</x34>
			<y34>132</y34>
			<x35>141</x35>
			<y35>132</y35>
			<x36>140</x36>
			<y36>131</y36>
			<x37>135</x37>
			<y37>130</y37>
			<x38>132</x38>
			<y38>128</y38>
			<x39>130</x39>
			<y39>128</y39>
			<x40>122</x40>
			<y40>124</y40>
			<x41>120</x41>
			<y41>122</y41>
			<x42>119</x42>
			<y42>122</y42>
			<x43>116</x43>
			<y43>119</y43>
			<x44>115</x44>
			<y44>119</y44>
			<x45>109</x45>
			<y45>112</y45>
			<x46>109</x46>
			<y46>110</y46>
			<x47>108</x47>
			<y47>109</y47>
			<x48>108</x48>
			<y48>103</y48>
			<x49>110</x49>
			<y49>100</y49>
			<x50>112</x50>
			<y50>101</y50>
		</polygon>
	</object>
	<object>
		<name>Watermelon rind</name>
		<pose>Unspecified</pose>
		<truncated>0</truncated>
		<difficult>0</difficult>
		<occluded>0</occluded>
		<bndbox>
			<xmin>81</xmin>
			<xmax>129</xmax>
			<ymin>82</ymin>
			<ymax>145</ymax>
		</bndbox>
		<polygon>
			<x1>116</x1>
			<y1>134</y1>
			<x2>119</x2>
			<y2>137</y2>
			<x3>121</x3>
			<y3>138</y3>
			<x4>125</x4>
			<y4>138</y4>
			<x5>127</x5>
			<y5>141</y5>
			<x6>127</x6>
			<y6>143</y6>
			<x7>114</x7>
			<y7>143</y7>
			<x8>113</x8>
			<y8>142</y8>
			<x9>110</x9>
			<y9>142</y9>
			<x10>102</x10>
			<y10>138</y10>
			<x11>100</x11>
			<y11>136</y11>
			<x12>99</x12>
			<y12>136</y12>
			<x13>91</x13>
			<y13>128</y13>
			<x14>91</x14>
			<y14>127</y14>
			<x15>87</x15>
			<y15>122</y15>
			<x16>85</x16>
			<y16>118</y16>
			<x17>85</x17>
			<y17>116</y17>
			<x18>83</x18>
			<y18>113</y18>
			<x19>83</x19>
			<y19>111</y19>
			<x20>82</x20>
			<y20>110</y20>
			<x21>82</x21>
			<y21>107</y21>
			<x22>81</x22>
			<y22>106</y22>
			<x23>81</x23>
			<y23>94</y23>
			<x24>83</x24>
			<y24>90</y24>
			<x25>88</x25>
			<y25>85</y25>
			<x26>92</x26>
			<y26>83</y26>
			<x27>94</x27>
			<y27>83</y27>
			<x28>95</x28>
			<y28>82</y28>
			<x29>98</x29>
			<y29>82</y29>
			<x30>99</x30>
			<y30>81</y30>
			<x31>100</x31>
			<y31>81</y31>
			<x32>102</x32>
			<y32>83</y32>
			<x33>103</x33>
			<y33>85</y33>
			<x34>103</x34>
			<y34>88</y34>
			<x35>102</x35>
			<y35>89</y35>
			<x36>97</x36>
			<y36>89</y36>
			<x37>95</x37>
			<y37>90</y37>
			<x38>92</x38>
			<y38>93</y38>
			<x39>92</x39>
			<y39>96</y39>
			<x40>93</x40>
			<y40>97</y40>
			<x41>93</x41>
			<y41>104</y41>
			<x42>96</x42>
			<y42>107</y42>
			<x43>96</x43>
			<y43>108</y43>
			<x44>94</x44>
			<y44>110</y44>
			<x45>94</x45>
			<y45>113</y45>
			<x46>95</x46>
			<y46>114</y46>
			<x47>95</x47>
			<y47>116</y47>
			<x48>100</x48>
			<y48>121</y48>
			<x49>102</x49>
			<y49>121</y49>
			<x50>106</x50>
			<y50>123</y50>
			<x51>106</x51>
			<y51>129</y51>
			<x52>109</x52>
			<y52>132</y52>
			<x53>111</x53>
			<y53>132</y53>
			<x54>115</x54>
			<y54>134</y54>
		</polygon>
	</object>
	<metadata>
	</metadata>
</annotation>
