<annotation>
	<folder></folder>
	<filename>IMG_8210_jpeg.rf.21d22aa77006ea90d028dde86ca037c7.jpg</filename>
	<path>IMG_8210_jpeg.rf.21d22aa77006ea90d028dde86ca037c7.jpg</path>
	<source>
		<database>roboflow.com</database>
	</source>
	<size>
		<width>320</width>
		<height>320</height>
		<depth>3</depth>
	</size>
	<segmented>0</segmented>
	<object>
		<name>Watermelon rind</name>
		<pose>Unspecified</pose>
		<truncated>0</truncated>
		<difficult>0</difficult>
		<occluded>0</occluded>
		<bndbox>
			<xmin>75</xmin>
			<xmax>132</xmax>
			<ymin>177</ymin>
			<ymax>192</ymax>
		</bndbox>
		<polygon>
			<x1>113</x1>
			<y1>178</y1>
			<x2>114</x2>
			<y2>179</y2>
			<x3>119</x3>
			<y3>180</y3>
			<x4>125</x4>
			<y4>183</y4>
			<x5>127</x5>
			<y5>185</y5>
			<x6>128</x6>
			<y6>185</y6>
			<x7>130</x7>
			<y7>189</y7>
			<x8>130</x8>
			<y8>191</y8>
			<x9>127</x9>
			<y9>191</y9>
			<x10>124</x10>
			<y10>188</y10>
			<x11>119</x11>
			<y11>186</y11>
			<x12>117</x12>
			<y12>184</y12>
			<x13>109</x13>
			<y13>184</y13>
			<x14>107</x14>
			<y14>182</y14>
			<x15>105</x15>
			<y15>181</y15>
			<x16>102</x16>
			<y16>181</y16>
			<x17>101</x17>
			<y17>180</y17>
			<x18>99</x18>
			<y18>181</y18>
			<x19>84</x19>
			<y19>181</y19>
			<x20>81</x20>
			<y20>183</y20>
			<x21>81</x21>
			<y21>185</y21>
			<x22>80</x22>
			<y22>186</y22>
			<x23>76</x23>
			<y23>186</y23>
			<x24>74</x24>
			<y24>185</y24>
			<x25>74</x25>
			<y25>182</y25>
			<x26>76</x26>
			<y26>179</y26>
			<x27>80</x27>
			<y27>177</y27>
			<x28>84</x28>
			<y28>177</y28>
			<x29>85</x29>
			<y29>176</y29>
			<x30>100</x30>
			<y30>176</y30>
			<x31>101</x31>
			<y31>177</y31>
			<x32>109</x32>
			<y32>177</y32>
			<x33>110</x33>
			<y33>178</y33>
			<x34>112</x34>
			<y34>178</y34>
		</polygon>
	</object>
	<object>
		<name>Watermelon rind</name>
		<pose>Unspecified</pose>
		<truncated>0</truncated>
		<difficult>0</difficult>
		<occluded>0</occluded>
		<bndbox>
			<xmin>98</xmin>
			<xmax>156</xmax>
			<ymin>164</ymin>
			<ymax>203</ymax>
		</bndbox>
		<polygon>
			<x1>118</x1>
			<y1>164</y1>
			<x2>119</x2>
			<y2>165</y2>
			<x3>122</x3>
			<y3>165</y3>
			<x4>125</x4>
			<y4>167</y4>
			<x5>127</x5>
			<y5>167</y5>
			<x6>137</x6>
			<y6>172</y6>
			<x7>140</x7>
			<y7>175</y7>
			<x8>144</x8>
			<y8>177</y8>
			<x9>152</x9>
			<y9>185</y9>
			<x10>154</x10>
			<y10>189</y10>
			<x11>154</x11>
			<y11>195</y11>
			<x12>152</x12>
			<y12>198</y12>
			<x13>151</x13>
			<y13>198</y13>
			<x14>147</x14>
			<y14>201</y14>
			<x15>144</x15>
			<y15>201</y15>
			<x16>141</x16>
			<y16>198</y16>
			<x17>141</x17>
			<y17>196</y17>
			<x18>143</x18>
			<y18>196</y18>
			<x19>145</x19>
			<y19>195</y19>
			<x20>146</x20>
			<y20>194</y20>
			<x21>146</x21>
			<y21>192</y21>
			<x22>140</x22>
			<y22>185</y22>
			<x23>137</x23>
			<y23>184</y23>
			<x24>137</x24>
			<y24>181</y24>
			<x25>133</x25>
			<y25>177</y25>
			<x26>131</x26>
			<y26>176</y26>
			<x27>124</x27>
			<y27>176</y27>
			<x28>122</x28>
			<y28>175</y28>
			<x29>120</x29>
			<y29>173</y29>
			<x30>120</x30>
			<y30>172</y30>
			<x31>117</x31>
			<y31>170</y31>
			<x32>112</x32>
			<y32>170</y32>
			<x33>111</x33>
			<y33>169</y33>
			<x34>108</x34>
			<y34>169</y34>
			<x35>107</x35>
			<y35>168</y35>
			<x36>100</x36>
			<y36>168</y36>
			<x37>98</x37>
			<y37>166</y37>
			<x38>97</x38>
			<y38>166</y38>
			<x39>100</x39>
			<y39>164</y39>
			<x40>106</x40>
			<y40>164</y40>
			<x41>107</x41>
			<y41>163</y41>
			<x42>112</x42>
			<y42>163</y42>
			<x43>113</x43>
			<y43>164</y43>
			<x44>117</x44>
			<y44>164</y44>
		</polygon>
	</object>
	<metadata>
	</metadata>
</annotation>
