<annotation>
	<folder></folder>
	<filename>IMG_1939_HEIC.rf.7582355a52789bf7c0d90f24e490b355.jpg</filename>
	<path>IMG_1939_HEIC.rf.7582355a52789bf7c0d90f24e490b355.jpg</path>
	<source>
		<database>roboflow.com</database>
	</source>
	<size>
		<width>320</width>
		<height>320</height>
		<depth>3</depth>
	</size>
	<segmented>0</segmented>
	<object>
		<name>Apple core</name>
		<pose>Unspecified</pose>
		<truncated>0</truncated>
		<difficult>0</difficult>
		<occluded>0</occluded>
		<bndbox>
			<xmin>124</xmin>
			<xmax>145</xmax>
			<ymin>145</ymin>
			<ymax>173</ymax>
		</bndbox>
	</object>
	<metadata>
	</metadata>
</annotation>
