<annotation>
	<folder></folder>
	<filename>IMG_1911_HEIC.rf.322d907e214a5fbdecc57eadc4fe1473.jpg</filename>
	<path>IMG_1911_HEIC.rf.322d907e214a5fbdecc57eadc4fe1473.jpg</path>
	<source>
		<database>roboflow.com</database>
	</source>
	<size>
		<width>320</width>
		<height>320</height>
		<depth>3</depth>
	</size>
	<segmented>0</segmented>
	<object>
		<name>Egg shell</name>
		<pose>Unspecified</pose>
		<truncated>0</truncated>
		<difficult>0</difficult>
		<occluded>0</occluded>
		<bndbox>
			<xmin>135</xmin>
			<xmax>169</xmax>
			<ymin>203</ymin>
			<ymax>220</ymax>
		</bndbox>
	</object>
	<metadata>
	</metadata>
</annotation>
