<annotation>
	<folder></folder>
	<filename>IMG_8451_jpeg.rf.ae6717a8182a083971fb5dbedd7a683d.jpg</filename>
	<path>IMG_8451_jpeg.rf.ae6717a8182a083971fb5dbedd7a683d.jpg</path>
	<source>
		<database>roboflow.com</database>
	</source>
	<size>
		<width>320</width>
		<height>320</height>
		<depth>3</depth>
	</size>
	<segmented>0</segmented>
	<object>
		<name>fish</name>
		<pose>Unspecified</pose>
		<truncated>0</truncated>
		<difficult>0</difficult>
		<occluded>0</occluded>
		<bndbox>
			<xmin>122</xmin>
			<xmax>170</xmax>
			<ymin>187</ymin>
			<ymax>259</ymax>
		</bndbox>
		<polygon>
			<x1>151</x1>
			<y1>186</y1>
			<x2>154</x2>
			<y2>188</y2>
			<x3>155</x3>
			<y3>188</y3>
			<x4>157</x4>
			<y4>186</y4>
			<x5>160</x5>
			<y5>187</y5>
			<x6>160</x6>
			<y6>189</y6>
			<x7>161</x7>
			<y7>190</y7>
			<x8>163</x8>
			<y8>190</y8>
			<x9>166</x9>
			<y9>194</y9>
			<x10>165</x10>
			<y10>199</y10>
			<x11>163</x11>
			<y11>199</y11>
			<x12>162</x12>
			<y12>200</y12>
			<x13>158</x13>
			<y13>200</y13>
			<x14>155</x14>
			<y14>202</y14>
			<x15>157</x15>
			<y15>204</y15>
			<x16>155</x16>
			<y16>206</y16>
			<x17>156</x17>
			<y17>207</y17>
			<x18>158</x18>
			<y18>207</y18>
			<x19>159</x19>
			<y19>206</y19>
			<x20>160</x20>
			<y20>207</y20>
			<x21>152</x21>
			<y21>212</y21>
			<x22>154</x22>
			<y22>214</y22>
			<x23>156</x23>
			<y23>213</y23>
			<x24>158</x24>
			<y24>213</y24>
			<x25>158</x25>
			<y25>215</y25>
			<x26>157</x26>
			<y26>217</y26>
			<x27>156</x27>
			<y27>217</y27>
			<x28>154</x28>
			<y28>219</y28>
			<x29>155</x29>
			<y29>220</y29>
			<x30>158</x30>
			<y30>220</y30>
			<x31>164</x31>
			<y31>217</y31>
			<x32>162</x32>
			<y32>221</y32>
			<x33>157</x33>
			<y33>226</y33>
			<x34>158</x34>
			<y34>227</y34>
			<x35>160</x35>
			<y35>226</y35>
			<x36>161</x36>
			<y36>227</y36>
			<x37>161</x37>
			<y37>229</y37>
			<x38>160</x38>
			<y38>230</y38>
			<x39>161</x39>
			<y39>232</y39>
			<x40>165</x40>
			<y40>228</y40>
			<x41>167</x41>
			<y41>232</y41>
			<x42>167</x42>
			<y42>236</y42>
			<x43>168</x43>
			<y43>237</y43>
			<x44>168</x44>
			<y44>248</y44>
			<x45>167</x45>
			<y45>249</y45>
			<x46>166</x46>
			<y46>254</y46>
			<x47>164</x47>
			<y47>256</y47>
			<x48>160</x48>
			<y48>254</y48>
			<x49>158</x49>
			<y49>254</y49>
			<x50>156</x50>
			<y50>256</y50>
			<x51>156</x51>
			<y51>258</y51>
			<x52>150</x52>
			<y52>255</y52>
			<x53>137</x53>
			<y53>243</y53>
			<x54>137</x54>
			<y54>241</y54>
			<x55>138</x55>
			<y55>240</y55>
			<x56>136</x56>
			<y56>238</y56>
			<x57>134</x57>
			<y57>238</y57>
			<x58>131</x58>
			<y58>236</y58>
			<x59>129</x59>
			<y59>236</y59>
			<x60>127</x60>
			<y60>234</y60>
			<x61>140</x61>
			<y61>234</y61>
			<x62>141</x62>
			<y62>233</y62>
			<x63>145</x63>
			<y63>233</y63>
			<x64>146</x64>
			<y64>231</y64>
			<x65>144</x65>
			<y65>229</y65>
			<x66>142</x66>
			<y66>230</y66>
			<x67>140</x67>
			<y67>229</y67>
			<x68>133</x68>
			<y68>229</y68>
			<x69>132</x69>
			<y69>228</y69>
			<x70>127</x70>
			<y70>227</y70>
			<x71>123</x71>
			<y71>224</y71>
			<x72>122</x72>
			<y72>224</y72>
			<x73>122</x73>
			<y73>223</y73>
			<x74>125</x74>
			<y74>223</y74>
			<x75>126</x75>
			<y75>224</y75>
			<x76>131</x76>
			<y76>224</y76>
			<x77>132</x77>
			<y77>225</y77>
			<x78>139</x78>
			<y78>225</y78>
			<x79>140</x79>
			<y79>224</y79>
			<x80>144</x80>
			<y80>224</y80>
			<x81>145</x81>
			<y81>223</y81>
			<x82>145</x82>
			<y82>221</y82>
			<x83>144</x83>
			<y83>220</y83>
			<x84>139</x84>
			<y84>220</y84>
			<x85>138</x85>
			<y85>219</y85>
			<x86>136</x86>
			<y86>219</y86>
			<x87>133</x87>
			<y87>217</y87>
			<x88>131</x88>
			<y88>217</y88>
			<x89>129</x89>
			<y89>216</y89>
			<x90>128</x90>
			<y90>214</y90>
			<x91>129</x91>
			<y91>215</y91>
			<x92>133</x92>
			<y92>215</y92>
			<x93>134</x93>
			<y93>216</y93>
			<x94>143</x94>
			<y94>216</y94>
			<x95>145</x95>
			<y95>214</y95>
			<x96>145</x96>
			<y96>212</y96>
			<x97>143</x97>
			<y97>210</y97>
			<x98>140</x98>
			<y98>209</y98>
			<x99>137</x99>
			<y99>206</y99>
			<x100>142</x100>
			<y100>206</y100>
			<x101>143</x101>
			<y101>207</y101>
			<x102>145</x102>
			<y102>207</y102>
			<x103>146</x103>
			<y103>206</y103>
			<x104>145</x104>
			<y104>205</y104>
			<x105>145</x105>
			<y105>200</y105>
			<x106>149</x106>
			<y106>202</y106>
			<x107>150</x107>
			<y107>201</y107>
			<x108>150</x108>
			<y108>187</y108>
		</polygon>
	</object>
	<metadata>
	</metadata>
</annotation>
