<annotation>
	<folder></folder>
	<filename>IMG_8404_jpeg.rf.4649d22a464f3fb1982af35285225eef.jpg</filename>
	<path>IMG_8404_jpeg.rf.4649d22a464f3fb1982af35285225eef.jpg</path>
	<source>
		<database>roboflow.com</database>
	</source>
	<size>
		<width>320</width>
		<height>320</height>
		<depth>3</depth>
	</size>
	<segmented>0</segmented>
	<object>
		<name>fish</name>
		<pose>Unspecified</pose>
		<truncated>0</truncated>
		<difficult>0</difficult>
		<occluded>0</occluded>
		<bndbox>
			<xmin>160</xmin>
			<xmax>231</xmax>
			<ymin>144</ymin>
			<ymax>175</ymax>
		</bndbox>
		<polygon>
			<x1>172</x1>
			<y1>144</y1>
			<x2>174</x2>
			<y2>145</y2>
			<x3>176</x3>
			<y3>149</y3>
			<x4>183</x4>
			<y4>149</y4>
			<x5>184</x5>
			<y5>150</y5>
			<x6>187</x6>
			<y6>150</y6>
			<x7>188</x7>
			<y7>149</y7>
			<x8>189</x8>
			<y8>150</y8>
			<x9>192</x9>
			<y9>147</y9>
			<x10>193</x10>
			<y10>147</y10>
			<x11>195</x11>
			<y11>149</y11>
			<x12>200</x12>
			<y12>150</y12>
			<x13>203</x13>
			<y13>147</y13>
			<x14>217</x14>
			<y14>147</y14>
			<x15>218</x15>
			<y15>148</y15>
			<x16>222</x16>
			<y16>148</y16>
			<x17>223</x17>
			<y17>149</y17>
			<x18>225</x18>
			<y18>149</y18>
			<x19>228</x19>
			<y19>151</y19>
			<x20>228</x20>
			<y20>154</y20>
			<x21>229</x21>
			<y21>155</y21>
			<x22>229</x22>
			<y22>157</y22>
			<x23>226</x23>
			<y23>160</y23>
			<x24>225</x24>
			<y24>160</y24>
			<x25>222</x25>
			<y25>163</y25>
			<x26>216</x26>
			<y26>166</y26>
			<x27>213</x27>
			<y27>166</y27>
			<x28>208</x28>
			<y28>171</y28>
			<x29>207</x29>
			<y29>171</y29>
			<x30>204</x30>
			<y30>168</y30>
			<x31>202</x31>
			<y31>170</y31>
			<x32>202</x32>
			<y32>171</y32>
			<x33>201</x33>
			<y33>171</y33>
			<x34>198</x34>
			<y34>174</y34>
			<x35>195</x35>
			<y35>172</y35>
			<x36>196</x36>
			<y36>170</y36>
			<x37>196</x37>
			<y37>168</y37>
			<x38>197</x38>
			<y38>167</y38>
			<x39>196</x39>
			<y39>165</y39>
			<x40>195</x40>
			<y40>165</y40>
			<x41>194</x41>
			<y41>167</y41>
			<x42>190</x42>
			<y42>171</y42>
			<x43>189</x43>
			<y43>171</y43>
			<x44>188</x44>
			<y44>169</y44>
			<x45>188</x45>
			<y45>166</y45>
			<x46>190</x46>
			<y46>163</y46>
			<x47>188</x47>
			<y47>161</y47>
			<x48>187</x48>
			<y48>161</y48>
			<x49>185</x49>
			<y49>163</y49>
			<x50>181</x50>
			<y50>165</y50>
			<x51>178</x51>
			<y51>161</y51>
			<x52>177</x52>
			<y52>161</y52>
			<x53>174</x53>
			<y53>158</y53>
			<x54>172</x54>
			<y54>157</y54>
			<x55>162</x55>
			<y55>157</y55>
			<x56>160</x56>
			<y56>156</y56>
			<x57>160</x57>
			<y57>147</y57>
			<x58>163</x58>
			<y58>146</y58>
			<x59>165</x59>
			<y59>144</y59>
			<x60>168</x60>
			<y60>144</y60>
			<x61>169</x61>
			<y61>143</y61>
			<x62>171</x62>
			<y62>144</y62>
		</polygon>
	</object>
	<metadata>
	</metadata>
</annotation>
