<annotation>
	<folder></folder>
	<filename>IMG_8161_mov-0009_jpg.rf.a98df65392742e9d5c1774bedec774cf.jpg</filename>
	<path>IMG_8161_mov-0009_jpg.rf.a98df65392742e9d5c1774bedec774cf.jpg</path>
	<source>
		<database>roboflow.com</database>
	</source>
	<size>
		<width>320</width>
		<height>320</height>
		<depth>3</depth>
	</size>
	<segmented>0</segmented>
	<object>
		<name>Watermelon rind</name>
		<pose>Unspecified</pose>
		<truncated>0</truncated>
		<difficult>0</difficult>
		<occluded>0</occluded>
		<bndbox>
			<xmin>171</xmin>
			<xmax>255</xmax>
			<ymin>238</ymin>
			<ymax>256</ymax>
		</bndbox>
		<polygon>
			<x1>177</x1>
			<y1>238</y1>
			<x2>180</x2>
			<y2>241</y2>
			<x3>182</x3>
			<y3>242</y3>
			<x4>184</x4>
			<y4>242</y4>
			<x5>190</x5>
			<y5>246</y5>
			<x6>195</x6>
			<y6>246</y6>
			<x7>196</x7>
			<y7>245</y7>
			<x8>200</x8>
			<y8>245</y8>
			<x9>206</x9>
			<y9>249</y9>
			<x10>217</x10>
			<y10>249</y10>
			<x11>218</x11>
			<y11>248</y11>
			<x12>225</x12>
			<y12>248</y12>
			<x13>226</x13>
			<y13>249</y13>
			<x14>227</x14>
			<y14>248</y14>
			<x15>238</x15>
			<y15>248</y15>
			<x16>240</x16>
			<y16>247</y16>
			<x17>243</x17>
			<y17>244</y17>
			<x18>243</x18>
			<y18>242</y18>
			<x19>245</x19>
			<y19>241</y19>
			<x20>253</x20>
			<y20>241</y20>
			<x21>254</x21>
			<y21>242</y21>
			<x22>253</x22>
			<y22>243</y22>
			<x23>253</x23>
			<y23>245</y23>
			<x24>248</x24>
			<y24>250</y24>
			<x25>246</x25>
			<y25>251</y25>
			<x26>244</x26>
			<y26>251</y26>
			<x27>243</x27>
			<y27>252</y27>
			<x28>241</x28>
			<y28>252</y28>
			<x29>240</x29>
			<y29>253</y29>
			<x30>236</x30>
			<y30>253</y30>
			<x31>235</x31>
			<y31>254</y31>
			<x32>226</x32>
			<y32>254</y32>
			<x33>225</x33>
			<y33>255</y33>
			<x34>224</x34>
			<y34>254</y34>
			<x35>223</x35>
			<y35>255</y35>
			<x36>214</x36>
			<y36>255</y36>
			<x37>213</x37>
			<y37>254</y37>
			<x38>202</x38>
			<y38>254</y38>
			<x39>201</x39>
			<y39>253</y39>
			<x40>195</x40>
			<y40>253</y40>
			<x41>194</x41>
			<y41>252</y41>
			<x42>191</x42>
			<y42>252</y42>
			<x43>190</x43>
			<y43>251</y43>
			<x44>187</x44>
			<y44>251</y44>
			<x45>186</x45>
			<y45>250</y45>
			<x46>184</x46>
			<y46>250</y46>
			<x47>181</x47>
			<y47>248</y47>
			<x48>179</x48>
			<y48>248</y48>
			<x49>177</x49>
			<y49>247</y49>
			<x50>172</x50>
			<y50>243</y50>
			<x51>171</x51>
			<y51>241</y51>
			<x52>171</x52>
			<y52>238</y52>
			<x53>172</x53>
			<y53>237</y53>
			<x54>174</x54>
			<y54>238</y54>
			<x55>176</x55>
			<y55>238</y55>
		</polygon>
	</object>
	<object>
		<name>Watermelon rind</name>
		<pose>Unspecified</pose>
		<truncated>0</truncated>
		<difficult>0</difficult>
		<occluded>0</occluded>
		<bndbox>
			<xmin>137</xmin>
			<xmax>216</xmax>
			<ymin>225</ymin>
			<ymax>271</ymax>
		</bndbox>
		<polygon>
			<x1>154</x1>
			<y1>227</y1>
			<x2>156</x2>
			<y2>230</y2>
			<x3>153</x3>
			<y3>232</y3>
			<x4>151</x4>
			<y4>232</y4>
			<x5>148</x5>
			<y5>235</y5>
			<x6>148</x6>
			<y6>236</y6>
			<x7>149</x7>
			<y7>238</y7>
			<x8>151</x8>
			<y8>239</y8>
			<x9>156</x9>
			<y9>245</y9>
			<x10>161</x10>
			<y10>247</y10>
			<x11>161</x11>
			<y11>250</y11>
			<x12>164</x12>
			<y12>253</y12>
			<x13>165</x13>
			<y13>253</y13>
			<x14>169</x14>
			<y14>256</y14>
			<x15>173</x15>
			<y15>256</y15>
			<x16>174</x16>
			<y16>257</y16>
			<x17>176</x17>
			<y17>257</y17>
			<x18>177</x18>
			<y18>256</y18>
			<x19>180</x19>
			<y19>256</y19>
			<x20>186</x20>
			<y20>262</y20>
			<x21>188</x21>
			<y21>262</y21>
			<x22>189</x22>
			<y22>263</y22>
			<x23>198</x23>
			<y23>263</y23>
			<x24>199</x24>
			<y24>264</y24>
			<x25>203</x25>
			<y25>264</y25>
			<x26>204</x26>
			<y26>265</y26>
			<x27>206</x27>
			<y27>265</y27>
			<x28>207</x28>
			<y28>264</y28>
			<x29>212</x29>
			<y29>264</y29>
			<x30>214</x30>
			<y30>266</y30>
			<x31>215</x31>
			<y31>266</y31>
			<x32>215</x32>
			<y32>267</y32>
			<x33>213</x33>
			<y33>268</y33>
			<x34>211</x34>
			<y34>268</y34>
			<x35>210</x35>
			<y35>269</y35>
			<x36>206</x36>
			<y36>269</y36>
			<x37>205</x37>
			<y37>270</y37>
			<x38>191</x38>
			<y38>270</y38>
			<x39>190</x39>
			<y39>269</y39>
			<x40>185</x40>
			<y40>269</y40>
			<x41>184</x41>
			<y41>268</y41>
			<x42>181</x42>
			<y42>268</y42>
			<x43>180</x43>
			<y43>267</y43>
			<x44>176</x44>
			<y44>267</y44>
			<x45>170</x45>
			<y45>264</y45>
			<x46>168</x46>
			<y46>264</y46>
			<x47>165</x47>
			<y47>262</y47>
			<x48>163</x48>
			<y48>262</y48>
			<x49>161</x49>
			<y49>260</y49>
			<x50>154</x50>
			<y50>257</y50>
			<x51>152</x51>
			<y51>255</y51>
			<x52>148</x52>
			<y52>253</y52>
			<x53>145</x53>
			<y53>250</y53>
			<x54>144</x54>
			<y54>250</y54>
			<x55>144</x55>
			<y55>249</y55>
			<x56>142</x56>
			<y56>248</y56>
			<x57>142</x57>
			<y57>247</y57>
			<x58>138</x58>
			<y58>243</y58>
			<x59>137</x59>
			<y59>241</y59>
			<x60>137</x60>
			<y60>239</y60>
			<x61>136</x61>
			<y61>238</y61>
			<x62>136</x62>
			<y62>234</y62>
			<x63>141</x63>
			<y63>228</y63>
			<x64>142</x64>
			<y64>228</y64>
			<x65>146</x65>
			<y65>225</y65>
			<x66>151</x66>
			<y66>225</y66>
			<x67>153</x67>
			<y67>227</y67>
		</polygon>
	</object>
	<metadata>
	</metadata>
</annotation>
