<annotation>
	<folder></folder>
	<filename>IMG_8391_jpeg.rf.f9b1a4993ae9ccf5f1d38a1cc9be1aff.jpg</filename>
	<path>IMG_8391_jpeg.rf.f9b1a4993ae9ccf5f1d38a1cc9be1aff.jpg</path>
	<source>
		<database>roboflow.com</database>
	</source>
	<size>
		<width>320</width>
		<height>320</height>
		<depth>3</depth>
	</size>
	<segmented>0</segmented>
	<object>
		<name>fish</name>
		<pose>Unspecified</pose>
		<truncated>0</truncated>
		<difficult>0</difficult>
		<occluded>0</occluded>
		<bndbox>
			<xmin>143</xmin>
			<xmax>199</xmax>
			<ymin>123</ymin>
			<ymax>181</ymax>
		</bndbox>
		<polygon>
			<x1>196</x1>
			<y1>125</y1>
			<x2>196</x2>
			<y2>128</y2>
			<x3>197</x3>
			<y3>129</y3>
			<x4>197</x4>
			<y4>134</y4>
			<x5>196</x5>
			<y5>135</y5>
			<x6>194</x6>
			<y6>135</y6>
			<x7>193</x7>
			<y7>137</y7>
			<x8>189</x8>
			<y8>137</y8>
			<x9>188</x9>
			<y9>136</y9>
			<x10>185</x10>
			<y10>136</y10>
			<x11>184</x11>
			<y11>137</y11>
			<x12>184</x12>
			<y12>142</y12>
			<x13>181</x13>
			<y13>142</y13>
			<x14>177</x14>
			<y14>144</y14>
			<x15>179</x15>
			<y15>145</y15>
			<x16>182</x16>
			<y16>151</y16>
			<x17>175</x17>
			<y17>155</y17>
			<x18>175</x18>
			<y18>157</y18>
			<x19>177</x19>
			<y19>159</y19>
			<x20>177</x20>
			<y20>161</y20>
			<x21>172</x21>
			<y21>171</y21>
			<x22>165</x22>
			<y22>178</y22>
			<x23>161</x23>
			<y23>180</y23>
			<x24>157</x24>
			<y24>176</y24>
			<x25>156</x25>
			<y25>176</y25>
			<x26>154</x26>
			<y26>179</y26>
			<x27>149</x27>
			<y27>171</y27>
			<x28>149</x28>
			<y28>169</y28>
			<x29>147</x29>
			<y29>165</y29>
			<x30>147</x30>
			<y30>160</y30>
			<x31>148</x31>
			<y31>159</y31>
			<x32>143</x32>
			<y32>154</y32>
			<x33>143</x33>
			<y33>152</y33>
			<x34>144</x34>
			<y34>153</y34>
			<x35>146</x35>
			<y35>153</y35>
			<x36>150</x36>
			<y36>155</y36>
			<x37>152</x37>
			<y37>155</y37>
			<x38>153</x38>
			<y38>153</y38>
			<x39>145</x39>
			<y39>146</y39>
			<x40>144</x40>
			<y40>144</y40>
			<x41>144</x41>
			<y41>142</y41>
			<x42>146</x42>
			<y42>144</y42>
			<x43>154</x43>
			<y43>148</y43>
			<x44>158</x44>
			<y44>148</y44>
			<x45>160</x45>
			<y45>146</y45>
			<x46>158</x46>
			<y46>145</y46>
			<x47>157</x47>
			<y47>143</y47>
			<x48>156</x48>
			<y48>143</y48>
			<x49>153</x49>
			<y49>137</y49>
			<x50>156</x50>
			<y50>140</y50>
			<x51>160</x51>
			<y51>142</y51>
			<x52>162</x52>
			<y52>142</y52>
			<x53>163</x53>
			<y53>143</y53>
			<x54>166</x54>
			<y54>143</y54>
			<x55>168</x55>
			<y55>140</y55>
			<x56>165</x56>
			<y56>134</y56>
			<x57>167</x57>
			<y57>134</y57>
			<x58>171</x58>
			<y58>137</y58>
			<x59>173</x59>
			<y59>135</y59>
			<x60>173</x60>
			<y60>133</y60>
			<x61>174</x61>
			<y61>132</y61>
			<x62>176</x62>
			<y62>132</y62>
			<x63>178</x63>
			<y63>133</y63>
			<x64>183</x64>
			<y64>127</y64>
			<x65>183</x65>
			<y65>126</y65>
			<x66>187</x66>
			<y66>122</y66>
			<x67>189</x67>
			<y67>123</y67>
			<x68>191</x68>
			<y68>123</y68>
			<x69>192</x69>
			<y69>124</y69>
			<x70>194</x70>
			<y70>124</y70>
			<x71>195</x71>
			<y71>125</y71>
		</polygon>
	</object>
	<metadata>
	</metadata>
</annotation>
