<annotation>
	<folder></folder>
	<filename>IMG_1954_HEIC.rf.cc3f8acc5cb1b6559a91f6330d38ebe0.jpg</filename>
	<path>IMG_1954_HEIC.rf.cc3f8acc5cb1b6559a91f6330d38ebe0.jpg</path>
	<source>
		<database>roboflow.com</database>
	</source>
	<size>
		<width>320</width>
		<height>320</height>
		<depth>3</depth>
	</size>
	<segmented>0</segmented>
	<object>
		<name>Egg shell</name>
		<pose>Unspecified</pose>
		<truncated>0</truncated>
		<difficult>0</difficult>
		<occluded>0</occluded>
		<bndbox>
			<xmin>142</xmin>
			<xmax>192</xmax>
			<ymin>141</ymin>
			<ymax>163</ymax>
		</bndbox>
	</object>
	<metadata>
	</metadata>
</annotation>
