<annotation>
	<folder></folder>
	<filename>IMG_1940_HEIC.rf.98e53fdd512c4404c632136e80b02c2f.jpg</filename>
	<path>IMG_1940_HEIC.rf.98e53fdd512c4404c632136e80b02c2f.jpg</path>
	<source>
		<database>roboflow.com</database>
	</source>
	<size>
		<width>320</width>
		<height>320</height>
		<depth>3</depth>
	</size>
	<segmented>0</segmented>
	<object>
		<name>Apple core</name>
		<pose>Unspecified</pose>
		<truncated>0</truncated>
		<difficult>0</difficult>
		<occluded>0</occluded>
		<bndbox>
			<xmin>129</xmin>
			<xmax>148</xmax>
			<ymin>152</ymin>
			<ymax>175</ymax>
		</bndbox>
	</object>
	<metadata>
	</metadata>
</annotation>
