<annotation>
	<folder></folder>
	<filename>IMG_1902_HEIC.rf.720884dfc12fb8125702b22482048501.jpg</filename>
	<path>IMG_1902_HEIC.rf.720884dfc12fb8125702b22482048501.jpg</path>
	<source>
		<database>roboflow.com</database>
	</source>
	<size>
		<width>320</width>
		<height>320</height>
		<depth>3</depth>
	</size>
	<segmented>0</segmented>
	<object>
		<name>Egg shell</name>
		<pose>Unspecified</pose>
		<truncated>0</truncated>
		<difficult>0</difficult>
		<occluded>0</occluded>
		<bndbox>
			<xmin>112</xmin>
			<xmax>171</xmax>
			<ymin>177</ymin>
			<ymax>204</ymax>
		</bndbox>
	</object>
	<metadata>
	</metadata>
</annotation>
