<annotation>
	<folder></folder>
	<filename>IMG_1921_HEIC.rf.e180a35185451c2ce5e7b0694232d8af.jpg</filename>
	<path>IMG_1921_HEIC.rf.e180a35185451c2ce5e7b0694232d8af.jpg</path>
	<source>
		<database>roboflow.com</database>
	</source>
	<size>
		<width>320</width>
		<height>320</height>
		<depth>3</depth>
	</size>
	<segmented>0</segmented>
	<object>
		<name>Apple core</name>
		<pose>Unspecified</pose>
		<truncated>0</truncated>
		<difficult>0</difficult>
		<occluded>0</occluded>
		<bndbox>
			<xmin>146</xmin>
			<xmax>166</xmax>
			<ymin>145</ymin>
			<ymax>171</ymax>
		</bndbox>
	</object>
	<metadata>
	</metadata>
</annotation>
