<annotation>
	<folder></folder>
	<filename>IMG_8368_jpeg.rf.fdd9b8179af2b5274ac1a12e759f9114.jpg</filename>
	<path>IMG_8368_jpeg.rf.fdd9b8179af2b5274ac1a12e759f9114.jpg</path>
	<source>
		<database>roboflow.com</database>
	</source>
	<size>
		<width>320</width>
		<height>320</height>
		<depth>3</depth>
	</size>
	<segmented>0</segmented>
	<object>
		<name>fish</name>
		<pose>Unspecified</pose>
		<truncated>0</truncated>
		<difficult>0</difficult>
		<occluded>0</occluded>
		<bndbox>
			<xmin>135</xmin>
			<xmax>169</xmax>
			<ymin>151</ymin>
			<ymax>204</ymax>
		</bndbox>
		<polygon>
			<x1>143</x1>
			<y1>151</y1>
			<x2>147</x2>
			<y2>153</y2>
			<x3>149</x3>
			<y3>155</y3>
			<x4>152</x4>
			<y4>156</y4>
			<x5>156</x5>
			<y5>160</y5>
			<x6>160</x6>
			<y6>162</y6>
			<x7>162</x7>
			<y7>162</y7>
			<x8>162</x8>
			<y8>163</y8>
			<x9>159</x9>
			<y9>163</y9>
			<x10>158</x10>
			<y10>164</y10>
			<x11>159</x11>
			<y11>166</y11>
			<x12>161</x12>
			<y12>167</y12>
			<x13>165</x13>
			<y13>167</y13>
			<x14>167</x14>
			<y14>168</y14>
			<x15>167</x15>
			<y15>169</y15>
			<x16>160</x16>
			<y16>169</y16>
			<x17>158</x17>
			<y17>171</y17>
			<x18>158</x18>
			<y18>172</y18>
			<x19>160</x19>
			<y19>174</y19>
			<x20>163</x20>
			<y20>174</y20>
			<x21>164</x21>
			<y21>175</y21>
			<x22>166</x22>
			<y22>175</y22>
			<x23>162</x23>
			<y23>175</y23>
			<x24>161</x24>
			<y24>176</y24>
			<x25>159</x25>
			<y25>176</y25>
			<x26>157</x26>
			<y26>178</y26>
			<x27>157</x27>
			<y27>180</y27>
			<x28>162</x28>
			<y28>183</y28>
			<x29>160</x29>
			<y29>183</y29>
			<x30>158</x30>
			<y30>185</y30>
			<x31>159</x31>
			<y31>188</y31>
			<x32>157</x32>
			<y32>188</y32>
			<x33>156</x33>
			<y33>189</y33>
			<x34>156</x34>
			<y34>192</y34>
			<x35>158</x35>
			<y35>196</y35>
			<x36>158</x36>
			<y36>200</y36>
			<x37>156</x37>
			<y37>200</y37>
			<x38>154</x38>
			<y38>202</y38>
			<x39>152</x39>
			<y39>202</y39>
			<x40>150</x40>
			<y40>201</y40>
			<x41>148</x41>
			<y41>199</y41>
			<x42>147</x42>
			<y42>199</y42>
			<x43>147</x43>
			<y43>198</y43>
			<x44>145</x44>
			<y44>196</y44>
			<x45>146</x45>
			<y45>195</y45>
			<x46>146</x46>
			<y46>193</y46>
			<x47>148</x47>
			<y47>192</y47>
			<x48>151</x48>
			<y48>189</y48>
			<x49>147</x49>
			<y49>186</y49>
			<x50>149</x50>
			<y50>183</y50>
			<x51>145</x51>
			<y51>180</y51>
			<x52>143</x52>
			<y52>180</y52>
			<x53>143</x53>
			<y53>175</y53>
			<x54>144</x54>
			<y54>174</y54>
			<x55>140</x55>
			<y55>172</y55>
			<x56>137</x56>
			<y56>169</y56>
			<x57>136</x57>
			<y57>167</y57>
			<x58>136</x58>
			<y58>165</y58>
			<x59>135</x59>
			<y59>164</y59>
			<x60>135</x60>
			<y60>161</y60>
			<x61>134</x61>
			<y61>160</y61>
			<x62>134</x62>
			<y62>154</y62>
			<x63>136</x63>
			<y63>152</y63>
			<x64>138</x64>
			<y64>152</y64>
			<x65>139</x65>
			<y65>151</y65>
			<x66>142</x66>
			<y66>151</y66>
		</polygon>
	</object>
	<metadata>
	</metadata>
</annotation>
