<annotation>
	<folder></folder>
	<filename>IMG_8259_jpeg.rf.bf1e66023d7e63bacb4c94d7c6fbe870.jpg</filename>
	<path>IMG_8259_jpeg.rf.bf1e66023d7e63bacb4c94d7c6fbe870.jpg</path>
	<source>
		<database>roboflow.com</database>
	</source>
	<size>
		<width>320</width>
		<height>320</height>
		<depth>3</depth>
	</size>
	<segmented>0</segmented>
	<object>
		<name>Watermelon rind</name>
		<pose>Unspecified</pose>
		<truncated>0</truncated>
		<difficult>0</difficult>
		<occluded>0</occluded>
		<bndbox>
			<xmin>77</xmin>
			<xmax>163</xmax>
			<ymin>122</ymin>
			<ymax>168</ymax>
		</bndbox>
		<polygon>
			<x1>86</x1>
			<y1>123</y1>
			<x2>88</x2>
			<y2>124</y2>
			<x3>91</x3>
			<y3>127</y3>
			<x4>91</x4>
			<y4>128</y4>
			<x5>90</x5>
			<y5>128</y5>
			<x6>87</x6>
			<y6>131</y6>
			<x7>86</x7>
			<y7>133</y7>
			<x8>86</x8>
			<y8>135</y8>
			<x9>89</x9>
			<y9>138</y9>
			<x10>92</x10>
			<y10>139</y10>
			<x11>98</x11>
			<y11>145</y11>
			<x12>101</x12>
			<y12>145</y12>
			<x13>102</x13>
			<y13>146</y13>
			<x14>104</x14>
			<y14>146</y14>
			<x15>105</x15>
			<y15>149</y15>
			<x16>108</x16>
			<y16>152</y16>
			<x17>112</x17>
			<y17>154</y17>
			<x18>115</x18>
			<y18>154</y18>
			<x19>116</x19>
			<y19>155</y19>
			<x20>120</x20>
			<y20>155</y20>
			<x21>121</x21>
			<y21>154</y21>
			<x22>126</x22>
			<y22>153</y22>
			<x23>128</x23>
			<y23>154</y23>
			<x24>131</x24>
			<y24>157</y24>
			<x25>135</x25>
			<y25>159</y25>
			<x26>137</x26>
			<y26>159</y26>
			<x27>140</x27>
			<y27>157</y27>
			<x28>151</x28>
			<y28>157</y28>
			<x29>154</x29>
			<y29>155</y29>
			<x30>158</x30>
			<y30>155</y30>
			<x31>160</x31>
			<y31>156</y31>
			<x32>161</x32>
			<y32>158</y32>
			<x33>155</x33>
			<y33>163</y33>
			<x34>153</x34>
			<y34>164</y34>
			<x35>151</x35>
			<y35>164</y35>
			<x36>150</x36>
			<y36>165</y36>
			<x37>148</x37>
			<y37>165</y37>
			<x38>147</x38>
			<y38>166</y38>
			<x39>142</x39>
			<y39>166</y39>
			<x40>141</x40>
			<y40>167</y40>
			<x41>130</x41>
			<y41>167</y41>
			<x42>129</x42>
			<y42>166</y42>
			<x43>123</x43>
			<y43>166</y43>
			<x44>122</x44>
			<y44>165</y44>
			<x45>115</x45>
			<y45>164</y45>
			<x46>114</x46>
			<y46>163</y46>
			<x47>109</x47>
			<y47>162</y47>
			<x48>104</x48>
			<y48>159</y48>
			<x49>102</x49>
			<y49>159</y49>
			<x50>92</x50>
			<y50>154</y50>
			<x51>86</x51>
			<y51>149</y51>
			<x52>85</x52>
			<y52>149</y52>
			<x53>80</x53>
			<y53>144</y53>
			<x54>80</x54>
			<y54>143</y54>
			<x55>78</x55>
			<y55>141</y55>
			<x56>78</x56>
			<y56>139</y56>
			<x57>76</x57>
			<y57>135</y57>
			<x58>76</x58>
			<y58>131</y58>
			<x59>77</x59>
			<y59>130</y59>
			<x60>77</x60>
			<y60>128</y60>
			<x61>79</x61>
			<y61>124</y61>
			<x62>81</x62>
			<y62>122</y62>
			<x63>84</x63>
			<y63>122</y63>
			<x64>85</x64>
			<y64>123</y64>
		</polygon>
	</object>
	<object>
		<name>Watermelon rind</name>
		<pose>Unspecified</pose>
		<truncated>0</truncated>
		<difficult>0</difficult>
		<occluded>0</occluded>
		<bndbox>
			<xmin>108</xmin>
			<xmax>182</xmax>
			<ymin>118</ymin>
			<ymax>146</ymax>
		</bndbox>
		<polygon>
			<x1>170</x1>
			<y1>121</y1>
			<x2>174</x2>
			<y2>118</y2>
			<x3>179</x3>
			<y3>118</y3>
			<x4>180</x4>
			<y4>120</y4>
			<x5>180</x5>
			<y5>127</y5>
			<x6>177</x6>
			<y6>131</y6>
			<x7>177</x7>
			<y7>132</y7>
			<x8>175</x8>
			<y8>134</y8>
			<x9>161</x9>
			<y9>141</y9>
			<x10>158</x10>
			<y10>141</y10>
			<x11>157</x11>
			<y11>142</y11>
			<x12>154</x12>
			<y12>142</y12>
			<x13>153</x13>
			<y13>143</y13>
			<x14>148</x14>
			<y14>143</y14>
			<x15>147</x15>
			<y15>144</y15>
			<x16>140</x16>
			<y16>144</y16>
			<x17>138</x17>
			<y17>145</y17>
			<x18>137</x18>
			<y18>144</y18>
			<x19>125</x19>
			<y19>144</y19>
			<x20>124</x20>
			<y20>143</y20>
			<x21>120</x21>
			<y21>143</y21>
			<x22>114</x22>
			<y22>140</y22>
			<x23>112</x23>
			<y23>138</y23>
			<x24>111</x24>
			<y24>138</y24>
			<x25>108</x25>
			<y25>135</y25>
			<x26>107</x26>
			<y26>133</y26>
			<x27>107</x27>
			<y27>132</y27>
			<x28>109</x28>
			<y28>131</y28>
			<x29>112</x29>
			<y29>131</y29>
			<x30>116</x30>
			<y30>134</y30>
			<x31>119</x31>
			<y31>134</y31>
			<x32>125</x32>
			<y32>137</y32>
			<x33>131</x33>
			<y33>137</y33>
			<x34>134</x34>
			<y34>135</y34>
			<x35>138</x35>
			<y35>135</y35>
			<x36>140</x36>
			<y36>137</y36>
			<x37>149</x37>
			<y37>137</y37>
			<x38>153</x38>
			<y38>135</y38>
			<x39>154</x39>
			<y39>133</y39>
			<x40>160</x40>
			<y40>133</y40>
			<x41>164</x41>
			<y41>130</y41>
			<x42>167</x42>
			<y42>130</y42>
			<x43>169</x43>
			<y43>129</y43>
			<x44>172</x44>
			<y44>126</y44>
			<x45>172</x45>
			<y45>123</y45>
			<x46>171</x46>
			<y46>122</y46>
		</polygon>
	</object>
	<metadata>
	</metadata>
</annotation>
