<annotation>
	<folder></folder>
	<filename>IMG_8161_mov-0005_jpg.rf.589f56b2f3e45a76eccfc2ed756ce4cd.jpg</filename>
	<path>IMG_8161_mov-0005_jpg.rf.589f56b2f3e45a76eccfc2ed756ce4cd.jpg</path>
	<source>
		<database>roboflow.com</database>
	</source>
	<size>
		<width>320</width>
		<height>320</height>
		<depth>3</depth>
	</size>
	<segmented>0</segmented>
	<object>
		<name>Watermelon rind</name>
		<pose>Unspecified</pose>
		<truncated>0</truncated>
		<difficult>0</difficult>
		<occluded>0</occluded>
		<bndbox>
			<xmin>52</xmin>
			<xmax>205</xmax>
			<ymin>183</ymin>
			<ymax>239</ymax>
		</bndbox>
		<polygon>
			<x1>56</x1>
			<y1>184</y1>
			<x2>58</x2>
			<y2>183</y2>
			<x3>63</x3>
			<y3>183</y3>
			<x4>64</x4>
			<y4>184</y4>
			<x5>67</x5>
			<y5>184</y5>
			<x6>68</x6>
			<y6>185</y6>
			<x7>70</x7>
			<y7>185</y7>
			<x8>74</x8>
			<y8>187</y8>
			<x9>76</x9>
			<y9>189</y9>
			<x10>76</x10>
			<y10>190</y10>
			<x11>74</x11>
			<y11>192</y11>
			<x12>73</x12>
			<y12>192</y12>
			<x13>70</x13>
			<y13>195</y13>
			<x14>69</x14>
			<y14>197</y14>
			<x15>69</x15>
			<y15>199</y15>
			<x16>73</x16>
			<y16>203</y16>
			<x17>75</x17>
			<y17>204</y17>
			<x18>78</x18>
			<y18>204</y18>
			<x19>79</x19>
			<y19>205</y19>
			<x20>82</x20>
			<y20>205</y20>
			<x21>86</x21>
			<y21>208</y21>
			<x22>87</x22>
			<y22>208</y22>
			<x23>89</x23>
			<y23>210</y23>
			<x24>91</x24>
			<y24>211</y24>
			<x25>93</x25>
			<y25>211</y25>
			<x26>94</x26>
			<y26>212</y26>
			<x27>103</x27>
			<y27>212</y27>
			<x28>103</x28>
			<y28>214</y28>
			<x29>106</x29>
			<y29>217</y29>
			<x30>112</x30>
			<y30>220</y30>
			<x31>114</x31>
			<y31>220</y31>
			<x32>115</x32>
			<y32>221</y32>
			<x33>119</x33>
			<y33>221</y33>
			<x34>120</x34>
			<y34>222</y34>
			<x35>132</x35>
			<y35>222</y35>
			<x36>133</x36>
			<y36>221</y36>
			<x37>135</x37>
			<y37>221</y37>
			<x38>139</x38>
			<y38>219</y38>
			<x39>143</x39>
			<y39>219</y39>
			<x40>153</x40>
			<y40>225</y40>
			<x41>164</x41>
			<y41>225</y41>
			<x42>165</x42>
			<y42>224</y42>
			<x43>167</x43>
			<y43>224</y43>
			<x44>171</x44>
			<y44>222</y44>
			<x45>186</x45>
			<y45>222</y45>
			<x46>191</x46>
			<y46>219</y46>
			<x47>199</x47>
			<y47>219</y47>
			<x48>200</x48>
			<y48>220</y48>
			<x49>202</x49>
			<y49>220</y49>
			<x50>204</x50>
			<y50>221</y50>
			<x51>204</x51>
			<y51>222</y51>
			<x52>197</x52>
			<y52>228</y52>
			<x53>189</x53>
			<y53>232</y53>
			<x54>186</x54>
			<y54>232</y54>
			<x55>182</x55>
			<y55>234</y55>
			<x56>179</x56>
			<y56>234</y56>
			<x57>178</x57>
			<y57>235</y57>
			<x58>174</x58>
			<y58>235</y58>
			<x59>173</x59>
			<y59>236</y59>
			<x60>166</x60>
			<y60>236</y60>
			<x61>165</x61>
			<y61>237</y61>
			<x62>146</x62>
			<y62>237</y62>
			<x63>145</x63>
			<y63>236</y63>
			<x64>133</x64>
			<y64>236</y64>
			<x65>132</x65>
			<y65>235</y65>
			<x66>126</x66>
			<y66>235</y66>
			<x67>125</x67>
			<y67>234</y67>
			<x68>120</x68>
			<y68>234</y68>
			<x69>119</x69>
			<y69>233</y69>
			<x70>115</x70>
			<y70>233</y70>
			<x71>114</x71>
			<y71>232</y71>
			<x72>111</x72>
			<y72>232</y72>
			<x73>110</x73>
			<y73>231</y73>
			<x74>103</x74>
			<y74>230</y74>
			<x75>99</x75>
			<y75>228</y75>
			<x76>96</x76>
			<y76>228</y76>
			<x77>95</x77>
			<y77>227</y77>
			<x78>93</x78>
			<y78>227</y78>
			<x79>92</x79>
			<y79>226</y79>
			<x80>90</x80>
			<y80>226</y80>
			<x81>89</x81>
			<y81>225</y81>
			<x82>87</x82>
			<y82>225</y82>
			<x83>86</x83>
			<y83>224</y83>
			<x84>81</x84>
			<y84>223</y84>
			<x85>76</x85>
			<y85>220</y85>
			<x86>74</x86>
			<y86>220</y86>
			<x87>68</x87>
			<y87>217</y87>
			<x88>66</x88>
			<y88>215</y88>
			<x89>65</x89>
			<y89>215</y89>
			<x90>63</x90>
			<y90>213</y90>
			<x91>59</x91>
			<y91>211</y91>
			<x92>56</x92>
			<y92>208</y92>
			<x93>56</x93>
			<y93>207</y93>
			<x94>52</x94>
			<y94>202</y94>
			<x95>52</x95>
			<y95>199</y95>
			<x96>51</x96>
			<y96>198</y96>
			<x97>52</x97>
			<y97>191</y97>
			<x98>54</x98>
			<y98>187</y98>
			<x99>56</x99>
			<y99>185</y99>
		</polygon>
	</object>
	<object>
		<name>Watermelon rind</name>
		<pose>Unspecified</pose>
		<truncated>0</truncated>
		<difficult>0</difficult>
		<occluded>0</occluded>
		<bndbox>
			<xmin>106</xmin>
			<xmax>229</xmax>
			<ymin>169</ymin>
			<ymax>209</ymax>
		</bndbox>
		<polygon>
			<x1>225</x1>
			<y1>169</y1>
			<x2>228</x2>
			<y2>175</y2>
			<x3>228</x3>
			<y3>181</y3>
			<x4>226</x4>
			<y4>185</y4>
			<x5>220</x5>
			<y5>191</y5>
			<x6>219</x6>
			<y6>191</y6>
			<x7>217</x7>
			<y7>193</y7>
			<x8>211</x8>
			<y8>196</y8>
			<x9>209</x9>
			<y9>196</y9>
			<x10>206</x10>
			<y10>198</y10>
			<x11>203</x11>
			<y11>198</y11>
			<x12>202</x12>
			<y12>199</y12>
			<x13>200</x13>
			<y13>199</y13>
			<x14>199</x14>
			<y14>200</y14>
			<x15>197</x15>
			<y15>200</y15>
			<x16>193</x16>
			<y16>202</y16>
			<x17>190</x17>
			<y17>202</y17>
			<x18>189</x18>
			<y18>203</y18>
			<x19>186</x19>
			<y19>203</y19>
			<x20>185</x20>
			<y20>204</y20>
			<x21>181</x21>
			<y21>204</y21>
			<x22>180</x22>
			<y22>205</y22>
			<x23>175</x23>
			<y23>205</y23>
			<x24>174</x24>
			<y24>206</y24>
			<x25>166</x25>
			<y25>206</y25>
			<x26>165</x26>
			<y26>207</y26>
			<x27>158</x27>
			<y27>207</y27>
			<x28>157</x28>
			<y28>208</y28>
			<x29>140</x29>
			<y29>208</y29>
			<x30>139</x30>
			<y30>207</y30>
			<x31>132</x31>
			<y31>207</y31>
			<x32>131</x32>
			<y32>206</y32>
			<x33>122</x33>
			<y33>205</y33>
			<x34>121</x34>
			<y34>204</y34>
			<x35>119</x35>
			<y35>204</y35>
			<x36>111</x36>
			<y36>200</y36>
			<x37>108</x37>
			<y37>197</y37>
			<x38>107</x38>
			<y38>197</y38>
			<x39>107</x39>
			<y39>196</y39>
			<x40>105</x40>
			<y40>194</y40>
			<x41>106</x41>
			<y41>193</y41>
			<x42>109</x42>
			<y42>193</y42>
			<x43>110</x43>
			<y43>192</y43>
			<x44>114</x44>
			<y44>192</y44>
			<x45>115</x45>
			<y45>193</y45>
			<x46>117</x46>
			<y46>193</y46>
			<x47>119</x47>
			<y47>195</y47>
			<x48>124</x48>
			<y48>195</y48>
			<x49>125</x49>
			<y49>196</y49>
			<x50>133</x50>
			<y50>196</y50>
			<x51>136</x51>
			<y51>198</y51>
			<x52>140</x52>
			<y52>198</y52>
			<x53>141</x53>
			<y53>199</y53>
			<x54>143</x54>
			<y54>198</y54>
			<x55>146</x55>
			<y55>198</y55>
			<x56>154</x56>
			<y56>194</y56>
			<x57>157</x57>
			<y57>194</y57>
			<x58>163</x58>
			<y58>197</y58>
			<x59>173</x59>
			<y59>197</y59>
			<x60>174</x60>
			<y60>196</y60>
			<x61>178</x61>
			<y61>196</y61>
			<x62>179</x62>
			<y62>195</y62>
			<x63>181</x63>
			<y63>195</y63>
			<x64>183</x64>
			<y64>194</y64>
			<x65>186</x65>
			<y65>191</y65>
			<x66>186</x66>
			<y66>190</y66>
			<x67>194</x67>
			<y67>190</y67>
			<x68>195</x68>
			<y68>189</y68>
			<x69>197</x69>
			<y69>189</y69>
			<x70>199</x70>
			<y70>188</y70>
			<x71>203</x71>
			<y71>185</y71>
			<x72>207</x72>
			<y72>185</y72>
			<x73>208</x73>
			<y73>184</y73>
			<x74>210</x74>
			<y74>184</y74>
			<x75>212</x75>
			<y75>183</y75>
			<x76>214</x76>
			<y76>180</y76>
			<x77>214</x77>
			<y77>178</y77>
			<x78>210</x78>
			<y78>174</y78>
			<x79>210</x79>
			<y79>173</y79>
			<x80>218</x80>
			<y80>169</y80>
			<x81>221</x81>
			<y81>169</y81>
			<x82>222</x82>
			<y82>168</y82>
			<x83>224</x83>
			<y83>169</y83>
		</polygon>
	</object>
	<metadata>
	</metadata>
</annotation>
