<annotation>
	<folder></folder>
	<filename>IMG_8155_jpeg.rf.15fe710c08bc20ea30d37f1e0f2c8fd2.jpg</filename>
	<path>IMG_8155_jpeg.rf.15fe710c08bc20ea30d37f1e0f2c8fd2.jpg</path>
	<source>
		<database>roboflow.com</database>
	</source>
	<size>
		<width>320</width>
		<height>320</height>
		<depth>3</depth>
	</size>
	<segmented>0</segmented>
	<object>
		<name>Watermelon rind</name>
		<pose>Unspecified</pose>
		<truncated>0</truncated>
		<difficult>0</difficult>
		<occluded>0</occluded>
		<bndbox>
			<xmin>93</xmin>
			<xmax>136</xmax>
			<ymin>170</ymin>
			<ymax>259</ymax>
		</bndbox>
		<polygon>
			<x1>134</x1>
			<y1>170</y1>
			<x2>134</x2>
			<y2>174</y2>
			<x3>126</x3>
			<y3>174</y3>
			<x4>125</x4>
			<y4>175</y4>
			<x5>120</x5>
			<y5>175</y5>
			<x6>114</x6>
			<y6>178</y6>
			<x7>111</x7>
			<y7>181</y7>
			<x8>110</x8>
			<y8>181</y8>
			<x9>109</x9>
			<y9>183</y9>
			<x10>108</x10>
			<y10>183</y10>
			<x11>106</x11>
			<y11>185</y11>
			<x12>106</x12>
			<y12>186</y12>
			<x13>104</x13>
			<y13>188</y13>
			<x14>102</x14>
			<y14>192</y14>
			<x15>102</x15>
			<y15>194</y15>
			<x16>101</x16>
			<y16>195</y16>
			<x17>101</x17>
			<y17>197</y17>
			<x18>99</x18>
			<y18>201</y18>
			<x19>99</x19>
			<y19>209</y19>
			<x20>98</x20>
			<y20>210</y20>
			<x21>98</x21>
			<y21>219</y21>
			<x22>99</x22>
			<y22>220</y22>
			<x23>99</x23>
			<y23>227</y23>
			<x24>100</x24>
			<y24>228</y24>
			<x25>101</x25>
			<y25>233</y25>
			<x26>104</x26>
			<y26>239</y26>
			<x27>106</x27>
			<y27>241</y27>
			<x28>106</x28>
			<y28>242</y28>
			<x29>114</x29>
			<y29>249</y29>
			<x30>120</x30>
			<y30>252</y30>
			<x31>122</x31>
			<y31>252</y31>
			<x32>123</x32>
			<y32>253</y32>
			<x33>128</x33>
			<y33>253</y33>
			<x34>128</x34>
			<y34>257</y34>
			<x35>120</x35>
			<y35>257</y35>
			<x36>119</x36>
			<y36>256</y36>
			<x37>116</x37>
			<y37>256</y37>
			<x38>113</x38>
			<y38>254</y38>
			<x39>111</x39>
			<y39>254</y39>
			<x40>107</x40>
			<y40>251</y40>
			<x41>106</x41>
			<y41>251</y41>
			<x42>100</x42>
			<y42>245</y42>
			<x43>100</x43>
			<y43>244</y43>
			<x44>98</x44>
			<y44>242</y44>
			<x45>95</x45>
			<y45>236</y45>
			<x46>95</x46>
			<y46>234</y46>
			<x47>94</x47>
			<y47>233</y47>
			<x48>94</x48>
			<y48>230</y48>
			<x49>93</x49>
			<y49>229</y49>
			<x50>93</x50>
			<y50>224</y50>
			<x51>92</x51>
			<y51>223</y51>
			<x52>92</x52>
			<y52>209</y52>
			<x53>93</x53>
			<y53>208</y53>
			<x54>93</x54>
			<y54>202</y54>
			<x55>94</x55>
			<y55>201</y55>
			<x56>94</x56>
			<y56>197</y56>
			<x57>98</x57>
			<y57>189</y57>
			<x58>98</x58>
			<y58>187</y58>
			<x59>103</x59>
			<y59>181</y59>
			<x60>103</x60>
			<y60>180</y60>
			<x61>106</x61>
			<y61>177</y61>
			<x62>107</x62>
			<y62>177</y62>
			<x63>109</x63>
			<y63>175</y63>
			<x64>110</x64>
			<y64>175</y64>
			<x65>114</x65>
			<y65>172</y65>
			<x66>117</x66>
			<y66>172</y66>
			<x67>118</x67>
			<y67>171</y67>
			<x68>121</x68>
			<y68>171</y68>
			<x69>122</x69>
			<y69>170</y69>
			<x70>133</x70>
			<y70>170</y70>
		</polygon>
	</object>
	<object>
		<name>Watermelon rind</name>
		<pose>Unspecified</pose>
		<truncated>0</truncated>
		<difficult>0</difficult>
		<occluded>0</occluded>
		<bndbox>
			<xmin>126</xmin>
			<xmax>189</xmax>
			<ymin>197</ymin>
			<ymax>253</ymax>
		</bndbox>
		<polygon>
			<x1>134</x1>
			<y1>197</y1>
			<x2>135</x2>
			<y2>199</y2>
			<x3>131</x3>
			<y3>204</y3>
			<x4>131</x4>
			<y4>206</y4>
			<x5>130</x5>
			<y5>207</y5>
			<x6>130</x6>
			<y6>215</y6>
			<x7>131</x7>
			<y7>216</y7>
			<x8>131</x8>
			<y8>219</y8>
			<x9>134</x9>
			<y9>225</y9>
			<x10>137</x10>
			<y10>228</y10>
			<x11>137</x11>
			<y11>229</y11>
			<x12>144</x12>
			<y12>236</y12>
			<x13>145</x13>
			<y13>236</y13>
			<x14>153</x14>
			<y14>243</y14>
			<x15>159</x15>
			<y15>246</y15>
			<x16>161</x16>
			<y16>246</y16>
			<x17>164</x17>
			<y17>248</y17>
			<x18>175</x18>
			<y18>248</y18>
			<x19>181</x19>
			<y19>245</y19>
			<x20>185</x20>
			<y20>242</y20>
			<x21>187</x21>
			<y21>243</y21>
			<x22>187</x22>
			<y22>245</y22>
			<x23>186</x23>
			<y23>245</y23>
			<x24>183</x24>
			<y24>248</y24>
			<x25>177</x25>
			<y25>251</y25>
			<x26>172</x26>
			<y26>251</y26>
			<x27>171</x27>
			<y27>252</y27>
			<x28>168</x28>
			<y28>252</y28>
			<x29>167</x29>
			<y29>251</y29>
			<x30>162</x30>
			<y30>251</y30>
			<x31>161</x31>
			<y31>250</y31>
			<x32>156</x32>
			<y32>249</y32>
			<x33>150</x33>
			<y33>246</y33>
			<x34>144</x34>
			<y34>241</y34>
			<x35>143</x35>
			<y35>241</y35>
			<x36>132</x36>
			<y36>230</y36>
			<x37>132</x37>
			<y37>229</y37>
			<x38>128</x38>
			<y38>224</y38>
			<x39>127</x39>
			<y39>222</y39>
			<x40>127</x40>
			<y40>220</y40>
			<x41>126</x41>
			<y41>219</y41>
			<x42>126</x42>
			<y42>216</y42>
			<x43>125</x43>
			<y43>215</y43>
			<x44>125</x44>
			<y44>207</y44>
			<x45>127</x45>
			<y45>204</y45>
			<x46>127</x46>
			<y46>202</y46>
			<x47>132</x47>
			<y47>197</y47>
			<x48>133</x48>
			<y48>197</y48>
		</polygon>
	</object>
	<metadata>
	</metadata>
</annotation>
