<annotation>
	<folder></folder>
	<filename>IMG_8135_jpeg.rf.c70b5f1d9a606303d0a20e5337dc08de.jpg</filename>
	<path>IMG_8135_jpeg.rf.c70b5f1d9a606303d0a20e5337dc08de.jpg</path>
	<source>
		<database>roboflow.com</database>
	</source>
	<size>
		<width>320</width>
		<height>320</height>
		<depth>3</depth>
	</size>
	<segmented>0</segmented>
	<object>
		<name>Watermelon rind</name>
		<pose>Unspecified</pose>
		<truncated>0</truncated>
		<difficult>0</difficult>
		<occluded>0</occluded>
		<bndbox>
			<xmin>87</xmin>
			<xmax>138</xmax>
			<ymin>224</ymin>
			<ymax>259</ymax>
		</bndbox>
		<polygon>
			<x1>129</x1>
			<y1>223</y1>
			<x2>130</x2>
			<y2>224</y2>
			<x3>132</x3>
			<y3>224</y3>
			<x4>136</x4>
			<y4>226</y4>
			<x5>136</x5>
			<y5>228</y5>
			<x6>134</x6>
			<y6>229</y6>
			<x7>133</x7>
			<y7>228</y7>
			<x8>121</x8>
			<y8>228</y8>
			<x9>119</x9>
			<y9>229</y9>
			<x10>117</x10>
			<y10>231</y10>
			<x11>117</x11>
			<y11>232</y11>
			<x12>109</x12>
			<y12>232</y12>
			<x13>104</x13>
			<y13>236</y13>
			<x14>103</x14>
			<y14>239</y14>
			<x15>101</x15>
			<y15>239</y15>
			<x16>95</x16>
			<y16>245</y16>
			<x17>93</x17>
			<y17>246</y17>
			<x18>93</x18>
			<y18>249</y18>
			<x19>96</x19>
			<y19>252</y19>
			<x20>96</x20>
			<y20>253</y20>
			<x21>95</x21>
			<y21>255</y21>
			<x22>94</x22>
			<y22>255</y22>
			<x23>92</x23>
			<y23>257</y23>
			<x24>91</x24>
			<y24>257</y24>
			<x25>88</x25>
			<y25>254</y25>
			<x26>87</x26>
			<y26>252</y26>
			<x27>87</x27>
			<y27>245</y27>
			<x28>88</x28>
			<y28>244</y28>
			<x29>88</x29>
			<y29>242</y29>
			<x30>92</x30>
			<y30>238</y30>
			<x31>92</x31>
			<y31>237</y31>
			<x32>93</x32>
			<y32>237</y32>
			<x33>97</x33>
			<y33>233</y33>
			<x34>98</x34>
			<y34>233</y34>
			<x35>103</x35>
			<y35>229</y35>
			<x36>109</x36>
			<y36>226</y36>
			<x37>111</x37>
			<y37>226</y37>
			<x38>114</x38>
			<y38>224</y38>
			<x39>118</x39>
			<y39>224</y39>
			<x40>119</x40>
			<y40>223</y40>
			<x41>128</x41>
			<y41>223</y41>
		</polygon>
	</object>
	<object>
		<name>Watermelon rind</name>
		<pose>Unspecified</pose>
		<truncated>0</truncated>
		<difficult>0</difficult>
		<occluded>0</occluded>
		<bndbox>
			<xmin>90</xmin>
			<xmax>159</xmax>
			<ymin>207</ymin>
			<ymax>230</ymax>
		</bndbox>
		<polygon>
			<x1>132</x1>
			<y1>207</y1>
			<x2>133</x2>
			<y2>208</y2>
			<x3>137</x3>
			<y3>208</y3>
			<x4>138</x4>
			<y4>209</y4>
			<x5>141</x5>
			<y5>209</y5>
			<x6>142</x6>
			<y6>210</y6>
			<x7>144</x7>
			<y7>210</y7>
			<x8>145</x8>
			<y8>211</y8>
			<x9>147</x9>
			<y9>211</y9>
			<x10>151</x10>
			<y10>213</y10>
			<x11>156</x11>
			<y11>218</y11>
			<x12>157</x12>
			<y12>220</y12>
			<x13>157</x13>
			<y13>222</y13>
			<x14>158</x14>
			<y14>223</y14>
			<x15>158</x15>
			<y15>227</y15>
			<x16>156</x16>
			<y16>229</y16>
			<x17>155</x17>
			<y17>228</y17>
			<x18>152</x18>
			<y18>228</y18>
			<x19>150</x19>
			<y19>227</y19>
			<x20>150</x20>
			<y20>221</y20>
			<x21>148</x21>
			<y21>219</y21>
			<x22>146</x22>
			<y22>218</y22>
			<x23>143</x23>
			<y23>218</y23>
			<x24>139</x24>
			<y24>216</y24>
			<x25>133</x25>
			<y25>216</y25>
			<x26>129</x26>
			<y26>213</y26>
			<x27>121</x27>
			<y27>213</y27>
			<x28>117</x28>
			<y28>216</y28>
			<x29>114</x29>
			<y29>216</y29>
			<x30>113</x30>
			<y30>215</y30>
			<x31>107</x31>
			<y31>215</y31>
			<x32>102</x32>
			<y32>218</y32>
			<x33>100</x33>
			<y33>218</y33>
			<x34>98</x34>
			<y34>219</y34>
			<x35>95</x35>
			<y35>222</y35>
			<x36>89</x36>
			<y36>222</y36>
			<x37>91</x37>
			<y37>217</y37>
			<x38>96</x38>
			<y38>212</y38>
			<x39>100</x39>
			<y39>210</y39>
			<x40>102</x40>
			<y40>210</y40>
			<x41>106</x41>
			<y41>208</y41>
			<x42>109</x42>
			<y42>208</y42>
			<x43>110</x43>
			<y43>207</y43>
			<x44>131</x44>
			<y44>207</y44>
		</polygon>
	</object>
	<metadata>
	</metadata>
</annotation>
