<annotation>
	<folder></folder>
	<filename>IMG_8275_jpeg.rf.da688f998ddd7c7d9532717f30432626.jpg</filename>
	<path>IMG_8275_jpeg.rf.da688f998ddd7c7d9532717f30432626.jpg</path>
	<source>
		<database>roboflow.com</database>
	</source>
	<size>
		<width>320</width>
		<height>320</height>
		<depth>3</depth>
	</size>
	<segmented>0</segmented>
	<object>
		<name>Watermelon rind</name>
		<pose>Unspecified</pose>
		<truncated>0</truncated>
		<difficult>0</difficult>
		<occluded>0</occluded>
		<bndbox>
			<xmin>168</xmin>
			<xmax>185</xmax>
			<ymin>180</ymin>
			<ymax>215</ymax>
		</bndbox>
		<polygon>
			<x1>183</x1>
			<y1>210</y1>
			<x2>184</x2>
			<y2>212</y2>
			<x3>183</x3>
			<y3>214</y3>
			<x4>180</x4>
			<y4>214</y4>
			<x5>179</x5>
			<y5>213</y5>
			<x6>174</x6>
			<y6>212</y6>
			<x7>169</x7>
			<y7>207</y7>
			<x8>168</x8>
			<y8>205</y8>
			<x9>168</x9>
			<y9>203</y9>
			<x10>167</x10>
			<y10>202</y10>
			<x11>167</x11>
			<y11>191</y11>
			<x12>170</x12>
			<y12>185</y12>
			<x13>173</x13>
			<y13>182</y13>
			<x14>177</x14>
			<y14>180</y14>
			<x15>179</x15>
			<y15>180</y15>
			<x16>180</x16>
			<y16>179</y16>
			<x17>183</x17>
			<y17>179</y17>
			<x18>183</x18>
			<y18>181</y18>
			<x19>181</x19>
			<y19>182</y19>
			<x20>176</x20>
			<y20>187</y20>
			<x21>176</x21>
			<y21>191</y21>
			<x22>172</x22>
			<y22>195</y22>
			<x23>172</x23>
			<y23>196</y23>
			<x24>175</x24>
			<y24>200</y24>
			<x25>175</x25>
			<y25>207</y25>
			<x26>177</x26>
			<y26>209</y26>
			<x27>182</x27>
			<y27>210</y27>
		</polygon>
	</object>
	<object>
		<name>Watermelon rind</name>
		<pose>Unspecified</pose>
		<truncated>0</truncated>
		<difficult>0</difficult>
		<occluded>0</occluded>
		<bndbox>
			<xmin>149</xmin>
			<xmax>198</xmax>
			<ymin>165</ymin>
			<ymax>200</ymax>
		</bndbox>
		<polygon>
			<x1>187</x1>
			<y1>164</y1>
			<x2>188</x2>
			<y2>165</y2>
			<x3>191</x3>
			<y3>165</y3>
			<x4>193</x4>
			<y4>166</y4>
			<x5>195</x5>
			<y5>168</y5>
			<x6>196</x6>
			<y6>168</y6>
			<x7>196</x7>
			<y7>169</y7>
			<x8>192</x8>
			<y8>172</y8>
			<x9>189</x9>
			<y9>172</y9>
			<x10>187</x10>
			<y10>169</y10>
			<x11>185</x11>
			<y11>169</y11>
			<x12>184</x12>
			<y12>168</y12>
			<x13>183</x13>
			<y13>169</y13>
			<x14>181</x14>
			<y14>169</y14>
			<x15>179</x15>
			<y15>171</y15>
			<x16>176</x16>
			<y16>171</y16>
			<x17>172</x17>
			<y17>175</y17>
			<x18>168</x18>
			<y18>175</y18>
			<x19>166</x19>
			<y19>176</y19>
			<x20>162</x20>
			<y20>180</y20>
			<x21>162</x21>
			<y21>184</y21>
			<x22>160</x22>
			<y22>184</y22>
			<x23>157</x23>
			<y23>186</y23>
			<x24>157</x24>
			<y24>190</y24>
			<x25>156</x25>
			<y25>191</y25>
			<x26>156</x26>
			<y26>197</y26>
			<x27>155</x27>
			<y27>198</y27>
			<x28>153</x28>
			<y28>198</y28>
			<x29>150</x29>
			<y29>195</y29>
			<x30>150</x30>
			<y30>193</y30>
			<x31>149</x31>
			<y31>192</y31>
			<x32>149</x32>
			<y32>186</y32>
			<x33>151</x33>
			<y33>182</y33>
			<x34>154</x34>
			<y34>179</y34>
			<x35>154</x35>
			<y35>178</y35>
			<x36>158</x36>
			<y36>174</y36>
			<x37>159</x37>
			<y37>174</y37>
			<x38>161</x38>
			<y38>172</y38>
			<x39>162</x39>
			<y39>172</y39>
			<x40>164</x40>
			<y40>170</y40>
			<x41>165</x41>
			<y41>170</y41>
			<x42>169</x42>
			<y42>167</y42>
			<x43>171</x43>
			<y43>167</y43>
			<x44>174</x44>
			<y44>165</y44>
			<x45>178</x45>
			<y45>165</y45>
			<x46>179</x46>
			<y46>164</y46>
			<x47>186</x47>
			<y47>164</y47>
		</polygon>
	</object>
	<metadata>
	</metadata>
</annotation>
