<annotation>
	<folder></folder>
	<filename>IMG_8409_jpeg.rf.5b105be849e2977c893ec48381b38e5c.jpg</filename>
	<path>IMG_8409_jpeg.rf.5b105be849e2977c893ec48381b38e5c.jpg</path>
	<source>
		<database>roboflow.com</database>
	</source>
	<size>
		<width>320</width>
		<height>320</height>
		<depth>3</depth>
	</size>
	<segmented>0</segmented>
	<object>
		<name>fish</name>
		<pose>Unspecified</pose>
		<truncated>0</truncated>
		<difficult>0</difficult>
		<occluded>0</occluded>
		<bndbox>
			<xmin>143</xmin>
			<xmax>181</xmax>
			<ymin>137</ymin>
			<ymax>187</ymax>
		</bndbox>
		<polygon>
			<x1>176</x1>
			<y1>137</y1>
			<x2>176</x2>
			<y2>138</y2>
			<x3>179</x3>
			<y3>141</y3>
			<x4>179</x4>
			<y4>144</y4>
			<x5>177</x5>
			<y5>147</y5>
			<x6>172</x6>
			<y6>147</y6>
			<x7>171</x7>
			<y7>148</y7>
			<x8>171</x8>
			<y8>150</y8>
			<x9>172</x9>
			<y9>152</y9>
			<x10>169</x10>
			<y10>154</y10>
			<x11>170</x11>
			<y11>156</y11>
			<x12>170</x12>
			<y12>158</y12>
			<x13>171</x13>
			<y13>159</y13>
			<x14>173</x14>
			<y14>159</y14>
			<x15>173</x15>
			<y15>161</y15>
			<x16>170</x16>
			<y16>164</y16>
			<x17>171</x17>
			<y17>166</y17>
			<x18>173</x18>
			<y18>167</y18>
			<x19>173</x19>
			<y19>176</y19>
			<x20>172</x20>
			<y20>177</y20>
			<x21>172</x21>
			<y21>179</y21>
			<x22>170</x22>
			<y22>183</y22>
			<x23>168</x23>
			<y23>185</y23>
			<x24>160</x24>
			<y24>185</y24>
			<x25>158</x25>
			<y25>184</y25>
			<x26>151</x26>
			<y26>176</y26>
			<x27>150</x27>
			<y27>173</y27>
			<x28>144</x28>
			<y28>168</y28>
			<x29>146</x29>
			<y29>168</y29>
			<x30>148</x30>
			<y30>169</y30>
			<x31>151</x31>
			<y31>167</y31>
			<x32>147</x32>
			<y32>164</y32>
			<x33>144</x33>
			<y33>163</y33>
			<x34>142</x34>
			<y34>161</y34>
			<x35>144</x35>
			<y35>161</y35>
			<x36>145</x36>
			<y36>162</y36>
			<x37>155</x37>
			<y37>162</y37>
			<x38>156</x38>
			<y38>161</y38>
			<x39>155</x39>
			<y39>160</y39>
			<x40>152</x40>
			<y40>159</y40>
			<x41>149</x41>
			<y41>156</y41>
			<x42>147</x42>
			<y42>155</y42>
			<x43>149</x43>
			<y43>156</y43>
			<x44>151</x44>
			<y44>156</y44>
			<x45>152</x45>
			<y45>157</y45>
			<x46>159</x46>
			<y46>157</y46>
			<x47>160</x47>
			<y47>155</y47>
			<x48>156</x48>
			<y48>151</y48>
			<x49>156</x49>
			<y49>150</y49>
			<x50>160</x50>
			<y50>150</y50>
			<x51>163</x51>
			<y51>146</y51>
			<x52>164</x52>
			<y52>147</y52>
			<x53>166</x53>
			<y53>146</y53>
			<x54>167</x54>
			<y54>139</y54>
			<x55>169</x55>
			<y55>136</y55>
			<x56>171</x56>
			<y56>137</y56>
			<x57>175</x57>
			<y57>137</y57>
		</polygon>
	</object>
	<metadata>
	</metadata>
</annotation>
