<annotation>
	<folder></folder>
	<filename>IMG_8538_mov-0005_jpg.rf.e53cf517649b37368b4dd94769b2b02c.jpg</filename>
	<path>IMG_8538_mov-0005_jpg.rf.e53cf517649b37368b4dd94769b2b02c.jpg</path>
	<source>
		<database>roboflow.com</database>
	</source>
	<size>
		<width>320</width>
		<height>320</height>
		<depth>3</depth>
	</size>
	<segmented>0</segmented>
	<object>
		<name>Watermelon rind</name>
		<pose>Unspecified</pose>
		<truncated>0</truncated>
		<difficult>0</difficult>
		<occluded>0</occluded>
		<bndbox>
			<xmin>123</xmin>
			<xmax>226</xmax>
			<ymin>148</ymin>
			<ymax>186</ymax>
		</bndbox>
		<polygon>
			<x1>219</x1>
			<y1>147</y1>
			<x2>222</x2>
			<y2>150</y2>
			<x3>224</x3>
			<y3>154</y3>
			<x4>224</x4>
			<y4>161</y4>
			<x5>223</x5>
			<y5>163</y5>
			<x6>218</x6>
			<y6>168</y6>
			<x7>217</x7>
			<y7>168</y7>
			<x8>215</x8>
			<y8>170</y8>
			<x9>207</x9>
			<y9>174</y9>
			<x10>205</x10>
			<y10>174</y10>
			<x11>202</x11>
			<y11>176</y11>
			<x12>200</x12>
			<y12>176</y12>
			<x13>199</x13>
			<y13>177</y13>
			<x14>196</x14>
			<y14>177</y14>
			<x15>195</x15>
			<y15>178</y15>
			<x16>193</x16>
			<y16>178</y16>
			<x17>189</x17>
			<y17>180</y17>
			<x18>185</x18>
			<y18>180</y18>
			<x19>184</x19>
			<y19>181</y19>
			<x20>181</x20>
			<y20>181</y20>
			<x21>180</x21>
			<y21>182</y21>
			<x22>174</x22>
			<y22>182</y22>
			<x23>173</x23>
			<y23>183</y23>
			<x24>160</x24>
			<y24>183</y24>
			<x25>159</x25>
			<y25>184</y25>
			<x26>152</x26>
			<y26>184</y26>
			<x27>151</x27>
			<y27>183</y27>
			<x28>143</x28>
			<y28>183</y28>
			<x29>142</x29>
			<y29>182</y29>
			<x30>138</x30>
			<y30>182</y30>
			<x31>137</x31>
			<y31>181</y31>
			<x32>132</x32>
			<y32>180</y32>
			<x33>126</x33>
			<y33>177</y33>
			<x34>124</x34>
			<y34>175</y34>
			<x35>123</x35>
			<y35>175</y35>
			<x36>123</x36>
			<y36>173</y36>
			<x37>125</x37>
			<y37>173</y37>
			<x38>126</x38>
			<y38>172</y38>
			<x39>131</x39>
			<y39>172</y39>
			<x40>135</x40>
			<y40>174</y40>
			<x41>147</x41>
			<y41>174</y41>
			<x42>148</x42>
			<y42>175</y42>
			<x43>151</x43>
			<y43>175</y43>
			<x44>152</x44>
			<y44>176</y44>
			<x45>157</x45>
			<y45>176</y45>
			<x46>158</x46>
			<y46>175</y46>
			<x47>160</x47>
			<y47>175</y47>
			<x48>162</x48>
			<y48>174</y48>
			<x49>166</x49>
			<y49>171</y49>
			<x50>168</x50>
			<y50>171</y50>
			<x51>172</x51>
			<y51>173</y51>
			<x52>182</x52>
			<y52>173</y52>
			<x53>183</x53>
			<y53>172</y53>
			<x54>186</x54>
			<y54>172</y54>
			<x55>190</x55>
			<y55>170</y55>
			<x56>192</x56>
			<y56>168</y56>
			<x57>192</x57>
			<y57>166</y57>
			<x58>198</x58>
			<y58>166</y58>
			<x59>202</x59>
			<y59>164</y59>
			<x60>205</x60>
			<y60>161</y60>
			<x61>208</x61>
			<y61>161</y61>
			<x62>210</x62>
			<y62>160</y62>
			<x63>213</x63>
			<y63>157</y63>
			<x64>213</x64>
			<y64>156</y64>
			<x65>209</x65>
			<y65>152</y65>
			<x66>208</x66>
			<y66>152</y66>
			<x67>208</x67>
			<y67>150</y67>
			<x68>209</x68>
			<y68>150</y68>
			<x69>211</x69>
			<y69>148</y69>
			<x70>218</x70>
			<y70>147</y70>
		</polygon>
	</object>
	<object>
		<name>Watermelon rind</name>
		<pose>Unspecified</pose>
		<truncated>0</truncated>
		<difficult>0</difficult>
		<occluded>0</occluded>
		<bndbox>
			<xmin>74</xmin>
			<xmax>217</xmax>
			<ymin>167</ymin>
			<ymax>211</ymax>
		</bndbox>
		<polygon>
			<x1>80</x1>
			<y1>166</y1>
			<x2>81</x2>
			<y2>167</y2>
			<x3>86</x3>
			<y3>167</y3>
			<x4>87</x4>
			<y4>168</y4>
			<x5>90</x5>
			<y5>168</y5>
			<x6>94</x6>
			<y6>171</y6>
			<x7>95</x7>
			<y7>171</y7>
			<x8>95</x8>
			<y8>172</y8>
			<x9>91</x9>
			<y9>176</y9>
			<x10>91</x10>
			<y10>180</y10>
			<x11>94</x11>
			<y11>183</y11>
			<x12>96</x12>
			<y12>184</y12>
			<x13>99</x13>
			<y13>184</y13>
			<x14>100</x14>
			<y14>185</y14>
			<x15>105</x15>
			<y15>185</y15>
			<x16>107</x16>
			<y16>187</y16>
			<x17>109</x17>
			<y17>187</y17>
			<x18>115</x18>
			<y18>190</y18>
			<x19>125</x19>
			<y19>190</y19>
			<x20>128</x20>
			<y20>194</y20>
			<x21>130</x21>
			<y21>195</y21>
			<x22>132</x22>
			<y22>195</y22>
			<x23>133</x23>
			<y23>196</y23>
			<x24>135</x24>
			<y24>196</y24>
			<x25>136</x25>
			<y25>197</y25>
			<x26>140</x26>
			<y26>197</y26>
			<x27>141</x27>
			<y27>198</y27>
			<x28>151</x28>
			<y28>198</y28>
			<x29>159</x29>
			<y29>194</y29>
			<x30>162</x30>
			<y30>194</y30>
			<x31>163</x31>
			<y31>195</y31>
			<x32>168</x32>
			<y32>196</y32>
			<x33>171</x33>
			<y33>198</y33>
			<x34>178</x34>
			<y34>199</y34>
			<x35>179</x35>
			<y35>198</y35>
			<x36>182</x36>
			<y36>198</y36>
			<x37>187</x37>
			<y37>195</y37>
			<x38>197</x38>
			<y38>195</y38>
			<x39>198</x39>
			<y39>194</y39>
			<x40>200</x40>
			<y40>194</y40>
			<x41>202</x41>
			<y41>193</y41>
			<x42>204</x42>
			<y42>191</y42>
			<x43>212</x43>
			<y43>191</y43>
			<x44>213</x44>
			<y44>192</y44>
			<x45>215</x45>
			<y45>192</y45>
			<x46>215</x46>
			<y46>194</y46>
			<x47>214</x47>
			<y47>196</y47>
			<x48>210</x48>
			<y48>200</y48>
			<x49>209</x49>
			<y49>200</y49>
			<x50>205</x50>
			<y50>203</y50>
			<x51>203</x51>
			<y51>203</y51>
			<x52>200</x52>
			<y52>205</y52>
			<x53>198</x53>
			<y53>205</y53>
			<x54>194</x54>
			<y54>207</y54>
			<x55>190</x55>
			<y55>207</y55>
			<x56>189</x56>
			<y56>208</y56>
			<x57>185</x57>
			<y57>208</y57>
			<x58>184</x58>
			<y58>209</y58>
			<x59>174</x59>
			<y59>209</y59>
			<x60>173</x60>
			<y60>210</y60>
			<x61>171</x61>
			<y61>210</y61>
			<x62>170</x62>
			<y62>209</y62>
			<x63>147</x63>
			<y63>209</y63>
			<x64>146</x64>
			<y64>208</y64>
			<x65>139</x65>
			<y65>208</y65>
			<x66>138</x66>
			<y66>207</y66>
			<x67>133</x67>
			<y67>207</y67>
			<x68>132</x68>
			<y68>206</y68>
			<x69>127</x69>
			<y69>206</y69>
			<x70>126</x70>
			<y70>205</y70>
			<x71>122</x71>
			<y71>205</y71>
			<x72>121</x72>
			<y72>204</y72>
			<x73>117</x73>
			<y73>204</y73>
			<x74>116</x74>
			<y74>203</y74>
			<x75>109</x75>
			<y75>202</y75>
			<x76>105</x76>
			<y76>200</y76>
			<x77>102</x77>
			<y77>200</y77>
			<x78>94</x78>
			<y78>196</y78>
			<x79>92</x79>
			<y79>196</y79>
			<x80>88</x80>
			<y80>194</y80>
			<x81>86</x81>
			<y81>192</y81>
			<x82>83</x82>
			<y82>191</y82>
			<x83>81</x83>
			<y83>189</y83>
			<x84>80</x84>
			<y84>189</y84>
			<x85>76</x85>
			<y85>185</y85>
			<x86>74</x86>
			<y86>181</y86>
			<x87>74</x87>
			<y87>179</y87>
			<x88>73</x88>
			<y88>178</y88>
			<x89>73</x89>
			<y89>174</y89>
			<x90>74</x90>
			<y90>173</y90>
			<x91>75</x91>
			<y91>168</y91>
			<x92>79</x92>
			<y92>166</y92>
		</polygon>
	</object>
	<metadata>
	</metadata>
</annotation>
