<annotation>
	<folder></folder>
	<filename>IMG_8372_jpeg.rf.83715b261c50e883cb0bb617770e7b52.jpg</filename>
	<path>IMG_8372_jpeg.rf.83715b261c50e883cb0bb617770e7b52.jpg</path>
	<source>
		<database>roboflow.com</database>
	</source>
	<size>
		<width>320</width>
		<height>320</height>
		<depth>3</depth>
	</size>
	<segmented>0</segmented>
	<object>
		<name>fish</name>
		<pose>Unspecified</pose>
		<truncated>0</truncated>
		<difficult>0</difficult>
		<occluded>0</occluded>
		<bndbox>
			<xmin>168</xmin>
			<xmax>252</xmax>
			<ymin>196</ymin>
			<ymax>235</ymax>
		</bndbox>
		<polygon>
			<x1>194</x1>
			<y1>195</y1>
			<x2>195</x2>
			<y2>197</y2>
			<x3>195</x3>
			<y3>202</y3>
			<x4>200</x4>
			<y4>210</y4>
			<x5>203</x5>
			<y5>210</y5>
			<x6>204</x6>
			<y6>209</y6>
			<x7>204</x7>
			<y7>206</y7>
			<x8>203</x8>
			<y8>204</y8>
			<x9>204</x9>
			<y9>203</y9>
			<x10>204</x10>
			<y10>199</y10>
			<x11>205</x11>
			<y11>197</y11>
			<x12>206</x12>
			<y12>197</y12>
			<x13>206</x13>
			<y13>201</y13>
			<x14>207</x14>
			<y14>202</y14>
			<x15>207</x15>
			<y15>204</y15>
			<x16>211</x16>
			<y16>208</y16>
			<x17>214</x17>
			<y17>208</y17>
			<x18>216</x18>
			<y18>206</y18>
			<x19>216</x19>
			<y19>203</y19>
			<x20>219</x20>
			<y20>200</y20>
			<x21>220</x21>
			<y21>202</y21>
			<x22>220</x22>
			<y22>205</y22>
			<x23>221</x23>
			<y23>206</y23>
			<x24>223</x24>
			<y24>206</y24>
			<x25>226</x25>
			<y25>204</y25>
			<x26>228</x26>
			<y26>204</y26>
			<x27>230</x27>
			<y27>207</y27>
			<x28>233</x28>
			<y28>207</y28>
			<x29>237</x29>
			<y29>205</y29>
			<x30>241</x30>
			<y30>205</y30>
			<x31>242</x31>
			<y31>204</y31>
			<x32>248</x32>
			<y32>204</y32>
			<x33>248</x33>
			<y33>206</y33>
			<x34>250</x34>
			<y34>208</y34>
			<x35>251</x35>
			<y35>208</y35>
			<x36>251</x36>
			<y36>210</y36>
			<x37>248</x37>
			<y37>212</y37>
			<x38>248</x38>
			<y38>214</y38>
			<x39>243</x39>
			<y39>218</y39>
			<x40>241</x40>
			<y40>217</y40>
			<x41>236</x41>
			<y41>217</y41>
			<x42>232</x42>
			<y42>213</y42>
			<x43>230</x43>
			<y43>213</y43>
			<x44>228</x44>
			<y44>214</y44>
			<x45>227</x45>
			<y45>216</y45>
			<x46>224</x46>
			<y46>216</y46>
			<x47>223</x47>
			<y47>215</y47>
			<x48>221</x48>
			<y48>215</y48>
			<x49>219</x49>
			<y49>214</y49>
			<x50>218</x50>
			<y50>215</y50>
			<x51>219</x51>
			<y51>216</y51>
			<x52>215</x52>
			<y52>220</y52>
			<x53>216</x53>
			<y53>222</y53>
			<x54>206</x54>
			<y54>222</y54>
			<x55>204</x55>
			<y55>224</y55>
			<x56>204</x56>
			<y56>226</y56>
			<x57>198</x57>
			<y57>229</y57>
			<x58>196</x58>
			<y58>229</y58>
			<x59>193</x59>
			<y59>231</y59>
			<x60>190</x60>
			<y60>231</y60>
			<x61>189</x61>
			<y61>232</y61>
			<x62>185</x62>
			<y62>232</y62>
			<x63>184</x63>
			<y63>233</y63>
			<x64>172</x64>
			<y64>233</y64>
			<x65>172</x65>
			<y65>228</y65>
			<x66>171</x66>
			<y66>227</y66>
			<x67>167</x67>
			<y67>227</y67>
			<x68>168</x68>
			<y68>226</y68>
			<x69>168</x69>
			<y69>224</y69>
			<x70>169</x70>
			<y70>222</y70>
			<x71>171</x71>
			<y71>220</y71>
			<x72>173</x72>
			<y72>216</y72>
			<x73>176</x73>
			<y73>213</y73>
			<x74>176</x74>
			<y74>212</y74>
			<x75>182</x75>
			<y75>209</y75>
			<x76>182</x76>
			<y76>205</y76>
			<x77>183</x77>
			<y77>204</y77>
			<x78>183</x78>
			<y78>202</y78>
			<x79>185</x79>
			<y79>203</y79>
			<x80>185</x80>
			<y80>205</y80>
			<x81>186</x81>
			<y81>207</y81>
			<x82>191</x82>
			<y82>212</y82>
			<x83>193</x83>
			<y83>210</y83>
			<x84>192</x84>
			<y84>208</y84>
			<x85>192</x85>
			<y85>204</y85>
			<x86>191</x86>
			<y86>203</y86>
			<x87>193</x87>
			<y87>196</y87>
		</polygon>
	</object>
	<metadata>
	</metadata>
</annotation>
