<annotation>
	<folder></folder>
	<filename>IMG_1890_HEIC.rf.0dccc5275c53231f833a7aaf0d8ae67c.jpg</filename>
	<path>IMG_1890_HEIC.rf.0dccc5275c53231f833a7aaf0d8ae67c.jpg</path>
	<source>
		<database>roboflow.com</database>
	</source>
	<size>
		<width>320</width>
		<height>320</height>
		<depth>3</depth>
	</size>
	<segmented>0</segmented>
	<object>
		<name>Apple core</name>
		<pose>Unspecified</pose>
		<truncated>0</truncated>
		<difficult>0</difficult>
		<occluded>0</occluded>
		<bndbox>
			<xmin>174</xmin>
			<xmax>198</xmax>
			<ymin>133</ymin>
			<ymax>162</ymax>
		</bndbox>
	</object>
	<metadata>
	</metadata>
</annotation>
