<annotation>
	<folder></folder>
	<filename>IMG_8261_jpeg.rf.d7650a6b9f7932d97211102d5fa7f2d8.jpg</filename>
	<path>IMG_8261_jpeg.rf.d7650a6b9f7932d97211102d5fa7f2d8.jpg</path>
	<source>
		<database>roboflow.com</database>
	</source>
	<size>
		<width>320</width>
		<height>320</height>
		<depth>3</depth>
	</size>
	<segmented>0</segmented>
	<object>
		<name>Watermelon rind</name>
		<pose>Unspecified</pose>
		<truncated>0</truncated>
		<difficult>0</difficult>
		<occluded>0</occluded>
		<bndbox>
			<xmin>99</xmin>
			<xmax>170</xmax>
			<ymin>98</ymin>
			<ymax>161</ymax>
		</bndbox>
		<polygon>
			<x1>112</x1>
			<y1>98</y1>
			<x2>116</x2>
			<y2>102</y2>
			<x3>117</x3>
			<y3>104</y3>
			<x4>117</x4>
			<y4>106</y4>
			<x5>116</x5>
			<y5>107</y5>
			<x6>113</x6>
			<y6>107</y6>
			<x7>111</x7>
			<y7>108</y7>
			<x8>108</x8>
			<y8>113</y8>
			<x9>109</x9>
			<y9>115</y9>
			<x10>113</x10>
			<y10>119</y10>
			<x11>113</x11>
			<y11>122</y11>
			<x12>114</x12>
			<y12>124</y12>
			<x13>116</x13>
			<y13>126</y13>
			<x14>119</x14>
			<y14>127</y14>
			<x15>119</x15>
			<y15>133</y15>
			<x16>125</x16>
			<y16>139</y16>
			<x17>127</x17>
			<y17>140</y17>
			<x18>129</x18>
			<y18>140</y18>
			<x19>130</x19>
			<y19>141</y19>
			<x20>136</x20>
			<y20>141</y20>
			<x21>138</x21>
			<y21>143</y21>
			<x22>138</x22>
			<y22>145</y22>
			<x23>142</x23>
			<y23>149</y23>
			<x24>144</x24>
			<y24>149</y24>
			<x25>145</x25>
			<y25>150</y25>
			<x26>152</x26>
			<y26>150</y26>
			<x27>155</x27>
			<y27>152</y27>
			<x28>165</x28>
			<y28>152</y28>
			<x29>168</x29>
			<y29>155</y29>
			<x30>168</x30>
			<y30>156</y30>
			<x31>164</x31>
			<y31>158</y31>
			<x32>161</x32>
			<y32>158</y32>
			<x33>160</x33>
			<y33>159</y33>
			<x34>144</x34>
			<y34>159</y34>
			<x35>143</x35>
			<y35>158</y35>
			<x36>140</x36>
			<y36>158</y36>
			<x37>139</x37>
			<y37>157</y37>
			<x38>134</x38>
			<y38>156</y38>
			<x39>126</x39>
			<y39>152</y39>
			<x40>120</x40>
			<y40>147</y40>
			<x41>119</x41>
			<y41>147</y41>
			<x42>113</x42>
			<y42>141</y42>
			<x43>112</x43>
			<y43>141</y43>
			<x44>112</x44>
			<y44>140</y44>
			<x45>105</x45>
			<y45>133</y45>
			<x46>105</x46>
			<y46>132</y46>
			<x47>103</x47>
			<y47>130</y47>
			<x48>103</x48>
			<y48>129</y48>
			<x49>100</x49>
			<y49>125</y49>
			<x50>100</x50>
			<y50>123</y50>
			<x51>99</x51>
			<y51>122</y51>
			<x52>99</x52>
			<y52>119</y52>
			<x53>98</x53>
			<y53>118</y53>
			<x54>98</x54>
			<y54>112</y54>
			<x55>99</x55>
			<y55>111</y55>
			<x56>99</x56>
			<y56>109</y56>
			<x57>101</x57>
			<y57>105</y57>
			<x58>106</x58>
			<y58>100</y58>
			<x59>111</x59>
			<y59>98</y59>
		</polygon>
	</object>
	<object>
		<name>Watermelon rind</name>
		<pose>Unspecified</pose>
		<truncated>0</truncated>
		<difficult>0</difficult>
		<occluded>0</occluded>
		<bndbox>
			<xmin>130</xmin>
			<xmax>209</xmax>
			<ymin>116</ymin>
			<ymax>141</ymax>
		</bndbox>
		<polygon>
			<x1>130</x1>
			<y1>115</y1>
			<x2>133</x2>
			<y2>115</y2>
			<x3>135</x3>
			<y3>116</y3>
			<x4>136</x4>
			<y4>118</y4>
			<x5>139</x5>
			<y5>121</y5>
			<x6>142</x6>
			<y6>122</y6>
			<x7>147</x7>
			<y7>127</y7>
			<x8>153</x8>
			<y8>127</y8>
			<x9>155</x9>
			<y9>126</y9>
			<x10>157</x10>
			<y10>127</y10>
			<x11>157</x11>
			<y11>128</y11>
			<x12>160</x12>
			<y12>131</y12>
			<x13>162</x13>
			<y13>132</y13>
			<x14>166</x14>
			<y14>132</y14>
			<x15>167</x15>
			<y15>133</y15>
			<x16>170</x16>
			<y16>133</y16>
			<x17>171</x17>
			<y17>132</y17>
			<x18>173</x18>
			<y18>132</y18>
			<x19>175</x19>
			<y19>130</y19>
			<x20>176</x20>
			<y20>130</y20>
			<x21>178</x21>
			<y21>132</y21>
			<x22>183</x22>
			<y22>132</y22>
			<x23>184</x23>
			<y23>131</y23>
			<x24>190</x24>
			<y24>131</y24>
			<x25>191</x25>
			<y25>132</y25>
			<x26>192</x26>
			<y26>131</y26>
			<x27>194</x27>
			<y27>131</y27>
			<x28>196</x28>
			<y28>129</y28>
			<x29>197</x29>
			<y29>127</y29>
			<x30>197</x30>
			<y30>124</y30>
			<x31>198</x31>
			<y31>123</y31>
			<x32>207</x32>
			<y32>123</y32>
			<x33>207</x33>
			<y33>127</y33>
			<x34>205</x34>
			<y34>131</y34>
			<x35>202</x35>
			<y35>134</y35>
			<x36>201</x36>
			<y36>134</y36>
			<x37>197</x37>
			<y37>137</y37>
			<x38>195</x38>
			<y38>137</y38>
			<x39>191</x39>
			<y39>139</y39>
			<x40>186</x40>
			<y40>139</y40>
			<x41>185</x41>
			<y41>140</y41>
			<x42>169</x42>
			<y42>140</y42>
			<x43>168</x43>
			<y43>139</y43>
			<x44>162</x44>
			<y44>139</y44>
			<x45>161</x45>
			<y45>138</y45>
			<x46>156</x46>
			<y46>138</y46>
			<x47>155</x47>
			<y47>137</y47>
			<x48>153</x48>
			<y48>137</y48>
			<x49>152</x49>
			<y49>136</y49>
			<x50>149</x50>
			<y50>136</y50>
			<x51>146</x51>
			<y51>134</y51>
			<x52>144</x52>
			<y52>134</y52>
			<x53>140</x53>
			<y53>132</y53>
			<x54>138</x54>
			<y54>130</y54>
			<x55>137</x55>
			<y55>130</y55>
			<x56>132</x56>
			<y56>125</y56>
			<x57>132</x57>
			<y57>124</y57>
			<x58>130</x58>
			<y58>122</y58>
			<x59>130</x59>
			<y59>116</y59>
		</polygon>
	</object>
	<metadata>
	</metadata>
</annotation>
