<annotation>
	<folder></folder>
	<filename>IMG_1888_HEIC.rf.2399f3cf7a591536d2d516b7a683e9f2.jpg</filename>
	<path>IMG_1888_HEIC.rf.2399f3cf7a591536d2d516b7a683e9f2.jpg</path>
	<source>
		<database>roboflow.com</database>
	</source>
	<size>
		<width>320</width>
		<height>320</height>
		<depth>3</depth>
	</size>
	<segmented>0</segmented>
	<object>
		<name>Apple core</name>
		<pose>Unspecified</pose>
		<truncated>0</truncated>
		<difficult>0</difficult>
		<occluded>0</occluded>
		<bndbox>
			<xmin>218</xmin>
			<xmax>237</xmax>
			<ymin>232</ymin>
			<ymax>260</ymax>
		</bndbox>
	</object>
	<metadata>
	</metadata>
</annotation>
