<annotation>
	<folder></folder>
	<filename>IMG_8336_jpeg.rf.b6f96fc12b39a26a09107cf73c124f64.jpg</filename>
	<path>IMG_8336_jpeg.rf.b6f96fc12b39a26a09107cf73c124f64.jpg</path>
	<source>
		<database>roboflow.com</database>
	</source>
	<size>
		<width>320</width>
		<height>320</height>
		<depth>3</depth>
	</size>
	<segmented>0</segmented>
	<object>
		<name>fish</name>
		<pose>Unspecified</pose>
		<truncated>0</truncated>
		<difficult>0</difficult>
		<occluded>0</occluded>
		<bndbox>
			<xmin>110</xmin>
			<xmax>190</xmax>
			<ymin>156</ymin>
			<ymax>204</ymax>
		</bndbox>
		<polygon>
			<x1>154</x1>
			<y1>167</y1>
			<x2>155</x2>
			<y2>167</y2>
			<x3>166</x3>
			<y3>159</y3>
			<x4>168</x4>
			<y4>159</y4>
			<x5>171</x5>
			<y5>157</y5>
			<x6>173</x6>
			<y6>157</y6>
			<x7>174</x7>
			<y7>156</y7>
			<x8>177</x8>
			<y8>156</y8>
			<x9>178</x9>
			<y9>155</y9>
			<x10>183</x10>
			<y10>155</y10>
			<x11>182</x11>
			<y11>158</y11>
			<x12>184</x12>
			<y12>160</y12>
			<x13>188</x13>
			<y13>160</y13>
			<x14>187</x14>
			<y14>167</y14>
			<x15>186</x15>
			<y15>168</y15>
			<x16>185</x16>
			<y16>173</y16>
			<x17>183</x17>
			<y17>176</y17>
			<x18>183</x18>
			<y18>178</y18>
			<x19>179</x19>
			<y19>180</y19>
			<x20>179</x20>
			<y20>183</y20>
			<x21>180</x21>
			<y21>184</y21>
			<x22>180</x22>
			<y22>188</y22>
			<x23>179</x23>
			<y23>188</y23>
			<x24>173</x24>
			<y24>181</y24>
			<x25>172</x25>
			<y25>181</y25>
			<x26>170</x26>
			<y26>183</y26>
			<x27>170</x27>
			<y27>185</y27>
			<x28>172</x28>
			<y28>188</y28>
			<x29>172</x29>
			<y29>191</y29>
			<x30>173</x30>
			<y30>192</y30>
			<x31>173</x31>
			<y31>195</y31>
			<x32>172</x32>
			<y32>196</y32>
			<x33>172</x33>
			<y33>198</y33>
			<x34>171</x34>
			<y34>198</y34>
			<x35>171</x35>
			<y35>196</y35>
			<x36>168</x36>
			<y36>190</y36>
			<x37>162</x37>
			<y37>184</y37>
			<x38>160</x38>
			<y38>184</y38>
			<x39>158</x39>
			<y39>186</y39>
			<x40>160</x40>
			<y40>190</y40>
			<x41>160</x41>
			<y41>195</y41>
			<x42>161</x42>
			<y42>196</y42>
			<x43>160</x43>
			<y43>197</y43>
			<x44>160</x44>
			<y44>199</y44>
			<x45>157</x45>
			<y45>193</y45>
			<x46>153</x46>
			<y46>189</y46>
			<x47>149</x47>
			<y47>189</y47>
			<x48>147</x48>
			<y48>191</y48>
			<x49>147</x49>
			<y49>196</y49>
			<x50>146</x50>
			<y50>198</y50>
			<x51>145</x51>
			<y51>198</y51>
			<x52>145</x52>
			<y52>196</y52>
			<x53>143</x53>
			<y53>193</y53>
			<x54>141</x54>
			<y54>193</y54>
			<x55>139</x55>
			<y55>195</y55>
			<x56>135</x56>
			<y56>197</y56>
			<x57>135</x57>
			<y57>194</y57>
			<x58>134</x58>
			<y58>193</y58>
			<x59>132</x59>
			<y59>193</y59>
			<x60>128</x60>
			<y60>196</y60>
			<x61>118</x61>
			<y61>201</y61>
			<x62>116</x62>
			<y62>201</y62>
			<x63>115</x63>
			<y63>202</y63>
			<x64>114</x64>
			<y64>201</y64>
			<x65>114</x65>
			<y65>199</y65>
			<x66>110</x66>
			<y66>197</y66>
			<x67>110</x67>
			<y67>195</y67>
			<x68>113</x68>
			<y68>193</y68>
			<x69>112</x69>
			<y69>192</y69>
			<x70>112</x70>
			<y70>189</y70>
			<x71>116</x71>
			<y71>185</y71>
			<x72>118</x72>
			<y72>186</y72>
			<x73>120</x73>
			<y73>185</y73>
			<x74>124</x74>
			<y74>185</y74>
			<x75>127</x75>
			<y75>188</y75>
			<x76>130</x76>
			<y76>189</y76>
			<x77>133</x77>
			<y77>186</y77>
			<x78>135</x78>
			<y78>185</y78>
			<x79>133</x79>
			<y79>184</y79>
			<x80>134</x80>
			<y80>183</y80>
			<x81>136</x81>
			<y81>184</y81>
			<x82>141</x82>
			<y82>184</y82>
			<x83>142</x83>
			<y83>183</y83>
			<x84>142</x84>
			<y84>180</y84>
			<x85>145</x85>
			<y85>180</y85>
			<x86>146</x86>
			<y86>179</y86>
			<x87>148</x87>
			<y87>179</y87>
			<x88>149</x88>
			<y88>178</y88>
			<x89>147</x89>
			<y89>176</y89>
			<x90>142</x90>
			<y90>175</y90>
			<x91>144</x91>
			<y91>175</y91>
			<x92>145</x92>
			<y92>174</y92>
			<x93>153</x93>
			<y93>174</y93>
			<x94>155</x94>
			<y94>172</y94>
			<x95>155</x95>
			<y95>171</y95>
			<x96>157</x96>
			<y96>171</y96>
			<x97>159</x97>
			<y97>169</y97>
			<x98>158</x98>
			<y98>168</y98>
			<x99>154</x99>
			<y99>168</y99>
		</polygon>
	</object>
	<metadata>
	</metadata>
</annotation>
