<annotation>
	<folder></folder>
	<filename>IMG_8406_jpeg.rf.8a0d00c1eb94bc7033c1feac54ef8ec1.jpg</filename>
	<path>IMG_8406_jpeg.rf.8a0d00c1eb94bc7033c1feac54ef8ec1.jpg</path>
	<source>
		<database>roboflow.com</database>
	</source>
	<size>
		<width>320</width>
		<height>320</height>
		<depth>3</depth>
	</size>
	<segmented>0</segmented>
	<object>
		<name>fish</name>
		<pose>Unspecified</pose>
		<truncated>0</truncated>
		<difficult>0</difficult>
		<occluded>0</occluded>
		<bndbox>
			<xmin>132</xmin>
			<xmax>173</xmax>
			<ymin>154</ymin>
			<ymax>202</ymax>
		</bndbox>
		<polygon>
			<x1>138</x1>
			<y1>154</y1>
			<x2>139</x2>
			<y2>155</y2>
			<x3>142</x3>
			<y3>155</y3>
			<x4>146</x4>
			<y4>158</y4>
			<x5>146</x5>
			<y5>162</y5>
			<x6>142</x6>
			<y6>165</y6>
			<x7>145</x7>
			<y7>168</y7>
			<x8>147</x8>
			<y8>167</y8>
			<x9>147</x9>
			<y9>170</y9>
			<x10>146</x10>
			<y10>172</y10>
			<x11>147</x11>
			<y11>173</y11>
			<x12>149</x12>
			<y12>172</y12>
			<x13>152</x13>
			<y13>176</y13>
			<x14>155</x14>
			<y14>173</y14>
			<x15>155</x15>
			<y15>179</y15>
			<x16>159</x16>
			<y16>182</y16>
			<x17>160</x17>
			<y17>180</y17>
			<x18>162</x18>
			<y18>180</y18>
			<x19>169</x19>
			<y19>188</y19>
			<x20>171</x20>
			<y20>192</y20>
			<x21>172</x21>
			<y21>197</y21>
			<x22>169</x22>
			<y22>197</y22>
			<x23>167</x23>
			<y23>199</y23>
			<x24>167</x24>
			<y24>200</y24>
			<x25>161</x25>
			<y25>200</y25>
			<x26>160</x26>
			<y26>199</y26>
			<x27>153</x27>
			<y27>198</y27>
			<x28>152</x28>
			<y28>197</y28>
			<x29>150</x29>
			<y29>197</y29>
			<x30>148</x30>
			<y30>195</y30>
			<x31>140</x31>
			<y31>195</y31>
			<x32>142</x32>
			<y32>194</y32>
			<x33>145</x33>
			<y33>191</y33>
			<x34>144</x34>
			<y34>190</y34>
			<x35>132</x35>
			<y35>190</y35>
			<x36>132</x36>
			<y36>189</y36>
			<x37>135</x37>
			<y37>189</y37>
			<x38>136</x38>
			<y38>188</y38>
			<x39>138</x39>
			<y39>188</y39>
			<x40>143</x40>
			<y40>185</y40>
			<x41>143</x41>
			<y41>184</y41>
			<x42>141</x42>
			<y42>182</y42>
			<x43>139</x43>
			<y43>182</y43>
			<x44>138</x44>
			<y44>183</y44>
			<x45>132</x45>
			<y45>183</y45>
			<x46>132</x46>
			<y46>182</y46>
			<x47>137</x47>
			<y47>181</y47>
			<x48>142</x48>
			<y48>177</y48>
			<x49>140</x49>
			<y49>175</y49>
			<x50>135</x50>
			<y50>175</y50>
			<x51>133</x51>
			<y51>174</y51>
			<x52>137</x52>
			<y52>172</y52>
			<x53>135</x53>
			<y53>167</y53>
			<x54>137</x54>
			<y54>168</y54>
			<x55>138</x55>
			<y55>166</y55>
			<x56>135</x56>
			<y56>163</y56>
			<x57>134</x57>
			<y57>160</y57>
			<x58>132</x58>
			<y58>158</y58>
			<x59>132</x59>
			<y59>156</y59>
			<x60>134</x60>
			<y60>157</y60>
			<x61>135</x61>
			<y61>155</y61>
			<x62>137</x62>
			<y62>154</y62>
		</polygon>
	</object>
	<metadata>
	</metadata>
</annotation>
