<annotation>
	<folder></folder>
	<filename>IMG_8201_jpeg.rf.7c023ff89e9df58852983838b6edb371.jpg</filename>
	<path>IMG_8201_jpeg.rf.7c023ff89e9df58852983838b6edb371.jpg</path>
	<source>
		<database>roboflow.com</database>
	</source>
	<size>
		<width>320</width>
		<height>320</height>
		<depth>3</depth>
	</size>
	<segmented>0</segmented>
	<object>
		<name>Watermelon rind</name>
		<pose>Unspecified</pose>
		<truncated>0</truncated>
		<difficult>0</difficult>
		<occluded>0</occluded>
		<bndbox>
			<xmin>73</xmin>
			<xmax>107</xmax>
			<ymin>157</ymin>
			<ymax>200</ymax>
		</bndbox>
		<polygon>
			<x1>101</x1>
			<y1>156</y1>
			<x2>102</x2>
			<y2>157</y2>
			<x3>105</x3>
			<y3>157</y3>
			<x4>104</x4>
			<y4>160</y4>
			<x5>101</x5>
			<y5>160</y5>
			<x6>96</x6>
			<y6>163</y6>
			<x7>94</x7>
			<y7>163</y7>
			<x8>91</x8>
			<y8>166</y8>
			<x9>91</x9>
			<y9>168</y9>
			<x10>90</x10>
			<y10>170</y10>
			<x11>88</x11>
			<y11>170</y11>
			<x12>86</x12>
			<y12>171</y12>
			<x13>82</x13>
			<y13>175</y13>
			<x14>82</x14>
			<y14>178</y14>
			<x15>83</x15>
			<y15>180</y15>
			<x16>81</x16>
			<y16>182</y16>
			<x17>81</x17>
			<y17>186</y17>
			<x18>80</x18>
			<y18>187</y18>
			<x19>80</x19>
			<y19>190</y19>
			<x20>82</x20>
			<y20>192</y20>
			<x21>84</x21>
			<y21>192</y21>
			<x22>86</x22>
			<y22>193</y22>
			<x23>86</x23>
			<y23>197</y23>
			<x24>85</x24>
			<y24>198</y24>
			<x25>82</x25>
			<y25>198</y25>
			<x26>78</x26>
			<y26>196</y26>
			<x27>74</x27>
			<y27>192</y27>
			<x28>73</x28>
			<y28>190</y28>
			<x29>73</x29>
			<y29>179</y29>
			<x30>74</x30>
			<y30>178</y30>
			<x31>74</x31>
			<y31>176</y31>
			<x32>76</x32>
			<y32>174</y32>
			<x33>78</x33>
			<y33>169</y33>
			<x34>87</x34>
			<y34>160</y34>
			<x35>91</x35>
			<y35>158</y35>
			<x36>93</x36>
			<y36>158</y36>
			<x37>94</x37>
			<y37>157</y37>
			<x38>98</x38>
			<y38>157</y38>
			<x39>100</x39>
			<y39>156</y39>
		</polygon>
	</object>
	<object>
		<name>Watermelon rind</name>
		<pose>Unspecified</pose>
		<truncated>0</truncated>
		<difficult>0</difficult>
		<occluded>0</occluded>
		<bndbox>
			<xmin>59</xmin>
			<xmax>128</xmax>
			<ymin>139</ymin>
			<ymax>173</ymax>
		</bndbox>
		<polygon>
			<x1>118</x1>
			<y1>141</y1>
			<x2>120</x2>
			<y2>142</y2>
			<x3>123</x3>
			<y3>145</y3>
			<x4>124</x4>
			<y4>145</y4>
			<x5>124</x5>
			<y5>146</y5>
			<x6>126</x6>
			<y6>148</y6>
			<x7>126</x7>
			<y7>150</y7>
			<x8>124</x8>
			<y8>150</y8>
			<x9>123</x9>
			<y9>151</y9>
			<x10>117</x10>
			<y10>151</y10>
			<x11>115</x11>
			<y11>147</y11>
			<x12>113</x12>
			<y12>145</y12>
			<x13>109</x13>
			<y13>145</y13>
			<x14>108</x14>
			<y14>146</y14>
			<x15>102</x15>
			<y15>146</y15>
			<x16>101</x16>
			<y16>147</y16>
			<x17>98</x17>
			<y17>147</y17>
			<x18>96</x18>
			<y18>149</y18>
			<x19>94</x19>
			<y19>149</y19>
			<x20>93</x20>
			<y20>148</y20>
			<x21>89</x21>
			<y21>148</y21>
			<x22>88</x22>
			<y22>149</y22>
			<x23>85</x23>
			<y23>149</y23>
			<x24>81</x24>
			<y24>153</y24>
			<x25>80</x25>
			<y25>156</y25>
			<x26>78</x26>
			<y26>157</y26>
			<x27>73</x27>
			<y27>157</y27>
			<x28>71</x28>
			<y28>158</y28>
			<x29>69</x29>
			<y29>162</y29>
			<x30>65</x30>
			<y30>166</y30>
			<x31>65</x31>
			<y31>168</y31>
			<x32>64</x32>
			<y32>170</y32>
			<x33>62</x33>
			<y33>171</y33>
			<x34>60</x34>
			<y34>171</y34>
			<x35>58</x35>
			<y35>168</y35>
			<x36>58</x36>
			<y36>163</y36>
			<x37>59</x37>
			<y37>162</y37>
			<x38>59</x38>
			<y38>160</y38>
			<x39>60</x39>
			<y39>158</y39>
			<x40>67</x40>
			<y40>151</y40>
			<x41>68</x41>
			<y41>151</y41>
			<x42>70</x42>
			<y42>149</y42>
			<x43>80</x43>
			<y43>144</y43>
			<x44>82</x44>
			<y44>144</y44>
			<x45>83</x45>
			<y45>143</y45>
			<x46>85</x46>
			<y46>143</y46>
			<x47>86</x47>
			<y47>142</y47>
			<x48>88</x48>
			<y48>142</y48>
			<x49>92</x49>
			<y49>140</y49>
			<x50>97</x50>
			<y50>140</y50>
			<x51>98</x51>
			<y51>139</y51>
			<x52>113</x52>
			<y52>139</y52>
			<x53>117</x53>
			<y53>141</y53>
		</polygon>
	</object>
	<metadata>
	</metadata>
</annotation>
