<annotation>
	<folder></folder>
	<filename>IMG_8325_jpeg.rf.5e9b89753808559369804e5b29fdfa5a.jpg</filename>
	<path>IMG_8325_jpeg.rf.5e9b89753808559369804e5b29fdfa5a.jpg</path>
	<source>
		<database>roboflow.com</database>
	</source>
	<size>
		<width>320</width>
		<height>320</height>
		<depth>3</depth>
	</size>
	<segmented>0</segmented>
	<object>
		<name>Watermelon rind</name>
		<pose>Unspecified</pose>
		<truncated>0</truncated>
		<difficult>0</difficult>
		<occluded>0</occluded>
		<bndbox>
			<xmin>121</xmin>
			<xmax>191</xmax>
			<ymin>101</ymin>
			<ymax>141</ymax>
		</bndbox>
		<polygon>
			<x1>123</x1>
			<y1>101</y1>
			<x2>125</x2>
			<y2>101</y2>
			<x3>129</x3>
			<y3>103</y3>
			<x4>131</x4>
			<y4>105</y4>
			<x5>131</x5>
			<y5>106</y5>
			<x6>128</x6>
			<y6>109</y6>
			<x7>128</x7>
			<y7>113</y7>
			<x8>132</x8>
			<y8>115</y8>
			<x9>137</x9>
			<y9>120</y9>
			<x10>139</x10>
			<y10>121</y10>
			<x11>142</x11>
			<y11>121</y11>
			<x12>142</x12>
			<y12>123</y12>
			<x13>146</x13>
			<y13>127</y13>
			<x14>148</x14>
			<y14>128</y14>
			<x15>150</x15>
			<y15>128</y15>
			<x16>151</x16>
			<y16>129</y16>
			<x17>160</x17>
			<y17>128</y17>
			<x18>162</x18>
			<y18>129</y18>
			<x19>165</x19>
			<y19>132</y19>
			<x20>171</x20>
			<y20>132</y20>
			<x21>172</x21>
			<y21>131</y21>
			<x22>177</x22>
			<y22>131</y22>
			<x23>178</x23>
			<y23>132</y23>
			<x24>180</x24>
			<y24>132</y24>
			<x25>183</x25>
			<y25>130</y25>
			<x26>187</x26>
			<y26>130</y26>
			<x27>190</x27>
			<y27>132</y27>
			<x28>186</x28>
			<y28>136</y28>
			<x29>182</x29>
			<y29>138</y29>
			<x30>180</x30>
			<y30>138</y30>
			<x31>179</x31>
			<y31>139</y31>
			<x32>173</x32>
			<y32>139</y32>
			<x33>172</x33>
			<y33>140</y33>
			<x34>166</x34>
			<y34>140</y34>
			<x35>165</x35>
			<y35>139</y35>
			<x36>159</x36>
			<y36>139</y36>
			<x37>158</x37>
			<y37>138</y37>
			<x38>155</x38>
			<y38>138</y38>
			<x39>154</x39>
			<y39>137</y39>
			<x40>149</x40>
			<y40>136</y40>
			<x41>146</x41>
			<y41>134</y41>
			<x42>144</x42>
			<y42>134</y42>
			<x43>138</x43>
			<y43>131</y43>
			<x44>136</x44>
			<y44>129</y44>
			<x45>133</x45>
			<y45>128</y45>
			<x46>130</x46>
			<y46>125</y46>
			<x47>129</x47>
			<y47>125</y47>
			<x48>124</x48>
			<y48>120</y48>
			<x49>124</x49>
			<y49>119</y49>
			<x50>122</x50>
			<y50>117</y50>
			<x51>121</x51>
			<y51>115</y51>
			<x52>121</x52>
			<y52>112</y52>
			<x53>120</x53>
			<y53>111</y53>
			<x54>120</x54>
			<y54>109</y54>
			<x55>121</x55>
			<y55>108</y55>
			<x56>121</x56>
			<y56>104</y56>
			<x57>123</x57>
			<y57>102</y57>
		</polygon>
	</object>
	<object>
		<name>Watermelon rind</name>
		<pose>Unspecified</pose>
		<truncated>0</truncated>
		<difficult>0</difficult>
		<occluded>0</occluded>
		<bndbox>
			<xmin>145</xmin>
			<xmax>210</xmax>
			<ymin>95</ymin>
			<ymax>122</ymax>
		</bndbox>
		<polygon>
			<x1>206</x1>
			<y1>94</y1>
			<x2>208</x2>
			<y2>96</y2>
			<x3>208</x3>
			<y3>102</y3>
			<x4>207</x4>
			<y4>103</y4>
			<x5>207</x5>
			<y5>105</y5>
			<x6>206</x6>
			<y6>107</y6>
			<x7>199</x7>
			<y7>113</y7>
			<x8>193</x8>
			<y8>116</y8>
			<x9>190</x9>
			<y9>116</y9>
			<x10>189</x10>
			<y10>117</y10>
			<x11>187</x11>
			<y11>117</y11>
			<x12>186</x12>
			<y12>118</y12>
			<x13>183</x13>
			<y13>118</y13>
			<x14>182</x14>
			<y14>119</y14>
			<x15>177</x15>
			<y15>119</y15>
			<x16>176</x16>
			<y16>120</y16>
			<x17>160</x17>
			<y17>120</y17>
			<x18>159</x18>
			<y18>119</y18>
			<x19>156</x19>
			<y19>119</y19>
			<x20>155</x20>
			<y20>118</y20>
			<x21>153</x21>
			<y21>118</y21>
			<x22>149</x22>
			<y22>116</y22>
			<x23>145</x23>
			<y23>112</y23>
			<x24>144</x24>
			<y24>109</y24>
			<x25>149</x25>
			<y25>109</y25>
			<x26>151</x26>
			<y26>111</y26>
			<x27>154</x27>
			<y27>111</y27>
			<x28>155</x28>
			<y28>112</y28>
			<x29>157</x29>
			<y29>112</y29>
			<x30>159</x30>
			<y30>114</y30>
			<x31>162</x31>
			<y31>114</y31>
			<x32>167</x32>
			<y32>111</y32>
			<x33>170</x33>
			<y33>112</y33>
			<x34>172</x34>
			<y34>114</y34>
			<x35>177</x35>
			<y35>114</y35>
			<x36>178</x36>
			<y36>113</y36>
			<x37>180</x37>
			<y37>113</y37>
			<x38>182</x38>
			<y38>112</y38>
			<x39>184</x39>
			<y39>109</y39>
			<x40>189</x40>
			<y40>109</y40>
			<x41>194</x41>
			<y41>106</y41>
			<x42>197</x42>
			<y42>106</y42>
			<x43>200</x43>
			<y43>103</y43>
			<x44>200</x44>
			<y44>100</y44>
			<x45>198</x45>
			<y45>98</y45>
			<x46>202</x46>
			<y46>95</y46>
			<x47>205</x47>
			<y47>95</y47>
		</polygon>
	</object>
	<metadata>
	</metadata>
</annotation>
