<annotation>
	<folder></folder>
	<filename>IMG_8161_mov-0006_jpg.rf.6732f8c5be8819c117b51b53ed4c9f48.jpg</filename>
	<path>IMG_8161_mov-0006_jpg.rf.6732f8c5be8819c117b51b53ed4c9f48.jpg</path>
	<source>
		<database>roboflow.com</database>
	</source>
	<size>
		<width>320</width>
		<height>320</height>
		<depth>3</depth>
	</size>
	<segmented>0</segmented>
	<object>
		<name>Watermelon rind</name>
		<pose>Unspecified</pose>
		<truncated>0</truncated>
		<difficult>0</difficult>
		<occluded>0</occluded>
		<bndbox>
			<xmin>147</xmin>
			<xmax>231</xmax>
			<ymin>185</ymin>
			<ymax>211</ymax>
		</bndbox>
		<polygon>
			<x1>229</x1>
			<y1>185</y1>
			<x2>229</x2>
			<y2>192</y2>
			<x3>228</x3>
			<y3>194</y3>
			<x4>222</x4>
			<y4>200</y4>
			<x5>216</x5>
			<y5>203</y5>
			<x6>214</x6>
			<y6>203</y6>
			<x7>211</x7>
			<y7>205</y7>
			<x8>208</x8>
			<y8>205</y8>
			<x9>207</x9>
			<y9>206</y9>
			<x10>203</x10>
			<y10>206</y10>
			<x11>202</x11>
			<y11>207</y11>
			<x12>198</x12>
			<y12>207</y12>
			<x13>197</x13>
			<y13>208</y13>
			<x14>191</x14>
			<y14>208</y14>
			<x15>190</x15>
			<y15>209</y15>
			<x16>170</x16>
			<y16>209</y16>
			<x17>169</x17>
			<y17>208</y17>
			<x18>162</x18>
			<y18>208</y18>
			<x19>161</x19>
			<y19>207</y19>
			<x20>156</x20>
			<y20>206</y20>
			<x21>150</x21>
			<y21>203</y21>
			<x22>150</x22>
			<y22>202</y22>
			<x23>147</x23>
			<y23>200</y23>
			<x24>147</x24>
			<y24>198</y24>
			<x25>146</x25>
			<y25>197</y25>
			<x26>147</x26>
			<y26>196</y26>
			<x27>153</x27>
			<y27>196</y27>
			<x28>155</x28>
			<y28>198</y28>
			<x29>157</x29>
			<y29>198</y29>
			<x30>158</x30>
			<y30>199</y30>
			<x31>161</x31>
			<y31>199</y31>
			<x32>166</x32>
			<y32>202</y32>
			<x33>168</x33>
			<y33>202</y33>
			<x34>172</x34>
			<y34>200</y34>
			<x35>175</x35>
			<y35>200</y35>
			<x36>176</x36>
			<y36>199</y36>
			<x37>181</x37>
			<y37>202</y37>
			<x38>192</x38>
			<y38>202</y38>
			<x39>194</x39>
			<y39>201</y39>
			<x40>197</x40>
			<y40>198</y40>
			<x41>199</x41>
			<y41>198</y41>
			<x42>201</x42>
			<y42>199</y42>
			<x43>202</x43>
			<y43>198</y43>
			<x44>205</x44>
			<y44>198</y44>
			<x45>208</x45>
			<y45>196</y45>
			<x46>212</x46>
			<y46>196</y46>
			<x47>213</x47>
			<y47>195</y47>
			<x48>215</x48>
			<y48>195</y48>
			<x49>218</x49>
			<y49>192</y49>
			<x50>218</x50>
			<y50>190</y50>
			<x51>217</x51>
			<y51>189</y51>
			<x52>217</x52>
			<y52>187</y52>
			<x53>218</x53>
			<y53>186</y53>
			<x54>220</x54>
			<y54>186</y54>
			<x55>221</x55>
			<y55>185</y55>
			<x56>225</x56>
			<y56>185</y56>
			<x57>226</x57>
			<y57>184</y57>
			<x58>228</x58>
			<y58>185</y58>
		</polygon>
	</object>
	<object>
		<name>Watermelon rind</name>
		<pose>Unspecified</pose>
		<truncated>0</truncated>
		<difficult>0</difficult>
		<occluded>0</occluded>
		<bndbox>
			<xmin>116</xmin>
			<xmax>203</xmax>
			<ymin>187</ymin>
			<ymax>232</ymax>
		</bndbox>
		<polygon>
			<x1>120</x1>
			<y1>188</y1>
			<x2>122</x2>
			<y2>187</y2>
			<x3>125</x3>
			<y3>187</y3>
			<x4>129</x4>
			<y4>189</y4>
			<x5>130</x5>
			<y5>190</y5>
			<x6>130</x6>
			<y6>192</y6>
			<x7>125</x7>
			<y7>197</y7>
			<x8>125</x8>
			<y8>199</y8>
			<x9>127</x9>
			<y9>201</y9>
			<x10>130</x10>
			<y10>202</y10>
			<x11>136</x11>
			<y11>208</y11>
			<x12>140</x12>
			<y12>208</y12>
			<x13>141</x13>
			<y13>209</y13>
			<x14>141</x14>
			<y14>211</y14>
			<x15>145</x15>
			<y15>215</y15>
			<x16>149</x16>
			<y16>217</y16>
			<x17>152</x17>
			<y17>217</y17>
			<x18>153</x18>
			<y18>218</y18>
			<x19>155</x19>
			<y19>218</y19>
			<x20>156</x20>
			<y20>217</y20>
			<x21>159</x21>
			<y21>217</y21>
			<x22>160</x22>
			<y22>216</y22>
			<x23>162</x23>
			<y23>216</y23>
			<x24>170</x24>
			<y24>222</y24>
			<x25>177</x25>
			<y25>222</y25>
			<x26>178</x26>
			<y26>221</y26>
			<x27>183</x27>
			<y27>221</y27>
			<x28>184</x28>
			<y28>222</y28>
			<x29>190</x29>
			<y29>222</y29>
			<x30>194</x30>
			<y30>220</y30>
			<x31>197</x31>
			<y31>220</y31>
			<x32>202</x32>
			<y32>223</y32>
			<x33>194</x33>
			<y33>228</y33>
			<x34>192</x34>
			<y34>228</y34>
			<x35>191</x35>
			<y35>229</y35>
			<x36>188</x36>
			<y36>229</y36>
			<x37>187</x37>
			<y37>230</y37>
			<x38>182</x38>
			<y38>230</y38>
			<x39>181</x39>
			<y39>231</y39>
			<x40>171</x40>
			<y40>231</y40>
			<x41>170</x41>
			<y41>230</y41>
			<x42>163</x42>
			<y42>230</y42>
			<x43>162</x43>
			<y43>229</y43>
			<x44>158</x44>
			<y44>229</y44>
			<x45>157</x45>
			<y45>228</y45>
			<x46>155</x46>
			<y46>228</y46>
			<x47>151</x47>
			<y47>226</y47>
			<x48>148</x48>
			<y48>226</y48>
			<x49>128</x49>
			<y49>216</y49>
			<x50>118</x50>
			<y50>207</y50>
			<x51>116</x51>
			<y51>203</y51>
			<x52>116</x52>
			<y52>201</y52>
			<x53>115</x53>
			<y53>200</y53>
			<x54>115</x54>
			<y54>197</y54>
			<x55>116</x55>
			<y55>196</y55>
			<x56>116</x56>
			<y56>194</y56>
			<x57>118</x57>
			<y57>190</y57>
			<x58>120</x58>
			<y58>189</y58>
		</polygon>
	</object>
	<metadata>
	</metadata>
</annotation>
