<annotation>
	<folder></folder>
	<filename>IMG_1896_HEIC.rf.d17223009b2086cf2850df5f75874c20.jpg</filename>
	<path>IMG_1896_HEIC.rf.d17223009b2086cf2850df5f75874c20.jpg</path>
	<source>
		<database>roboflow.com</database>
	</source>
	<size>
		<width>320</width>
		<height>320</height>
		<depth>3</depth>
	</size>
	<segmented>0</segmented>
	<object>
		<name>Apple core</name>
		<pose>Unspecified</pose>
		<truncated>0</truncated>
		<difficult>0</difficult>
		<occluded>0</occluded>
		<bndbox>
			<xmin>136</xmin>
			<xmax>167</xmax>
			<ymin>122</ymin>
			<ymax>155</ymax>
		</bndbox>
	</object>
	<metadata>
	</metadata>
</annotation>
