<annotation>
	<folder></folder>
	<filename>IMG_8466_jpeg.rf.32879b1cc9de424d2508342339ea3b1f.jpg</filename>
	<path>IMG_8466_jpeg.rf.32879b1cc9de424d2508342339ea3b1f.jpg</path>
	<source>
		<database>roboflow.com</database>
	</source>
	<size>
		<width>320</width>
		<height>320</height>
		<depth>3</depth>
	</size>
	<segmented>0</segmented>
	<object>
		<name>fish</name>
		<pose>Unspecified</pose>
		<truncated>0</truncated>
		<difficult>0</difficult>
		<occluded>0</occluded>
		<bndbox>
			<xmin>98</xmin>
			<xmax>169</xmax>
			<ymin>127</ymin>
			<ymax>180</ymax>
		</bndbox>
		<polygon>
			<x1>159</x1>
			<y1>127</y1>
			<x2>162</x2>
			<y2>130</y2>
			<x3>162</x3>
			<y3>132</y3>
			<x4>163</x4>
			<y4>133</y4>
			<x5>163</x5>
			<y5>136</y5>
			<x6>164</x6>
			<y6>137</y6>
			<x7>164</x7>
			<y7>143</y7>
			<x8>163</x8>
			<y8>144</y8>
			<x9>163</x9>
			<y9>146</y9>
			<x10>167</x10>
			<y10>150</y10>
			<x11>164</x11>
			<y11>150</y11>
			<x12>160</x12>
			<y12>148</y12>
			<x13>156</x13>
			<y13>150</y13>
			<x14>162</x14>
			<y14>156</y14>
			<x15>163</x15>
			<y15>158</y15>
			<x16>163</x16>
			<y16>160</y16>
			<x17>158</x17>
			<y17>158</y17>
			<x18>156</x18>
			<y18>156</y18>
			<x19>152</x19>
			<y19>154</y19>
			<x20>149</x20>
			<y20>154</y20>
			<x21>147</x21>
			<y21>156</y21>
			<x22>147</x22>
			<y22>157</y22>
			<x23>148</x23>
			<y23>159</y23>
			<x24>151</x24>
			<y24>162</y24>
			<x25>151</x25>
			<y25>164</y25>
			<x26>149</x26>
			<y26>164</y26>
			<x27>146</x27>
			<y27>161</y27>
			<x28>142</x28>
			<y28>159</y28>
			<x29>140</x29>
			<y29>159</y29>
			<x30>138</x30>
			<y30>158</y30>
			<x31>135</x31>
			<y31>160</y31>
			<x32>135</x32>
			<y32>164</y32>
			<x33>136</x33>
			<y33>165</y33>
			<x34>136</x34>
			<y34>168</y34>
			<x35>134</x35>
			<y35>168</y35>
			<x36>131</x36>
			<y36>165</y36>
			<x37>129</x37>
			<y37>164</y37>
			<x38>125</x38>
			<y38>169</y38>
			<x39>123</x39>
			<y39>169</y39>
			<x40>122</x40>
			<y40>168</y40>
			<x41>119</x41>
			<y41>168</y41>
			<x42>113</x42>
			<y42>174</y42>
			<x43>112</x43>
			<y43>174</y43>
			<x44>106</x44>
			<y44>179</y44>
			<x45>102</x45>
			<y45>177</y45>
			<x46>100</x46>
			<y46>177</y46>
			<x47>97</x47>
			<y47>175</y47>
			<x48>98</x48>
			<y48>173</y48>
			<x49>98</x49>
			<y49>171</y49>
			<x50>97</x50>
			<y50>169</y50>
			<x51>100</x51>
			<y51>165</y51>
			<x52>102</x52>
			<y52>165</y52>
			<x53>104</x53>
			<y53>163</y53>
			<x54>108</x54>
			<y54>163</y54>
			<x55>109</x55>
			<y55>164</y55>
			<x56>112</x56>
			<y56>164</y56>
			<x57>114</x57>
			<y57>165</y57>
			<x58>115</x58>
			<y58>164</y58>
			<x59>116</x59>
			<y59>159</y59>
			<x60>118</x60>
			<y60>159</y60>
			<x61>119</x61>
			<y61>158</y61>
			<x62>122</x62>
			<y62>158</y62>
			<x63>123</x63>
			<y63>157</y63>
			<x64>122</x64>
			<y64>155</y64>
			<x65>126</x65>
			<y65>152</y65>
			<x66>125</x66>
			<y66>151</y66>
			<x67>122</x67>
			<y67>151</y67>
			<x68>122</x68>
			<y68>150</y68>
			<x69>126</x69>
			<y69>148</y69>
			<x70>128</x70>
			<y70>148</y70>
			<x71>131</x71>
			<y71>146</y71>
			<x72>131</x72>
			<y72>144</y72>
			<x73>129</x73>
			<y73>142</y73>
			<x74>132</x74>
			<y74>139</y74>
			<x75>132</x75>
			<y75>138</y75>
			<x76>140</x76>
			<y76>131</y76>
			<x77>150</x77>
			<y77>126</y77>
			<x78>153</x78>
			<y78>126</y78>
			<x79>154</x79>
			<y79>128</y79>
			<x80>158</x80>
			<y80>128</y80>
		</polygon>
	</object>
	<metadata>
	</metadata>
</annotation>
