<annotation>
	<folder></folder>
	<filename>IMG_8383_jpeg.rf.959c4e2b36b2ef21a3a170da0cce63b9.jpg</filename>
	<path>IMG_8383_jpeg.rf.959c4e2b36b2ef21a3a170da0cce63b9.jpg</path>
	<source>
		<database>roboflow.com</database>
	</source>
	<size>
		<width>320</width>
		<height>320</height>
		<depth>3</depth>
	</size>
	<segmented>0</segmented>
	<object>
		<name>fish</name>
		<pose>Unspecified</pose>
		<truncated>0</truncated>
		<difficult>0</difficult>
		<occluded>0</occluded>
		<bndbox>
			<xmin>89</xmin>
			<xmax>163</xmax>
			<ymin>163</ymin>
			<ymax>225</ymax>
		</bndbox>
		<polygon>
			<x1>124</x1>
			<y1>182</y1>
			<x2>125</x2>
			<y2>180</y2>
			<x3>136</x3>
			<y3>169</y3>
			<x4>137</x4>
			<y4>169</y4>
			<x5>142</x5>
			<y5>165</y5>
			<x6>144</x6>
			<y6>165</y6>
			<x7>147</x7>
			<y7>163</y7>
			<x8>149</x8>
			<y8>163</y8>
			<x9>151</x9>
			<y9>162</y9>
			<x10>152</x10>
			<y10>163</y10>
			<x11>152</x11>
			<y11>165</y11>
			<x12>154</x12>
			<y12>167</y12>
			<x13>157</x13>
			<y13>167</y13>
			<x14>159</x14>
			<y14>166</y14>
			<x15>160</x15>
			<y15>167</y15>
			<x16>160</x16>
			<y16>171</y16>
			<x17>161</x17>
			<y17>172</y17>
			<x18>161</x18>
			<y18>185</y18>
			<x19>160</x19>
			<y19>187</y19>
			<x20>158</x20>
			<y20>186</y20>
			<x21>157</x21>
			<y21>188</y21>
			<x22>159</x22>
			<y22>192</y22>
			<x23>161</x23>
			<y23>194</y23>
			<x24>161</x24>
			<y24>197</y24>
			<x25>160</x25>
			<y25>197</y25>
			<x26>158</x26>
			<y26>195</y26>
			<x27>157</x27>
			<y27>195</y27>
			<x28>155</x28>
			<y28>193</y28>
			<x29>151</x29>
			<y29>191</y29>
			<x30>149</x30>
			<y30>191</y30>
			<x31>148</x31>
			<y31>190</y31>
			<x32>146</x32>
			<y32>190</y32>
			<x33>145</x33>
			<y33>191</y33>
			<x34>145</x34>
			<y34>192</y34>
			<x35>147</x35>
			<y35>194</y35>
			<x36>148</x36>
			<y36>194</y36>
			<x37>154</x37>
			<y37>200</y37>
			<x38>156</x38>
			<y38>204</y38>
			<x39>156</x39>
			<y39>208</y39>
			<x40>155</x40>
			<y40>208</y40>
			<x41>147</x41>
			<y41>200</y41>
			<x42>139</x42>
			<y42>196</y42>
			<x43>137</x43>
			<y43>198</y43>
			<x44>137</x44>
			<y44>199</y44>
			<x45>142</x45>
			<y45>205</y45>
			<x46>144</x46>
			<y46>209</y46>
			<x47>144</x47>
			<y47>212</y47>
			<x48>143</x48>
			<y48>212</y48>
			<x49>136</x49>
			<y49>205</y49>
			<x50>132</x50>
			<y50>203</y50>
			<x51>130</x51>
			<y51>203</y51>
			<x52>127</x52>
			<y52>205</y52>
			<x53>127</x53>
			<y53>207</y53>
			<x54>128</x54>
			<y54>208</y54>
			<x55>128</x55>
			<y55>214</y55>
			<x56>126</x56>
			<y56>214</y56>
			<x57>125</x57>
			<y57>212</y57>
			<x58>122</x58>
			<y58>209</y58>
			<x59>119</x59>
			<y59>212</y59>
			<x60>119</x60>
			<y60>213</y60>
			<x61>118</x61>
			<y61>213</y61>
			<x62>116</x62>
			<y62>215</y62>
			<x63>115</x63>
			<y63>215</y63>
			<x64>115</x64>
			<y64>213</y64>
			<x65>113</x65>
			<y65>211</y65>
			<x66>111</x66>
			<y66>213</y66>
			<x67>110</x67>
			<y67>213</y67>
			<x68>104</x68>
			<y68>219</y68>
			<x69>103</x69>
			<y69>219</y69>
			<x70>99</x70>
			<y70>223</y70>
			<x71>97</x71>
			<y71>224</y71>
			<x72>96</x72>
			<y72>224</y72>
			<x73>93</x73>
			<y73>221</y73>
			<x74>90</x74>
			<y74>221</y74>
			<x75>88</x75>
			<y75>219</y75>
			<x76>88</x76>
			<y76>218</y76>
			<x77>90</x77>
			<y77>216</y77>
			<x78>90</x78>
			<y78>215</y78>
			<x79>88</x79>
			<y79>214</y79>
			<x80>90</x80>
			<y80>209</y80>
			<x81>92</x81>
			<y81>207</y81>
			<x82>95</x82>
			<y82>207</y82>
			<x83>97</x83>
			<y83>205</y83>
			<x84>99</x84>
			<y84>205</y84>
			<x85>105</x85>
			<y85>208</y85>
			<x86>107</x86>
			<y86>208</y86>
			<x87>110</x87>
			<y87>204</y87>
			<x88>109</x88>
			<y88>203</y88>
			<x89>110</x89>
			<y89>201</y89>
			<x90>114</x90>
			<y90>201</y90>
			<x91>117</x91>
			<y91>199</y91>
			<x92>116</x92>
			<y92>197</y92>
			<x93>120</x93>
			<y93>195</y93>
			<x94>124</x94>
			<y94>195</y94>
			<x95>125</x95>
			<y95>194</y95>
			<x96>124</x96>
			<y96>193</y96>
			<x97>122</x97>
			<y97>193</y97>
			<x98>121</x98>
			<y98>192</y98>
			<x99>115</x99>
			<y99>192</y99>
			<x100>117</x100>
			<y100>190</y100>
			<x101>119</x101>
			<y101>190</y101>
			<x102>120</x102>
			<y102>189</y102>
			<x103>124</x103>
			<y103>189</y103>
			<x104>127</x104>
			<y104>186</y104>
			<x105>127</x105>
			<y105>185</y105>
			<x106>129</x106>
			<y106>184</y106>
			<x107>131</x107>
			<y107>184</y107>
			<x108>132</x108>
			<y108>183</y108>
			<x109>131</x109>
			<y109>182</y109>
			<x110>125</x110>
			<y110>182</y110>
		</polygon>
	</object>
	<metadata>
	</metadata>
</annotation>
