<annotation>
	<folder></folder>
	<filename>IMG_8134_jpeg.rf.a4543a60c022f91ed736ab0f60e0cd4e.jpg</filename>
	<path>IMG_8134_jpeg.rf.a4543a60c022f91ed736ab0f60e0cd4e.jpg</path>
	<source>
		<database>roboflow.com</database>
	</source>
	<size>
		<width>320</width>
		<height>320</height>
		<depth>3</depth>
	</size>
	<segmented>0</segmented>
	<object>
		<name>Watermelon rind</name>
		<pose>Unspecified</pose>
		<truncated>0</truncated>
		<difficult>0</difficult>
		<occluded>0</occluded>
		<bndbox>
			<xmin>112</xmin>
			<xmax>168</xmax>
			<ymin>223</ymin>
			<ymax>247</ymax>
		</bndbox>
		<polygon>
			<x1>159</x1>
			<y1>224</y1>
			<x2>163</x2>
			<y2>227</y2>
			<x3>164</x3>
			<y3>227</y3>
			<x4>166</x4>
			<y4>229</y4>
			<x5>166</x5>
			<y5>231</y5>
			<x6>162</x6>
			<y6>231</y6>
			<x7>159</x7>
			<y7>229</y7>
			<x8>155</x8>
			<y8>229</y8>
			<x9>154</x9>
			<y9>228</y9>
			<x10>149</x10>
			<y10>228</y10>
			<x11>146</x11>
			<y11>230</y11>
			<x12>144</x12>
			<y12>229</y12>
			<x13>142</x13>
			<y13>229</y13>
			<x14>141</x14>
			<y14>228</y14>
			<x15>138</x15>
			<y15>228</y15>
			<x16>137</x16>
			<y16>229</y16>
			<x17>135</x17>
			<y17>229</y17>
			<x18>133</x18>
			<y18>230</y18>
			<x19>130</x19>
			<y19>233</y19>
			<x20>127</x20>
			<y20>233</y20>
			<x21>122</x21>
			<y21>236</y21>
			<x22>120</x22>
			<y22>236</y22>
			<x23>118</x23>
			<y23>238</y23>
			<x24>118</x24>
			<y24>240</y24>
			<x25>119</x25>
			<y25>241</y25>
			<x26>119</x26>
			<y26>244</y26>
			<x27>115</x27>
			<y27>246</y27>
			<x28>113</x28>
			<y28>246</y28>
			<x29>113</x29>
			<y29>244</y29>
			<x30>112</x30>
			<y30>243</y30>
			<x31>112</x31>
			<y31>238</y31>
			<x32>115</x32>
			<y32>234</y32>
			<x33>115</x33>
			<y33>233</y33>
			<x34>116</x34>
			<y34>233</y34>
			<x35>119</x35>
			<y35>230</y35>
			<x36>125</x36>
			<y36>227</y36>
			<x37>127</x37>
			<y37>227</y37>
			<x38>128</x38>
			<y38>226</y38>
			<x39>130</x39>
			<y39>226</y39>
			<x40>134</x40>
			<y40>224</y40>
			<x41>139</x41>
			<y41>224</y41>
			<x42>140</x42>
			<y42>223</y42>
			<x43>155</x43>
			<y43>223</y43>
			<x44>156</x44>
			<y44>224</y44>
			<x45>158</x45>
			<y45>224</y45>
		</polygon>
	</object>
	<object>
		<name>Watermelon rind</name>
		<pose>Unspecified</pose>
		<truncated>0</truncated>
		<difficult>0</difficult>
		<occluded>0</occluded>
		<bndbox>
			<xmin>126</xmin>
			<xmax>191</xmax>
			<ymin>207</ymin>
			<ymax>239</ymax>
		</bndbox>
		<polygon>
			<x1>155</x1>
			<y1>207</y1>
			<x2>156</x2>
			<y2>208</y2>
			<x3>159</x3>
			<y3>208</y3>
			<x4>160</x4>
			<y4>209</y4>
			<x5>163</x5>
			<y5>209</y5>
			<x6>164</x6>
			<y6>210</y6>
			<x7>166</x7>
			<y7>210</y7>
			<x8>169</x8>
			<y8>212</y8>
			<x9>171</x9>
			<y9>212</y9>
			<x10>181</x10>
			<y10>217</y10>
			<x11>188</x11>
			<y11>224</y11>
			<x12>188</x12>
			<y12>226</y12>
			<x13>189</x13>
			<y13>227</y13>
			<x14>189</x14>
			<y14>234</y14>
			<x15>187</x15>
			<y15>237</y15>
			<x16>184</x16>
			<y16>237</y16>
			<x17>180</x17>
			<y17>234</y17>
			<x18>180</x18>
			<y18>232</y18>
			<x19>182</x19>
			<y19>230</y19>
			<x20>182</x20>
			<y20>227</y20>
			<x21>181</x21>
			<y21>226</y21>
			<x22>176</x22>
			<y22>224</y22>
			<x23>173</x23>
			<y23>221</y23>
			<x24>171</x24>
			<y24>220</y24>
			<x25>167</x25>
			<y25>220</y25>
			<x26>167</x26>
			<y26>219</y26>
			<x27>164</x27>
			<y27>216</y27>
			<x28>162</x28>
			<y28>215</y28>
			<x29>160</x29>
			<y29>215</y29>
			<x30>159</x30>
			<y30>214</y30>
			<x31>156</x31>
			<y31>214</y31>
			<x32>155</x32>
			<y32>215</y32>
			<x33>153</x33>
			<y33>215</y33>
			<x34>151</x34>
			<y34>216</y34>
			<x35>145</x35>
			<y35>212</y35>
			<x36>143</x36>
			<y36>212</y36>
			<x37>139</x37>
			<y37>214</y37>
			<x38>133</x38>
			<y38>214</y38>
			<x39>129</x39>
			<y39>216</y39>
			<x40>127</x40>
			<y40>216</y40>
			<x41>125</x41>
			<y41>215</y41>
			<x42>125</x42>
			<y42>214</y42>
			<x43>128</x43>
			<y43>211</y43>
			<x44>129</x44>
			<y44>211</y44>
			<x45>133</x45>
			<y45>208</y45>
			<x46>136</x46>
			<y46>208</y46>
			<x47>137</x47>
			<y47>207</y47>
			<x48>154</x48>
			<y48>207</y48>
		</polygon>
	</object>
	<metadata>
	</metadata>
</annotation>
