<annotation>
	<folder></folder>
	<filename>IMG_8434_jpeg.rf.4139ada879e4cdfc91e8cc97baa2b267.jpg</filename>
	<path>IMG_8434_jpeg.rf.4139ada879e4cdfc91e8cc97baa2b267.jpg</path>
	<source>
		<database>roboflow.com</database>
	</source>
	<size>
		<width>320</width>
		<height>320</height>
		<depth>3</depth>
	</size>
	<segmented>0</segmented>
	<object>
		<name>fish</name>
		<pose>Unspecified</pose>
		<truncated>0</truncated>
		<difficult>0</difficult>
		<occluded>0</occluded>
		<bndbox>
			<xmin>26</xmin>
			<xmax>107</xmax>
			<ymin>107</ymin>
			<ymax>158</ymax>
		</bndbox>
		<polygon>
			<x1>48</x1>
			<y1>111</y1>
			<x2>49</x2>
			<y2>113</y2>
			<x3>45</x3>
			<y3>118</y3>
			<x4>45</x4>
			<y4>120</y4>
			<x5>46</x5>
			<y5>121</y5>
			<x6>48</x6>
			<y6>120</y6>
			<x7>50</x7>
			<y7>122</y7>
			<x8>54</x8>
			<y8>120</y8>
			<x9>54</x9>
			<y9>128</y9>
			<x10>56</x10>
			<y10>129</y10>
			<x11>58</x11>
			<y11>127</y11>
			<x12>58</x12>
			<y12>126</y12>
			<x13>60</x13>
			<y13>125</y13>
			<x14>62</x14>
			<y14>128</y14>
			<x15>62</x15>
			<y15>133</y15>
			<x16>63</x16>
			<y16>134</y16>
			<x17>66</x17>
			<y17>131</y17>
			<x18>66</x18>
			<y18>129</y18>
			<x19>67</x19>
			<y19>128</y19>
			<x20>67</x20>
			<y20>124</y20>
			<x21>70</x21>
			<y21>128</y21>
			<x22>70</x22>
			<y22>130</y22>
			<x23>71</x23>
			<y23>131</y23>
			<x24>71</x24>
			<y24>138</y24>
			<x25>72</x25>
			<y25>139</y25>
			<x26>75</x26>
			<y26>134</y26>
			<x27>74</x27>
			<y27>133</y27>
			<x28>75</x28>
			<y28>132</y28>
			<x29>79</x29>
			<y29>135</y29>
			<x30>80</x30>
			<y30>134</y30>
			<x31>80</x31>
			<y31>132</y31>
			<x32>79</x32>
			<y32>130</y32>
			<x33>81</x33>
			<y33>130</y33>
			<x34>84</x34>
			<y34>132</y34>
			<x35>86</x35>
			<y35>132</y35>
			<x36>94</x36>
			<y36>136</y36>
			<x37>100</x37>
			<y37>141</y37>
			<x38>101</x38>
			<y38>141</y38>
			<x39>104</x39>
			<y39>144</y39>
			<x40>105</x40>
			<y40>146</y40>
			<x41>105</x41>
			<y41>148</y41>
			<x42>103</x42>
			<y42>148</y42>
			<x43>100</x43>
			<y43>150</y43>
			<x44>100</x44>
			<y44>152</y44>
			<x45>101</x45>
			<y45>153</y45>
			<x46>100</x46>
			<y46>154</y46>
			<x47>95</x47>
			<y47>154</y47>
			<x48>94</x48>
			<y48>155</y48>
			<x49>73</x49>
			<y49>155</y49>
			<x50>72</x50>
			<y50>154</y50>
			<x51>70</x51>
			<y51>154</y51>
			<x52>69</x52>
			<y52>155</y52>
			<x53>67</x53>
			<y53>155</y53>
			<x54>63</x54>
			<y54>157</y54>
			<x55>60</x55>
			<y55>157</y55>
			<x56>62</x56>
			<y56>155</y56>
			<x57>63</x57>
			<y57>155</y57>
			<x58>68</x58>
			<y58>149</y58>
			<x59>68</x59>
			<y59>147</y59>
			<x60>67</x60>
			<y60>146</y60>
			<x61>65</x61>
			<y61>146</y61>
			<x62>62</x62>
			<y62>149</y62>
			<x63>56</x63>
			<y63>152</y63>
			<x64>54</x64>
			<y64>152</y64>
			<x65>53</x65>
			<y65>153</y65>
			<x66>50</x66>
			<y66>153</y66>
			<x67>49</x67>
			<y67>154</y67>
			<x68>45</x68>
			<y68>154</y68>
			<x69>49</x69>
			<y69>152</y69>
			<x70>51</x70>
			<y70>150</y70>
			<x71>54</x71>
			<y71>149</y71>
			<x72>59</x72>
			<y72>144</y72>
			<x73>59</x73>
			<y73>143</y73>
			<x74>61</x74>
			<y74>141</y74>
			<x75>60</x75>
			<y75>140</y75>
			<x76>55</x76>
			<y76>140</y76>
			<x77>50</x77>
			<y77>143</y77>
			<x78>48</x78>
			<y78>143</y78>
			<x79>44</x79>
			<y79>145</y79>
			<x80>40</x80>
			<y80>145</y80>
			<x81>43</x81>
			<y81>144</y81>
			<x82>49</x82>
			<y82>139</y82>
			<x83>50</x83>
			<y83>139</y83>
			<x84>53</x84>
			<y84>135</y84>
			<x85>49</x85>
			<y85>132</y85>
			<x86>47</x86>
			<y86>133</y86>
			<x87>41</x87>
			<y87>133</y87>
			<x88>40</x88>
			<y88>134</y88>
			<x89>38</x89>
			<y89>134</y89>
			<x90>39</x90>
			<y90>132</y90>
			<x91>41</x91>
			<y91>132</y91>
			<x92>44</x92>
			<y92>129</y92>
			<x93>37</x93>
			<y93>125</y93>
			<x94>39</x94>
			<y94>125</y94>
			<x95>42</x95>
			<y95>123</y95>
			<x96>40</x96>
			<y96>121</y96>
			<x97>33</x97>
			<y97>118</y97>
			<x98>25</x98>
			<y98>112</y98>
			<x99>26</x99>
			<y99>111</y99>
			<x100>29</x100>
			<y100>111</y100>
			<x101>30</x101>
			<y101>110</y101>
			<x102>29</x102>
			<y102>109</y102>
			<x103>30</x103>
			<y103>107</y103>
			<x104>33</x104>
			<y104>107</y104>
			<x105>36</x105>
			<y105>110</y105>
			<x106>38</x106>
			<y106>107</y106>
			<x107>43</x107>
			<y107>107</y107>
			<x108>44</x108>
			<y108>108</y108>
			<x109>46</x109>
			<y109>108</y109>
			<x110>46</x110>
			<y110>110</y110>
			<x111>47</x111>
			<y111>111</y111>
		</polygon>
	</object>
	<metadata>
	</metadata>
</annotation>
