<annotation>
	<folder></folder>
	<filename>IMG_8263_jpeg.rf.808a9103160b673b076b3867ea5d764b.jpg</filename>
	<path>IMG_8263_jpeg.rf.808a9103160b673b076b3867ea5d764b.jpg</path>
	<source>
		<database>roboflow.com</database>
	</source>
	<size>
		<width>320</width>
		<height>320</height>
		<depth>3</depth>
	</size>
	<segmented>0</segmented>
	<object>
		<name>Watermelon rind</name>
		<pose>Unspecified</pose>
		<truncated>0</truncated>
		<difficult>0</difficult>
		<occluded>0</occluded>
		<bndbox>
			<xmin>86</xmin>
			<xmax>143</xmax>
			<ymin>94</ymin>
			<ymax>129</ymax>
		</bndbox>
		<polygon>
			<x1>139</x1>
			<y1>95</y1>
			<x2>141</x2>
			<y2>97</y2>
			<x3>141</x3>
			<y3>98</y3>
			<x4>137</x4>
			<y4>100</y4>
			<x5>136</x5>
			<y5>99</y5>
			<x6>124</x6>
			<y6>99</y6>
			<x7>120</x7>
			<y7>101</y7>
			<x8>118</x8>
			<y8>103</y8>
			<x9>111</x9>
			<y9>103</y9>
			<x10>107</x10>
			<y10>105</y10>
			<x11>105</x11>
			<y11>107</y11>
			<x12>104</x12>
			<y12>110</y12>
			<x13>101</x13>
			<y13>111</y13>
			<x14>94</x14>
			<y14>118</y14>
			<x15>94</x15>
			<y15>120</y15>
			<x16>98</x16>
			<y16>124</y16>
			<x17>96</x17>
			<y17>126</y17>
			<x18>93</x18>
			<y18>126</y18>
			<x19>92</x19>
			<y19>127</y19>
			<x20>90</x20>
			<y20>126</y20>
			<x21>87</x21>
			<y21>122</y21>
			<x22>86</x22>
			<y22>120</y22>
			<x23>86</x23>
			<y23>115</y23>
			<x24>89</x24>
			<y24>111</y24>
			<x25>89</x25>
			<y25>110</y25>
			<x26>94</x26>
			<y26>105</y26>
			<x27>95</x27>
			<y27>105</y27>
			<x28>100</x28>
			<y28>101</y28>
			<x29>110</x29>
			<y29>96</y29>
			<x30>112</x30>
			<y30>96</y30>
			<x31>113</x31>
			<y31>95</y31>
			<x32>116</x32>
			<y32>95</y32>
			<x33>117</x33>
			<y33>94</y33>
			<x34>120</x34>
			<y34>94</y34>
			<x35>121</x35>
			<y35>93</y35>
			<x36>134</x36>
			<y36>93</y36>
			<x37>138</x37>
			<y37>95</y37>
		</polygon>
	</object>
	<object>
		<name>Watermelon rind</name>
		<pose>Unspecified</pose>
		<truncated>0</truncated>
		<difficult>0</difficult>
		<occluded>0</occluded>
		<bndbox>
			<xmin>87</xmin>
			<xmax>168</xmax>
			<ymin>74</ymin>
			<ymax>101</ymax>
		</bndbox>
		<polygon>
			<x1>131</x1>
			<y1>74</y1>
			<x2>132</x2>
			<y2>75</y2>
			<x3>140</x3>
			<y3>75</y3>
			<x4>141</x4>
			<y4>76</y4>
			<x5>145</x5>
			<y5>76</y5>
			<x6>146</x6>
			<y6>77</y6>
			<x7>151</x7>
			<y7>78</y7>
			<x8>159</x8>
			<y8>82</y8>
			<x9>165</x9>
			<y9>88</y9>
			<x10>165</x10>
			<y10>90</y10>
			<x11>166</x11>
			<y11>91</y11>
			<x12>166</x12>
			<y12>97</y12>
			<x13>165</x13>
			<y13>99</y13>
			<x14>162</x14>
			<y14>99</y14>
			<x15>161</x15>
			<y15>98</y15>
			<x16>160</x16>
			<y16>99</y16>
			<x17>158</x17>
			<y17>99</y17>
			<x18>156</x18>
			<y18>98</y18>
			<x19>155</x19>
			<y19>97</y19>
			<x20>157</x20>
			<y20>94</y20>
			<x21>157</x21>
			<y21>91</y21>
			<x22>154</x22>
			<y22>88</y22>
			<x23>149</x23>
			<y23>88</y23>
			<x24>144</x24>
			<y24>85</y24>
			<x25>140</x25>
			<y25>85</y25>
			<x26>138</x26>
			<y26>86</y26>
			<x27>138</x27>
			<y27>85</y27>
			<x28>136</x28>
			<y28>83</y28>
			<x29>134</x29>
			<y29>82</y29>
			<x30>132</x30>
			<y30>82</y30>
			<x31>131</x31>
			<y31>81</y31>
			<x32>127</x32>
			<y32>81</y32>
			<x33>119</x33>
			<y33>85</y33>
			<x34>115</x34>
			<y34>85</y34>
			<x35>112</x35>
			<y35>83</y35>
			<x36>109</x36>
			<y36>83</y36>
			<x37>105</x37>
			<y37>85</y37>
			<x38>103</x38>
			<y38>87</y38>
			<x39>101</x39>
			<y39>87</y39>
			<x40>100</x40>
			<y40>88</y40>
			<x41>98</x41>
			<y41>88</y41>
			<x42>96</x42>
			<y42>89</y42>
			<x43>93</x43>
			<y43>92</y43>
			<x44>89</x44>
			<y44>92</y44>
			<x45>87</x45>
			<y45>91</y45>
			<x46>87</x46>
			<y46>89</y46>
			<x47>90</x47>
			<y47>85</y47>
			<x48>90</x48>
			<y48>84</y48>
			<x49>92</x49>
			<y49>83</y49>
			<x50>95</x50>
			<y50>80</y50>
			<x51>101</x51>
			<y51>77</y51>
			<x52>103</x52>
			<y52>77</y52>
			<x53>107</x53>
			<y53>75</y53>
			<x54>114</x54>
			<y54>75</y54>
			<x55>115</x55>
			<y55>74</y55>
			<x56>130</x56>
			<y56>74</y56>
		</polygon>
	</object>
	<metadata>
	</metadata>
</annotation>
