<annotation>
	<folder></folder>
	<filename>IMG_8407_jpeg.rf.aa69ab19874408099477aa066a8664e3.jpg</filename>
	<path>IMG_8407_jpeg.rf.aa69ab19874408099477aa066a8664e3.jpg</path>
	<source>
		<database>roboflow.com</database>
	</source>
	<size>
		<width>320</width>
		<height>320</height>
		<depth>3</depth>
	</size>
	<segmented>0</segmented>
	<object>
		<name>fish</name>
		<pose>Unspecified</pose>
		<truncated>0</truncated>
		<difficult>0</difficult>
		<occluded>0</occluded>
		<bndbox>
			<xmin>136</xmin>
			<xmax>175</xmax>
			<ymin>159</ymin>
			<ymax>208</ymax>
		</bndbox>
		<polygon>
			<x1>144</x1>
			<y1>160</y1>
			<x2>147</x2>
			<y2>160</y2>
			<x3>149</x3>
			<y3>158</y3>
			<x4>150</x4>
			<y4>158</y4>
			<x5>152</x5>
			<y5>160</y5>
			<x6>155</x6>
			<y6>160</y6>
			<x7>158</x7>
			<y7>163</y7>
			<x8>157</x8>
			<y8>165</y8>
			<x9>158</x9>
			<y9>166</y9>
			<x10>156</x10>
			<y10>167</y10>
			<x11>153</x11>
			<y11>170</y11>
			<x12>155</x12>
			<y12>172</y12>
			<x13>156</x13>
			<y13>172</y13>
			<x14>156</x14>
			<y14>176</y14>
			<x15>158</x15>
			<y15>178</y15>
			<x16>158</x16>
			<y16>179</y16>
			<x17>159</x17>
			<y17>180</y17>
			<x18>162</x18>
			<y18>179</y18>
			<x19>162</x19>
			<y19>183</y19>
			<x20>164</x20>
			<y20>187</y20>
			<x21>165</x21>
			<y21>188</y21>
			<x22>166</x22>
			<y22>186</y22>
			<x23>167</x23>
			<y23>186</y23>
			<x24>169</x24>
			<y24>188</y24>
			<x25>173</x25>
			<y25>196</y25>
			<x26>173</x26>
			<y26>198</y26>
			<x27>174</x27>
			<y27>199</y27>
			<x28>174</x28>
			<y28>202</y28>
			<x29>173</x29>
			<y29>204</y29>
			<x30>169</x30>
			<y30>204</y30>
			<x31>168</x31>
			<y31>206</y31>
			<x32>164</x32>
			<y32>206</y32>
			<x33>163</x33>
			<y33>205</y33>
			<x34>158</x34>
			<y34>204</y34>
			<x35>152</x35>
			<y35>201</y35>
			<x36>148</x36>
			<y36>198</y36>
			<x37>143</x37>
			<y37>198</y37>
			<x38>142</x38>
			<y38>197</y38>
			<x39>144</x39>
			<y39>197</y39>
			<x40>146</x40>
			<y40>195</y40>
			<x41>147</x41>
			<y41>195</y41>
			<x42>148</x42>
			<y42>194</y42>
			<x43>147</x43>
			<y43>193</y43>
			<x44>139</x44>
			<y44>193</y44>
			<x45>138</x45>
			<y45>192</y45>
			<x46>136</x46>
			<y46>192</y46>
			<x47>136</x47>
			<y47>191</y47>
			<x48>142</x48>
			<y48>191</y48>
			<x49>143</x49>
			<y49>190</y49>
			<x50>145</x50>
			<y50>190</y50>
			<x51>147</x51>
			<y51>188</y51>
			<x52>146</x52>
			<y52>186</y52>
			<x53>141</x53>
			<y53>186</y53>
			<x54>140</x54>
			<y54>185</y54>
			<x55>137</x55>
			<y55>185</y55>
			<x56>139</x56>
			<y56>185</y56>
			<x57>140</x57>
			<y57>184</y57>
			<x58>144</x58>
			<y58>184</y58>
			<x59>148</x59>
			<y59>181</y59>
			<x60>148</x60>
			<y60>179</y60>
			<x61>147</x61>
			<y61>178</y61>
			<x62>143</x62>
			<y62>178</y62>
			<x63>141</x63>
			<y63>177</y63>
			<x64>142</x64>
			<y64>176</y64>
			<x65>145</x65>
			<y65>176</y65>
			<x66>146</x66>
			<y66>175</y66>
			<x67>144</x67>
			<y67>171</y67>
			<x68>146</x68>
			<y68>171</y68>
			<x69>147</x69>
			<y69>170</y69>
			<x70>147</x70>
			<y70>168</y70>
			<x71>145</x71>
			<y71>166</y71>
			<x72>144</x72>
			<y72>161</y72>
		</polygon>
	</object>
	<metadata>
	</metadata>
</annotation>
