<annotation>
	<folder></folder>
	<filename>IMG_8287_jpeg.rf.3d3513eff0ecd169518baae551e11e2f.jpg</filename>
	<path>IMG_8287_jpeg.rf.3d3513eff0ecd169518baae551e11e2f.jpg</path>
	<source>
		<database>roboflow.com</database>
	</source>
	<size>
		<width>320</width>
		<height>320</height>
		<depth>3</depth>
	</size>
	<segmented>0</segmented>
	<object>
		<name>Watermelon rind</name>
		<pose>Unspecified</pose>
		<truncated>0</truncated>
		<difficult>0</difficult>
		<occluded>0</occluded>
		<bndbox>
			<xmin>148</xmin>
			<xmax>197</xmax>
			<ymin>144</ymin>
			<ymax>183</ymax>
		</bndbox>
		<polygon>
			<x1>191</x1>
			<y1>144</y1>
			<x2>194</x2>
			<y2>147</y2>
			<x3>195</x3>
			<y3>149</y3>
			<x4>195</x4>
			<y4>151</y4>
			<x5>196</x5>
			<y5>152</y5>
			<x6>196</x6>
			<y6>156</y6>
			<x7>195</x7>
			<y7>157</y7>
			<x8>195</x8>
			<y8>159</y8>
			<x9>193</x9>
			<y9>163</y9>
			<x10>184</x10>
			<y10>172</y10>
			<x11>183</x11>
			<y11>172</y11>
			<x12>178</x12>
			<y12>176</y12>
			<x13>172</x13>
			<y13>179</y13>
			<x14>167</x14>
			<y14>180</y14>
			<x15>166</x15>
			<y15>181</y15>
			<x16>154</x16>
			<y16>181</y16>
			<x17>153</x17>
			<y17>180</y17>
			<x18>151</x18>
			<y18>180</y18>
			<x19>149</x19>
			<y19>179</y19>
			<x20>148</x20>
			<y20>177</y20>
			<x21>150</x21>
			<y21>175</y21>
			<x22>152</x22>
			<y22>176</y22>
			<x23>156</x23>
			<y23>176</y23>
			<x24>157</x24>
			<y24>175</y24>
			<x25>164</x25>
			<y25>175</y25>
			<x26>166</x26>
			<y26>174</y26>
			<x27>169</x27>
			<y27>170</y27>
			<x28>176</x28>
			<y28>170</y28>
			<x29>181</x29>
			<y29>165</y29>
			<x30>181</x30>
			<y30>163</y30>
			<x31>183</x31>
			<y31>162</y31>
			<x32>190</x32>
			<y32>154</y32>
			<x33>190</x33>
			<y33>152</y33>
			<x34>187</x34>
			<y34>149</y34>
			<x35>186</x35>
			<y35>149</y35>
			<x36>186</x36>
			<y36>147</y36>
			<x37>189</x37>
			<y37>144</y37>
			<x38>190</x38>
			<y38>144</y38>
		</polygon>
	</object>
	<object>
		<name>Watermelon rind</name>
		<pose>Unspecified</pose>
		<truncated>0</truncated>
		<difficult>0</difficult>
		<occluded>0</occluded>
		<bndbox>
			<xmin>123</xmin>
			<xmax>199</xmax>
			<ymin>178</ymin>
			<ymax>201</ymax>
		</bndbox>
		<polygon>
			<x1>124</x1>
			<y1>177</y1>
			<x2>125</x2>
			<y2>178</y2>
			<x3>130</x3>
			<y3>178</y3>
			<x4>132</x4>
			<y4>179</y4>
			<x5>133</x5>
			<y5>180</y5>
			<x6>132</x6>
			<y6>182</y6>
			<x7>132</x7>
			<y7>185</y7>
			<x8>136</x8>
			<y8>189</y8>
			<x9>143</x9>
			<y9>189</y9>
			<x10>144</x10>
			<y10>190</y10>
			<x11>150</x11>
			<y11>190</y11>
			<x12>151</x12>
			<y12>189</y12>
			<x13>153</x13>
			<y13>189</y13>
			<x14>153</x14>
			<y14>190</y14>
			<x15>155</x15>
			<y15>192</y15>
			<x16>165</x16>
			<y16>192</y16>
			<x17>167</x17>
			<y17>191</y17>
			<x18>171</x18>
			<y18>187</y18>
			<x19>173</x19>
			<y19>187</y19>
			<x20>177</x20>
			<y20>189</y20>
			<x21>180</x21>
			<y21>189</y21>
			<x22>184</x22>
			<y22>185</y22>
			<x23>189</x23>
			<y23>183</y23>
			<x24>193</x24>
			<y24>179</y24>
			<x25>197</x25>
			<y25>179</y25>
			<x26>197</x26>
			<y26>184</y26>
			<x27>195</x27>
			<y27>186</y27>
			<x28>195</x28>
			<y28>187</y28>
			<x29>191</x29>
			<y29>191</y29>
			<x30>190</x30>
			<y30>191</y30>
			<x31>185</x31>
			<y31>195</y31>
			<x32>183</x32>
			<y32>196</y32>
			<x33>180</x33>
			<y33>196</y33>
			<x34>176</x34>
			<y34>198</y34>
			<x35>173</x35>
			<y35>198</y35>
			<x36>172</x36>
			<y36>199</y36>
			<x37>163</x37>
			<y37>199</y37>
			<x38>162</x38>
			<y38>200</y38>
			<x39>149</x39>
			<y39>200</y39>
			<x40>148</x40>
			<y40>199</y40>
			<x41>142</x41>
			<y41>199</y41>
			<x42>141</x42>
			<y42>198</y42>
			<x43>138</x43>
			<y43>198</y43>
			<x44>137</x44>
			<y44>197</y44>
			<x45>135</x45>
			<y45>197</y45>
			<x46>129</x46>
			<y46>194</y46>
			<x47>125</x47>
			<y47>190</y47>
			<x48>123</x48>
			<y48>186</y48>
			<x49>123</x49>
			<y49>183</y49>
			<x50>122</x50>
			<y50>182</y50>
			<x51>122</x51>
			<y51>179</y51>
			<x52>123</x52>
			<y52>178</y52>
		</polygon>
	</object>
	<metadata>
	</metadata>
</annotation>
