<annotation>
	<folder></folder>
	<filename>IMG_8448_jpeg.rf.355d9db250c4e9316fdf7f947545d3e3.jpg</filename>
	<path>IMG_8448_jpeg.rf.355d9db250c4e9316fdf7f947545d3e3.jpg</path>
	<source>
		<database>roboflow.com</database>
	</source>
	<size>
		<width>320</width>
		<height>320</height>
		<depth>3</depth>
	</size>
	<segmented>0</segmented>
	<object>
		<name>fish</name>
		<pose>Unspecified</pose>
		<truncated>0</truncated>
		<difficult>0</difficult>
		<occluded>0</occluded>
		<bndbox>
			<xmin>150</xmin>
			<xmax>182</xmax>
			<ymin>172</ymin>
			<ymax>221</ymax>
		</bndbox>
		<polygon>
			<x1>166</x1>
			<y1>182</y1>
			<x2>166</x2>
			<y2>183</y2>
			<x3>168</x3>
			<y3>185</y3>
			<x4>169</x4>
			<y4>184</y4>
			<x5>171</x5>
			<y5>186</y5>
			<x6>172</x6>
			<y6>186</y6>
			<x7>173</x7>
			<y7>185</y7>
			<x8>172</x8>
			<y8>184</y8>
			<x9>174</x9>
			<y9>186</y9>
			<x10>175</x10>
			<y10>186</y10>
			<x11>169</x11>
			<y11>186</y11>
			<x12>168</x12>
			<y12>187</y12>
			<x13>168</x13>
			<y13>189</y13>
			<x14>169</x14>
			<y14>190</y14>
			<x15>168</x15>
			<y15>192</y15>
			<x16>169</x16>
			<y16>193</y16>
			<x17>168</x17>
			<y17>194</y17>
			<x18>169</x18>
			<y18>195</y18>
			<x19>168</x19>
			<y19>196</y19>
			<x20>169</x20>
			<y20>197</y20>
			<x21>171</x21>
			<y21>197</y21>
			<x22>176</x22>
			<y22>194</y22>
			<x23>178</x23>
			<y23>194</y23>
			<x24>174</x24>
			<y24>198</y24>
			<x25>176</x25>
			<y25>200</y25>
			<x26>175</x26>
			<y26>201</y26>
			<x27>175</x27>
			<y27>205</y27>
			<x28>169</x28>
			<y28>208</y28>
			<x29>166</x29>
			<y29>208</y29>
			<x30>162</x30>
			<y30>211</y30>
			<x31>162</x31>
			<y31>213</y31>
			<x32>164</x32>
			<y32>214</y32>
			<x33>164</x33>
			<y33>215</y33>
			<x34>166</x34>
			<y34>216</y34>
			<x35>167</x35>
			<y35>218</y35>
			<x36>169</x36>
			<y36>218</y36>
			<x37>169</x37>
			<y37>219</y37>
			<x38>167</x38>
			<y38>219</y38>
			<x39>159</x39>
			<y39>211</y39>
			<x40>159</x40>
			<y40>209</y40>
			<x41>158</x41>
			<y41>208</y41>
			<x42>152</x42>
			<y42>205</y42>
			<x43>157</x43>
			<y43>205</y43>
			<x44>158</x44>
			<y44>204</y44>
			<x45>159</x45>
			<y45>205</y45>
			<x46>162</x46>
			<y46>205</y46>
			<x47>164</x47>
			<y47>203</y47>
			<x48>163</x48>
			<y48>202</y48>
			<x49>157</x49>
			<y49>202</y49>
			<x50>156</x50>
			<y50>201</y50>
			<x51>151</x51>
			<y51>200</y51>
			<x52>149</x52>
			<y52>198</y52>
			<x53>151</x53>
			<y53>198</y53>
			<x54>152</x54>
			<y54>199</y54>
			<x55>161</x55>
			<y55>199</y55>
			<x56>163</x56>
			<y56>198</y56>
			<x57>164</x57>
			<y57>197</y57>
			<x58>163</x58>
			<y58>195</y58>
			<x59>159</x59>
			<y59>195</y59>
			<x60>158</x60>
			<y60>194</y60>
			<x61>156</x61>
			<y61>194</y61>
			<x62>154</x62>
			<y62>193</y62>
			<x63>154</x63>
			<y63>192</y63>
			<x64>156</x64>
			<y64>193</y64>
			<x65>160</x65>
			<y65>193</y65>
			<x66>161</x66>
			<y66>194</y66>
			<x67>164</x67>
			<y67>193</y67>
			<x68>166</x68>
			<y68>191</y68>
			<x69>166</x69>
			<y69>189</y69>
			<x70>160</x70>
			<y70>186</y70>
			<x71>162</x71>
			<y71>186</y71>
			<x72>166</x72>
			<y72>189</y72>
			<x73>168</x73>
			<y73>187</y73>
			<x74>166</x74>
			<y74>183</y74>
		</polygon>
	</object>
	<object>
		<name>fish</name>
		<pose>Unspecified</pose>
		<truncated>0</truncated>
		<difficult>0</difficult>
		<occluded>0</occluded>
		<bndbox>
			<xmin>149</xmin>
			<xmax>183</xmax>
			<ymin>172</ymin>
			<ymax>221</ymax>
		</bndbox>
		<polygon>
			<x1>176</x1>
			<y1>171</y1>
			<x2>180</x2>
			<y2>175</y2>
			<x3>181</x3>
			<y3>177</y3>
			<x4>181</x4>
			<y4>179</y4>
			<x5>179</x5>
			<y5>181</y5>
			<x6>176</x6>
			<y6>182</y6>
			<x7>174</x7>
			<y7>184</y7>
			<x8>176</x8>
			<y8>186</y8>
			<x9>174</x9>
			<y9>189</y9>
			<x10>176</x10>
			<y10>191</y10>
			<x11>175</x11>
			<y11>192</y11>
			<x12>176</x12>
			<y12>193</y12>
			<x13>178</x13>
			<y13>193</y13>
			<x14>177</x14>
			<y14>196</y14>
			<x15>175</x15>
			<y15>198</y15>
			<x16>178</x16>
			<y16>201</y16>
			<x17>178</x17>
			<y17>203</y17>
			<x18>179</x18>
			<y18>204</y18>
			<x19>179</x19>
			<y19>212</y19>
			<x20>178</x20>
			<y20>213</y20>
			<x21>178</x21>
			<y21>215</y21>
			<x22>177</x22>
			<y22>217</y22>
			<x23>175</x23>
			<y23>219</y23>
			<x24>174</x24>
			<y24>219</y24>
			<x25>173</x25>
			<y25>217</y25>
			<x26>172</x26>
			<y26>217</y26>
			<x27>169</x27>
			<y27>220</y27>
			<x28>167</x28>
			<y28>219</y28>
			<x29>158</x29>
			<y29>211</y29>
			<x30>158</x30>
			<y30>209</y30>
			<x31>157</x31>
			<y31>208</y31>
			<x32>152</x32>
			<y32>206</y32>
			<x33>153</x33>
			<y33>204</y33>
			<x34>155</x34>
			<y34>205</y34>
			<x35>157</x35>
			<y35>203</y35>
			<x36>149</x36>
			<y36>199</y36>
			<x37>149</x37>
			<y37>198</y37>
			<x38>160</x38>
			<y38>198</y38>
			<x39>161</x39>
			<y39>197</y39>
			<x40>158</x40>
			<y40>195</y40>
			<x41>156</x41>
			<y41>195</y41>
			<x42>153</x42>
			<y42>192</y42>
			<x43>156</x43>
			<y43>192</y43>
			<x44>157</x44>
			<y44>193</y44>
			<x45>162</x45>
			<y45>193</y45>
			<x46>164</x46>
			<y46>190</y46>
			<x47>160</x47>
			<y47>187</y47>
			<x48>160</x48>
			<y48>185</y48>
			<x49>161</x49>
			<y49>186</y49>
			<x50>165</x50>
			<y50>186</y50>
			<x51>166</x51>
			<y51>185</y51>
			<x52>165</x52>
			<y52>184</y52>
			<x53>165</x53>
			<y53>182</y53>
			<x54>168</x54>
			<y54>182</y54>
			<x55>169</x55>
			<y55>181</y55>
			<x56>169</x56>
			<y56>175</y56>
			<x57>170</x57>
			<y57>174</y57>
			<x58>170</x58>
			<y58>172</y58>
			<x59>175</x59>
			<y59>172</y59>
		</polygon>
	</object>
	<metadata>
	</metadata>
</annotation>
