<annotation>
	<folder></folder>
	<filename>IMG_8289_jpeg.rf.c2f733605cefa6366654bf49c53dca58.jpg</filename>
	<path>IMG_8289_jpeg.rf.c2f733605cefa6366654bf49c53dca58.jpg</path>
	<source>
		<database>roboflow.com</database>
	</source>
	<size>
		<width>320</width>
		<height>320</height>
		<depth>3</depth>
	</size>
	<segmented>0</segmented>
	<object>
		<name>Watermelon rind</name>
		<pose>Unspecified</pose>
		<truncated>0</truncated>
		<difficult>0</difficult>
		<occluded>0</occluded>
		<bndbox>
			<xmin>11</xmin>
			<xmax>123</xmax>
			<ymin>167</ymin>
			<ymax>202</ymax>
		</bndbox>
		<polygon>
			<x1>15</x1>
			<y1>166</y1>
			<x2>16</x2>
			<y2>167</y2>
			<x3>22</x3>
			<y3>167</y3>
			<x4>25</x4>
			<y4>169</y4>
			<x5>25</x5>
			<y5>171</y5>
			<x6>24</x6>
			<y6>172</y6>
			<x7>23</x7>
			<y7>177</y7>
			<x8>26</x8>
			<y8>181</y8>
			<x9>28</x9>
			<y9>182</y9>
			<x10>35</x10>
			<y10>182</y10>
			<x11>38</x11>
			<y11>184</y11>
			<x12>40</x12>
			<y12>184</y12>
			<x13>41</x13>
			<y13>185</y13>
			<x14>44</x14>
			<y14>185</y14>
			<x15>45</x15>
			<y15>186</y15>
			<x16>46</x16>
			<y16>185</y16>
			<x17>49</x17>
			<y17>185</y17>
			<x18>50</x18>
			<y18>184</y18>
			<x19>54</x19>
			<y19>188</y19>
			<x20>56</x20>
			<y20>189</y20>
			<x21>59</x21>
			<y21>189</y21>
			<x22>60</x22>
			<y22>190</y22>
			<x23>69</x23>
			<y23>190</y23>
			<x24>70</x24>
			<y24>189</y24>
			<x25>72</x25>
			<y25>189</y25>
			<x26>76</x26>
			<y26>185</y26>
			<x27>78</x27>
			<y27>184</y27>
			<x28>81</x28>
			<y28>184</y28>
			<x29>82</x29>
			<y29>185</y29>
			<x30>84</x30>
			<y30>185</y30>
			<x31>88</x31>
			<y31>187</y31>
			<x32>92</x32>
			<y32>187</y32>
			<x33>96</x33>
			<y33>185</y33>
			<x34>99</x34>
			<y34>182</y34>
			<x35>101</x35>
			<y35>181</y35>
			<x36>104</x36>
			<y36>181</y36>
			<x37>105</x37>
			<y37>180</y37>
			<x38>107</x38>
			<y38>180</y38>
			<x39>112</x39>
			<y39>175</y39>
			<x40>114</x40>
			<y40>174</y40>
			<x41>120</x41>
			<y41>174</y41>
			<x42>121</x42>
			<y42>175</y42>
			<x43>121</x43>
			<y43>178</y43>
			<x44>118</x44>
			<y44>184</y44>
			<x45>112</x45>
			<y45>190</y45>
			<x46>111</x46>
			<y46>190</y46>
			<x47>109</x47>
			<y47>192</y47>
			<x48>101</x48>
			<y48>196</y48>
			<x49>99</x49>
			<y49>196</y49>
			<x50>98</x50>
			<y50>197</y50>
			<x51>95</x51>
			<y51>197</y51>
			<x52>94</x52>
			<y52>198</y52>
			<x53>91</x53>
			<y53>198</y53>
			<x54>90</x54>
			<y54>199</y54>
			<x55>85</x55>
			<y55>199</y55>
			<x56>84</x56>
			<y56>200</y56>
			<x57>54</x57>
			<y57>200</y57>
			<x58>53</x58>
			<y58>199</y58>
			<x59>47</x59>
			<y59>199</y59>
			<x60>46</x60>
			<y60>198</y60>
			<x61>41</x61>
			<y61>198</y61>
			<x62>37</x62>
			<y62>196</y62>
			<x63>34</x63>
			<y63>196</y63>
			<x64>33</x64>
			<y64>195</y64>
			<x65>28</x65>
			<y65>194</y65>
			<x66>22</x66>
			<y66>191</y66>
			<x67>19</x67>
			<y67>188</y67>
			<x68>18</x68>
			<y68>188</y68>
			<x69>13</x69>
			<y69>182</y69>
			<x70>12</x70>
			<y70>180</y70>
			<x71>12</x71>
			<y71>178</y71>
			<x72>11</x72>
			<y72>177</y72>
			<x73>11</x73>
			<y73>168</y73>
			<x74>13</x74>
			<y74>166</y74>
			<x75>14</x75>
			<y75>166</y75>
		</polygon>
	</object>
	<object>
		<name>Watermelon rind</name>
		<pose>Unspecified</pose>
		<truncated>0</truncated>
		<difficult>0</difficult>
		<occluded>0</occluded>
		<bndbox>
			<xmin>46</xmin>
			<xmax>123</xmax>
			<ymin>126</ymin>
			<ymax>176</ymax>
		</bndbox>
		<polygon>
			<x1>114</x1>
			<y1>126</y1>
			<x2>118</x2>
			<y2>130</y2>
			<x3>118</x3>
			<y3>131</y3>
			<x4>121</x4>
			<y4>135</y4>
			<x5>121</x5>
			<y5>142</y5>
			<x6>118</x6>
			<y6>148</y6>
			<x7>116</x7>
			<y7>150</y7>
			<x8>116</x8>
			<y8>151</y8>
			<x9>111</x9>
			<y9>156</y9>
			<x10>110</x10>
			<y10>156</y10>
			<x11>107</x11>
			<y11>159</y11>
			<x12>106</x12>
			<y12>159</y12>
			<x13>103</x13>
			<y13>162</y13>
			<x14>100</x14>
			<y14>163</y14>
			<x15>98</x15>
			<y15>165</y15>
			<x16>88</x16>
			<y16>170</y16>
			<x17>83</x17>
			<y17>171</y17>
			<x18>80</x18>
			<y18>173</y18>
			<x19>77</x19>
			<y19>173</y19>
			<x20>76</x20>
			<y20>174</y20>
			<x21>69</x21>
			<y21>174</y21>
			<x22>68</x22>
			<y22>175</y22>
			<x23>63</x23>
			<y23>175</y23>
			<x24>62</x24>
			<y24>174</y24>
			<x25>56</x25>
			<y25>174</y25>
			<x26>55</x26>
			<y26>173</y26>
			<x27>53</x27>
			<y27>173</y27>
			<x28>47</x28>
			<y28>170</y28>
			<x29>46</x29>
			<y29>169</y29>
			<x30>46</x30>
			<y30>167</y30>
			<x31>50</x31>
			<y31>165</y31>
			<x32>52</x32>
			<y32>166</y32>
			<x33>54</x33>
			<y33>166</y33>
			<x34>55</x34>
			<y34>167</y34>
			<x35>57</x35>
			<y35>167</y35>
			<x36>58</x36>
			<y36>166</y36>
			<x37>71</x37>
			<y37>166</y37>
			<x38>73</x38>
			<y38>165</y38>
			<x39>76</x39>
			<y39>162</y39>
			<x40>77</x40>
			<y40>160</y40>
			<x41>82</x41>
			<y41>160</y41>
			<x42>83</x42>
			<y42>161</y42>
			<x43>86</x43>
			<y43>161</y43>
			<x44>87</x44>
			<y44>160</y44>
			<x45>89</x45>
			<y45>160</y45>
			<x46>91</x46>
			<y46>159</y46>
			<x47>96</x47>
			<y47>155</y47>
			<x48>97</x48>
			<y48>153</y48>
			<x49>97</x49>
			<y49>151</y49>
			<x50>98</x50>
			<y50>150</y50>
			<x51>100</x51>
			<y51>150</y51>
			<x52>102</x52>
			<y52>149</y52>
			<x53>105</x53>
			<y53>146</y53>
			<x54>105</x54>
			<y54>145</y54>
			<x55>112</x55>
			<y55>139</y55>
			<x56>111</x56>
			<y56>136</y56>
			<x57>109</x57>
			<y57>134</y57>
			<x58>106</x58>
			<y58>133</y58>
			<x59>106</x59>
			<y59>131</y59>
			<x60>110</x60>
			<y60>127</y60>
			<x61>113</x61>
			<y61>126</y61>
		</polygon>
	</object>
	<metadata>
	</metadata>
</annotation>
