<annotation>
	<folder></folder>
	<filename>IMG_8226_jpeg.rf.f0ffe0ca67c483a6cd7b3910e3e044a6.jpg</filename>
	<path>IMG_8226_jpeg.rf.f0ffe0ca67c483a6cd7b3910e3e044a6.jpg</path>
	<source>
		<database>roboflow.com</database>
	</source>
	<size>
		<width>320</width>
		<height>320</height>
		<depth>3</depth>
	</size>
	<segmented>0</segmented>
	<object>
		<name>Watermelon rind</name>
		<pose>Unspecified</pose>
		<truncated>0</truncated>
		<difficult>0</difficult>
		<occluded>0</occluded>
		<bndbox>
			<xmin>136</xmin>
			<xmax>164</xmax>
			<ymin>187</ymin>
			<ymax>247</ymax>
		</bndbox>
		<polygon>
			<x1>162</x1>
			<y1>186</y1>
			<x2>162</x2>
			<y2>192</y2>
			<x3>161</x3>
			<y3>193</y3>
			<x4>159</x4>
			<y4>194</y4>
			<x5>157</x5>
			<y5>193</y5>
			<x6>154</x6>
			<y6>193</y6>
			<x7>150</x7>
			<y7>196</y7>
			<x8>149</x8>
			<y8>198</y8>
			<x9>149</x9>
			<y9>202</y9>
			<x10>147</x10>
			<y10>206</y10>
			<x11>148</x11>
			<y11>207</y11>
			<x12>148</x12>
			<y12>209</y12>
			<x13>145</x13>
			<y13>212</y13>
			<x14>145</x14>
			<y14>219</y14>
			<x15>151</x15>
			<y15>224</y15>
			<x16>149</x16>
			<y16>230</y16>
			<x17>153</x17>
			<y17>234</y17>
			<x18>154</x18>
			<y18>234</y18>
			<x19>159</x19>
			<y19>240</y19>
			<x20>161</x20>
			<y20>240</y20>
			<x21>162</x21>
			<y21>241</y21>
			<x22>162</x22>
			<y22>245</y22>
			<x23>157</x23>
			<y23>245</y23>
			<x24>156</x24>
			<y24>244</y24>
			<x25>153</x25>
			<y25>244</y25>
			<x26>147</x26>
			<y26>241</y26>
			<x27>142</x27>
			<y27>236</y27>
			<x28>142</x28>
			<y28>235</y28>
			<x29>140</x29>
			<y29>233</y29>
			<x30>138</x30>
			<y30>229</y30>
			<x31>137</x31>
			<y31>224</y31>
			<x32>136</x32>
			<y32>223</y32>
			<x33>136</x33>
			<y33>204</y33>
			<x34>137</x34>
			<y34>203</y34>
			<x35>138</x35>
			<y35>198</y35>
			<x36>140</x36>
			<y36>196</y36>
			<x37>140</x37>
			<y37>195</y37>
			<x38>145</x38>
			<y38>190</y38>
			<x39>149</x39>
			<y39>188</y39>
			<x40>151</x40>
			<y40>188</y40>
			<x41>152</x41>
			<y41>187</y41>
			<x42>155</x42>
			<y42>187</y42>
			<x43>156</x43>
			<y43>186</y43>
			<x44>161</x44>
			<y44>186</y44>
		</polygon>
	</object>
	<object>
		<name>Watermelon rind</name>
		<pose>Unspecified</pose>
		<truncated>0</truncated>
		<difficult>0</difficult>
		<occluded>0</occluded>
		<bndbox>
			<xmin>159</xmin>
			<xmax>210</xmax>
			<ymin>206</ymin>
			<ymax>245</ymax>
		</bndbox>
		<polygon>
			<x1>158</x1>
			<y1>213</y1>
			<x2>159</x2>
			<y2>212</y2>
			<x3>159</x3>
			<y3>210</y3>
			<x4>160</x4>
			<y4>208</y4>
			<x5>163</x5>
			<y5>205</y5>
			<x6>164</x6>
			<y6>205</y6>
			<x7>166</x7>
			<y7>207</y7>
			<x8>165</x8>
			<y8>208</y8>
			<x9>165</x9>
			<y9>211</y9>
			<x10>166</x10>
			<y10>212</y10>
			<x11>166</x11>
			<y11>216</y11>
			<x12>167</x12>
			<y12>218</y12>
			<x13>169</x13>
			<y13>220</y13>
			<x14>171</x14>
			<y14>221</y14>
			<x15>173</x15>
			<y15>221</y15>
			<x16>173</x16>
			<y16>226</y16>
			<x17>177</x17>
			<y17>230</y17>
			<x18>179</x18>
			<y18>231</y18>
			<x19>183</x19>
			<y19>231</y19>
			<x20>185</x20>
			<y20>234</y20>
			<x21>187</x21>
			<y21>235</y21>
			<x22>190</x22>
			<y22>235</y22>
			<x23>194</x23>
			<y23>238</y23>
			<x24>197</x24>
			<y24>238</y24>
			<x25>200</x25>
			<y25>235</y25>
			<x26>205</x26>
			<y26>235</y26>
			<x27>208</x27>
			<y27>238</y27>
			<x28>206</x28>
			<y28>240</y28>
			<x29>202</x29>
			<y29>242</y29>
			<x30>199</x30>
			<y30>242</y30>
			<x31>198</x31>
			<y31>243</y31>
			<x32>191</x32>
			<y32>243</y32>
			<x33>187</x33>
			<y33>241</y33>
			<x34>184</x34>
			<y34>241</y34>
			<x35>180</x35>
			<y35>238</y35>
			<x36>178</x36>
			<y36>238</y36>
			<x37>174</x37>
			<y37>236</y37>
			<x38>163</x38>
			<y38>226</y38>
			<x39>163</x39>
			<y39>225</y39>
			<x40>160</x40>
			<y40>221</y40>
			<x41>160</x41>
			<y41>219</y41>
			<x42>159</x42>
			<y42>218</y42>
			<x43>159</x43>
			<y43>214</y43>
		</polygon>
	</object>
	<metadata>
	</metadata>
</annotation>
