<annotation>
	<folder></folder>
	<filename>IMG_8299_jpeg.rf.4c74aa0b76c986e64c6b487a0eb31d15.jpg</filename>
	<path>IMG_8299_jpeg.rf.4c74aa0b76c986e64c6b487a0eb31d15.jpg</path>
	<source>
		<database>roboflow.com</database>
	</source>
	<size>
		<width>320</width>
		<height>320</height>
		<depth>3</depth>
	</size>
	<segmented>0</segmented>
	<object>
		<name>Watermelon rind</name>
		<pose>Unspecified</pose>
		<truncated>0</truncated>
		<difficult>0</difficult>
		<occluded>0</occluded>
		<bndbox>
			<xmin>141</xmin>
			<xmax>179</xmax>
			<ymin>98</ymin>
			<ymax>150</ymax>
		</bndbox>
		<polygon>
			<x1>177</x1>
			<y1>97</y1>
			<x2>177</x2>
			<y2>99</y2>
			<x3>176</x3>
			<y3>100</y3>
			<x4>174</x4>
			<y4>101</y4>
			<x5>172</x5>
			<y5>101</y5>
			<x6>168</x6>
			<y6>104</y6>
			<x7>163</x7>
			<y7>106</y7>
			<x8>161</x8>
			<y8>108</y8>
			<x9>161</x9>
			<y9>112</y9>
			<x10>159</x10>
			<y10>114</y10>
			<x11>156</x11>
			<y11>115</y11>
			<x12>152</x12>
			<y12>119</y12>
			<x13>152</x13>
			<y13>121</y13>
			<x14>151</x14>
			<y14>122</y14>
			<x15>154</x15>
			<y15>126</y15>
			<x16>151</x16>
			<y16>129</y16>
			<x17>151</x17>
			<y17>131</y17>
			<x18>152</x18>
			<y18>132</y18>
			<x19>152</x19>
			<y19>134</y19>
			<x20>151</x20>
			<y20>135</y20>
			<x21>151</x21>
			<y21>138</y21>
			<x22>155</x22>
			<y22>141</y22>
			<x23>157</x23>
			<y23>141</y23>
			<x24>159</x24>
			<y24>140</y24>
			<x25>162</x25>
			<y25>142</y25>
			<x26>162</x26>
			<y26>144</y26>
			<x27>160</x27>
			<y27>148</y27>
			<x28>155</x28>
			<y28>148</y28>
			<x29>154</x29>
			<y29>147</y29>
			<x30>149</x30>
			<y30>146</y30>
			<x31>147</x31>
			<y31>145</y31>
			<x32>142</x32>
			<y32>140</y32>
			<x33>141</x33>
			<y33>138</y33>
			<x34>141</x34>
			<y34>135</y34>
			<x35>140</x35>
			<y35>134</y35>
			<x36>140</x36>
			<y36>128</y36>
			<x37>141</x37>
			<y37>127</y37>
			<x38>141</x38>
			<y38>124</y38>
			<x39>142</x39>
			<y39>123</y39>
			<x40>142</x40>
			<y40>121</y40>
			<x41>144</x41>
			<y41>118</y41>
			<x42>144</x42>
			<y42>116</y42>
			<x43>145</x43>
			<y43>114</y43>
			<x44>154</x44>
			<y44>104</y44>
			<x45>155</x45>
			<y45>104</y45>
			<x46>157</x46>
			<y46>102</y46>
			<x47>163</x47>
			<y47>99</y47>
			<x48>165</x48>
			<y48>99</y48>
			<x49>169</x49>
			<y49>97</y49>
			<x50>176</x50>
			<y50>97</y50>
		</polygon>
	</object>
	<object>
		<name>Watermelon rind</name>
		<pose>Unspecified</pose>
		<truncated>0</truncated>
		<difficult>0</difficult>
		<occluded>0</occluded>
		<bndbox>
			<xmin>120</xmin>
			<xmax>205</xmax>
			<ymin>79</ymin>
			<ymax>149</ymax>
		</bndbox>
		<polygon>
			<x1>191</x1>
			<y1>78</y1>
			<x2>192</x2>
			<y2>79</y2>
			<x3>197</x3>
			<y3>80</y3>
			<x4>203</x4>
			<y4>84</y4>
			<x5>197</x5>
			<y5>87</y5>
			<x6>190</x6>
			<y6>88</y6>
			<x7>187</x7>
			<y7>84</y7>
			<x8>182</x8>
			<y8>83</y8>
			<x9>181</x9>
			<y9>84</y9>
			<x10>178</x10>
			<y10>84</y10>
			<x11>176</x11>
			<y11>86</y11>
			<x12>174</x12>
			<y12>86</y12>
			<x13>173</x13>
			<y13>87</y13>
			<x14>168</x14>
			<y14>87</y14>
			<x15>162</x15>
			<y15>91</y15>
			<x16>155</x16>
			<y16>91</y16>
			<x17>149</x17>
			<y17>94</y17>
			<x18>145</x18>
			<y18>98</y18>
			<x19>145</x19>
			<y19>100</y19>
			<x20>143</x20>
			<y20>102</y20>
			<x21>141</x21>
			<y21>103</y21>
			<x22>139</x22>
			<y22>103</y22>
			<x23>138</x23>
			<y23>104</y23>
			<x24>136</x24>
			<y24>104</y24>
			<x25>133</x25>
			<y25>107</y25>
			<x26>131</x26>
			<y26>112</y26>
			<x27>128</x27>
			<y27>115</y27>
			<x28>128</x28>
			<y28>117</y28>
			<x29>127</x29>
			<y29>119</y29>
			<x30>125</x30>
			<y30>121</y30>
			<x31>123</x31>
			<y31>121</y31>
			<x32>122</x32>
			<y32>122</y32>
			<x33>120</x33>
			<y33>121</y33>
			<x34>120</x34>
			<y34>119</y34>
			<x35>119</x35>
			<y35>118</y35>
			<x36>119</x36>
			<y36>111</y36>
			<x37>121</x37>
			<y37>107</y37>
			<x38>123</x38>
			<y38>105</y38>
			<x39>123</x39>
			<y39>104</y39>
			<x40>129</x40>
			<y40>98</y40>
			<x41>130</x41>
			<y41>98</y41>
			<x42>138</x42>
			<y42>92</y42>
			<x43>143</x43>
			<y43>90</y43>
			<x44>145</x44>
			<y44>88</y44>
			<x45>151</x45>
			<y45>85</y45>
			<x46>153</x46>
			<y46>85</y46>
			<x47>154</x47>
			<y47>84</y47>
			<x48>156</x48>
			<y48>84</y48>
			<x49>157</x49>
			<y49>83</y49>
			<x50>159</x50>
			<y50>83</y50>
			<x51>160</x51>
			<y51>82</y51>
			<x52>162</x52>
			<y52>82</y52>
			<x53>163</x53>
			<y53>81</y53>
			<x54>165</x54>
			<y54>81</y54>
			<x55>169</x55>
			<y55>79</y55>
			<x56>174</x56>
			<y56>79</y56>
			<x57>175</x57>
			<y57>78</y57>
			<x58>190</x58>
			<y58>78</y58>
		</polygon>
	</object>
	<metadata>
	</metadata>
</annotation>
