<annotation>
	<folder></folder>
	<filename>IMG_8413_jpeg.rf.b961d2f20baeb0d18d25c2d799db18d1.jpg</filename>
	<path>IMG_8413_jpeg.rf.b961d2f20baeb0d18d25c2d799db18d1.jpg</path>
	<source>
		<database>roboflow.com</database>
	</source>
	<size>
		<width>320</width>
		<height>320</height>
		<depth>3</depth>
	</size>
	<segmented>0</segmented>
	<object>
		<name>fish</name>
		<pose>Unspecified</pose>
		<truncated>0</truncated>
		<difficult>0</difficult>
		<occluded>0</occluded>
		<bndbox>
			<xmin>102</xmin>
			<xmax>165</xmax>
			<ymin>139</ymin>
			<ymax>170</ymax>
		</bndbox>
		<polygon>
			<x1>118</x1>
			<y1>139</y1>
			<x2>119</x2>
			<y2>139</y2>
			<x3>120</x3>
			<y3>141</y3>
			<x4>120</x4>
			<y4>143</y4>
			<x5>125</x5>
			<y5>149</y5>
			<x6>127</x6>
			<y6>147</y6>
			<x7>127</x7>
			<y7>140</y7>
			<x8>128</x8>
			<y8>139</y8>
			<x9>129</x9>
			<y9>141</y9>
			<x10>129</x10>
			<y10>143</y10>
			<x11>132</x11>
			<y11>147</y11>
			<x12>135</x12>
			<y12>147</y12>
			<x13>138</x13>
			<y13>141</y13>
			<x14>139</x14>
			<y14>141</y14>
			<x15>139</x15>
			<y15>143</y15>
			<x16>141</x16>
			<y16>145</y16>
			<x17>144</x17>
			<y17>143</y17>
			<x18>146</x18>
			<y18>143</y18>
			<x19>147</x19>
			<y19>145</y19>
			<x20>149</x20>
			<y20>145</y20>
			<x21>152</x21>
			<y21>143</y21>
			<x22>154</x22>
			<y22>143</y22>
			<x23>158</x23>
			<y23>141</y23>
			<x24>161</x24>
			<y24>141</y24>
			<x25>161</x25>
			<y25>143</y25>
			<x26>163</x26>
			<y26>144</y26>
			<x27>163</x27>
			<y27>146</y27>
			<x28>161</x28>
			<y28>148</y28>
			<x29>161</x29>
			<y29>149</y29>
			<x30>157</x30>
			<y30>152</y30>
			<x31>156</x31>
			<y31>151</y31>
			<x32>153</x32>
			<y32>152</y32>
			<x33>151</x33>
			<y33>150</y33>
			<x34>148</x34>
			<y34>149</y34>
			<x35>145</x35>
			<y35>152</y35>
			<x36>141</x36>
			<y36>152</y36>
			<x37>139</x37>
			<y37>154</y37>
			<x38>138</x38>
			<y38>154</y38>
			<x39>137</x39>
			<y39>155</y39>
			<x40>138</x40>
			<y40>157</y40>
			<x41>132</x41>
			<y41>157</y41>
			<x42>127</x42>
			<y42>163</y42>
			<x43>123</x43>
			<y43>165</y43>
			<x44>121</x44>
			<y44>165</y44>
			<x45>115</x45>
			<y45>168</y45>
			<x46>110</x46>
			<y46>168</y46>
			<x47>109</x47>
			<y47>169</y47>
			<x48>106</x48>
			<y48>169</y48>
			<x49>104</x49>
			<y49>165</y49>
			<x50>101</x50>
			<y50>165</y50>
			<x51>102</x51>
			<y51>164</y51>
			<x52>102</x52>
			<y52>162</y52>
			<x53>106</x53>
			<y53>154</y53>
			<x54>110</x54>
			<y54>150</y54>
			<x55>111</x55>
			<y55>145</y55>
			<x56>112</x56>
			<y56>145</y56>
			<x57>116</x57>
			<y57>150</y57>
			<x58>118</x58>
			<y58>149</y58>
			<x59>118</x59>
			<y59>147</y59>
			<x60>117</x60>
			<y60>146</y60>
			<x61>117</x61>
			<y61>143</y61>
			<x62>118</x62>
			<y62>142</y62>
			<x63>118</x63>
			<y63>140</y63>
		</polygon>
	</object>
	<metadata>
	</metadata>
</annotation>
