<annotation>
	<folder></folder>
	<filename>IMG_8137_jpeg.rf.70fb49f7a603c3f69259d2e41159cd74.jpg</filename>
	<path>IMG_8137_jpeg.rf.70fb49f7a603c3f69259d2e41159cd74.jpg</path>
	<source>
		<database>roboflow.com</database>
	</source>
	<size>
		<width>320</width>
		<height>320</height>
		<depth>3</depth>
	</size>
	<segmented>0</segmented>
	<object>
		<name>Watermelon rind</name>
		<pose>Unspecified</pose>
		<truncated>0</truncated>
		<difficult>0</difficult>
		<occluded>0</occluded>
		<bndbox>
			<xmin>135</xmin>
			<xmax>204</xmax>
			<ymin>184</ymin>
			<ymax>217</ymax>
		</bndbox>
		<polygon>
			<x1>190</x1>
			<y1>184</y1>
			<x2>191</x2>
			<y2>185</y2>
			<x3>194</x3>
			<y3>185</y3>
			<x4>196</x4>
			<y4>186</y4>
			<x5>199</x5>
			<y5>189</y5>
			<x6>200</x6>
			<y6>189</y6>
			<x7>202</x7>
			<y7>191</y7>
			<x8>203</x8>
			<y8>194</y8>
			<x9>200</x9>
			<y9>194</y9>
			<x10>199</x10>
			<y10>195</y10>
			<x11>194</x11>
			<y11>195</y11>
			<x12>193</x12>
			<y12>194</y12>
			<x13>193</x13>
			<y13>192</y13>
			<x14>189</x14>
			<y14>189</y14>
			<x15>186</x15>
			<y15>189</y15>
			<x16>183</x16>
			<y16>191</y16>
			<x17>175</x17>
			<y17>191</y17>
			<x18>173</x18>
			<y18>193</y18>
			<x19>171</x19>
			<y19>193</y19>
			<x20>170</x20>
			<y20>192</y20>
			<x21>166</x21>
			<y21>192</y21>
			<x22>165</x22>
			<y22>193</y22>
			<x23>163</x23>
			<y23>193</y23>
			<x24>158</x24>
			<y24>196</y24>
			<x25>157</x25>
			<y25>198</y25>
			<x26>157</x26>
			<y26>200</y26>
			<x27>155</x27>
			<y27>201</y27>
			<x28>149</x28>
			<y28>201</y28>
			<x29>146</x29>
			<y29>204</y29>
			<x30>146</x30>
			<y30>206</y30>
			<x31>141</x31>
			<y31>211</y31>
			<x32>141</x32>
			<y32>214</y32>
			<x33>138</x33>
			<y33>216</y33>
			<x34>136</x34>
			<y34>216</y34>
			<x35>135</x35>
			<y35>215</y35>
			<x36>134</x36>
			<y36>208</y36>
			<x37>135</x37>
			<y37>207</y37>
			<x38>135</x38>
			<y38>205</y38>
			<x39>136</x39>
			<y39>203</y39>
			<x40>144</x40>
			<y40>195</y40>
			<x41>151</x41>
			<y41>192</y41>
			<x42>153</x42>
			<y42>190</y42>
			<x43>158</x43>
			<y43>189</y43>
			<x44>161</x44>
			<y44>187</y44>
			<x45>163</x45>
			<y45>187</y45>
			<x46>167</x46>
			<y46>185</y46>
			<x47>171</x47>
			<y47>185</y47>
			<x48>172</x48>
			<y48>184</y48>
			<x49>189</x49>
			<y49>184</y49>
		</polygon>
	</object>
	<object>
		<name>Watermelon rind</name>
		<pose>Unspecified</pose>
		<truncated>0</truncated>
		<difficult>0</difficult>
		<occluded>0</occluded>
		<bndbox>
			<xmin>150</xmin>
			<xmax>184</xmax>
			<ymin>201</ymin>
			<ymax>246</ymax>
		</bndbox>
		<polygon>
			<x1>178</x1>
			<y1>200</y1>
			<x2>179</x2>
			<y2>201</y2>
			<x3>182</x3>
			<y3>201</y3>
			<x4>183</x4>
			<y4>202</y4>
			<x5>181</x5>
			<y5>204</y5>
			<x6>177</x6>
			<y6>204</y6>
			<x7>175</x7>
			<y7>206</y7>
			<x8>173</x8>
			<y8>207</y8>
			<x9>171</x9>
			<y9>207</y9>
			<x10>168</x10>
			<y10>210</y10>
			<x11>168</x11>
			<y11>213</y11>
			<x12>165</x12>
			<y12>215</y12>
			<x13>163</x13>
			<y13>215</y13>
			<x14>160</x14>
			<y14>218</y14>
			<x15>159</x15>
			<y15>220</y15>
			<x16>160</x16>
			<y16>225</y16>
			<x17>158</x17>
			<y17>228</y17>
			<x18>158</x18>
			<y18>232</y18>
			<x19>157</x19>
			<y19>233</y19>
			<x20>157</x20>
			<y20>236</y20>
			<x21>159</x21>
			<y21>238</y21>
			<x22>164</x22>
			<y22>239</y22>
			<x23>164</x23>
			<y23>243</y23>
			<x24>163</x24>
			<y24>245</y24>
			<x25>161</x25>
			<y25>244</y25>
			<x26>159</x26>
			<y26>244</y26>
			<x27>155</x27>
			<y27>242</y27>
			<x28>150</x28>
			<y28>236</y28>
			<x29>150</x29>
			<y29>224</y29>
			<x30>156</x30>
			<y30>212</y30>
			<x31>163</x31>
			<y31>205</y31>
			<x32>171</x32>
			<y32>201</y32>
			<x33>175</x33>
			<y33>201</y33>
			<x34>177</x34>
			<y34>200</y34>
		</polygon>
	</object>
	<metadata>
	</metadata>
</annotation>
