<annotation>
	<folder></folder>
	<filename>IMG_8183_jpeg.rf.ef79552df62dcbc4be23bca53b138393.jpg</filename>
	<path>IMG_8183_jpeg.rf.ef79552df62dcbc4be23bca53b138393.jpg</path>
	<source>
		<database>roboflow.com</database>
	</source>
	<size>
		<width>320</width>
		<height>320</height>
		<depth>3</depth>
	</size>
	<segmented>0</segmented>
	<object>
		<name>Watermelon rind</name>
		<pose>Unspecified</pose>
		<truncated>0</truncated>
		<difficult>0</difficult>
		<occluded>0</occluded>
		<bndbox>
			<xmin>67</xmin>
			<xmax>128</xmax>
			<ymin>138</ymin>
			<ymax>162</ymax>
		</bndbox>
		<polygon>
			<x1>88</x1>
			<y1>137</y1>
			<x2>89</x2>
			<y2>138</y2>
			<x3>96</x3>
			<y3>138</y3>
			<x4>97</x4>
			<y4>139</y4>
			<x5>101</x5>
			<y5>139</y5>
			<x6>102</x6>
			<y6>140</y6>
			<x7>105</x7>
			<y7>140</y7>
			<x8>113</x8>
			<y8>144</y8>
			<x9>115</x9>
			<y9>144</y9>
			<x10>117</x10>
			<y10>145</y10>
			<x11>120</x11>
			<y11>148</y11>
			<x12>121</x12>
			<y12>148</y12>
			<x13>125</x13>
			<y13>153</y13>
			<x14>125</x14>
			<y14>155</y14>
			<x15>126</x15>
			<y15>156</y15>
			<x16>126</x16>
			<y16>159</y16>
			<x17>125</x17>
			<y17>161</y17>
			<x18>124</x18>
			<y18>160</y18>
			<x19>121</x19>
			<y19>160</y19>
			<x20>120</x20>
			<y20>157</y20>
			<x21>118</x21>
			<y21>156</y21>
			<x22>113</x22>
			<y22>150</y22>
			<x23>106</x23>
			<y23>150</y23>
			<x24>105</x24>
			<y24>148</y24>
			<x25>102</x25>
			<y25>145</y25>
			<x26>99</x26>
			<y26>145</y26>
			<x27>98</x27>
			<y27>144</y27>
			<x28>94</x28>
			<y28>144</y28>
			<x29>93</x29>
			<y29>145</y29>
			<x30>90</x30>
			<y30>145</y30>
			<x31>89</x31>
			<y31>144</y31>
			<x32>76</x32>
			<y32>144</y32>
			<x33>74</x33>
			<y33>146</y33>
			<x34>74</x34>
			<y34>149</y34>
			<x35>67</x35>
			<y35>149</y35>
			<x36>66</x36>
			<y36>148</y36>
			<x37>67</x37>
			<y37>145</y37>
			<x38>72</x38>
			<y38>140</y38>
			<x39>74</x39>
			<y39>139</y39>
			<x40>77</x40>
			<y40>139</y40>
			<x41>78</x41>
			<y41>138</y41>
			<x42>83</x42>
			<y42>138</y42>
			<x43>84</x43>
			<y43>137</y43>
			<x44>87</x44>
			<y44>137</y44>
		</polygon>
	</object>
	<object>
		<name>Watermelon rind</name>
		<pose>Unspecified</pose>
		<truncated>0</truncated>
		<difficult>0</difficult>
		<occluded>0</occluded>
		<bndbox>
			<xmin>101</xmin>
			<xmax>153</xmax>
			<ymin>124</ymin>
			<ymax>178</ymax>
		</bndbox>
		<polygon>
			<x1>118</x1>
			<y1>124</y1>
			<x2>119</x2>
			<y2>125</y2>
			<x3>121</x3>
			<y3>125</y3>
			<x4>122</x4>
			<y4>126</y4>
			<x5>124</x5>
			<y5>126</y5>
			<x6>128</x6>
			<y6>128</y6>
			<x7>134</x7>
			<y7>133</y7>
			<x8>135</x8>
			<y8>133</y8>
			<x9>139</x9>
			<y9>137</y9>
			<x10>139</x10>
			<y10>138</y10>
			<x11>142</x11>
			<y11>140</y11>
			<x12>142</x12>
			<y12>141</y12>
			<x13>144</x13>
			<y13>143</y13>
			<x14>144</x14>
			<y14>144</y14>
			<x15>146</x15>
			<y15>146</y15>
			<x16>146</x16>
			<y16>147</y16>
			<x17>148</x17>
			<y17>149</y17>
			<x18>150</x18>
			<y18>153</y18>
			<x19>150</x19>
			<y19>155</y19>
			<x20>151</x20>
			<y20>156</y20>
			<x21>151</x21>
			<y21>166</y21>
			<x22>150</x22>
			<y22>168</y22>
			<x23>144</x23>
			<y23>174</y23>
			<x24>140</x24>
			<y24>176</y24>
			<x25>136</x25>
			<y25>176</y25>
			<x26>134</x26>
			<y26>172</y26>
			<x27>135</x27>
			<y27>169</y27>
			<x28>138</x28>
			<y28>169</y28>
			<x29>142</x29>
			<y29>166</y29>
			<x30>142</x30>
			<y30>163</y30>
			<x31>140</x31>
			<y31>161</y31>
			<x32>139</x32>
			<y32>156</y32>
			<x33>135</x33>
			<y33>152</y33>
			<x34>136</x34>
			<y34>151</y34>
			<x35>136</x35>
			<y35>147</y35>
			<x36>130</x36>
			<y36>141</y36>
			<x37>125</x37>
			<y37>141</y37>
			<x38>123</x38>
			<y38>140</y38>
			<x39>122</x39>
			<y39>135</y39>
			<x40>120</x40>
			<y40>133</y40>
			<x41>118</x41>
			<y41>133</y41>
			<x42>117</x42>
			<y42>132</y42>
			<x43>113</x43>
			<y43>132</y43>
			<x44>108</x44>
			<y44>129</y44>
			<x45>103</x45>
			<y45>129</y45>
			<x46>100</x46>
			<y46>126</y46>
			<x47>104</x47>
			<y47>124</y47>
			<x48>117</x48>
			<y48>124</y48>
		</polygon>
	</object>
	<metadata>
	</metadata>
</annotation>
