<annotation>
	<folder></folder>
	<filename>IMG_8321_jpeg.rf.1c65cd9711917a06a79497e14d7309fe.jpg</filename>
	<path>IMG_8321_jpeg.rf.1c65cd9711917a06a79497e14d7309fe.jpg</path>
	<source>
		<database>roboflow.com</database>
	</source>
	<size>
		<width>320</width>
		<height>320</height>
		<depth>3</depth>
	</size>
	<segmented>0</segmented>
	<object>
		<name>Watermelon rind</name>
		<pose>Unspecified</pose>
		<truncated>0</truncated>
		<difficult>0</difficult>
		<occluded>0</occluded>
		<bndbox>
			<xmin>111</xmin>
			<xmax>203</xmax>
			<ymin>128</ymin>
			<ymax>162</ymax>
		</bndbox>
		<polygon>
			<x1>111</x1>
			<y1>128</y1>
			<x2>115</x2>
			<y2>128</y2>
			<x3>116</x3>
			<y3>129</y3>
			<x4>119</x4>
			<y4>129</y4>
			<x5>121</x5>
			<y5>131</y5>
			<x6>122</x6>
			<y6>131</y6>
			<x7>122</x7>
			<y7>133</y7>
			<x8>120</x8>
			<y8>135</y8>
			<x9>120</x9>
			<y9>138</y9>
			<x10>122</x10>
			<y10>141</y10>
			<x11>124</x11>
			<y11>142</y11>
			<x12>128</x12>
			<y12>142</y12>
			<x13>136</x13>
			<y13>146</y13>
			<x14>142</x14>
			<y14>146</y14>
			<x15>144</x15>
			<y15>149</y15>
			<x16>146</x16>
			<y16>150</y16>
			<x17>148</x17>
			<y17>150</y17>
			<x18>149</x18>
			<y18>151</y18>
			<x19>154</x19>
			<y19>151</y19>
			<x20>156</x20>
			<y20>152</y20>
			<x21>157</x21>
			<y21>151</y21>
			<x22>159</x22>
			<y22>151</y22>
			<x23>161</x23>
			<y23>150</y23>
			<x24>163</x24>
			<y24>148</y24>
			<x25>167</x25>
			<y25>148</y25>
			<x26>172</x26>
			<y26>151</y26>
			<x27>177</x27>
			<y27>151</y27>
			<x28>182</x28>
			<y28>148</y28>
			<x29>189</x29>
			<y29>147</y29>
			<x30>195</x30>
			<y30>143</y30>
			<x31>198</x31>
			<y31>143</y31>
			<x32>199</x32>
			<y32>144</y32>
			<x33>201</x33>
			<y33>144</y33>
			<x34>199</x34>
			<y34>149</y34>
			<x35>195</x35>
			<y35>153</y35>
			<x36>185</x36>
			<y36>158</y36>
			<x37>182</x37>
			<y37>158</y37>
			<x38>181</x38>
			<y38>159</y38>
			<x39>177</x39>
			<y39>159</y39>
			<x40>176</x40>
			<y40>160</y40>
			<x41>154</x41>
			<y41>160</y41>
			<x42>153</x42>
			<y42>159</y42>
			<x43>147</x43>
			<y43>159</y43>
			<x44>146</x44>
			<y44>158</y44>
			<x45>142</x45>
			<y45>158</y45>
			<x46>141</x46>
			<y46>157</y46>
			<x47>138</x47>
			<y47>157</y47>
			<x48>137</x48>
			<y48>156</y48>
			<x49>134</x49>
			<y49>156</y49>
			<x50>133</x50>
			<y50>155</y50>
			<x51>128</x51>
			<y51>154</y51>
			<x52>120</x52>
			<y52>150</y52>
			<x53>118</x53>
			<y53>148</y53>
			<x54>117</x54>
			<y54>148</y54>
			<x55>113</x55>
			<y55>144</y55>
			<x56>110</x56>
			<y56>138</y56>
			<x57>110</x57>
			<y57>130</y57>
			<x58>111</x58>
			<y58>129</y58>
		</polygon>
	</object>
	<object>
		<name>Watermelon rind</name>
		<pose>Unspecified</pose>
		<truncated>0</truncated>
		<difficult>0</difficult>
		<occluded>0</occluded>
		<bndbox>
			<xmin>140</xmin>
			<xmax>209</xmax>
			<ymin>103</ymin>
			<ymax>141</ymax>
		</bndbox>
		<polygon>
			<x1>185</x1>
			<y1>122</y1>
			<x2>188</x2>
			<y2>122</y2>
			<x3>190</x3>
			<y3>121</y3>
			<x4>194</x4>
			<y4>117</y4>
			<x5>197</x5>
			<y5>116</y5>
			<x6>199</x6>
			<y6>114</y6>
			<x7>199</x7>
			<y7>111</y7>
			<x8>196</x8>
			<y8>108</y8>
			<x9>196</x9>
			<y9>106</y9>
			<x10>198</x10>
			<y10>104</y10>
			<x11>202</x11>
			<y11>102</y11>
			<x12>203</x12>
			<y12>102</y12>
			<x13>205</x13>
			<y13>104</y13>
			<x14>207</x14>
			<y14>108</y14>
			<x15>207</x15>
			<y15>115</y15>
			<x16>206</x16>
			<y16>116</y16>
			<x17>206</x17>
			<y17>118</y17>
			<x18>203</x18>
			<y18>121</y18>
			<x19>203</x19>
			<y19>122</y19>
			<x20>201</x20>
			<y20>123</y20>
			<x21>197</x21>
			<y21>127</y21>
			<x22>196</x22>
			<y22>127</y22>
			<x23>194</x23>
			<y23>129</y23>
			<x24>184</x24>
			<y24>134</y24>
			<x25>182</x25>
			<y25>134</y25>
			<x26>179</x26>
			<y26>136</y26>
			<x27>176</x27>
			<y27>136</y27>
			<x28>172</x28>
			<y28>138</y28>
			<x29>168</x29>
			<y29>138</y29>
			<x30>167</x30>
			<y30>139</y30>
			<x31>152</x31>
			<y31>139</y31>
			<x32>151</x32>
			<y32>138</y32>
			<x33>148</x33>
			<y33>138</y33>
			<x34>147</x34>
			<y34>137</y34>
			<x35>145</x35>
			<y35>137</y35>
			<x36>139</x36>
			<y36>132</y36>
			<x37>144</x37>
			<y37>130</y37>
			<x38>147</x38>
			<y38>132</y38>
			<x39>157</x39>
			<y39>132</y39>
			<x40>158</x40>
			<y40>133</y40>
			<x41>161</x41>
			<y41>133</y41>
			<x42>163</x42>
			<y42>132</y42>
			<x43>167</x43>
			<y43>128</y43>
			<x44>169</x44>
			<y44>129</y44>
			<x45>172</x45>
			<y45>129</y45>
			<x46>173</x46>
			<y46>130</y46>
			<x47>175</x47>
			<y47>129</y47>
			<x48>178</x48>
			<y48>129</y48>
			<x49>182</x49>
			<y49>127</y49>
			<x50>185</x50>
			<y50>124</y50>
			<x51>185</x51>
			<y51>123</y51>
		</polygon>
	</object>
	<metadata>
	</metadata>
</annotation>
