<annotation>
	<folder></folder>
	<filename>IMG_8479_jpeg.rf.5382cd24a1ebfcb66da9319473242fd2.jpg</filename>
	<path>IMG_8479_jpeg.rf.5382cd24a1ebfcb66da9319473242fd2.jpg</path>
	<source>
		<database>roboflow.com</database>
	</source>
	<size>
		<width>320</width>
		<height>320</height>
		<depth>3</depth>
	</size>
	<segmented>0</segmented>
	<object>
		<name>fish</name>
		<pose>Unspecified</pose>
		<truncated>0</truncated>
		<difficult>0</difficult>
		<occluded>0</occluded>
		<bndbox>
			<xmin>121</xmin>
			<xmax>180</xmax>
			<ymin>133</ymin>
			<ymax>198</ymax>
		</bndbox>
		<polygon>
			<x1>178</x1>
			<y1>140</y1>
			<x2>178</x2>
			<y2>146</y2>
			<x3>176</x3>
			<y3>146</y3>
			<x4>174</x4>
			<y4>148</y4>
			<x5>171</x5>
			<y5>148</y5>
			<x6>170</x6>
			<y6>147</y6>
			<x7>165</x7>
			<y7>147</y7>
			<x8>164</x8>
			<y8>148</y8>
			<x9>164</x9>
			<y9>151</y9>
			<x10>166</x10>
			<y10>152</y10>
			<x11>166</x11>
			<y11>153</y11>
			<x12>164</x12>
			<y12>154</y12>
			<x13>159</x13>
			<y13>154</y13>
			<x14>158</x14>
			<y14>155</y14>
			<x15>159</x15>
			<y15>157</y15>
			<x16>161</x16>
			<y16>157</y16>
			<x17>161</x17>
			<y17>159</y17>
			<x18>160</x18>
			<y18>159</y18>
			<x19>156</x19>
			<y19>162</y19>
			<x20>157</x20>
			<y20>163</y20>
			<x21>165</x21>
			<y21>163</y21>
			<x22>155</x22>
			<y22>168</y22>
			<x23>157</x23>
			<y23>169</y23>
			<x24>155</x24>
			<y24>173</y24>
			<x25>156</x25>
			<y25>174</y25>
			<x26>161</x26>
			<y26>173</y26>
			<x27>161</x27>
			<y27>174</y27>
			<x28>160</x28>
			<y28>175</y28>
			<x29>160</x29>
			<y29>177</y29>
			<x30>159</x30>
			<y30>178</y30>
			<x31>159</x31>
			<y31>180</y31>
			<x32>158</x32>
			<y32>181</y32>
			<x33>158</x33>
			<y33>183</y33>
			<x34>156</x34>
			<y34>187</y34>
			<x35>152</x35>
			<y35>191</y35>
			<x36>151</x36>
			<y36>193</y36>
			<x37>150</x37>
			<y37>193</y37>
			<x38>146</x38>
			<y38>196</y38>
			<x39>144</x39>
			<y39>196</y39>
			<x40>144</x40>
			<y40>195</y40>
			<x41>142</x41>
			<y41>193</y41>
			<x42>138</x42>
			<y42>193</y42>
			<x43>136</x43>
			<y43>195</y43>
			<x44>133</x44>
			<y44>192</y44>
			<x45>131</x45>
			<y45>187</y45>
			<x46>129</x46>
			<y46>185</y46>
			<x47>129</x47>
			<y47>183</y47>
			<x48>126</x48>
			<y48>177</y48>
			<x49>126</x49>
			<y49>175</y49>
			<x50>129</x50>
			<y50>175</y50>
			<x51>130</x51>
			<y51>174</y51>
			<x52>128</x52>
			<y52>172</y52>
			<x53>127</x53>
			<y53>172</y53>
			<x54>121</x54>
			<y54>166</y54>
			<x55>121</x55>
			<y55>165</y55>
			<x56>125</x56>
			<y56>167</y56>
			<x57>127</x57>
			<y57>167</y57>
			<x58>128</x58>
			<y58>168</y58>
			<x59>131</x59>
			<y59>168</y59>
			<x60>132</x60>
			<y60>169</y60>
			<x61>135</x61>
			<y61>169</y61>
			<x62>136</x62>
			<y62>167</y62>
			<x63>134</x63>
			<y63>165</y63>
			<x64>126</x64>
			<y64>161</y64>
			<x65>123</x65>
			<y65>158</y65>
			<x66>121</x66>
			<y66>154</y66>
			<x67>127</x67>
			<y67>157</y67>
			<x68>129</x68>
			<y68>159</y68>
			<x69>131</x69>
			<y69>159</y69>
			<x70>137</x70>
			<y70>162</y70>
			<x71>140</x71>
			<y71>162</y71>
			<x72>142</x72>
			<y72>160</y72>
			<x73>142</x73>
			<y73>159</y73>
			<x74>140</x74>
			<y74>157</y74>
			<x75>137</x75>
			<y75>156</y75>
			<x76>132</x76>
			<y76>151</y76>
			<x77>131</x77>
			<y77>149</y77>
			<x78>132</x78>
			<y78>149</y78>
			<x79>134</x79>
			<y79>151</y79>
			<x80>140</x80>
			<y80>154</y80>
			<x81>142</x81>
			<y81>154</y81>
			<x82>143</x82>
			<y82>155</y82>
			<x83>147</x83>
			<y83>155</y83>
			<x84>149</x84>
			<y84>153</y84>
			<x85>149</x85>
			<y85>152</y85>
			<x86>145</x86>
			<y86>147</y86>
			<x87>145</x87>
			<y87>145</y87>
			<x88>153</x88>
			<y88>149</y88>
			<x89>154</x89>
			<y89>148</y89>
			<x90>153</x90>
			<y90>147</y90>
			<x91>153</x91>
			<y91>145</y91>
			<x92>154</x92>
			<y92>143</y92>
			<x93>155</x93>
			<y93>143</y93>
			<x94>158</x94>
			<y94>146</y94>
			<x95>161</x95>
			<y95>143</y95>
			<x96>163</x96>
			<y96>138</y96>
			<x97>167</x97>
			<y97>133</y97>
			<x98>168</x98>
			<y98>133</y98>
			<x99>170</x99>
			<y99>136</y99>
			<x100>172</x100>
			<y100>135</y100>
			<x101>175</x101>
			<y101>135</y101>
			<x102>176</x102>
			<y102>136</y102>
			<x103>175</x103>
			<y103>138</y103>
			<x104>177</x104>
			<y104>140</y104>
		</polygon>
	</object>
	<metadata>
	</metadata>
</annotation>
