<annotation>
	<folder></folder>
	<filename>IMG_8397_jpeg.rf.cada49c8a239f230907f707ba696e1d9.jpg</filename>
	<path>IMG_8397_jpeg.rf.cada49c8a239f230907f707ba696e1d9.jpg</path>
	<source>
		<database>roboflow.com</database>
	</source>
	<size>
		<width>320</width>
		<height>320</height>
		<depth>3</depth>
	</size>
	<segmented>0</segmented>
	<object>
		<name>fish</name>
		<pose>Unspecified</pose>
		<truncated>0</truncated>
		<difficult>0</difficult>
		<occluded>0</occluded>
		<bndbox>
			<xmin>114</xmin>
			<xmax>185</xmax>
			<ymin>143</ymin>
			<ymax>180</ymax>
		</bndbox>
		<polygon>
			<x1>180</x1>
			<y1>143</y1>
			<x2>180</x2>
			<y2>145</y2>
			<x3>182</x3>
			<y3>147</y3>
			<x4>184</x4>
			<y4>147</y4>
			<x5>184</x5>
			<y5>151</y5>
			<x6>183</x6>
			<y6>152</y6>
			<x7>183</x7>
			<y7>154</y7>
			<x8>179</x8>
			<y8>162</y8>
			<x9>175</x9>
			<y9>165</y9>
			<x10>175</x10>
			<y10>171</y10>
			<x11>171</x11>
			<y11>166</y11>
			<x12>169</x12>
			<y12>165</y12>
			<x13>167</x13>
			<y13>166</y13>
			<x14>168</x14>
			<y14>167</y14>
			<x15>168</x15>
			<y15>178</y15>
			<x16>167</x16>
			<y16>178</y16>
			<x17>165</x17>
			<y17>174</y17>
			<x18>165</x18>
			<y18>172</y18>
			<x19>160</x19>
			<y19>167</y19>
			<x20>157</x20>
			<y20>170</y20>
			<x21>158</x21>
			<y21>171</y21>
			<x22>158</x22>
			<y22>175</y22>
			<x23>157</x23>
			<y23>176</y23>
			<x24>157</x24>
			<y24>178</y24>
			<x25>156</x25>
			<y25>177</y25>
			<x26>156</x26>
			<y26>175</y26>
			<x27>155</x27>
			<y27>173</y27>
			<x28>152</x28>
			<y28>170</y28>
			<x29>151</x29>
			<y29>168</y29>
			<x30>149</x30>
			<y30>168</y30>
			<x31>146</x31>
			<y31>171</y31>
			<x32>146</x32>
			<y32>174</y32>
			<x33>145</x33>
			<y33>176</y33>
			<x34>144</x34>
			<y34>176</y34>
			<x35>143</x35>
			<y35>174</y35>
			<x36>143</x36>
			<y36>172</y36>
			<x37>142</x37>
			<y37>171</y37>
			<x38>140</x38>
			<y38>171</y38>
			<x39>137</x39>
			<y39>173</y39>
			<x40>135</x40>
			<y40>173</y40>
			<x41>134</x41>
			<y41>171</y41>
			<x42>132</x42>
			<y42>171</y42>
			<x43>126</x43>
			<y43>174</y43>
			<x44>124</x44>
			<y44>174</y44>
			<x45>120</x45>
			<y45>176</y45>
			<x46>117</x46>
			<y46>176</y46>
			<x47>117</x47>
			<y47>174</y47>
			<x48>115</x48>
			<y48>172</y48>
			<x49>114</x49>
			<y49>172</y49>
			<x50>113</x50>
			<y50>170</y50>
			<x51>116</x51>
			<y51>168</y51>
			<x52>115</x52>
			<y52>166</y52>
			<x53>119</x53>
			<y53>162</y53>
			<x54>127</x54>
			<y54>162</y54>
			<x55>127</x55>
			<y55>163</y55>
			<x56>129</x56>
			<y56>165</y56>
			<x57>133</x57>
			<y57>165</y57>
			<x58>135</x58>
			<y58>163</y58>
			<x59>135</x59>
			<y59>162</y59>
			<x60>140</x60>
			<y60>162</y60>
			<x61>144</x61>
			<y61>158</y61>
			<x62>143</x62>
			<y62>156</y62>
			<x63>144</x63>
			<y63>155</y63>
			<x64>149</x64>
			<y64>155</y64>
			<x65>151</x65>
			<y65>156</y65>
			<x66>154</x66>
			<y66>153</y66>
			<x67>154</x67>
			<y67>150</y67>
			<x68>155</x68>
			<y68>150</y68>
			<x69>157</x69>
			<y69>148</y69>
			<x70>163</x70>
			<y70>145</y70>
			<x71>165</x71>
			<y71>145</y71>
			<x72>169</x72>
			<y72>143</y72>
			<x73>174</x73>
			<y73>143</y73>
			<x74>175</x74>
			<y74>142</y74>
			<x75>178</x75>
			<y75>142</y75>
			<x76>179</x76>
			<y76>143</y76>
		</polygon>
	</object>
	<metadata>
	</metadata>
</annotation>
