<annotation>
	<folder></folder>
	<filename>IMG_8329_jpeg.rf.3c421101d245ec1d3eefcd99a87ed08b.jpg</filename>
	<path>IMG_8329_jpeg.rf.3c421101d245ec1d3eefcd99a87ed08b.jpg</path>
	<source>
		<database>roboflow.com</database>
	</source>
	<size>
		<width>320</width>
		<height>320</height>
		<depth>3</depth>
	</size>
	<segmented>0</segmented>
	<object>
		<name>Watermelon rind</name>
		<pose>Unspecified</pose>
		<truncated>0</truncated>
		<difficult>0</difficult>
		<occluded>0</occluded>
		<bndbox>
			<xmin>162</xmin>
			<xmax>222</xmax>
			<ymin>117</ymin>
			<ymax>148</ymax>
		</bndbox>
		<polygon>
			<x1>218</x1>
			<y1>116</y1>
			<x2>220</x2>
			<y2>119</y2>
			<x3>221</x3>
			<y3>124</y3>
			<x4>220</x4>
			<y4>125</y4>
			<x5>220</x5>
			<y5>128</y5>
			<x6>217</x6>
			<y6>131</y6>
			<x7>217</x7>
			<y7>132</y7>
			<x8>216</x8>
			<y8>132</y8>
			<x9>212</x9>
			<y9>136</y9>
			<x10>209</x10>
			<y10>137</y10>
			<x11>207</x11>
			<y11>139</y11>
			<x12>205</x12>
			<y12>139</y12>
			<x13>200</x13>
			<y13>142</y13>
			<x14>198</x14>
			<y14>142</y14>
			<x15>194</x15>
			<y15>144</y15>
			<x16>191</x16>
			<y16>144</y16>
			<x17>190</x17>
			<y17>145</y17>
			<x18>186</x18>
			<y18>145</y18>
			<x19>185</x19>
			<y19>146</y19>
			<x20>173</x20>
			<y20>146</y20>
			<x21>172</x21>
			<y21>145</y21>
			<x22>169</x22>
			<y22>145</y22>
			<x23>163</x23>
			<y23>142</y23>
			<x24>162</x24>
			<y24>141</y24>
			<x25>163</x25>
			<y25>139</y25>
			<x26>167</x26>
			<y26>139</y26>
			<x27>168</x27>
			<y27>140</y27>
			<x28>176</x28>
			<y28>140</y28>
			<x29>177</x29>
			<y29>141</y29>
			<x30>180</x30>
			<y30>141</y30>
			<x31>182</x31>
			<y31>140</y31>
			<x32>185</x32>
			<y32>137</y32>
			<x33>187</x33>
			<y33>137</y33>
			<x34>188</x34>
			<y34>138</y34>
			<x35>194</x35>
			<y35>138</y35>
			<x36>195</x36>
			<y36>137</y36>
			<x37>197</x37>
			<y37>137</y37>
			<x38>201</x38>
			<y38>133</y38>
			<x39>201</x39>
			<y39>132</y39>
			<x40>205</x40>
			<y40>132</y40>
			<x41>209</x41>
			<y41>128</y41>
			<x42>211</x42>
			<y42>128</y42>
			<x43>214</x43>
			<y43>125</y43>
			<x44>214</x44>
			<y44>123</y44>
			<x45>211</x45>
			<y45>120</y45>
			<x46>211</x46>
			<y46>119</y46>
			<x47>217</x47>
			<y47>116</y47>
		</polygon>
	</object>
	<object>
		<name>Watermelon rind</name>
		<pose>Unspecified</pose>
		<truncated>0</truncated>
		<difficult>0</difficult>
		<occluded>0</occluded>
		<bndbox>
			<xmin>137</xmin>
			<xmax>215</xmax>
			<ymin>137</ymin>
			<ymax>165</ymax>
		</bndbox>
		<polygon>
			<x1>146</x1>
			<y1>138</y1>
			<x2>145</x2>
			<y2>145</y2>
			<x3>147</x3>
			<y3>147</y3>
			<x4>149</x4>
			<y4>148</y4>
			<x5>152</x5>
			<y5>148</y5>
			<x6>160</x6>
			<y6>152</y6>
			<x7>161</x7>
			<y7>151</y7>
			<x8>163</x8>
			<y8>151</y8>
			<x9>167</x9>
			<y9>155</y9>
			<x10>169</x10>
			<y10>155</y10>
			<x11>170</x11>
			<y11>156</y11>
			<x12>177</x12>
			<y12>156</y12>
			<x13>180</x13>
			<y13>154</y13>
			<x14>185</x14>
			<y14>154</y14>
			<x15>188</x15>
			<y15>156</y15>
			<x16>193</x16>
			<y16>156</y16>
			<x17>196</x17>
			<y17>154</y17>
			<x18>199</x18>
			<y18>154</y18>
			<x19>200</x19>
			<y19>153</y19>
			<x20>204</x20>
			<y20>153</y20>
			<x21>207</x21>
			<y21>150</y21>
			<x22>211</x22>
			<y22>150</y22>
			<x23>213</x23>
			<y23>151</y23>
			<x24>213</x24>
			<y24>153</y24>
			<x25>208</x25>
			<y25>158</y25>
			<x26>202</x26>
			<y26>161</y26>
			<x27>199</x27>
			<y27>161</y27>
			<x28>198</x28>
			<y28>162</y28>
			<x29>195</x29>
			<y29>162</y29>
			<x30>194</x30>
			<y30>163</y30>
			<x31>173</x31>
			<y31>163</y31>
			<x32>172</x32>
			<y32>162</y32>
			<x33>167</x33>
			<y33>162</y33>
			<x34>166</x34>
			<y34>161</y34>
			<x35>162</x35>
			<y35>161</y35>
			<x36>158</x36>
			<y36>159</y36>
			<x37>155</x37>
			<y37>159</y37>
			<x38>152</x38>
			<y38>157</y38>
			<x39>150</x39>
			<y39>157</y39>
			<x40>146</x40>
			<y40>155</y40>
			<x41>144</x41>
			<y41>153</y41>
			<x42>143</x42>
			<y42>153</y42>
			<x43>138</x43>
			<y43>148</y43>
			<x44>137</x44>
			<y44>146</y44>
			<x45>137</x45>
			<y45>143</y45>
			<x46>136</x46>
			<y46>142</y46>
			<x47>137</x47>
			<y47>140</y47>
			<x48>137</x48>
			<y48>137</y48>
			<x49>138</x49>
			<y49>136</y49>
			<x50>141</x50>
			<y50>136</y50>
			<x51>145</x51>
			<y51>138</y51>
		</polygon>
	</object>
	<metadata>
	</metadata>
</annotation>
