<annotation>
	<folder></folder>
	<filename>IMG_8270_jpeg.rf.2446db10fe66c1e007c2036780a80271.jpg</filename>
	<path>IMG_8270_jpeg.rf.2446db10fe66c1e007c2036780a80271.jpg</path>
	<source>
		<database>roboflow.com</database>
	</source>
	<size>
		<width>320</width>
		<height>320</height>
		<depth>3</depth>
	</size>
	<segmented>0</segmented>
	<object>
		<name>Watermelon rind</name>
		<pose>Unspecified</pose>
		<truncated>0</truncated>
		<difficult>0</difficult>
		<occluded>0</occluded>
		<bndbox>
			<xmin>155</xmin>
			<xmax>239</xmax>
			<ymin>142</ymin>
			<ymax>168</ymax>
		</bndbox>
		<polygon>
			<x1>230</x1>
			<y1>147</y1>
			<x2>236</x2>
			<y2>152</y2>
			<x3>237</x3>
			<y3>154</y3>
			<x4>237</x4>
			<y4>156</y4>
			<x5>238</x5>
			<y5>157</y5>
			<x6>238</x6>
			<y6>162</y6>
			<x7>236</x7>
			<y7>166</y7>
			<x8>230</x8>
			<y8>166</y8>
			<x9>229</x9>
			<y9>165</y9>
			<x10>227</x10>
			<y10>165</y10>
			<x11>227</x11>
			<y11>163</y11>
			<x12>229</x12>
			<y12>160</y12>
			<x13>229</x13>
			<y13>157</y13>
			<x14>228</x14>
			<y14>156</y14>
			<x15>226</x15>
			<y15>155</y15>
			<x16>221</x16>
			<y16>155</y16>
			<x17>218</x17>
			<y17>153</y17>
			<x18>215</x18>
			<y18>153</y18>
			<x19>214</x19>
			<y19>152</y19>
			<x20>213</x20>
			<y20>153</y20>
			<x21>209</x21>
			<y21>153</y21>
			<x22>209</x22>
			<y22>152</y22>
			<x23>205</x23>
			<y23>149</y23>
			<x24>195</x24>
			<y24>149</y24>
			<x25>193</x25>
			<y25>150</y25>
			<x26>190</x26>
			<y26>153</y26>
			<x27>185</x27>
			<y27>153</y27>
			<x28>184</x28>
			<y28>152</y28>
			<x29>179</x29>
			<y29>151</y29>
			<x30>178</x30>
			<y30>152</y30>
			<x31>176</x31>
			<y31>152</y31>
			<x32>174</x32>
			<y32>154</y32>
			<x33>170</x33>
			<y33>156</y33>
			<x34>167</x34>
			<y34>156</y34>
			<x35>159</x35>
			<y35>161</y35>
			<x36>156</x36>
			<y36>161</y36>
			<x37>154</x37>
			<y37>160</y37>
			<x38>156</x38>
			<y38>156</y38>
			<x39>158</x39>
			<y39>154</y39>
			<x40>158</x40>
			<y40>153</y40>
			<x41>160</x41>
			<y41>152</y41>
			<x42>163</x42>
			<y42>149</y42>
			<x43>171</x43>
			<y43>145</y43>
			<x44>173</x44>
			<y44>145</y44>
			<x45>174</x45>
			<y45>144</y45>
			<x46>178</x46>
			<y46>144</y46>
			<x47>179</x47>
			<y47>143</y47>
			<x48>183</x48>
			<y48>143</y48>
			<x49>184</x49>
			<y49>142</y49>
			<x50>193</x50>
			<y50>142</y50>
			<x51>194</x51>
			<y51>141</y51>
			<x52>201</x52>
			<y52>141</y52>
			<x53>202</x53>
			<y53>142</y53>
			<x54>212</x54>
			<y54>142</y54>
			<x55>213</x55>
			<y55>143</y55>
			<x56>222</x56>
			<y56>144</y56>
			<x57>223</x57>
			<y57>145</y57>
			<x58>225</x58>
			<y58>145</y58>
			<x59>229</x59>
			<y59>147</y59>
		</polygon>
	</object>
	<object>
		<name>Watermelon rind</name>
		<pose>Unspecified</pose>
		<truncated>0</truncated>
		<difficult>0</difficult>
		<occluded>0</occluded>
		<bndbox>
			<xmin>150</xmin>
			<xmax>212</xmax>
			<ymin>161</ymin>
			<ymax>198</ymax>
		</bndbox>
		<polygon>
			<x1>207</x1>
			<y1>162</y1>
			<x2>211</x2>
			<y2>165</y2>
			<x3>208</x3>
			<y3>167</y3>
			<x4>206</x4>
			<y4>167</y4>
			<x5>205</x5>
			<y5>166</y5>
			<x6>199</x6>
			<y6>166</y6>
			<x7>198</x7>
			<y7>167</y7>
			<x8>190</x8>
			<y8>167</y8>
			<x9>186</x9>
			<y9>171</y9>
			<x10>177</x10>
			<y10>171</y10>
			<x11>173</x11>
			<y11>173</y11>
			<x12>170</x12>
			<y12>176</y12>
			<x13>170</x13>
			<y13>178</y13>
			<x14>168</x14>
			<y14>178</y14>
			<x15>166</x15>
			<y15>179</y15>
			<x16>161</x16>
			<y16>184</y16>
			<x17>157</x17>
			<y17>186</y17>
			<x18>157</x18>
			<y18>189</y18>
			<x19>159</x19>
			<y19>191</y19>
			<x20>160</x20>
			<y20>191</y20>
			<x21>160</x21>
			<y21>192</y21>
			<x22>157</x22>
			<y22>195</y22>
			<x23>155</x23>
			<y23>196</y23>
			<x24>152</x24>
			<y24>195</y24>
			<x25>152</x25>
			<y25>194</y25>
			<x26>150</x26>
			<y26>192</y26>
			<x27>150</x27>
			<y27>185</y27>
			<x28>153</x28>
			<y28>181</y28>
			<x29>153</x29>
			<y29>180</y29>
			<x30>157</x30>
			<y30>176</y30>
			<x31>158</x31>
			<y31>176</y31>
			<x32>166</x32>
			<y32>170</y32>
			<x33>176</x33>
			<y33>165</y33>
			<x34>181</x34>
			<y34>164</y34>
			<x35>184</x35>
			<y35>162</y35>
			<x36>187</x36>
			<y36>162</y36>
			<x37>188</x37>
			<y37>161</y37>
			<x38>196</x38>
			<y38>161</y38>
			<x39>197</x39>
			<y39>160</y39>
			<x40>199</x40>
			<y40>161</y40>
			<x41>205</x41>
			<y41>161</y41>
			<x42>206</x42>
			<y42>162</y42>
		</polygon>
	</object>
	<metadata>
	</metadata>
</annotation>
