<annotation>
	<folder></folder>
	<filename>IMG_8390_jpeg.rf.0a1bcb866ba61a2b026092bccd7acab7.jpg</filename>
	<path>IMG_8390_jpeg.rf.0a1bcb866ba61a2b026092bccd7acab7.jpg</path>
	<source>
		<database>roboflow.com</database>
	</source>
	<size>
		<width>320</width>
		<height>320</height>
		<depth>3</depth>
	</size>
	<segmented>0</segmented>
	<object>
		<name>fish</name>
		<pose>Unspecified</pose>
		<truncated>0</truncated>
		<difficult>0</difficult>
		<occluded>0</occluded>
		<bndbox>
			<xmin>134</xmin>
			<xmax>208</xmax>
			<ymin>178</ymin>
			<ymax>219</ymax>
		</bndbox>
		<polygon>
			<x1>163</x1>
			<y1>177</y1>
			<x2>165</x2>
			<y2>181</y2>
			<x3>165</x3>
			<y3>184</y3>
			<x4>166</x4>
			<y4>186</y4>
			<x5>169</x5>
			<y5>189</y5>
			<x6>174</x6>
			<y6>189</y6>
			<x7>175</x7>
			<y7>188</y7>
			<x8>174</x8>
			<y8>186</y8>
			<x9>175</x9>
			<y9>185</y9>
			<x10>175</x10>
			<y10>180</y10>
			<x11>176</x11>
			<y11>179</y11>
			<x12>177</x12>
			<y12>184</y12>
			<x13>179</x13>
			<y13>186</y13>
			<x14>180</x14>
			<y14>186</y14>
			<x15>184</x15>
			<y15>182</y15>
			<x16>184</x16>
			<y16>183</y16>
			<x17>186</x17>
			<y17>185</y17>
			<x18>189</x18>
			<y18>185</y18>
			<x19>190</x19>
			<y19>184</y19>
			<x20>192</x20>
			<y20>184</y20>
			<x21>193</x21>
			<y21>185</y21>
			<x22>195</x22>
			<y22>183</y22>
			<x23>194</x23>
			<y23>182</y23>
			<x24>192</x24>
			<y24>182</y24>
			<x25>193</x25>
			<y25>181</y25>
			<x26>195</x26>
			<y26>181</y26>
			<x27>196</x27>
			<y27>180</y27>
			<x28>201</x28>
			<y28>179</y28>
			<x29>202</x29>
			<y29>181</y29>
			<x30>205</x30>
			<y30>184</y30>
			<x31>205</x31>
			<y31>186</y31>
			<x32>206</x32>
			<y32>187</y32>
			<x33>205</x33>
			<y33>190</y33>
			<x34>204</x34>
			<y34>189</y34>
			<x35>202</x35>
			<y35>191</y35>
			<x36>201</x36>
			<y36>193</y36>
			<x37>201</x37>
			<y37>195</y37>
			<x38>200</x38>
			<y38>195</y38>
			<x39>200</x39>
			<y39>193</y39>
			<x40>201</x40>
			<y40>192</y40>
			<x41>199</x41>
			<y41>190</y41>
			<x42>196</x42>
			<y42>191</y42>
			<x43>196</x43>
			<y43>187</y43>
			<x44>195</x44>
			<y44>186</y44>
			<x45>192</x45>
			<y45>186</y45>
			<x46>191</x46>
			<y46>187</y46>
			<x47>191</x47>
			<y47>191</y47>
			<x48>189</x48>
			<y48>190</y48>
			<x49>185</x49>
			<y49>195</y49>
			<x50>186</x50>
			<y50>196</y50>
			<x51>186</x51>
			<y51>199</y51>
			<x52>185</x52>
			<y52>199</y52>
			<x53>185</x53>
			<y53>197</y53>
			<x54>184</x54>
			<y54>196</y54>
			<x55>182</x55>
			<y55>195</y55>
			<x56>180</x56>
			<y56>195</y56>
			<x57>177</x57>
			<y57>201</y57>
			<x58>175</x58>
			<y58>203</y58>
			<x59>170</x59>
			<y59>203</y59>
			<x60>169</x60>
			<y60>202</y60>
			<x61>167</x61>
			<y61>202</y61>
			<x62>166</x62>
			<y62>203</y62>
			<x63>166</x63>
			<y63>208</y63>
			<x64>163</x64>
			<y64>209</y64>
			<x65>161</x65>
			<y65>211</y65>
			<x66>155</x66>
			<y66>214</y66>
			<x67>150</x67>
			<y67>215</y67>
			<x68>149</x68>
			<y68>216</y68>
			<x69>146</x69>
			<y69>216</y69>
			<x70>145</x70>
			<y70>217</y70>
			<x71>137</x71>
			<y71>217</y71>
			<x72>137</x72>
			<y72>214</y72>
			<x73>135</x73>
			<y73>212</y73>
			<x74>133</x74>
			<y74>213</y74>
			<x75>133</x75>
			<y75>208</y75>
			<x76>135</x76>
			<y76>205</y76>
			<x77>135</x77>
			<y77>203</y77>
			<x78>137</x78>
			<y78>201</y78>
			<x79>137</x79>
			<y79>199</y79>
			<x80>138</x80>
			<y80>197</y80>
			<x81>143</x81>
			<y81>191</y81>
			<x82>143</x82>
			<y82>186</y82>
			<x83>144</x83>
			<y83>185</y83>
			<x84>149</x84>
			<y84>191</y84>
			<x85>151</x85>
			<y85>191</y85>
			<x86>152</x86>
			<y86>190</y86>
			<x87>152</x87>
			<y87>187</y87>
			<x88>151</x88>
			<y88>186</y88>
			<x89>151</x89>
			<y89>179</y89>
			<x90>153</x90>
			<y90>178</y90>
			<x91>156</x91>
			<y91>187</y91>
			<x92>160</x92>
			<y92>191</y92>
			<x93>161</x93>
			<y93>191</y93>
			<x94>163</x94>
			<y94>189</y94>
			<x95>163</x95>
			<y95>178</y95>
		</polygon>
	</object>
	<metadata>
	</metadata>
</annotation>
