<annotation>
	<folder></folder>
	<filename>IMG_8480_jpeg.rf.3d391d8a6fd0290561a543030f316d5d.jpg</filename>
	<path>IMG_8480_jpeg.rf.3d391d8a6fd0290561a543030f316d5d.jpg</path>
	<source>
		<database>roboflow.com</database>
	</source>
	<size>
		<width>320</width>
		<height>320</height>
		<depth>3</depth>
	</size>
	<segmented>0</segmented>
	<object>
		<name>fish</name>
		<pose>Unspecified</pose>
		<truncated>0</truncated>
		<difficult>0</difficult>
		<occluded>0</occluded>
		<bndbox>
			<xmin>102</xmin>
			<xmax>171</xmax>
			<ymin>148</ymin>
			<ymax>214</ymax>
		</bndbox>
		<polygon>
			<x1>161</x1>
			<y1>147</y1>
			<x2>164</x2>
			<y2>150</y2>
			<x3>166</x3>
			<y3>149</y3>
			<x4>168</x4>
			<y4>150</y4>
			<x5>168</x5>
			<y5>154</y5>
			<x6>169</x6>
			<y6>155</y6>
			<x7>169</x7>
			<y7>161</y7>
			<x8>168</x8>
			<y8>162</y8>
			<x9>166</x9>
			<y9>162</y9>
			<x10>164</x10>
			<y10>164</y10>
			<x11>162</x11>
			<y11>164</y11>
			<x12>161</x12>
			<y12>163</y12>
			<x13>158</x13>
			<y13>163</y13>
			<x14>157</x14>
			<y14>162</y14>
			<x15>154</x15>
			<y15>162</y15>
			<x16>153</x16>
			<y16>163</y16>
			<x17>153</x17>
			<y17>164</y17>
			<x18>151</x18>
			<y18>166</y18>
			<x19>153</x19>
			<y19>167</y19>
			<x20>153</x20>
			<y20>168</y20>
			<x21>150</x21>
			<y21>168</y21>
			<x22>148</x22>
			<y22>169</y22>
			<x23>147</x23>
			<y23>170</y23>
			<x24>147</x24>
			<y24>173</y24>
			<x25>143</x25>
			<y25>175</y25>
			<x26>143</x26>
			<y26>177</y26>
			<x27>144</x27>
			<y27>178</y27>
			<x28>149</x28>
			<y28>178</y28>
			<x29>146</x29>
			<y29>180</y29>
			<x30>144</x30>
			<y30>180</y30>
			<x31>140</x31>
			<y31>182</y31>
			<x32>139</x32>
			<y32>183</y32>
			<x33>139</x33>
			<y33>185</y33>
			<x34>137</x34>
			<y34>187</y34>
			<x35>138</x35>
			<y35>189</y35>
			<x36>140</x36>
			<y36>189</y36>
			<x37>142</x37>
			<y37>188</y37>
			<x38>142</x38>
			<y38>190</y38>
			<x39>140</x39>
			<y39>192</y39>
			<x40>138</x40>
			<y40>197</y40>
			<x41>130</x41>
			<y41>206</y41>
			<x42>129</x42>
			<y42>206</y42>
			<x43>124</x43>
			<y43>210</y43>
			<x44>122</x44>
			<y44>211</y44>
			<x45>120</x45>
			<y45>211</y45>
			<x46>119</x46>
			<y46>212</y46>
			<x47>118</x47>
			<y47>212</y47>
			<x48>118</x48>
			<y48>211</y48>
			<x49>114</x49>
			<y49>207</y49>
			<x50>112</x50>
			<y50>207</y50>
			<x51>110</x51>
			<y51>209</y51>
			<x52>109</x52>
			<y52>209</y52>
			<x53>106</x53>
			<y53>203</y53>
			<x54>106</x54>
			<y54>200</y54>
			<x55>105</x55>
			<y55>199</y55>
			<x56>105</x56>
			<y56>191</y56>
			<x57>104</x57>
			<y57>190</y57>
			<x58>104</x58>
			<y58>186</y58>
			<x59>106</x59>
			<y59>184</y59>
			<x60>106</x60>
			<y60>183</y60>
			<x61>104</x61>
			<y61>181</y61>
			<x62>101</x62>
			<y62>175</y62>
			<x63>103</x63>
			<y63>175</y63>
			<x64>110</x64>
			<y64>179</y64>
			<x65>113</x65>
			<y65>179</y65>
			<x66>114</x66>
			<y66>180</y66>
			<x67>116</x67>
			<y67>180</y67>
			<x68>117</x68>
			<y68>179</y68>
			<x69>114</x69>
			<y69>176</y69>
			<x70>110</x70>
			<y70>174</y70>
			<x71>110</x71>
			<y71>173</y71>
			<x72>107</x72>
			<y72>170</y72>
			<x73>105</x73>
			<y73>166</y73>
			<x74>105</x74>
			<y74>163</y74>
			<x75>106</x75>
			<y75>163</y75>
			<x76>115</x76>
			<y76>171</y76>
			<x77>125</x77>
			<y77>175</y77>
			<x78>127</x78>
			<y78>173</y78>
			<x79>127</x79>
			<y79>172</y79>
			<x80>119</x80>
			<y80>164</y80>
			<x81>117</x81>
			<y81>159</y81>
			<x82>118</x82>
			<y82>159</y82>
			<x83>123</x83>
			<y83>164</y83>
			<x84>132</x84>
			<y84>168</y84>
			<x85>135</x85>
			<y85>165</y85>
			<x86>135</x86>
			<y86>163</y86>
			<x87>133</x87>
			<y87>161</y87>
			<x88>133</x88>
			<y88>156</y88>
			<x89>139</x89>
			<y89>162</y89>
			<x90>140</x90>
			<y90>162</y90>
			<x91>143</x91>
			<y91>156</y91>
			<x92>145</x92>
			<y92>155</y92>
			<x93>145</x93>
			<y93>157</y93>
			<x94>147</x94>
			<y94>159</y94>
			<x95>148</x95>
			<y95>159</y95>
			<x96>151</x96>
			<y96>156</y96>
			<x97>151</x97>
			<y97>155</y97>
			<x98>159</x98>
			<y98>147</y98>
			<x99>160</x99>
			<y99>147</y99>
		</polygon>
	</object>
	<metadata>
	</metadata>
</annotation>
