<annotation>
	<folder></folder>
	<filename>IMG_8309_jpeg.rf.5074a2c13373911f584be9ae5c0e4b7e.jpg</filename>
	<path>IMG_8309_jpeg.rf.5074a2c13373911f584be9ae5c0e4b7e.jpg</path>
	<source>
		<database>roboflow.com</database>
	</source>
	<size>
		<width>320</width>
		<height>320</height>
		<depth>3</depth>
	</size>
	<segmented>0</segmented>
	<object>
		<name>Watermelon rind</name>
		<pose>Unspecified</pose>
		<truncated>0</truncated>
		<difficult>0</difficult>
		<occluded>0</occluded>
		<bndbox>
			<xmin>150</xmin>
			<xmax>203</xmax>
			<ymin>136</ymin>
			<ymax>183</ymax>
		</bndbox>
		<polygon>
			<x1>197</x1>
			<y1>136</y1>
			<x2>198</x2>
			<y2>137</y2>
			<x3>200</x3>
			<y3>137</y3>
			<x4>202</x4>
			<y4>138</y4>
			<x5>200</x5>
			<y5>140</y5>
			<x6>198</x6>
			<y6>141</y6>
			<x7>195</x7>
			<y7>140</y7>
			<x8>194</x8>
			<y8>141</y8>
			<x9>191</x9>
			<y9>141</y9>
			<x10>188</x10>
			<y10>143</y10>
			<x11>182</x11>
			<y11>143</y11>
			<x12>180</x12>
			<y12>145</y12>
			<x13>178</x13>
			<y13>149</y13>
			<x14>173</x14>
			<y14>149</y14>
			<x15>169</x15>
			<y15>151</y15>
			<x16>167</x16>
			<y16>153</y16>
			<x17>165</x17>
			<y17>157</y17>
			<x18>166</x18>
			<y18>159</y18>
			<x19>162</x19>
			<y19>162</y19>
			<x20>162</x20>
			<y20>164</y20>
			<x21>158</x21>
			<y21>170</y21>
			<x22>158</x22>
			<y22>171</y22>
			<x23>161</x23>
			<y23>174</y23>
			<x24>164</x24>
			<y24>175</y24>
			<x25>164</x25>
			<y25>179</y25>
			<x26>161</x26>
			<y26>182</y26>
			<x27>155</x27>
			<y27>179</y27>
			<x28>152</x28>
			<y28>176</y28>
			<x29>150</x29>
			<y29>172</y29>
			<x30>150</x30>
			<y30>164</y30>
			<x31>154</x31>
			<y31>156</y31>
			<x32>161</x32>
			<y32>148</y32>
			<x33>162</x33>
			<y33>148</y33>
			<x34>166</x34>
			<y34>144</y34>
			<x35>167</x35>
			<y35>144</y35>
			<x36>172</x36>
			<y36>140</y36>
			<x37>174</x37>
			<y37>140</y37>
			<x38>179</x38>
			<y38>137</y38>
			<x39>182</x39>
			<y39>137</y39>
			<x40>183</x40>
			<y40>136</y40>
			<x41>196</x41>
			<y41>136</y41>
		</polygon>
	</object>
	<object>
		<name>Watermelon rind</name>
		<pose>Unspecified</pose>
		<truncated>0</truncated>
		<difficult>0</difficult>
		<occluded>0</occluded>
		<bndbox>
			<xmin>141</xmin>
			<xmax>232</xmax>
			<ymin>117</ymin>
			<ymax>146</ymax>
		</bndbox>
		<polygon>
			<x1>204</x1>
			<y1>116</y1>
			<x2>205</x2>
			<y2>117</y2>
			<x3>210</x3>
			<y3>117</y3>
			<x4>211</x4>
			<y4>118</y4>
			<x5>214</x5>
			<y5>118</y5>
			<x6>215</x6>
			<y6>119</y6>
			<x7>217</x7>
			<y7>119</y7>
			<x8>221</x8>
			<y8>121</y8>
			<x9>223</x9>
			<y9>123</y9>
			<x10>224</x10>
			<y10>123</y10>
			<x11>228</x11>
			<y11>127</y11>
			<x12>230</x12>
			<y12>131</y12>
			<x13>230</x13>
			<y13>133</y13>
			<x14>229</x14>
			<y14>134</y14>
			<x15>219</x15>
			<y15>134</y15>
			<x16>218</x16>
			<y16>133</y16>
			<x17>218</x17>
			<y17>130</y17>
			<x18>217</x18>
			<y18>128</y18>
			<x19>215</x19>
			<y19>126</y19>
			<x20>213</x20>
			<y20>126</y20>
			<x21>212</x21>
			<y21>125</y21>
			<x22>208</x22>
			<y22>125</y22>
			<x23>207</x23>
			<y23>126</y23>
			<x24>203</x24>
			<y24>126</y24>
			<x25>202</x25>
			<y25>125</y25>
			<x26>195</x26>
			<y26>125</y26>
			<x27>193</x27>
			<y27>127</y27>
			<x28>192</x28>
			<y28>127</y28>
			<x29>189</x29>
			<y29>125</y29>
			<x30>184</x30>
			<y30>124</y30>
			<x31>183</x31>
			<y31>125</y31>
			<x32>178</x32>
			<y32>125</y32>
			<x33>177</x33>
			<y33>126</y33>
			<x34>175</x34>
			<y34>126</y34>
			<x35>170</x35>
			<y35>132</y35>
			<x36>166</x36>
			<y36>132</y36>
			<x37>165</x37>
			<y37>131</y37>
			<x38>161</x38>
			<y38>131</y38>
			<x39>159</x39>
			<y39>132</y39>
			<x40>154</x40>
			<y40>137</y40>
			<x41>150</x41>
			<y41>139</y41>
			<x42>148</x42>
			<y42>141</y42>
			<x43>147</x43>
			<y43>144</y43>
			<x44>145</x44>
			<y44>144</y44>
			<x45>144</x45>
			<y45>145</y45>
			<x46>141</x46>
			<y46>145</y46>
			<x47>140</x47>
			<y47>144</y47>
			<x48>140</x48>
			<y48>140</y48>
			<x49>141</x49>
			<y49>139</y49>
			<x50>141</x50>
			<y50>137</y50>
			<x51>143</x51>
			<y51>133</y51>
			<x52>150</x52>
			<y52>127</y52>
			<x53>160</x53>
			<y53>122</y53>
			<x54>163</x54>
			<y54>122</y54>
			<x55>164</x55>
			<y55>121</y55>
			<x56>166</x56>
			<y56>121</y56>
			<x57>167</x57>
			<y57>120</y57>
			<x58>170</x58>
			<y58>120</y58>
			<x59>171</x59>
			<y59>119</y59>
			<x60>174</x60>
			<y60>119</y60>
			<x61>175</x61>
			<y61>118</y61>
			<x62>180</x62>
			<y62>118</y62>
			<x63>181</x63>
			<y63>117</y63>
			<x64>189</x64>
			<y64>117</y64>
			<x65>190</x65>
			<y65>116</y65>
			<x66>203</x66>
			<y66>116</y66>
		</polygon>
	</object>
	<metadata>
	</metadata>
</annotation>
