<annotation>
	<folder></folder>
	<filename>IMG_8493_jpeg.rf.fea3afdf91ee6b1527113ccfa9ec0ff3.jpg</filename>
	<path>IMG_8493_jpeg.rf.fea3afdf91ee6b1527113ccfa9ec0ff3.jpg</path>
	<source>
		<database>roboflow.com</database>
	</source>
	<size>
		<width>320</width>
		<height>320</height>
		<depth>3</depth>
	</size>
	<segmented>0</segmented>
	<object>
		<name>fish</name>
		<pose>Unspecified</pose>
		<truncated>0</truncated>
		<difficult>0</difficult>
		<occluded>0</occluded>
		<bndbox>
			<xmin>108</xmin>
			<xmax>161</xmax>
			<ymin>152</ymin>
			<ymax>219</ymax>
		</bndbox>
		<polygon>
			<x1>115</x1>
			<y1>152</y1>
			<x2>118</x2>
			<y2>152</y2>
			<x3>119</x3>
			<y3>153</y3>
			<x4>121</x4>
			<y4>153</y4>
			<x5>122</x5>
			<y5>154</y5>
			<x6>127</x6>
			<y6>155</y6>
			<x7>130</x7>
			<y7>157</y7>
			<x8>132</x8>
			<y8>157</y8>
			<x9>138</x9>
			<y9>160</y9>
			<x10>138</x10>
			<y10>161</y10>
			<x11>140</x11>
			<y11>163</y11>
			<x12>145</x12>
			<y12>163</y12>
			<x13>146</x13>
			<y13>164</y13>
			<x14>149</x14>
			<y14>164</y14>
			<x15>149</x15>
			<y15>165</y15>
			<x16>147</x16>
			<y16>165</y16>
			<x17>143</x17>
			<y17>167</y17>
			<x18>141</x18>
			<y18>169</y18>
			<x19>142</x19>
			<y19>170</y19>
			<x20>145</x20>
			<y20>169</y20>
			<x21>146</x21>
			<y21>170</y21>
			<x22>153</x22>
			<y22>170</y22>
			<x23>154</x23>
			<y23>171</y23>
			<x24>157</x24>
			<y24>171</y24>
			<x25>159</x25>
			<y25>172</y25>
			<x26>159</x26>
			<y26>173</y26>
			<x27>152</x27>
			<y27>173</y27>
			<x28>151</x28>
			<y28>174</y28>
			<x29>147</x29>
			<y29>174</y29>
			<x30>141</x30>
			<y30>177</y30>
			<x31>142</x31>
			<y31>179</y31>
			<x32>149</x32>
			<y32>179</y32>
			<x33>150</x33>
			<y33>180</y33>
			<x34>155</x34>
			<y34>180</y34>
			<x35>156</x35>
			<y35>181</y35>
			<x36>158</x36>
			<y36>181</y36>
			<x37>157</x37>
			<y37>182</y37>
			<x38>149</x38>
			<y38>182</y38>
			<x39>148</x39>
			<y39>183</y39>
			<x40>143</x40>
			<y40>184</y40>
			<x41>141</x41>
			<y41>186</y41>
			<x42>141</x42>
			<y42>187</y42>
			<x43>143</x43>
			<y43>189</y43>
			<x44>148</x44>
			<y44>189</y44>
			<x45>152</x45>
			<y45>191</y45>
			<x46>151</x46>
			<y46>193</y46>
			<x47>145</x47>
			<y47>193</y47>
			<x48>144</x48>
			<y48>194</y48>
			<x49>146</x49>
			<y49>196</y49>
			<x50>147</x50>
			<y50>199</y50>
			<x51>146</x51>
			<y51>200</y51>
			<x52>144</x52>
			<y52>199</y52>
			<x53>142</x53>
			<y53>201</y53>
			<x54>144</x54>
			<y54>203</y54>
			<x55>145</x55>
			<y55>208</y55>
			<x56>147</x56>
			<y56>211</y56>
			<x57>147</x57>
			<y57>215</y57>
			<x58>145</x58>
			<y58>215</y58>
			<x59>143</x59>
			<y59>214</y59>
			<x60>141</x60>
			<y60>217</y60>
			<x61>138</x61>
			<y61>217</y61>
			<x62>136</x62>
			<y62>213</y62>
			<x63>134</x63>
			<y63>215</y63>
			<x64>133</x64>
			<y64>215</y64>
			<x65>131</x65>
			<y65>214</y65>
			<x66>131</x66>
			<y66>213</y66>
			<x67>128</x67>
			<y67>211</y67>
			<x68>128</x68>
			<y68>209</y68>
			<x69>129</x69>
			<y69>208</y69>
			<x70>128</x70>
			<y70>206</y70>
			<x71>130</x71>
			<y71>204</y71>
			<x72>132</x72>
			<y72>204</y72>
			<x73>136</x73>
			<y73>201</y73>
			<x74>134</x74>
			<y74>200</y74>
			<x75>134</x75>
			<y75>198</y75>
			<x76>133</x76>
			<y76>197</y76>
			<x77>130</x77>
			<y77>198</y77>
			<x78>130</x78>
			<y78>196</y78>
			<x79>134</x79>
			<y79>191</y79>
			<x80>133</x80>
			<y80>190</y80>
			<x81>131</x81>
			<y81>191</y81>
			<x82>129</x82>
			<y82>191</y82>
			<x83>128</x83>
			<y83>190</y83>
			<x84>129</x84>
			<y84>188</y84>
			<x85>127</x85>
			<y85>186</y85>
			<x86>126</x86>
			<y86>186</y86>
			<x87>123</x87>
			<y87>189</y87>
			<x88>122</x88>
			<y88>189</y88>
			<x89>122</x89>
			<y89>185</y89>
			<x90>123</x90>
			<y90>184</y90>
			<x91>123</x91>
			<y91>182</y91>
			<x92>121</x92>
			<y92>180</y92>
			<x93>121</x93>
			<y93>175</y93>
			<x94>120</x94>
			<y94>174</y94>
			<x95>117</x95>
			<y95>178</y95>
			<x96>117</x96>
			<y96>179</y96>
			<x97>116</x97>
			<y97>179</y97>
			<x98>110</x98>
			<y98>171</y98>
			<x99>109</x99>
			<y99>169</y99>
			<x100>109</x100>
			<y100>167</y100>
			<x101>108</x101>
			<y101>166</y101>
			<x102>108</x102>
			<y102>164</y102>
			<x103>107</x103>
			<y103>163</y103>
			<x104>107</x104>
			<y104>157</y104>
			<x105>108</x105>
			<y105>155</y105>
			<x106>113</x106>
			<y106>156</y106>
			<x107>115</x107>
			<y107>154</y107>
			<x108>115</x108>
			<y108>153</y108>
		</polygon>
	</object>
	<metadata>
	</metadata>
</annotation>
