<annotation>
	<folder></folder>
	<filename>IMG_8189_jpeg.rf.51e2dd64a4eb3c6761189a4038ef1029.jpg</filename>
	<path>IMG_8189_jpeg.rf.51e2dd64a4eb3c6761189a4038ef1029.jpg</path>
	<source>
		<database>roboflow.com</database>
	</source>
	<size>
		<width>320</width>
		<height>320</height>
		<depth>3</depth>
	</size>
	<segmented>0</segmented>
	<object>
		<name>Watermelon rind</name>
		<pose>Unspecified</pose>
		<truncated>0</truncated>
		<difficult>0</difficult>
		<occluded>0</occluded>
		<bndbox>
			<xmin>166</xmin>
			<xmax>211</xmax>
			<ymin>128</ymin>
			<ymax>180</ymax>
		</bndbox>
		<polygon>
			<x1>166</x1>
			<y1>127</y1>
			<x2>175</x2>
			<y2>127</y2>
			<x3>176</x3>
			<y3>128</y3>
			<x4>181</x4>
			<y4>129</y4>
			<x5>185</x5>
			<y5>131</y5>
			<x6>187</x6>
			<y6>133</y6>
			<x7>188</x7>
			<y7>133</y7>
			<x8>191</x8>
			<y8>136</y8>
			<x9>192</x9>
			<y9>136</y9>
			<x10>197</x10>
			<y10>141</y10>
			<x11>197</x11>
			<y11>142</y11>
			<x12>203</x12>
			<y12>149</y12>
			<x13>204</x13>
			<y13>152</y13>
			<x14>207</x14>
			<y14>156</y14>
			<x15>207</x15>
			<y15>158</y15>
			<x16>209</x16>
			<y16>162</y16>
			<x17>209</x17>
			<y17>171</y17>
			<x18>208</x18>
			<y18>173</y18>
			<x19>205</x19>
			<y19>176</y19>
			<x20>199</x20>
			<y20>179</y20>
			<x21>196</x21>
			<y21>176</y21>
			<x22>196</x22>
			<y22>174</y22>
			<x23>195</x23>
			<y23>173</y23>
			<x24>197</x24>
			<y24>171</y24>
			<x25>199</x25>
			<y25>171</y25>
			<x26>202</x26>
			<y26>168</y26>
			<x27>202</x27>
			<y27>166</y27>
			<x28>200</x28>
			<y28>164</y28>
			<x29>200</x29>
			<y29>161</y29>
			<x30>199</x30>
			<y30>159</y30>
			<x31>196</x31>
			<y31>156</y31>
			<x32>196</x32>
			<y32>151</y32>
			<x33>195</x33>
			<y33>149</y33>
			<x34>190</x34>
			<y34>144</y34>
			<x35>187</x35>
			<y35>144</y35>
			<x36>185</x36>
			<y36>142</y36>
			<x37>185</x37>
			<y37>140</y37>
			<x38>182</x38>
			<y38>136</y38>
			<x39>180</x39>
			<y39>135</y39>
			<x40>178</x40>
			<y40>135</y40>
			<x41>174</x41>
			<y41>133</y41>
			<x42>172</x42>
			<y42>131</y42>
			<x43>168</x43>
			<y43>131</y43>
			<x44>166</x44>
			<y44>128</y44>
		</polygon>
	</object>
	<object>
		<name>Watermelon rind</name>
		<pose>Unspecified</pose>
		<truncated>0</truncated>
		<difficult>0</difficult>
		<occluded>0</occluded>
		<bndbox>
			<xmin>133</xmin>
			<xmax>189</xmax>
			<ymin>135</ymin>
			<ymax>163</ymax>
		</bndbox>
		<polygon>
			<x1>154</x1>
			<y1>135</y1>
			<x2>155</x2>
			<y2>136</y2>
			<x3>158</x3>
			<y3>136</y3>
			<x4>159</x4>
			<y4>137</y4>
			<x5>164</x5>
			<y5>138</y5>
			<x6>167</x6>
			<y6>140</y6>
			<x7>169</x7>
			<y7>140</y7>
			<x8>173</x8>
			<y8>142</y8>
			<x9>175</x9>
			<y9>144</y9>
			<x10>178</x10>
			<y10>145</y10>
			<x11>186</x11>
			<y11>153</y11>
			<x12>187</x12>
			<y12>155</y12>
			<x13>187</x13>
			<y13>158</y13>
			<x14>188</x14>
			<y14>159</y14>
			<x15>186</x15>
			<y15>162</y15>
			<x16>184</x16>
			<y16>161</y16>
			<x17>183</x17>
			<y17>158</y17>
			<x18>181</x18>
			<y18>156</y18>
			<x19>180</x19>
			<y19>156</y19>
			<x20>180</x20>
			<y20>155</y20>
			<x21>177</x21>
			<y21>151</y21>
			<x22>175</x22>
			<y22>150</y22>
			<x23>171</x23>
			<y23>150</y23>
			<x24>169</x24>
			<y24>148</y24>
			<x25>169</x25>
			<y25>147</y25>
			<x26>164</x26>
			<y26>143</y26>
			<x27>157</x27>
			<y27>143</y27>
			<x28>154</x28>
			<y28>141</y28>
			<x29>150</x29>
			<y29>141</y29>
			<x30>146</x30>
			<y30>139</y30>
			<x31>144</x31>
			<y31>139</y31>
			<x32>142</x32>
			<y32>140</y32>
			<x33>140</x33>
			<y33>144</y33>
			<x34>136</x34>
			<y34>144</y34>
			<x35>134</x35>
			<y35>143</y35>
			<x36>133</x36>
			<y36>142</y36>
			<x37>134</x37>
			<y37>139</y37>
			<x38>136</x38>
			<y38>137</y38>
			<x39>140</x39>
			<y39>135</y39>
			<x40>153</x40>
			<y40>135</y40>
		</polygon>
	</object>
	<metadata>
	</metadata>
</annotation>
