<annotation>
	<folder></folder>
	<filename>IMG_8352_jpeg.rf.ffbac267689ef5d3420f950eaadb1e48.jpg</filename>
	<path>IMG_8352_jpeg.rf.ffbac267689ef5d3420f950eaadb1e48.jpg</path>
	<source>
		<database>roboflow.com</database>
	</source>
	<size>
		<width>320</width>
		<height>320</height>
		<depth>3</depth>
	</size>
	<segmented>0</segmented>
	<object>
		<name>fish</name>
		<pose>Unspecified</pose>
		<truncated>0</truncated>
		<difficult>0</difficult>
		<occluded>0</occluded>
		<bndbox>
			<xmin>86</xmin>
			<xmax>161</xmax>
			<ymin>131</ymin>
			<ymax>171</ymax>
		</bndbox>
		<polygon>
			<x1>102</x1>
			<y1>131</y1>
			<x2>103</x2>
			<y2>132</y2>
			<x3>103</x3>
			<y3>134</y3>
			<x4>105</x4>
			<y4>138</y4>
			<x5>111</x5>
			<y5>144</y5>
			<x6>114</x6>
			<y6>144</y6>
			<x7>115</x7>
			<y7>143</y7>
			<x8>114</x8>
			<y8>141</y8>
			<x9>114</x9>
			<y9>139</y9>
			<x10>113</x10>
			<y10>138</y10>
			<x11>113</x11>
			<y11>131</y11>
			<x12>114</x12>
			<y12>131</y12>
			<x13>114</x13>
			<y13>133</y13>
			<x14>116</x14>
			<y14>137</y14>
			<x15>120</x15>
			<y15>141</y15>
			<x16>123</x16>
			<y16>141</y16>
			<x17>125</x17>
			<y17>139</y17>
			<x18>125</x18>
			<y18>135</y18>
			<x19>127</x19>
			<y19>132</y19>
			<x20>128</x20>
			<y20>134</y20>
			<x21>128</x21>
			<y21>136</y21>
			<x22>130</x22>
			<y22>139</y22>
			<x23>134</x23>
			<y23>135</y23>
			<x24>137</x24>
			<y24>135</y24>
			<x25>136</x25>
			<y25>137</y25>
			<x26>137</x26>
			<y26>138</y26>
			<x27>139</x27>
			<y27>138</y27>
			<x28>146</x28>
			<y28>134</y28>
			<x29>148</x29>
			<y29>134</y29>
			<x30>149</x30>
			<y30>133</y30>
			<x31>151</x31>
			<y31>133</y31>
			<x32>155</x32>
			<y32>131</y32>
			<x33>156</x33>
			<y33>132</y33>
			<x34>155</x34>
			<y34>134</y34>
			<x35>156</x35>
			<y35>135</y35>
			<x36>159</x36>
			<y36>135</y36>
			<x37>159</x37>
			<y37>138</y37>
			<x38>157</x38>
			<y38>140</y38>
			<x39>157</x39>
			<y39>142</y39>
			<x40>154</x40>
			<y40>145</y40>
			<x41>149</x41>
			<y41>145</y41>
			<x42>148</x42>
			<y42>146</y42>
			<x43>142</x43>
			<y43>141</y43>
			<x44>141</x44>
			<y44>141</y44>
			<x45>137</x45>
			<y45>144</y45>
			<x46>138</x46>
			<y46>146</y46>
			<x47>132</x47>
			<y47>146</y47>
			<x48>131</x48>
			<y48>148</y48>
			<x49>128</x49>
			<y49>149</y49>
			<x50>127</x50>
			<y50>150</y50>
			<x51>127</x51>
			<y51>152</y51>
			<x52>129</x52>
			<y52>153</y52>
			<x53>127</x53>
			<y53>154</y53>
			<x54>123</x54>
			<y54>154</y54>
			<x55>122</x55>
			<y55>153</y55>
			<x56>120</x56>
			<y56>154</y56>
			<x57>118</x57>
			<y57>156</y57>
			<x58>118</x58>
			<y58>159</y58>
			<x59>113</x59>
			<y59>163</y59>
			<x60>107</x60>
			<y60>166</y60>
			<x61>105</x61>
			<y61>166</y61>
			<x62>102</x62>
			<y62>168</y62>
			<x63>98</x63>
			<y63>168</y63>
			<x64>97</x64>
			<y64>169</y64>
			<x65>91</x65>
			<y65>169</y65>
			<x66>91</x66>
			<y66>166</y66>
			<x67>88</x67>
			<y67>164</y67>
			<x68>85</x68>
			<y68>165</y68>
			<x69>85</x69>
			<y69>162</y69>
			<x70>86</x70>
			<y70>161</y70>
			<x71>87</x71>
			<y71>156</y71>
			<x72>91</x72>
			<y72>148</y72>
			<x73>93</x73>
			<y73>148</y73>
			<x74>94</x74>
			<y74>147</y74>
			<x75>94</x75>
			<y75>139</y75>
			<x76>96</x76>
			<y76>141</y76>
			<x77>96</x77>
			<y77>142</y77>
			<x78>101</x78>
			<y78>147</y78>
			<x79>103</x79>
			<y79>147</y79>
			<x80>104</x80>
			<y80>146</y80>
			<x81>104</x81>
			<y81>144</y81>
			<x82>101</x82>
			<y82>138</y82>
			<x83>101</x83>
			<y83>132</y83>
		</polygon>
	</object>
	<metadata>
	</metadata>
</annotation>
