<annotation>
	<folder></folder>
	<filename>IMG_8249_jpeg.rf.997e681cc6af6704835825c8bd126ddf.jpg</filename>
	<path>IMG_8249_jpeg.rf.997e681cc6af6704835825c8bd126ddf.jpg</path>
	<source>
		<database>roboflow.com</database>
	</source>
	<size>
		<width>320</width>
		<height>320</height>
		<depth>3</depth>
	</size>
	<segmented>0</segmented>
	<object>
		<name>Watermelon rind</name>
		<pose>Unspecified</pose>
		<truncated>0</truncated>
		<difficult>0</difficult>
		<occluded>0</occluded>
		<bndbox>
			<xmin>137</xmin>
			<xmax>178</xmax>
			<ymin>140</ymin>
			<ymax>185</ymax>
		</bndbox>
		<polygon>
			<x1>147</x1>
			<y1>139</y1>
			<x2>147</x2>
			<y2>140</y2>
			<x3>149</x3>
			<y3>142</y3>
			<x4>149</x4>
			<y4>145</y4>
			<x5>146</x5>
			<y5>146</y5>
			<x6>143</x6>
			<y6>149</y6>
			<x7>144</x7>
			<y7>150</y7>
			<x8>144</x8>
			<y8>152</y8>
			<x9>145</x9>
			<y9>153</y9>
			<x10>145</x10>
			<y10>155</y10>
			<x11>146</x11>
			<y11>157</y11>
			<x12>149</x12>
			<y12>160</y12>
			<x13>149</x13>
			<y13>165</y13>
			<x14>153</x14>
			<y14>169</y14>
			<x15>155</x15>
			<y15>170</y15>
			<x16>158</x16>
			<y16>170</y16>
			<x17>160</x17>
			<y17>172</y17>
			<x18>162</x18>
			<y18>176</y18>
			<x19>164</x19>
			<y19>176</y19>
			<x20>165</x20>
			<y20>177</y20>
			<x21>168</x21>
			<y21>177</y21>
			<x22>171</x22>
			<y22>179</y22>
			<x23>175</x23>
			<y23>179</y23>
			<x24>177</x24>
			<y24>181</y24>
			<x25>177</x25>
			<y25>182</y25>
			<x26>175</x26>
			<y26>183</y26>
			<x27>163</x27>
			<y27>183</y27>
			<x28>162</x28>
			<y28>182</y28>
			<x29>160</x29>
			<y29>182</y29>
			<x30>156</x30>
			<y30>180</y30>
			<x31>150</x31>
			<y31>175</y31>
			<x32>149</x32>
			<y32>175</y32>
			<x33>149</x33>
			<y33>174</y33>
			<x34>147</x34>
			<y34>173</y34>
			<x35>147</x35>
			<y35>172</y35>
			<x36>141</x36>
			<y36>165</y36>
			<x37>137</x37>
			<y37>157</y37>
			<x38>137</x38>
			<y38>155</y38>
			<x39>136</x39>
			<y39>154</y39>
			<x40>136</x40>
			<y40>150</y40>
			<x41>137</x41>
			<y41>149</y41>
			<x42>137</x42>
			<y42>147</y42>
			<x43>138</x43>
			<y43>145</y43>
			<x44>143</x44>
			<y44>140</y44>
			<x45>146</x45>
			<y45>139</y45>
		</polygon>
	</object>
	<object>
		<name>Watermelon rind</name>
		<pose>Unspecified</pose>
		<truncated>0</truncated>
		<difficult>0</difficult>
		<occluded>0</occluded>
		<bndbox>
			<xmin>157</xmin>
			<xmax>203</xmax>
			<ymin>153</ymin>
			<ymax>172</ymax>
		</bndbox>
		<polygon>
			<x1>157</x1>
			<y1>152</y1>
			<x2>160</x2>
			<y2>153</y2>
			<x3>160</x3>
			<y3>154</y3>
			<x4>167</x4>
			<y4>161</y4>
			<x5>171</x5>
			<y5>161</y5>
			<x6>175</x6>
			<y6>165</y6>
			<x7>177</x7>
			<y7>166</y7>
			<x8>181</x8>
			<y8>166</y8>
			<x9>182</x9>
			<y9>165</y9>
			<x10>185</x10>
			<y10>165</y10>
			<x11>186</x11>
			<y11>166</y11>
			<x12>194</x12>
			<y12>166</y12>
			<x13>197</x13>
			<y13>161</y13>
			<x14>201</x14>
			<y14>161</y14>
			<x15>201</x15>
			<y15>164</y15>
			<x16>200</x16>
			<y16>166</y16>
			<x17>197</x17>
			<y17>169</y17>
			<x18>195</x18>
			<y18>170</y18>
			<x19>192</x19>
			<y19>170</y19>
			<x20>191</x20>
			<y20>171</y20>
			<x21>181</x21>
			<y21>171</y21>
			<x22>180</x22>
			<y22>170</y22>
			<x23>175</x23>
			<y23>170</y23>
			<x24>174</x24>
			<y24>169</y24>
			<x25>169</x25>
			<y25>168</y25>
			<x26>163</x26>
			<y26>165</y26>
			<x27>158</x27>
			<y27>160</y27>
			<x28>157</x28>
			<y28>158</y28>
			<x29>157</x29>
			<y29>155</y29>
			<x30>156</x30>
			<y30>154</y30>
			<x31>157</x31>
			<y31>153</y31>
		</polygon>
	</object>
	<metadata>
	</metadata>
</annotation>
