<annotation>
	<folder></folder>
	<filename>IMG_1960_HEIC.rf.58e4ef0e95b04be11e4df2af870ba37e.jpg</filename>
	<path>IMG_1960_HEIC.rf.58e4ef0e95b04be11e4df2af870ba37e.jpg</path>
	<source>
		<database>roboflow.com</database>
	</source>
	<size>
		<width>320</width>
		<height>320</height>
		<depth>3</depth>
	</size>
	<segmented>0</segmented>
	<object>
		<name>Apple core</name>
		<pose>Unspecified</pose>
		<truncated>0</truncated>
		<difficult>0</difficult>
		<occluded>0</occluded>
		<bndbox>
			<xmin>153</xmin>
			<xmax>174</xmax>
			<ymin>165</ymin>
			<ymax>191</ymax>
		</bndbox>
	</object>
	<metadata>
	</metadata>
</annotation>
