<annotation>
	<folder></folder>
	<filename>IMG_8401_jpeg.rf.6800343a7676140c5e5df2bd1839eabf.jpg</filename>
	<path>IMG_8401_jpeg.rf.6800343a7676140c5e5df2bd1839eabf.jpg</path>
	<source>
		<database>roboflow.com</database>
	</source>
	<size>
		<width>320</width>
		<height>320</height>
		<depth>3</depth>
	</size>
	<segmented>0</segmented>
	<object>
		<name>fish</name>
		<pose>Unspecified</pose>
		<truncated>0</truncated>
		<difficult>0</difficult>
		<occluded>0</occluded>
		<bndbox>
			<xmin>135</xmin>
			<xmax>208</xmax>
			<ymin>150</ymin>
			<ymax>178</ymax>
		</bndbox>
		<polygon>
			<x1>204</x1>
			<y1>151</y1>
			<x2>203</x2>
			<y2>154</y2>
			<x3>205</x3>
			<y3>156</y3>
			<x4>206</x4>
			<y4>156</y4>
			<x5>205</x5>
			<y5>158</y5>
			<x6>203</x6>
			<y6>159</y6>
			<x7>199</x7>
			<y7>163</y7>
			<x8>196</x8>
			<y8>164</y8>
			<x9>192</x9>
			<y9>167</y9>
			<x10>190</x10>
			<y10>167</y10>
			<x11>188</x11>
			<y11>169</y11>
			<x12>186</x12>
			<y12>173</y12>
			<x13>185</x13>
			<y13>173</y13>
			<x14>185</x14>
			<y14>169</y14>
			<x15>184</x15>
			<y15>168</y15>
			<x16>184</x16>
			<y16>166</y16>
			<x17>183</x17>
			<y17>164</y17>
			<x18>181</x18>
			<y18>163</y18>
			<x19>180</x19>
			<y19>164</y19>
			<x20>181</x20>
			<y20>166</y20>
			<x21>180</x21>
			<y21>171</y21>
			<x22>179</x22>
			<y22>173</y22>
			<x23>176</x23>
			<y23>176</y23>
			<x24>175</x24>
			<y24>176</y24>
			<x25>175</x25>
			<y25>174</y25>
			<x26>176</x26>
			<y26>173</y26>
			<x27>176</x27>
			<y27>167</y27>
			<x28>174</x28>
			<y28>165</y28>
			<x29>172</x29>
			<y29>165</y29>
			<x30>171</x30>
			<y30>166</y30>
			<x31>171</x31>
			<y31>168</y31>
			<x32>166</x32>
			<y32>174</y32>
			<x33>166</x33>
			<y33>172</y33>
			<x34>167</x34>
			<y34>171</y34>
			<x35>167</x35>
			<y35>166</y35>
			<x36>165</x36>
			<y36>163</y36>
			<x37>162</x37>
			<y37>163</y37>
			<x38>161</x38>
			<y38>165</y38>
			<x39>158</x39>
			<y39>168</y39>
			<x40>156</x40>
			<y40>168</y40>
			<x41>157</x41>
			<y41>166</y41>
			<x42>157</x42>
			<y42>164</y42>
			<x43>156</x43>
			<y43>163</y43>
			<x44>151</x44>
			<y44>164</y44>
			<x45>150</x45>
			<y45>163</y45>
			<x46>151</x46>
			<y46>162</y46>
			<x47>150</x47>
			<y47>161</y47>
			<x48>135</x48>
			<y48>161</y48>
			<x49>134</x49>
			<y49>156</y49>
			<x50>136</x50>
			<y50>154</y50>
			<x51>142</x51>
			<y51>151</y51>
			<x52>145</x52>
			<y52>151</y52>
			<x53>146</x53>
			<y53>152</y53>
			<x54>148</x54>
			<y54>152</y54>
			<x55>150</x55>
			<y55>156</y55>
			<x56>152</x56>
			<y56>157</y56>
			<x57>155</x57>
			<y57>155</y57>
			<x58>158</x58>
			<y58>155</y58>
			<x59>159</x59>
			<y59>156</y59>
			<x60>161</x60>
			<y60>156</y60>
			<x61>162</x61>
			<y61>155</y61>
			<x62>166</x62>
			<y62>155</y62>
			<x63>167</x63>
			<y63>154</y63>
			<x64>165</x64>
			<y64>153</y64>
			<x65>166</x65>
			<y65>152</y65>
			<x66>169</x66>
			<y66>152</y66>
			<x67>170</x67>
			<y67>153</y67>
			<x68>174</x68>
			<y68>153</y68>
			<x69>176</x69>
			<y69>151</y69>
			<x70>178</x70>
			<y70>151</y70>
			<x71>179</x71>
			<y71>150</y71>
			<x72>185</x72>
			<y72>150</y72>
			<x73>186</x73>
			<y73>149</y73>
			<x74>197</x74>
			<y74>149</y74>
			<x75>198</x75>
			<y75>150</y75>
			<x76>202</x76>
			<y76>150</y76>
			<x77>203</x77>
			<y77>151</y77>
		</polygon>
	</object>
	<metadata>
	</metadata>
</annotation>
