<annotation>
	<folder></folder>
	<filename>IMG_8415_jpeg.rf.38ec8fbb003cb8f9ae2c20d057a64876.jpg</filename>
	<path>IMG_8415_jpeg.rf.38ec8fbb003cb8f9ae2c20d057a64876.jpg</path>
	<source>
		<database>roboflow.com</database>
	</source>
	<size>
		<width>320</width>
		<height>320</height>
		<depth>3</depth>
	</size>
	<segmented>0</segmented>
	<object>
		<name>fish</name>
		<pose>Unspecified</pose>
		<truncated>0</truncated>
		<difficult>0</difficult>
		<occluded>0</occluded>
		<bndbox>
			<xmin>89</xmin>
			<xmax>142</xmax>
			<ymin>121</ymin>
			<ymax>148</ymax>
		</bndbox>
		<polygon>
			<x1>110</x1>
			<y1>122</y1>
			<x2>112</x2>
			<y2>123</y2>
			<x3>115</x3>
			<y3>121</y3>
			<x4>117</x4>
			<y4>121</y4>
			<x5>119</x5>
			<y5>120</y5>
			<x6>119</x6>
			<y6>121</y6>
			<x7>117</x7>
			<y7>123</y7>
			<x8>118</x8>
			<y8>125</y8>
			<x9>120</x9>
			<y9>125</y9>
			<x10>126</x10>
			<y10>122</y10>
			<x11>130</x11>
			<y11>122</y11>
			<x12>129</x12>
			<y12>122</y12>
			<x13>124</x13>
			<y13>127</y13>
			<x14>124</x14>
			<y14>128</y14>
			<x15>122</x15>
			<y15>130</y15>
			<x16>124</x16>
			<y16>132</y16>
			<x17>128</x17>
			<y17>129</y17>
			<x18>130</x18>
			<y18>129</y18>
			<x19>131</x19>
			<y19>128</y19>
			<x20>133</x20>
			<y20>128</y20>
			<x21>135</x21>
			<y21>127</y21>
			<x22>131</x22>
			<y22>130</y22>
			<x23>131</x23>
			<y23>131</y23>
			<x24>128</x24>
			<y24>134</y24>
			<x25>128</x25>
			<y25>135</y25>
			<x26>130</x26>
			<y26>137</y26>
			<x27>132</x27>
			<y27>136</y27>
			<x28>135</x28>
			<y28>136</y28>
			<x29>136</x29>
			<y29>135</y29>
			<x30>138</x30>
			<y30>135</y30>
			<x31>138</x31>
			<y31>136</y31>
			<x32>137</x32>
			<y32>136</y32>
			<x33>135</x33>
			<y33>138</y33>
			<x34>136</x34>
			<y34>140</y34>
			<x35>138</x35>
			<y35>140</y35>
			<x36>139</x36>
			<y36>141</y36>
			<x37>139</x37>
			<y37>142</y37>
			<x38>137</x38>
			<y38>144</y38>
			<x39>139</x39>
			<y39>145</y39>
			<x40>137</x40>
			<y40>146</y40>
			<x41>128</x41>
			<y41>146</y41>
			<x42>128</x42>
			<y42>144</y42>
			<x43>126</x43>
			<y43>142</y43>
			<x44>125</x44>
			<y44>143</y44>
			<x45>123</x45>
			<y45>143</y45>
			<x46>121</x46>
			<y46>141</y46>
			<x47>120</x47>
			<y47>141</y47>
			<x48>119</x48>
			<y48>142</y48>
			<x49>119</x49>
			<y49>144</y49>
			<x50>118</x50>
			<y50>144</y50>
			<x51>116</x51>
			<y51>142</y51>
			<x52>114</x52>
			<y52>138</y52>
			<x53>113</x53>
			<y53>139</y53>
			<x54>110</x54>
			<y54>139</y54>
			<x55>108</x55>
			<y55>141</y55>
			<x56>105</x56>
			<y56>139</y56>
			<x57>102</x57>
			<y57>139</y57>
			<x58>99</x58>
			<y58>137</y58>
			<x59>97</x59>
			<y59>137</y59>
			<x60>93</x60>
			<y60>134</y60>
			<x61>92</x61>
			<y61>134</y61>
			<x62>88</x62>
			<y62>130</y62>
			<x63>88</x63>
			<y63>129</y63>
			<x64>90</x64>
			<y64>129</y64>
			<x65>92</x65>
			<y65>127</y65>
			<x66>92</x66>
			<y66>126</y66>
			<x67>90</x67>
			<y67>125</y67>
			<x68>92</x68>
			<y68>124</y68>
			<x69>95</x69>
			<y69>124</y69>
			<x70>96</x70>
			<y70>123</y70>
			<x71>103</x71>
			<y71>123</y71>
			<x72>104</x72>
			<y72>122</y72>
			<x73>109</x73>
			<y73>122</y73>
		</polygon>
	</object>
	<metadata>
	</metadata>
</annotation>
