<annotation>
	<folder></folder>
	<filename>IMG_8442_jpeg.rf.16f31827a6c9d64cf630f3211194a2a6.jpg</filename>
	<path>IMG_8442_jpeg.rf.16f31827a6c9d64cf630f3211194a2a6.jpg</path>
	<source>
		<database>roboflow.com</database>
	</source>
	<size>
		<width>320</width>
		<height>320</height>
		<depth>3</depth>
	</size>
	<segmented>0</segmented>
	<object>
		<name>fish</name>
		<pose>Unspecified</pose>
		<truncated>0</truncated>
		<difficult>0</difficult>
		<occluded>0</occluded>
		<bndbox>
			<xmin>107</xmin>
			<xmax>132</xmax>
			<ymin>115</ymin>
			<ymax>149</ymax>
		</bndbox>
		<polygon>
			<x1>123</x1>
			<y1>114</y1>
			<x2>128</x2>
			<y2>114</y2>
			<x3>128</x3>
			<y3>115</y3>
			<x4>131</x4>
			<y4>117</y4>
			<x5>131</x5>
			<y5>119</y5>
			<x6>130</x6>
			<y6>121</y6>
			<x7>127</x7>
			<y7>121</y7>
			<x8>125</x8>
			<y8>123</y8>
			<x9>126</x9>
			<y9>124</y9>
			<x10>126</x10>
			<y10>126</y10>
			<x11>125</x11>
			<y11>128</y11>
			<x12>128</x12>
			<y12>130</y12>
			<x13>125</x13>
			<y13>133</y13>
			<x14>128</x14>
			<y14>135</y14>
			<x15>128</x15>
			<y15>142</y15>
			<x16>126</x16>
			<y16>146</y16>
			<x17>122</x17>
			<y17>146</y17>
			<x18>121</x18>
			<y18>147</y18>
			<x19>118</x19>
			<y19>146</y19>
			<x20>113</x20>
			<y20>141</y20>
			<x21>113</x21>
			<y21>140</y21>
			<x22>109</x22>
			<y22>137</y22>
			<x23>109</x23>
			<y23>136</y23>
			<x24>111</x24>
			<y24>136</y24>
			<x25>112</x25>
			<y25>135</y25>
			<x26>106</x26>
			<y26>132</y26>
			<x27>114</x27>
			<y27>132</y27>
			<x28>115</x28>
			<y28>131</y28>
			<x29>111</x29>
			<y29>129</y29>
			<x30>110</x30>
			<y30>127</y30>
			<x31>113</x31>
			<y31>129</y31>
			<x32>116</x32>
			<y32>129</y32>
			<x33>118</x33>
			<y33>127</y33>
			<x34>118</x34>
			<y34>126</y34>
			<x35>115</x35>
			<y35>124</y35>
			<x36>118</x36>
			<y36>124</y36>
			<x37>119</x37>
			<y37>122</y37>
			<x38>122</x38>
			<y38>120</y38>
			<x39>122</x39>
			<y39>117</y39>
			<x40>123</x40>
			<y40>115</y40>
		</polygon>
	</object>
	<metadata>
	</metadata>
</annotation>
