<annotation>
	<folder></folder>
	<filename>IMG_8495_jpeg.rf.2f8b2e43a944d6f1ee7677a5954fd58f.jpg</filename>
	<path>IMG_8495_jpeg.rf.2f8b2e43a944d6f1ee7677a5954fd58f.jpg</path>
	<source>
		<database>roboflow.com</database>
	</source>
	<size>
		<width>320</width>
		<height>320</height>
		<depth>3</depth>
	</size>
	<segmented>0</segmented>
	<object>
		<name>fish</name>
		<pose>Unspecified</pose>
		<truncated>0</truncated>
		<difficult>0</difficult>
		<occluded>0</occluded>
		<bndbox>
			<xmin>107</xmin>
			<xmax>158</xmax>
			<ymin>139</ymin>
			<ymax>205</ymax>
		</bndbox>
		<polygon>
			<x1>116</x1>
			<y1>139</y1>
			<x2>120</x2>
			<y2>139</y2>
			<x3>136</x3>
			<y3>147</y3>
			<x4>139</x4>
			<y4>151</y4>
			<x5>141</x5>
			<y5>151</y5>
			<x6>142</x6>
			<y6>152</y6>
			<x7>147</x7>
			<y7>152</y7>
			<x8>148</x8>
			<y8>154</y8>
			<x9>145</x9>
			<y9>155</y9>
			<x10>143</x10>
			<y10>157</y10>
			<x11>147</x11>
			<y11>159</y11>
			<x12>151</x12>
			<y12>159</y12>
			<x13>152</x13>
			<y13>160</y13>
			<x14>154</x14>
			<y14>160</y14>
			<x15>156</x15>
			<y15>161</y15>
			<x16>156</x16>
			<y16>162</y16>
			<x17>151</x17>
			<y17>162</y17>
			<x18>150</x18>
			<y18>163</y18>
			<x19>144</x19>
			<y19>163</y19>
			<x20>140</x20>
			<y20>166</y20>
			<x21>141</x21>
			<y21>167</y21>
			<x22>145</x22>
			<y22>167</y22>
			<x23>146</x23>
			<y23>168</y23>
			<x24>149</x24>
			<y24>168</y24>
			<x25>150</x25>
			<y25>169</y25>
			<x26>153</x26>
			<y26>169</y26>
			<x27>154</x27>
			<y27>170</y27>
			<x28>154</x28>
			<y28>171</y28>
			<x29>143</x29>
			<y29>171</y29>
			<x30>141</x30>
			<y30>172</y30>
			<x31>138</x31>
			<y31>175</y31>
			<x32>140</x32>
			<y32>177</y32>
			<x33>143</x33>
			<y33>177</y33>
			<x34>148</x34>
			<y34>180</y34>
			<x35>147</x35>
			<y35>181</y35>
			<x36>142</x36>
			<y36>181</y36>
			<x37>141</x37>
			<y37>182</y37>
			<x38>142</x38>
			<y38>187</y38>
			<x39>141</x39>
			<y39>188</y39>
			<x40>139</x40>
			<y40>187</y40>
			<x41>137</x41>
			<y41>188</y41>
			<x42>140</x42>
			<y42>194</y42>
			<x43>140</x43>
			<y43>198</y43>
			<x44>138</x44>
			<y44>200</y44>
			<x45>130</x45>
			<y45>204</y45>
			<x46>128</x46>
			<y46>202</y46>
			<x47>125</x47>
			<y47>202</y47>
			<x48>123</x48>
			<y48>201</y48>
			<x49>123</x49>
			<y49>200</y49>
			<x50>121</x50>
			<y50>199</y50>
			<x51>121</x51>
			<y51>196</y51>
			<x52>122</x52>
			<y52>195</y52>
			<x53>122</x53>
			<y53>193</y53>
			<x54>126</x54>
			<y54>191</y54>
			<x55>129</x55>
			<y55>188</y55>
			<x56>127</x56>
			<y56>185</y56>
			<x57>125</x57>
			<y57>185</y57>
			<x58>126</x58>
			<y58>182</y58>
			<x59>129</x59>
			<y59>179</y59>
			<x60>128</x60>
			<y60>178</y60>
			<x61>124</x61>
			<y61>178</y61>
			<x62>124</x62>
			<y62>176</y62>
			<x63>125</x63>
			<y63>175</y63>
			<x64>123</x64>
			<y64>173</y64>
			<x65>122</x65>
			<y65>173</y65>
			<x66>119</x66>
			<y66>176</y66>
			<x67>118</x67>
			<y67>176</y67>
			<x68>118</x68>
			<y68>173</y68>
			<x69>119</x69>
			<y69>172</y69>
			<x70>119</x70>
			<y70>170</y70>
			<x71>120</x71>
			<y71>168</y71>
			<x72>118</x72>
			<y72>166</y72>
			<x73>118</x73>
			<y73>164</y73>
			<x74>117</x74>
			<y74>163</y74>
			<x75>114</x75>
			<y75>166</y75>
			<x76>113</x76>
			<y76>165</y76>
			<x77>113</x77>
			<y77>164</y77>
			<x78>111</x78>
			<y78>162</y78>
			<x79>109</x79>
			<y79>158</y79>
			<x80>109</x80>
			<y80>156</y80>
			<x81>107</x81>
			<y81>152</y81>
			<x82>107</x82>
			<y82>144</y82>
			<x83>108</x83>
			<y83>142</y83>
			<x84>109</x84>
			<y84>141</y84>
			<x85>114</x85>
			<y85>142</y85>
			<x86>116</x86>
			<y86>140</y86>
		</polygon>
	</object>
	<metadata>
	</metadata>
</annotation>
