<annotation>
	<folder></folder>
	<filename>IMG_8346_jpeg.rf.9c36ae11d574846610c91a32e426aebd.jpg</filename>
	<path>IMG_8346_jpeg.rf.9c36ae11d574846610c91a32e426aebd.jpg</path>
	<source>
		<database>roboflow.com</database>
	</source>
	<size>
		<width>320</width>
		<height>320</height>
		<depth>3</depth>
	</size>
	<segmented>0</segmented>
	<object>
		<name>fish</name>
		<pose>Unspecified</pose>
		<truncated>0</truncated>
		<difficult>0</difficult>
		<occluded>0</occluded>
		<bndbox>
			<xmin>146</xmin>
			<xmax>199</xmax>
			<ymin>125</ymin>
			<ymax>194</ymax>
		</bndbox>
		<polygon>
			<x1>167</x1>
			<y1>124</y1>
			<x2>173</x2>
			<y2>127</y2>
			<x3>183</x3>
			<y3>137</y3>
			<x4>183</x4>
			<y4>138</y4>
			<x5>185</x5>
			<y5>140</y5>
			<x6>185</x6>
			<y6>141</y6>
			<x7>183</x7>
			<y7>142</y7>
			<x8>184</x8>
			<y8>143</y8>
			<x9>194</x9>
			<y9>148</y9>
			<x10>189</x10>
			<y10>148</y10>
			<x11>188</x11>
			<y11>147</y11>
			<x12>182</x12>
			<y12>147</y12>
			<x13>180</x13>
			<y13>148</y13>
			<x14>179</x14>
			<y14>150</y14>
			<x15>182</x15>
			<y15>152</y15>
			<x16>185</x16>
			<y16>152</y16>
			<x17>186</x17>
			<y17>153</y17>
			<x18>189</x18>
			<y18>153</y18>
			<x19>190</x19>
			<y19>154</y19>
			<x20>192</x20>
			<y20>154</y20>
			<x21>194</x21>
			<y21>155</y21>
			<x22>197</x22>
			<y22>158</y22>
			<x23>197</x23>
			<y23>159</y23>
			<x24>196</x24>
			<y24>158</y24>
			<x25>194</x25>
			<y25>158</y25>
			<x26>193</x26>
			<y26>157</y26>
			<x27>189</x27>
			<y27>157</y27>
			<x28>188</x28>
			<y28>156</y28>
			<x29>176</x29>
			<y29>156</y29>
			<x30>174</x30>
			<y30>157</y30>
			<x31>173</x31>
			<y31>158</y31>
			<x32>174</x32>
			<y32>159</y32>
			<x33>176</x33>
			<y33>159</y33>
			<x34>177</x34>
			<y34>160</y34>
			<x35>182</x35>
			<y35>161</y35>
			<x36>190</x36>
			<y36>166</y36>
			<x37>188</x37>
			<y37>166</y37>
			<x38>187</x38>
			<y38>165</y38>
			<x39>183</x39>
			<y39>165</y39>
			<x40>182</x40>
			<y40>164</y40>
			<x41>173</x41>
			<y41>164</y41>
			<x42>171</x42>
			<y42>166</y42>
			<x43>171</x43>
			<y43>168</y43>
			<x44>175</x44>
			<y44>170</y44>
			<x45>179</x45>
			<y45>174</y45>
			<x46>176</x46>
			<y46>174</y46>
			<x47>175</x47>
			<y47>173</y47>
			<x48>171</x48>
			<y48>173</y48>
			<x49>170</x49>
			<y49>174</y49>
			<x50>170</x50>
			<y50>179</y50>
			<x51>165</x51>
			<y51>177</y51>
			<x52>164</x52>
			<y52>178</y52>
			<x53>164</x53>
			<y53>182</y53>
			<x54>163</x54>
			<y54>183</y54>
			<x55>163</x55>
			<y55>187</y55>
			<x56>162</x56>
			<y56>188</y56>
			<x57>162</x57>
			<y57>191</y57>
			<x58>160</x58>
			<y58>193</y58>
			<x59>157</x59>
			<y59>190</y59>
			<x60>155</x60>
			<y60>192</y60>
			<x61>152</x61>
			<y61>192</y61>
			<x62>151</x62>
			<y62>191</y62>
			<x63>151</x63>
			<y63>189</y63>
			<x64>147</x64>
			<y64>187</y64>
			<x65>145</x65>
			<y65>183</y65>
			<x66>148</x66>
			<y66>181</y66>
			<x67>148</x67>
			<y67>179</y67>
			<x68>157</x68>
			<y68>178</y68>
			<x69>158</x69>
			<y69>177</y69>
			<x70>158</x70>
			<y70>173</y70>
			<x71>157</x71>
			<y71>172</y71>
			<x72>155</x72>
			<y72>172</y72>
			<x73>155</x73>
			<y73>171</y73>
			<x74>163</x74>
			<y74>167</y74>
			<x75>162</x75>
			<y75>166</y75>
			<x76>158</x76>
			<y76>166</y76>
			<x77>157</x77>
			<y77>165</y77>
			<x78>161</x78>
			<y78>161</y78>
			<x79>160</x79>
			<y79>160</y79>
			<x80>157</x80>
			<y80>160</y80>
			<x81>153</x81>
			<y81>162</y81>
			<x82>152</x82>
			<y82>161</y82>
			<x83>158</x83>
			<y83>155</y83>
			<x84>160</x84>
			<y84>154</y84>
			<x85>159</x85>
			<y85>153</y85>
			<x86>157</x86>
			<y86>153</y86>
			<x87>157</x87>
			<y87>151</y87>
			<x88>158</x88>
			<y88>150</y88>
			<x89>157</x89>
			<y89>149</y89>
			<x90>152</x90>
			<y90>151</y90>
			<x91>152</x91>
			<y91>143</y91>
			<x92>151</x92>
			<y92>142</y92>
			<x93>152</x93>
			<y93>141</y93>
			<x94>152</x94>
			<y94>135</y94>
			<x95>153</x95>
			<y95>134</y95>
			<x96>153</x96>
			<y96>132</y96>
			<x97>154</x97>
			<y97>130</y97>
			<x98>158</x98>
			<y98>125</y98>
			<x99>160</x99>
			<y99>125</y99>
			<x100>162</x100>
			<y100>127</y100>
			<x101>166</x101>
			<y101>127</y101>
			<x102>167</x102>
			<y102>125</y102>
		</polygon>
	</object>
	<metadata>
	</metadata>
</annotation>
