<annotation>
	<folder></folder>
	<filename>IMG_8315_jpeg.rf.34706a09a000ae32c3564e930bb2b750.jpg</filename>
	<path>IMG_8315_jpeg.rf.34706a09a000ae32c3564e930bb2b750.jpg</path>
	<source>
		<database>roboflow.com</database>
	</source>
	<size>
		<width>320</width>
		<height>320</height>
		<depth>3</depth>
	</size>
	<segmented>0</segmented>
	<object>
		<name>Watermelon rind</name>
		<pose>Unspecified</pose>
		<truncated>0</truncated>
		<difficult>0</difficult>
		<occluded>0</occluded>
		<bndbox>
			<xmin>77</xmin>
			<xmax>142</xmax>
			<ymin>114</ymin>
			<ymax>161</ymax>
		</bndbox>
		<polygon>
			<x1>85</x1>
			<y1>114</y1>
			<x2>87</x2>
			<y2>115</y2>
			<x3>90</x3>
			<y3>118</y3>
			<x4>90</x4>
			<y4>120</y4>
			<x5>88</x5>
			<y5>121</y5>
			<x6>85</x6>
			<y6>124</y6>
			<x7>85</x7>
			<y7>127</y7>
			<x8>88</x8>
			<y8>130</y8>
			<x9>90</x9>
			<y9>131</y9>
			<x10>92</x10>
			<y10>135</y10>
			<x11>93</x11>
			<y11>135</y11>
			<x12>95</x12>
			<y12>137</y12>
			<x13>97</x13>
			<y13>137</y13>
			<x14>97</x14>
			<y14>140</y14>
			<x15>100</x15>
			<y15>144</y15>
			<x16>106</x16>
			<y16>147</y16>
			<x17>110</x17>
			<y17>147</y17>
			<x18>111</x18>
			<y18>146</y18>
			<x19>113</x19>
			<y19>146</y19>
			<x20>119</x20>
			<y20>152</y20>
			<x21>130</x21>
			<y21>152</y21>
			<x22>131</x22>
			<y22>153</y22>
			<x23>133</x23>
			<y23>153</y23>
			<x24>134</x24>
			<y24>152</y24>
			<x25>139</x25>
			<y25>152</y25>
			<x26>141</x26>
			<y26>154</y26>
			<x27>139</x27>
			<y27>156</y27>
			<x28>135</x28>
			<y28>158</y28>
			<x29>132</x29>
			<y29>158</y29>
			<x30>131</x30>
			<y30>159</y30>
			<x31>116</x31>
			<y31>159</y31>
			<x32>115</x32>
			<y32>158</y32>
			<x33>112</x33>
			<y33>158</y33>
			<x34>111</x34>
			<y34>157</y34>
			<x35>109</x35>
			<y35>157</y35>
			<x36>106</x36>
			<y36>155</y36>
			<x37>104</x37>
			<y37>155</y37>
			<x38>98</x38>
			<y38>152</y38>
			<x39>96</x39>
			<y39>150</y39>
			<x40>95</x40>
			<y40>150</y40>
			<x41>93</x41>
			<y41>148</y41>
			<x42>89</x42>
			<y42>146</y42>
			<x43>80</x43>
			<y43>137</y43>
			<x44>80</x44>
			<y44>136</y44>
			<x45>78</x45>
			<y45>134</y45>
			<x46>76</x46>
			<y46>130</y46>
			<x47>76</x47>
			<y47>123</y47>
			<x48>78</x48>
			<y48>119</y48>
			<x49>83</x49>
			<y49>114</y49>
			<x50>84</x50>
			<y50>114</y50>
		</polygon>
	</object>
	<object>
		<name>Watermelon rind</name>
		<pose>Unspecified</pose>
		<truncated>0</truncated>
		<difficult>0</difficult>
		<occluded>0</occluded>
		<bndbox>
			<xmin>104</xmin>
			<xmax>165</xmax>
			<ymin>124</ymin>
			<ymax>143</ymax>
		</bndbox>
		<polygon>
			<x1>103</x1>
			<y1>126</y1>
			<x2>107</x2>
			<y2>126</y2>
			<x3>110</x3>
			<y3>129</y3>
			<x4>112</x4>
			<y4>130</y4>
			<x5>114</x5>
			<y5>130</y5>
			<x6>117</x6>
			<y6>133</y6>
			<x7>124</x7>
			<y7>133</y7>
			<x8>126</x8>
			<y8>132</y8>
			<x9>129</x9>
			<y9>135</y9>
			<x10>131</x10>
			<y10>136</y10>
			<x11>136</x11>
			<y11>136</y11>
			<x12>137</x12>
			<y12>135</y12>
			<x13>139</x13>
			<y13>135</y13>
			<x14>141</x14>
			<y14>133</y14>
			<x15>143</x15>
			<y15>134</y15>
			<x16>146</x16>
			<y16>134</y16>
			<x17>150</x17>
			<y17>132</y17>
			<x18>154</x18>
			<y18>132</y18>
			<x19>157</x19>
			<y19>129</y19>
			<x20>156</x20>
			<y20>127</y20>
			<x21>157</x21>
			<y21>125</y21>
			<x22>159</x22>
			<y22>124</y22>
			<x23>164</x23>
			<y23>124</y23>
			<x24>164</x24>
			<y24>128</y24>
			<x25>163</x25>
			<y25>129</y25>
			<x26>163</x26>
			<y26>131</y26>
			<x27>158</x27>
			<y27>136</y27>
			<x28>157</x28>
			<y28>136</y28>
			<x29>155</x29>
			<y29>138</y29>
			<x30>153</x30>
			<y30>138</y30>
			<x31>149</x31>
			<y31>140</y31>
			<x32>145</x32>
			<y32>140</y32>
			<x33>144</x33>
			<y33>141</y33>
			<x34>124</x34>
			<y34>141</y34>
			<x35>123</x35>
			<y35>140</y35>
			<x36>119</x36>
			<y36>140</y36>
			<x37>118</x37>
			<y37>139</y37>
			<x38>113</x38>
			<y38>138</y38>
			<x39>109</x39>
			<y39>136</y39>
			<x40>105</x40>
			<y40>132</y40>
			<x41>103</x41>
			<y41>127</y41>
		</polygon>
	</object>
	<metadata>
	</metadata>
</annotation>
