<annotation>
	<folder></folder>
	<filename>IMG_8260_jpeg.rf.c9e2186bb3b4b8eaca0b45f9711c7521.jpg</filename>
	<path>IMG_8260_jpeg.rf.c9e2186bb3b4b8eaca0b45f9711c7521.jpg</path>
	<source>
		<database>roboflow.com</database>
	</source>
	<size>
		<width>320</width>
		<height>320</height>
		<depth>3</depth>
	</size>
	<segmented>0</segmented>
	<object>
		<name>Watermelon rind</name>
		<pose>Unspecified</pose>
		<truncated>0</truncated>
		<difficult>0</difficult>
		<occluded>0</occluded>
		<bndbox>
			<xmin>88</xmin>
			<xmax>171</xmax>
			<ymin>113</ymin>
			<ymax>165</ymax>
		</bndbox>
		<polygon>
			<x1>98</x1>
			<y1>113</y1>
			<x2>100</x2>
			<y2>114</y2>
			<x3>103</x3>
			<y3>117</y3>
			<x4>104</x4>
			<y4>119</y4>
			<x5>98</x5>
			<y5>124</y5>
			<x6>98</x6>
			<y6>128</y6>
			<x7>100</x7>
			<y7>130</y7>
			<x8>103</x8>
			<y8>131</y8>
			<x9>109</x9>
			<y9>138</y9>
			<x10>114</x10>
			<y10>139</y10>
			<x11>114</x11>
			<y11>142</y11>
			<x12>119</x12>
			<y12>147</y12>
			<x13>123</x13>
			<y13>149</y13>
			<x14>132</x14>
			<y14>149</y14>
			<x15>134</x15>
			<y15>148</y15>
			<x16>136</x16>
			<y16>149</y16>
			<x17>137</x17>
			<y17>151</y17>
			<x18>142</x18>
			<y18>155</y18>
			<x19>147</x19>
			<y19>155</y19>
			<x20>148</x20>
			<y20>154</y20>
			<x21>154</x21>
			<y21>154</y21>
			<x22>155</x22>
			<y22>155</y22>
			<x23>160</x23>
			<y23>155</y23>
			<x24>163</x24>
			<y24>153</y24>
			<x25>165</x25>
			<y25>153</y25>
			<x26>169</x26>
			<y26>155</y26>
			<x27>169</x27>
			<y27>156</y27>
			<x28>163</x28>
			<y28>161</y28>
			<x29>161</x29>
			<y29>161</y29>
			<x30>157</x30>
			<y30>163</y30>
			<x31>151</x31>
			<y31>163</y31>
			<x32>150</x32>
			<y32>164</y32>
			<x33>149</x33>
			<y33>163</y33>
			<x34>137</x34>
			<y34>163</y34>
			<x35>136</x35>
			<y35>162</y35>
			<x36>132</x36>
			<y36>162</y36>
			<x37>128</x37>
			<y37>160</y37>
			<x38>126</x38>
			<y38>160</y38>
			<x39>123</x39>
			<y39>158</y39>
			<x40>121</x40>
			<y40>158</y40>
			<x41>111</x41>
			<y41>153</y41>
			<x42>109</x42>
			<y42>151</y42>
			<x43>106</x43>
			<y43>150</y43>
			<x44>99</x44>
			<y44>144</y44>
			<x45>98</x45>
			<y45>144</y45>
			<x46>91</x46>
			<y46>136</y46>
			<x47>88</x47>
			<y47>130</y47>
			<x48>88</x48>
			<y48>122</y48>
			<x49>90</x49>
			<y49>118</y49>
			<x50>95</x50>
			<y50>112</y50>
			<x51>97</x51>
			<y51>113</y51>
		</polygon>
	</object>
	<object>
		<name>Watermelon rind</name>
		<pose>Unspecified</pose>
		<truncated>0</truncated>
		<difficult>0</difficult>
		<occluded>0</occluded>
		<bndbox>
			<xmin>120</xmin>
			<xmax>196</xmax>
			<ymin>118</ymin>
			<ymax>143</ymax>
		</bndbox>
		<polygon>
			<x1>120</x1>
			<y1>125</y1>
			<x2>125</x2>
			<y2>125</y2>
			<x3>129</x3>
			<y3>129</y3>
			<x4>132</x4>
			<y4>129</y4>
			<x5>133</x5>
			<y5>130</y5>
			<x6>135</x6>
			<y6>130</y6>
			<x7>138</x7>
			<y7>133</y7>
			<x8>142</x8>
			<y8>133</y8>
			<x9>146</x9>
			<y9>131</y9>
			<x10>149</x10>
			<y10>131</y10>
			<x11>152</x11>
			<y11>134</y11>
			<x12>154</x12>
			<y12>134</y12>
			<x13>155</x13>
			<y13>135</y13>
			<x14>159</x14>
			<y14>135</y14>
			<x15>160</x15>
			<y15>134</y15>
			<x16>164</x16>
			<y16>134</y16>
			<x17>167</x17>
			<y17>131</y17>
			<x18>174</x18>
			<y18>131</y18>
			<x19>177</x19>
			<y19>129</y19>
			<x20>182</x20>
			<y20>129</y20>
			<x21>184</x21>
			<y21>128</y21>
			<x22>186</x22>
			<y22>125</y22>
			<x23>186</x23>
			<y23>123</y23>
			<x24>185</x24>
			<y24>122</y24>
			<x25>185</x25>
			<y25>120</y25>
			<x26>186</x26>
			<y26>119</y26>
			<x27>188</x27>
			<y27>119</y27>
			<x28>189</x28>
			<y28>118</y28>
			<x29>194</x29>
			<y29>118</y29>
			<x30>194</x30>
			<y30>120</y30>
			<x31>195</x31>
			<y31>121</y31>
			<x32>195</x32>
			<y32>123</y32>
			<x33>194</x33>
			<y33>124</y33>
			<x34>194</x34>
			<y34>126</y34>
			<x35>192</x35>
			<y35>130</y35>
			<x36>186</x36>
			<y36>135</y36>
			<x37>184</x37>
			<y37>136</y37>
			<x38>182</x38>
			<y38>136</y38>
			<x39>179</x39>
			<y39>138</y39>
			<x40>176</x40>
			<y40>138</y40>
			<x41>175</x41>
			<y41>139</y41>
			<x42>171</x42>
			<y42>139</y42>
			<x43>170</x43>
			<y43>140</y43>
			<x44>166</x44>
			<y44>140</y44>
			<x45>165</x45>
			<y45>141</y45>
			<x46>143</x46>
			<y46>141</y46>
			<x47>142</x47>
			<y47>140</y47>
			<x48>135</x48>
			<y48>139</y48>
			<x49>134</x49>
			<y49>138</y49>
			<x50>132</x50>
			<y50>138</y50>
			<x51>126</x51>
			<y51>135</y51>
			<x52>121</x52>
			<y52>130</y52>
			<x53>120</x53>
			<y53>128</y53>
			<x54>120</x54>
			<y54>126</y54>
		</polygon>
	</object>
	<metadata>
	</metadata>
</annotation>
