<annotation>
	<folder></folder>
	<filename>IMG_8272_jpeg.rf.0e5ab6f70dabd4976c2bffd64bc9a5f6.jpg</filename>
	<path>IMG_8272_jpeg.rf.0e5ab6f70dabd4976c2bffd64bc9a5f6.jpg</path>
	<source>
		<database>roboflow.com</database>
	</source>
	<size>
		<width>320</width>
		<height>320</height>
		<depth>3</depth>
	</size>
	<segmented>0</segmented>
	<object>
		<name>Watermelon rind</name>
		<pose>Unspecified</pose>
		<truncated>0</truncated>
		<difficult>0</difficult>
		<occluded>0</occluded>
		<bndbox>
			<xmin>66</xmin>
			<xmax>182</xmax>
			<ymin>72</ymin>
			<ymax>116</ymax>
		</bndbox>
		<polygon>
			<x1>127</x1>
			<y1>72</y1>
			<x2>128</x2>
			<y2>73</y2>
			<x3>132</x3>
			<y3>73</y3>
			<x4>133</x4>
			<y4>74</y4>
			<x5>138</x5>
			<y5>74</y5>
			<x6>139</x6>
			<y6>75</y6>
			<x7>142</x7>
			<y7>75</y7>
			<x8>146</x8>
			<y8>77</y8>
			<x9>149</x9>
			<y9>77</y9>
			<x10>150</x10>
			<y10>78</y10>
			<x11>155</x11>
			<y11>79</y11>
			<x12>160</x12>
			<y12>82</y12>
			<x13>162</x13>
			<y13>82</y13>
			<x14>166</x14>
			<y14>84</y14>
			<x15>172</x15>
			<y15>89</y15>
			<x16>173</x16>
			<y16>89</y16>
			<x17>178</x17>
			<y17>95</y17>
			<x18>180</x18>
			<y18>99</y18>
			<x19>180</x19>
			<y19>102</y19>
			<x20>181</x20>
			<y20>103</y20>
			<x21>181</x21>
			<y21>107</y21>
			<x22>180</x22>
			<y22>108</y22>
			<x23>180</x23>
			<y23>111</y23>
			<x24>179</x24>
			<y24>112</y24>
			<x25>179</x25>
			<y25>114</y25>
			<x26>175</x26>
			<y26>114</y26>
			<x27>174</x27>
			<y27>113</y27>
			<x28>171</x28>
			<y28>113</y28>
			<x29>165</x29>
			<y29>110</y29>
			<x30>164</x30>
			<y30>108</y30>
			<x31>167</x31>
			<y31>105</y31>
			<x32>167</x32>
			<y32>99</y32>
			<x33>164</x33>
			<y33>96</y33>
			<x34>162</x34>
			<y34>96</y34>
			<x35>161</x35>
			<y35>95</y35>
			<x36>156</x36>
			<y36>95</y36>
			<x37>153</x37>
			<y37>92</y37>
			<x38>151</x38>
			<y38>91</y38>
			<x39>149</x39>
			<y39>91</y39>
			<x40>148</x40>
			<y40>90</y40>
			<x41>146</x41>
			<y41>90</y41>
			<x42>145</x42>
			<y42>89</y42>
			<x43>144</x43>
			<y43>90</y43>
			<x44>140</x44>
			<y44>90</y44>
			<x45>139</x45>
			<y45>88</y45>
			<x46>136</x46>
			<y46>85</y46>
			<x47>134</x47>
			<y47>84</y47>
			<x48>132</x48>
			<y48>84</y48>
			<x49>131</x49>
			<y49>83</y49>
			<x50>127</x50>
			<y50>83</y50>
			<x51>126</x51>
			<y51>82</y51>
			<x52>120</x52>
			<y52>82</y52>
			<x53>119</x53>
			<y53>83</y53>
			<x54>117</x54>
			<y54>83</y54>
			<x55>115</x55>
			<y55>84</y55>
			<x56>113</x56>
			<y56>86</y56>
			<x57>109</x57>
			<y57>86</y57>
			<x58>101</x58>
			<y58>82</y58>
			<x59>95</x59>
			<y59>82</y59>
			<x60>91</x60>
			<y60>85</y60>
			<x61>88</x61>
			<y61>85</y61>
			<x62>87</x62>
			<y62>86</y62>
			<x63>81</x63>
			<y63>86</y63>
			<x64>80</x64>
			<y64>87</y64>
			<x65>78</x65>
			<y65>87</y65>
			<x66>75</x66>
			<y66>90</y66>
			<x67>73</x67>
			<y67>90</y67>
			<x68>72</x68>
			<y68>91</y68>
			<x69>70</x69>
			<y69>90</y69>
			<x70>66</x70>
			<y70>90</y70>
			<x71>65</x71>
			<y71>89</y71>
			<x72>66</x72>
			<y72>86</y72>
			<x73>73</x73>
			<y73>79</y73>
			<x74>83</x74>
			<y74>74</y74>
			<x75>86</x75>
			<y75>74</y75>
			<x76>90</x76>
			<y76>72</y76>
			<x77>95</x77>
			<y77>72</y77>
			<x78>96</x78>
			<y78>71</y78>
			<x79>119</x79>
			<y79>71</y79>
			<x80>120</x80>
			<y80>72</y80>
			<x81>126</x81>
			<y81>72</y81>
		</polygon>
	</object>
	<object>
		<name>Watermelon rind</name>
		<pose>Unspecified</pose>
		<truncated>0</truncated>
		<difficult>0</difficult>
		<occluded>0</occluded>
		<bndbox>
			<xmin>55</xmin>
			<xmax>144</xmax>
			<ymin>97</ymin>
			<ymax>143</ymax>
		</bndbox>
		<polygon>
			<x1>124</x1>
			<y1>97</y1>
			<x2>125</x2>
			<y2>98</y2>
			<x3>128</x3>
			<y3>98</y3>
			<x4>129</x4>
			<y4>99</y4>
			<x5>131</x5>
			<y5>99</y5>
			<x6>132</x6>
			<y6>100</y6>
			<x7>134</x7>
			<y7>100</y7>
			<x8>136</x8>
			<y8>101</y8>
			<x9>142</x9>
			<y9>106</y9>
			<x10>141</x10>
			<y10>108</y10>
			<x11>139</x11>
			<y11>109</y11>
			<x12>136</x12>
			<y12>109</y12>
			<x13>133</x13>
			<y13>107</y13>
			<x14>122</x14>
			<y14>107</y14>
			<x15>118</x15>
			<y15>105</y15>
			<x16>114</x16>
			<y16>105</y16>
			<x17>112</x17>
			<y17>106</y17>
			<x18>108</x18>
			<y18>110</y18>
			<x19>103</x19>
			<y19>110</y19>
			<x20>99</x20>
			<y20>108</y20>
			<x21>90</x21>
			<y21>110</y21>
			<x22>88</x22>
			<y22>111</y22>
			<x23>84</x23>
			<y23>115</y23>
			<x24>84</x24>
			<y24>117</y24>
			<x25>80</x25>
			<y25>117</y25>
			<x26>76</x26>
			<y26>119</y26>
			<x27>73</x27>
			<y27>122</y27>
			<x28>73</x28>
			<y28>123</y28>
			<x29>71</x29>
			<y29>124</y29>
			<x30>69</x30>
			<y30>124</y30>
			<x31>65</x31>
			<y31>127</y31>
			<x32>65</x32>
			<y32>132</y32>
			<x33>67</x33>
			<y33>134</y33>
			<x34>68</x34>
			<y34>134</y34>
			<x35>69</x35>
			<y35>136</y35>
			<x36>65</x36>
			<y36>140</y36>
			<x37>63</x37>
			<y37>140</y37>
			<x38>60</x38>
			<y38>142</y38>
			<x39>59</x39>
			<y39>142</y39>
			<x40>57</x40>
			<y40>140</y40>
			<x41>55</x41>
			<y41>136</y41>
			<x42>55</x42>
			<y42>134</y42>
			<x43>54</x43>
			<y43>133</y43>
			<x44>54</x44>
			<y44>127</y44>
			<x45>55</x45>
			<y45>126</y45>
			<x46>55</x46>
			<y46>124</y46>
			<x47>56</x47>
			<y47>122</y47>
			<x48>60</x48>
			<y48>118</y48>
			<x49>60</x49>
			<y49>117</y49>
			<x50>61</x50>
			<y50>117</y50>
			<x51>65</x51>
			<y51>113</y51>
			<x52>66</x52>
			<y52>113</y52>
			<x53>68</x53>
			<y53>111</y53>
			<x54>71</x54>
			<y54>110</y54>
			<x55>75</x55>
			<y55>107</y55>
			<x56>77</x56>
			<y56>107</y56>
			<x57>82</x57>
			<y57>104</y57>
			<x58>84</x58>
			<y58>104</y58>
			<x59>87</x59>
			<y59>102</y59>
			<x60>89</x60>
			<y60>102</y60>
			<x61>93</x61>
			<y61>100</y61>
			<x62>96</x62>
			<y62>100</y62>
			<x63>97</x63>
			<y63>99</y63>
			<x64>100</x64>
			<y64>99</y64>
			<x65>101</x65>
			<y65>98</y65>
			<x66>107</x66>
			<y66>98</y66>
			<x67>108</x67>
			<y67>97</y67>
			<x68>123</x68>
			<y68>97</y68>
		</polygon>
	</object>
	<metadata>
	</metadata>
</annotation>
