<annotation>
	<folder></folder>
	<filename>IMG_1969_HEIC.rf.fb9c21416aa279e24f0dab9b14d93a51.jpg</filename>
	<path>IMG_1969_HEIC.rf.fb9c21416aa279e24f0dab9b14d93a51.jpg</path>
	<source>
		<database>roboflow.com</database>
	</source>
	<size>
		<width>320</width>
		<height>320</height>
		<depth>3</depth>
	</size>
	<segmented>0</segmented>
	<object>
		<name>Egg shell</name>
		<pose>Unspecified</pose>
		<truncated>0</truncated>
		<difficult>0</difficult>
		<occluded>0</occluded>
		<bndbox>
			<xmin>197</xmin>
			<xmax>244</xmax>
			<ymin>141</ymin>
			<ymax>164</ymax>
		</bndbox>
	</object>
	<metadata>
	</metadata>
</annotation>
