<annotation>
	<folder></folder>
	<filename>IMG_1898_HEIC.rf.9b947078d41c3bd523140dee1c259e2c.jpg</filename>
	<path>IMG_1898_HEIC.rf.9b947078d41c3bd523140dee1c259e2c.jpg</path>
	<source>
		<database>roboflow.com</database>
	</source>
	<size>
		<width>320</width>
		<height>320</height>
		<depth>3</depth>
	</size>
	<segmented>0</segmented>
	<object>
		<name>Apple core</name>
		<pose>Unspecified</pose>
		<truncated>0</truncated>
		<difficult>0</difficult>
		<occluded>0</occluded>
		<bndbox>
			<xmin>181</xmin>
			<xmax>221</xmax>
			<ymin>126</ymin>
			<ymax>146</ymax>
		</bndbox>
	</object>
	<metadata>
	</metadata>
</annotation>
