<annotation>
	<folder></folder>
	<filename>IMG_1914_HEIC.rf.7746c978ff4c0a146b7161fe57f5a0e3.jpg</filename>
	<path>IMG_1914_HEIC.rf.7746c978ff4c0a146b7161fe57f5a0e3.jpg</path>
	<source>
		<database>roboflow.com</database>
	</source>
	<size>
		<width>320</width>
		<height>320</height>
		<depth>3</depth>
	</size>
	<segmented>0</segmented>
	<object>
		<name>Egg shell</name>
		<pose>Unspecified</pose>
		<truncated>0</truncated>
		<difficult>0</difficult>
		<occluded>0</occluded>
		<bndbox>
			<xmin>115</xmin>
			<xmax>150</xmax>
			<ymin>207</ymin>
			<ymax>224</ymax>
		</bndbox>
	</object>
	<metadata>
	</metadata>
</annotation>
