<annotation>
	<folder></folder>
	<filename>IMG_8452_jpeg.rf.1d1680406df09bda57be47d2263036d0.jpg</filename>
	<path>IMG_8452_jpeg.rf.1d1680406df09bda57be47d2263036d0.jpg</path>
	<source>
		<database>roboflow.com</database>
	</source>
	<size>
		<width>320</width>
		<height>320</height>
		<depth>3</depth>
	</size>
	<segmented>0</segmented>
	<object>
		<name>fish</name>
		<pose>Unspecified</pose>
		<truncated>0</truncated>
		<difficult>0</difficult>
		<occluded>0</occluded>
		<bndbox>
			<xmin>122</xmin>
			<xmax>170</xmax>
			<ymin>188</ymin>
			<ymax>262</ymax>
		</bndbox>
		<polygon>
			<x1>161</x1>
			<y1>188</y1>
			<x2>162</x2>
			<y2>190</y2>
			<x3>166</x3>
			<y3>193</y3>
			<x4>168</x4>
			<y4>198</y4>
			<x5>166</x5>
			<y5>199</y5>
			<x6>166</x6>
			<y6>201</y6>
			<x7>165</x7>
			<y7>202</y7>
			<x8>161</x8>
			<y8>202</y8>
			<x9>158</x9>
			<y9>205</y9>
			<x10>161</x10>
			<y10>208</y10>
			<x11>161</x11>
			<y11>209</y11>
			<x12>159</x12>
			<y12>211</y12>
			<x13>156</x13>
			<y13>212</y13>
			<x14>155</x14>
			<y14>214</y14>
			<x15>156</x15>
			<y15>215</y15>
			<x16>159</x16>
			<y16>215</y16>
			<x17>159</x17>
			<y17>217</y17>
			<x18>158</x18>
			<y18>218</y18>
			<x19>159</x19>
			<y19>220</y19>
			<x20>162</x20>
			<y20>220</y20>
			<x21>164</x21>
			<y21>218</y21>
			<x22>165</x22>
			<y22>219</y22>
			<x23>163</x23>
			<y23>223</y23>
			<x24>160</x24>
			<y24>226</y24>
			<x25>160</x25>
			<y25>227</y25>
			<x26>163</x26>
			<y26>231</y26>
			<x27>166</x27>
			<y27>230</y27>
			<x28>166</x28>
			<y28>232</y28>
			<x29>167</x29>
			<y29>233</y29>
			<x30>167</x30>
			<y30>237</y30>
			<x31>168</x31>
			<y31>238</y31>
			<x32>168</x32>
			<y32>249</y32>
			<x33>167</x33>
			<y33>250</y33>
			<x34>167</x34>
			<y34>253</y34>
			<x35>166</x35>
			<y35>254</y35>
			<x36>166</x36>
			<y36>256</y36>
			<x37>164</x37>
			<y37>259</y37>
			<x38>162</x38>
			<y38>259</y38>
			<x39>160</x39>
			<y39>257</y39>
			<x40>157</x40>
			<y40>257</y40>
			<x41>155</x41>
			<y41>261</y41>
			<x42>153</x42>
			<y42>259</y42>
			<x43>150</x43>
			<y43>258</y43>
			<x44>146</x44>
			<y44>254</y44>
			<x45>145</x45>
			<y45>254</y45>
			<x46>136</x46>
			<y46>245</y46>
			<x47>136</x47>
			<y47>243</y47>
			<x48>132</x48>
			<y48>239</y48>
			<x49>126</x49>
			<y49>236</y49>
			<x50>127</x50>
			<y50>235</y50>
			<x51>133</x51>
			<y51>235</y51>
			<x52>135</x52>
			<y52>236</y52>
			<x53>137</x53>
			<y53>234</y53>
			<x54>138</x54>
			<y54>235</y54>
			<x55>140</x55>
			<y55>233</y55>
			<x56>136</x56>
			<y56>231</y56>
			<x57>131</x57>
			<y57>231</y57>
			<x58>130</x58>
			<y58>230</y58>
			<x59>128</x59>
			<y59>230</y59>
			<x60>126</x60>
			<y60>228</y60>
			<x61>123</x61>
			<y61>227</y61>
			<x62>122</x62>
			<y62>226</y62>
			<x63>122</x63>
			<y63>224</y63>
			<x64>124</x64>
			<y64>225</y64>
			<x65>128</x65>
			<y65>225</y65>
			<x66>129</x66>
			<y66>226</y66>
			<x67>134</x67>
			<y67>226</y67>
			<x68>135</x68>
			<y68>227</y68>
			<x69>136</x69>
			<y69>226</y69>
			<x70>139</x70>
			<y70>226</y70>
			<x71>141</x71>
			<y71>225</y71>
			<x72>142</x72>
			<y72>224</y72>
			<x73>141</x73>
			<y73>223</y73>
			<x74>137</x74>
			<y74>221</y74>
			<x75>135</x75>
			<y75>221</y75>
			<x76>129</x76>
			<y76>218</y76>
			<x77>127</x77>
			<y77>216</y77>
			<x78>129</x78>
			<y78>216</y78>
			<x79>130</x79>
			<y79>217</y79>
			<x80>141</x80>
			<y80>217</y80>
			<x81>142</x81>
			<y81>218</y81>
			<x82>144</x82>
			<y82>218</y82>
			<x83>145</x83>
			<y83>217</y83>
			<x84>145</x84>
			<y84>214</y84>
			<x85>141</x85>
			<y85>211</y85>
			<x86>140</x86>
			<y86>211</y86>
			<x87>138</x87>
			<y87>209</y87>
			<x88>138</x88>
			<y88>207</y88>
			<x89>140</x89>
			<y89>208</y89>
			<x90>144</x90>
			<y90>208</y90>
			<x91>145</x91>
			<y91>207</y91>
			<x92>145</x92>
			<y92>202</y92>
			<x93>149</x93>
			<y93>200</y93>
			<x94>149</x94>
			<y94>198</y94>
			<x95>150</x95>
			<y95>197</y95>
			<x96>150</x96>
			<y96>192</y96>
			<x97>152</x97>
			<y97>188</y97>
			<x98>155</x98>
			<y98>188</y98>
			<x99>156</x99>
			<y99>189</y99>
			<x100>157</x100>
			<y100>188</y100>
			<x101>160</x101>
			<y101>188</y101>
		</polygon>
	</object>
	<metadata>
	</metadata>
</annotation>
