<annotation>
	<folder></folder>
	<filename>IMG_8465_jpeg.rf.68cbb69570ba33780312b454cf956e08.jpg</filename>
	<path>IMG_8465_jpeg.rf.68cbb69570ba33780312b454cf956e08.jpg</path>
	<source>
		<database>roboflow.com</database>
	</source>
	<size>
		<width>320</width>
		<height>320</height>
		<depth>3</depth>
	</size>
	<segmented>0</segmented>
	<object>
		<name>fish</name>
		<pose>Unspecified</pose>
		<truncated>0</truncated>
		<difficult>0</difficult>
		<occluded>0</occluded>
		<bndbox>
			<xmin>52</xmin>
			<xmax>130</xmax>
			<ymin>143</ymin>
			<ymax>176</ymax>
		</bndbox>
		<polygon>
			<x1>125</x1>
			<y1>143</y1>
			<x2>125</x2>
			<y2>145</y2>
			<x3>126</x3>
			<y3>146</y3>
			<x4>129</x4>
			<y4>146</y4>
			<x5>126</x5>
			<y5>152</y5>
			<x6>124</x6>
			<y6>154</y6>
			<x7>124</x7>
			<y7>155</y7>
			<x8>119</x8>
			<y8>160</y8>
			<x9>117</x9>
			<y9>161</y9>
			<x10>117</x10>
			<y10>164</y10>
			<x11>115</x11>
			<y11>167</y11>
			<x12>114</x12>
			<y12>167</y12>
			<x13>114</x13>
			<y13>166</y13>
			<x14>107</x14>
			<y14>159</y14>
			<x15>106</x15>
			<y15>160</y15>
			<x16>106</x16>
			<y16>162</y16>
			<x17>108</x17>
			<y17>165</y17>
			<x18>108</x18>
			<y18>171</y18>
			<x19>106</x19>
			<y19>174</y19>
			<x20>104</x20>
			<y20>174</y20>
			<x21>104</x21>
			<y21>170</y21>
			<x22>103</x22>
			<y22>169</y22>
			<x23>103</x23>
			<y23>167</y23>
			<x24>99</x24>
			<y24>163</y24>
			<x25>98</x25>
			<y25>163</y25>
			<x26>96</x26>
			<y26>165</y26>
			<x27>96</x27>
			<y27>167</y27>
			<x28>97</x28>
			<y28>168</y28>
			<x29>96</x29>
			<y29>169</y29>
			<x30>96</x30>
			<y30>172</y30>
			<x31>95</x31>
			<y31>174</y31>
			<x32>93</x32>
			<y32>173</y32>
			<x33>93</x33>
			<y33>170</y33>
			<x34>92</x34>
			<y34>168</y34>
			<x35>89</x35>
			<y35>165</y35>
			<x36>86</x36>
			<y36>166</y36>
			<x37>84</x37>
			<y37>170</y37>
			<x38>82</x38>
			<y38>172</y38>
			<x39>80</x39>
			<y39>172</y39>
			<x40>80</x40>
			<y40>170</y40>
			<x41>79</x41>
			<y41>169</y41>
			<x42>77</x42>
			<y42>169</y42>
			<x43>76</x43>
			<y43>170</y43>
			<x44>72</x44>
			<y44>170</y44>
			<x45>71</x45>
			<y45>169</y45>
			<x46>68</x46>
			<y46>169</y46>
			<x47>67</x47>
			<y47>170</y47>
			<x48>64</x48>
			<y48>170</y48>
			<x49>63</x49>
			<y49>171</y49>
			<x50>58</x50>
			<y50>172</y50>
			<x51>57</x51>
			<y51>173</y51>
			<x52>54</x52>
			<y52>173</y52>
			<x53>54</x53>
			<y53>171</y53>
			<x54>51</x54>
			<y54>169</y54>
			<x55>55</x55>
			<y55>166</y55>
			<x56>55</x56>
			<y56>164</y56>
			<x57>61</x57>
			<y57>161</y57>
			<x58>67</x58>
			<y58>161</y58>
			<x59>70</x59>
			<y59>164</y59>
			<x60>72</x60>
			<y60>164</y60>
			<x61>74</x61>
			<y61>162</y61>
			<x62>74</x62>
			<y62>161</y62>
			<x63>80</x63>
			<y63>161</y63>
			<x64>81</x64>
			<y64>162</y64>
			<x65>82</x65>
			<y65>161</y65>
			<x66>82</x66>
			<y66>159</y66>
			<x67>84</x67>
			<y67>159</y67>
			<x68>88</x68>
			<y68>157</y68>
			<x69>85</x69>
			<y69>155</y69>
			<x70>94</x70>
			<y70>155</y70>
			<x71>97</x71>
			<y71>150</y71>
			<x72>103</x72>
			<y72>147</y72>
			<x73>105</x73>
			<y73>147</y73>
			<x74>108</x74>
			<y74>145</y74>
			<x75>111</x75>
			<y75>145</y75>
			<x76>112</x76>
			<y76>144</y76>
			<x77>115</x77>
			<y77>144</y77>
			<x78>116</x78>
			<y78>143</y78>
			<x79>121</x79>
			<y79>143</y79>
			<x80>122</x80>
			<y80>142</y80>
			<x81>124</x81>
			<y81>143</y81>
		</polygon>
	</object>
	<metadata>
	</metadata>
</annotation>
