<annotation>
	<folder></folder>
	<filename>IMG_8154_jpeg.rf.fa620f5cfc16316ad0f58d35dbbfac8f.jpg</filename>
	<path>IMG_8154_jpeg.rf.fa620f5cfc16316ad0f58d35dbbfac8f.jpg</path>
	<source>
		<database>roboflow.com</database>
	</source>
	<size>
		<width>320</width>
		<height>320</height>
		<depth>3</depth>
	</size>
	<segmented>0</segmented>
	<object>
		<name>Watermelon rind</name>
		<pose>Unspecified</pose>
		<truncated>0</truncated>
		<difficult>0</difficult>
		<occluded>0</occluded>
		<bndbox>
			<xmin>45</xmin>
			<xmax>143</xmax>
			<ymin>161</ymin>
			<ymax>214</ymax>
		</bndbox>
		<polygon>
			<x1>51</x1>
			<y1>160</y1>
			<x2>52</x2>
			<y2>161</y2>
			<x3>54</x3>
			<y3>161</y3>
			<x4>58</x4>
			<y4>163</y4>
			<x5>61</x5>
			<y5>166</y5>
			<x6>61</x6>
			<y6>168</y6>
			<x7>59</x7>
			<y7>169</y7>
			<x8>56</x8>
			<y8>172</y8>
			<x9>56</x9>
			<y9>177</y9>
			<x10>58</x10>
			<y10>179</y10>
			<x11>62</x11>
			<y11>181</y11>
			<x12>64</x12>
			<y12>181</y12>
			<x13>64</x13>
			<y13>182</y13>
			<x14>68</x14>
			<y14>186</y14>
			<x15>72</x15>
			<y15>188</y15>
			<x16>76</x16>
			<y16>188</y16>
			<x17>77</x17>
			<y17>189</y17>
			<x18>77</x18>
			<y18>192</y18>
			<x19>79</x19>
			<y19>194</y19>
			<x20>82</x20>
			<y20>195</y20>
			<x21>84</x21>
			<y21>197</y21>
			<x22>86</x22>
			<y22>197</y22>
			<x23>87</x23>
			<y23>198</y23>
			<x24>91</x24>
			<y24>198</y24>
			<x25>92</x25>
			<y25>199</y25>
			<x26>93</x26>
			<y26>198</y26>
			<x27>95</x27>
			<y27>198</y27>
			<x28>96</x28>
			<y28>197</y28>
			<x29>101</x29>
			<y29>196</y29>
			<x30>103</x30>
			<y30>197</y30>
			<x31>107</x31>
			<y31>201</y31>
			<x32>109</x32>
			<y32>202</y32>
			<x33>111</x33>
			<y33>202</y33>
			<x34>112</x34>
			<y34>203</y34>
			<x35>114</x35>
			<y35>202</y35>
			<x36>117</x36>
			<y36>202</y36>
			<x37>121</x37>
			<y37>200</y37>
			<x38>122</x38>
			<y38>201</y38>
			<x39>129</x39>
			<y39>201</y39>
			<x40>134</x40>
			<y40>198</y40>
			<x41>136</x41>
			<y41>198</y41>
			<x42>137</x42>
			<y42>199</y42>
			<x43>139</x43>
			<y43>199</y43>
			<x44>141</x44>
			<y44>200</y44>
			<x45>141</x45>
			<y45>202</y45>
			<x46>133</x46>
			<y46>208</y46>
			<x47>131</x47>
			<y47>208</y47>
			<x48>125</x48>
			<y48>211</y48>
			<x49>120</x49>
			<y49>211</y49>
			<x50>119</x50>
			<y50>212</y50>
			<x51>104</x51>
			<y51>212</y51>
			<x52>103</x52>
			<y52>211</y52>
			<x53>97</x53>
			<y53>211</y53>
			<x54>96</x54>
			<y54>210</y54>
			<x55>89</x55>
			<y55>209</y55>
			<x56>88</x56>
			<y56>208</y56>
			<x57>86</x57>
			<y57>208</y57>
			<x58>85</x58>
			<y58>207</y58>
			<x59>80</x59>
			<y59>206</y59>
			<x60>77</x60>
			<y60>204</y60>
			<x61>75</x61>
			<y61>204</y61>
			<x62>63</x62>
			<y62>198</y62>
			<x63>61</x63>
			<y63>196</y63>
			<x64>57</x64>
			<y64>194</y64>
			<x65>47</x65>
			<y65>184</y65>
			<x66>45</x66>
			<y66>180</y66>
			<x67>45</x67>
			<y67>177</y67>
			<x68>44</x68>
			<y68>176</y68>
			<x69>44</x69>
			<y69>171</y69>
			<x70>45</x70>
			<y70>170</y70>
			<x71>45</x71>
			<y71>168</y71>
			<x72>47</x72>
			<y72>164</y72>
			<x73>50</x73>
			<y73>161</y73>
		</polygon>
	</object>
	<object>
		<name>Watermelon rind</name>
		<pose>Unspecified</pose>
		<truncated>0</truncated>
		<difficult>0</difficult>
		<occluded>0</occluded>
		<bndbox>
			<xmin>81</xmin>
			<xmax>164</xmax>
			<ymin>157</ymin>
			<ymax>188</ymax>
		</bndbox>
		<polygon>
			<x1>161</x1>
			<y1>156</y1>
			<x2>162</x2>
			<y2>157</y2>
			<x3>162</x3>
			<y3>160</y3>
			<x4>163</x4>
			<y4>161</y4>
			<x5>163</x5>
			<y5>165</y5>
			<x6>162</x6>
			<y6>166</y6>
			<x7>162</x7>
			<y7>168</y7>
			<x8>161</x8>
			<y8>170</y8>
			<x9>155</x9>
			<y9>176</y9>
			<x10>152</x10>
			<y10>177</y10>
			<x11>150</x11>
			<y11>179</y11>
			<x12>148</x12>
			<y12>179</y12>
			<x13>145</x13>
			<y13>181</y13>
			<x14>143</x14>
			<y14>181</y14>
			<x15>142</x15>
			<y15>182</y15>
			<x16>140</x16>
			<y16>182</y16>
			<x17>136</x17>
			<y17>184</y17>
			<x18>132</x18>
			<y18>184</y18>
			<x19>131</x19>
			<y19>185</y19>
			<x20>126</x20>
			<y20>185</y20>
			<x21>125</x21>
			<y21>186</y21>
			<x22>115</x22>
			<y22>186</y22>
			<x23>114</x23>
			<y23>187</y23>
			<x24>108</x24>
			<y24>187</y24>
			<x25>107</x25>
			<y25>186</y25>
			<x26>99</x26>
			<y26>186</y26>
			<x27>98</x27>
			<y27>185</y27>
			<x28>95</x28>
			<y28>185</y28>
			<x29>92</x29>
			<y29>183</y29>
			<x30>90</x30>
			<y30>183</y30>
			<x31>88</x31>
			<y31>182</y31>
			<x32>84</x32>
			<y32>178</y32>
			<x33>83</x33>
			<y33>178</y33>
			<x34>80</x34>
			<y34>172</y34>
			<x35>84</x35>
			<y35>172</y35>
			<x36>85</x36>
			<y36>171</y36>
			<x37>91</x37>
			<y37>175</y37>
			<x38>96</x38>
			<y38>175</y38>
			<x39>101</x39>
			<y39>178</y39>
			<x40>107</x40>
			<y40>178</y40>
			<x41>112</x41>
			<y41>175</y41>
			<x42>114</x42>
			<y42>175</y42>
			<x43>116</x43>
			<y43>177</y43>
			<x44>118</x44>
			<y44>178</y44>
			<x45>120</x45>
			<y45>178</y45>
			<x46>121</x46>
			<y46>179</y46>
			<x47>123</x47>
			<y47>178</y47>
			<x48>128</x48>
			<y48>178</y48>
			<x49>130</x49>
			<y49>177</y49>
			<x50>134</x50>
			<y50>173</y50>
			<x51>136</x51>
			<y51>173</y51>
			<x52>137</x52>
			<y52>174</y52>
			<x53>145</x53>
			<y53>170</y53>
			<x54>148</x54>
			<y54>170</y54>
			<x55>152</x55>
			<y55>168</y55>
			<x56>154</x56>
			<y56>164</y56>
			<x57>151</x57>
			<y57>160</y57>
			<x58>155</x58>
			<y58>157</y58>
			<x59>158</x59>
			<y59>157</y59>
			<x60>160</x60>
			<y60>156</y60>
		</polygon>
	</object>
	<metadata>
	</metadata>
</annotation>
