<annotation>
	<folder></folder>
	<filename>IMG_8140_jpeg.rf.421955c29ca90eae4b04f12c42a2f8f9.jpg</filename>
	<path>IMG_8140_jpeg.rf.421955c29ca90eae4b04f12c42a2f8f9.jpg</path>
	<source>
		<database>roboflow.com</database>
	</source>
	<size>
		<width>320</width>
		<height>320</height>
		<depth>3</depth>
	</size>
	<segmented>0</segmented>
	<object>
		<name>Watermelon rind</name>
		<pose>Unspecified</pose>
		<truncated>0</truncated>
		<difficult>0</difficult>
		<occluded>0</occluded>
		<bndbox>
			<xmin>76</xmin>
			<xmax>151</xmax>
			<ymin>185</ymin>
			<ymax>219</ymax>
		</bndbox>
		<polygon>
			<x1>126</x1>
			<y1>199</y1>
			<x2>133</x2>
			<y2>199</y2>
			<x3>135</x3>
			<y3>198</y3>
			<x4>137</x4>
			<y4>196</y4>
			<x5>137</x5>
			<y5>194</y5>
			<x6>143</x6>
			<y6>188</y6>
			<x7>143</x7>
			<y7>186</y7>
			<x8>145</x8>
			<y8>184</y8>
			<x9>148</x9>
			<y9>184</y9>
			<x10>149</x10>
			<y10>185</y10>
			<x11>149</x11>
			<y11>194</y11>
			<x12>147</x12>
			<y12>198</y12>
			<x13>141</x13>
			<y13>204</y13>
			<x14>140</x14>
			<y14>204</y14>
			<x15>135</x15>
			<y15>208</y15>
			<x16>133</x16>
			<y16>209</y16>
			<x17>131</x17>
			<y17>209</y17>
			<x18>128</x18>
			<y18>211</y18>
			<x19>126</x19>
			<y19>211</y19>
			<x20>123</x20>
			<y20>213</y20>
			<x21>120</x21>
			<y21>213</y21>
			<x22>119</x22>
			<y22>214</y22>
			<x23>117</x23>
			<y23>214</y23>
			<x24>116</x24>
			<y24>215</y24>
			<x25>113</x25>
			<y25>215</y25>
			<x26>112</x26>
			<y26>216</y26>
			<x27>106</x27>
			<y27>216</y27>
			<x28>105</x28>
			<y28>217</y28>
			<x29>92</x29>
			<y29>217</y29>
			<x30>91</x30>
			<y30>216</y30>
			<x31>87</x31>
			<y31>216</y31>
			<x32>81</x32>
			<y32>213</y32>
			<x33>77</x33>
			<y33>209</y33>
			<x34>75</x34>
			<y34>205</y34>
			<x35>77</x35>
			<y35>204</y35>
			<x36>80</x36>
			<y36>204</y36>
			<x37>81</x37>
			<y37>203</y37>
			<x38>84</x38>
			<y38>203</y38>
			<x39>86</x39>
			<y39>204</y39>
			<x40>86</x40>
			<y40>207</y40>
			<x41>89</x41>
			<y41>210</y41>
			<x42>95</x42>
			<y42>210</y42>
			<x43>96</x43>
			<y43>209</y43>
			<x44>104</x44>
			<y44>209</y44>
			<x45>108</x45>
			<y45>206</y45>
			<x46>112</x46>
			<y46>208</y46>
			<x47>119</x47>
			<y47>207</y47>
			<x48>121</x48>
			<y48>206</y48>
			<x49>125</x49>
			<y49>202</y49>
			<x50>126</x50>
			<y50>200</y50>
		</polygon>
	</object>
	<object>
		<name>Watermelon rind</name>
		<pose>Unspecified</pose>
		<truncated>0</truncated>
		<difficult>0</difficult>
		<occluded>0</occluded>
		<bndbox>
			<xmin>99</xmin>
			<xmax>137</xmax>
			<ymin>156</ymin>
			<ymax>200</ymax>
		</bndbox>
		<polygon>
			<x1>123</x1>
			<y1>155</y1>
			<x2>129</x2>
			<y2>157</y2>
			<x3>134</x3>
			<y3>162</y3>
			<x4>134</x4>
			<y4>164</y4>
			<x5>135</x5>
			<y5>165</y5>
			<x6>135</x6>
			<y6>172</y6>
			<x7>134</x7>
			<y7>173</y7>
			<x8>133</x8>
			<y8>178</y8>
			<x9>131</x9>
			<y9>180</y9>
			<x10>128</x10>
			<y10>186</y10>
			<x11>121</x11>
			<y11>193</y11>
			<x12>118</x12>
			<y12>194</y12>
			<x13>116</x13>
			<y13>196</y13>
			<x14>114</x14>
			<y14>197</y14>
			<x15>112</x15>
			<y15>197</y15>
			<x16>111</x16>
			<y16>198</y16>
			<x17>99</x17>
			<y17>198</y17>
			<x18>98</x18>
			<y18>197</y18>
			<x19>99</x19>
			<y19>195</y19>
			<x20>103</x20>
			<y20>195</y20>
			<x21>108</x21>
			<y21>192</y21>
			<x22>113</x22>
			<y22>191</y22>
			<x23>115</x23>
			<y23>188</y23>
			<x24>115</x24>
			<y24>185</y24>
			<x25>117</x25>
			<y25>184</y25>
			<x26>120</x26>
			<y26>184</y26>
			<x27>124</x27>
			<y27>180</y27>
			<x28>124</x28>
			<y28>178</y28>
			<x29>125</x29>
			<y29>177</y29>
			<x30>124</x30>
			<y30>176</y30>
			<x31>124</x31>
			<y31>174</y31>
			<x32>126</x32>
			<y32>172</y32>
			<x33>126</x33>
			<y33>169</y33>
			<x34>127</x34>
			<y34>168</y34>
			<x35>127</x35>
			<y35>166</y35>
			<x36>128</x36>
			<y36>164</y36>
			<x37>125</x37>
			<y37>161</y37>
			<x38>122</x38>
			<y38>161</y38>
			<x39>121</x39>
			<y39>160</y39>
			<x40>121</x40>
			<y40>158</y40>
			<x41>123</x41>
			<y41>156</y41>
		</polygon>
	</object>
	<metadata>
	</metadata>
</annotation>
