<annotation>
	<folder></folder>
	<filename>IMG_8334_jpeg.rf.8fc7a7c783aebe0fbd9427598194c659.jpg</filename>
	<path>IMG_8334_jpeg.rf.8fc7a7c783aebe0fbd9427598194c659.jpg</path>
	<source>
		<database>roboflow.com</database>
	</source>
	<size>
		<width>320</width>
		<height>320</height>
		<depth>3</depth>
	</size>
	<segmented>0</segmented>
	<object>
		<name>fish</name>
		<pose>Unspecified</pose>
		<truncated>0</truncated>
		<difficult>0</difficult>
		<occluded>0</occluded>
		<bndbox>
			<xmin>121</xmin>
			<xmax>200</xmax>
			<ymin>152</ymin>
			<ymax>195</ymax>
		</bndbox>
		<polygon>
			<x1>194</x1>
			<y1>152</y1>
			<x2>194</x2>
			<y2>156</y2>
			<x3>195</x3>
			<y3>157</y3>
			<x4>198</x4>
			<y4>157</y4>
			<x5>198</x5>
			<y5>160</y5>
			<x6>197</x6>
			<y6>161</y6>
			<x7>196</x7>
			<y7>166</y7>
			<x8>192</x8>
			<y8>174</y8>
			<x9>188</x9>
			<y9>176</y9>
			<x10>188</x10>
			<y10>184</y10>
			<x11>186</x11>
			<y11>183</y11>
			<x12>185</x12>
			<y12>180</y12>
			<x13>183</x13>
			<y13>179</y13>
			<x14>182</x14>
			<y14>177</y14>
			<x15>181</x15>
			<y15>177</y15>
			<x16>179</x16>
			<y16>179</y16>
			<x17>180</x17>
			<y17>181</y17>
			<x18>180</x18>
			<y18>185</y18>
			<x19>181</x19>
			<y19>186</y19>
			<x20>180</x20>
			<y20>188</y20>
			<x21>180</x21>
			<y21>192</y21>
			<x22>179</x22>
			<y22>193</y22>
			<x23>178</x23>
			<y23>192</y23>
			<x24>178</x24>
			<y24>189</y24>
			<x25>177</x25>
			<y25>188</y25>
			<x26>177</x26>
			<y26>186</y26>
			<x27>176</x27>
			<y27>184</y27>
			<x28>171</x28>
			<y28>178</y28>
			<x29>169</x29>
			<y29>178</y29>
			<x30>168</x30>
			<y30>179</y30>
			<x31>168</x31>
			<y31>183</y31>
			<x32>169</x32>
			<y32>184</y32>
			<x33>169</x33>
			<y33>191</y33>
			<x34>168</x34>
			<y34>193</y34>
			<x35>167</x35>
			<y35>191</y35>
			<x36>167</x36>
			<y36>189</y36>
			<x37>165</x37>
			<y37>185</y37>
			<x38>162</x38>
			<y38>182</y38>
			<x39>159</x39>
			<y39>182</y39>
			<x40>157</x40>
			<y40>184</y40>
			<x41>157</x41>
			<y41>187</y41>
			<x42>155</x42>
			<y42>191</y42>
			<x43>154</x43>
			<y43>191</y43>
			<x44>154</x44>
			<y44>187</y44>
			<x45>152</x45>
			<y45>184</y45>
			<x46>149</x46>
			<y46>187</y46>
			<x47>147</x47>
			<y47>188</y47>
			<x48>145</x48>
			<y48>188</y48>
			<x49>145</x49>
			<y49>186</y49>
			<x50>144</x50>
			<y50>185</y50>
			<x51>142</x51>
			<y51>185</y51>
			<x52>137</x52>
			<y52>188</y52>
			<x53>135</x53>
			<y53>188</y53>
			<x54>127</x54>
			<y54>192</y54>
			<x55>125</x55>
			<y55>192</y55>
			<x56>124</x56>
			<y56>191</y56>
			<x57>125</x57>
			<y57>189</y57>
			<x58>124</x58>
			<y58>188</y58>
			<x59>122</x59>
			<y59>188</y59>
			<x60>120</x60>
			<y60>186</y60>
			<x61>125</x61>
			<y61>183</y61>
			<x62>123</x62>
			<y62>181</y62>
			<x63>123</x63>
			<y63>180</y63>
			<x64>125</x64>
			<y64>179</y64>
			<x65>127</x65>
			<y65>176</y65>
			<x66>133</x66>
			<y66>176</y66>
			<x67>134</x67>
			<y67>175</y67>
			<x68>136</x68>
			<y68>176</y68>
			<x69>136</x69>
			<y69>177</y69>
			<x70>138</x70>
			<y70>179</y70>
			<x71>141</x71>
			<y71>180</y71>
			<x72>145</x72>
			<y72>177</y72>
			<x73>145</x73>
			<y73>175</y73>
			<x74>150</x74>
			<y74>176</y74>
			<x75>153</x75>
			<y75>173</y75>
			<x76>158</x76>
			<y76>172</y76>
			<x77>159</x77>
			<y77>171</y77>
			<x78>157</x78>
			<y78>169</y78>
			<x79>156</x79>
			<y79>169</y79>
			<x80>155</x80>
			<y80>167</y80>
			<x81>161</x81>
			<y81>167</y81>
			<x82>162</x82>
			<y82>168</y82>
			<x83>167</x83>
			<y83>168</y83>
			<x84>168</x84>
			<y84>167</y84>
			<x85>166</x85>
			<y85>166</y85>
			<x86>166</x86>
			<y86>165</y86>
			<x87>169</x87>
			<y87>165</y87>
			<x88>170</x88>
			<y88>164</y88>
			<x89>166</x89>
			<y89>162</y89>
			<x90>168</x90>
			<y90>160</y90>
			<x91>171</x91>
			<y91>159</y91>
			<x92>173</x92>
			<y92>157</y92>
			<x93>179</x93>
			<y93>154</y93>
			<x94>182</x94>
			<y94>154</y94>
			<x95>186</x95>
			<y95>152</y95>
			<x96>193</x96>
			<y96>152</y96>
		</polygon>
	</object>
	<metadata>
	</metadata>
</annotation>
