<annotation>
	<folder></folder>
	<filename>IMG_8348_jpeg.rf.5703e8b259e367f4f25320c7104c1b20.jpg</filename>
	<path>IMG_8348_jpeg.rf.5703e8b259e367f4f25320c7104c1b20.jpg</path>
	<source>
		<database>roboflow.com</database>
	</source>
	<size>
		<width>320</width>
		<height>320</height>
		<depth>3</depth>
	</size>
	<segmented>0</segmented>
	<object>
		<name>fish</name>
		<pose>Unspecified</pose>
		<truncated>0</truncated>
		<difficult>0</difficult>
		<occluded>0</occluded>
		<bndbox>
			<xmin>83</xmin>
			<xmax>158</xmax>
			<ymin>182</ymin>
			<ymax>235</ymax>
		</bndbox>
		<polygon>
			<x1>98</x1>
			<y1>181</y1>
			<x2>99</x2>
			<y2>182</y2>
			<x3>114</x3>
			<y3>182</y3>
			<x4>116</x4>
			<y4>183</y4>
			<x5>117</x5>
			<y5>185</y5>
			<x6>128</x6>
			<y6>182</y6>
			<x7>129</x7>
			<y7>183</y7>
			<x8>125</x8>
			<y8>185</y8>
			<x9>123</x9>
			<y9>187</y9>
			<x10>123</x10>
			<y10>191</y10>
			<x11>124</x11>
			<y11>192</y11>
			<x12>126</x12>
			<y12>190</y12>
			<x13>128</x13>
			<y13>189</y13>
			<x14>130</x14>
			<y14>189</y14>
			<x15>131</x15>
			<y15>188</y15>
			<x16>133</x16>
			<y16>188</y16>
			<x17>134</x17>
			<y17>187</y17>
			<x18>143</x18>
			<y18>187</y18>
			<x19>136</x19>
			<y19>190</y19>
			<x20>134</x20>
			<y20>192</y20>
			<x21>130</x21>
			<y21>194</y21>
			<x22>128</x22>
			<y22>196</y22>
			<x23>127</x23>
			<y23>199</y23>
			<x24>128</x24>
			<y24>200</y24>
			<x25>130</x25>
			<y25>200</y25>
			<x26>136</x26>
			<y26>197</y26>
			<x27>139</x27>
			<y27>197</y27>
			<x28>140</x28>
			<y28>196</y28>
			<x29>146</x29>
			<y29>196</y29>
			<x30>138</x30>
			<y30>200</y30>
			<x31>134</x31>
			<y31>204</y31>
			<x32>134</x32>
			<y32>205</y32>
			<x33>136</x33>
			<y33>207</y33>
			<x34>148</x34>
			<y34>207</y34>
			<x35>141</x35>
			<y35>211</y35>
			<x36>143</x36>
			<y36>213</y36>
			<x37>147</x37>
			<y37>215</y37>
			<x38>147</x38>
			<y38>216</y38>
			<x39>144</x39>
			<y39>216</y39>
			<x40>143</x40>
			<y40>218</y40>
			<x41>147</x41>
			<y41>221</y41>
			<x42>148</x42>
			<y42>221</y42>
			<x43>151</x43>
			<y43>224</y43>
			<x44>152</x44>
			<y44>224</y44>
			<x45>157</x45>
			<y45>229</y45>
			<x46>156</x46>
			<y46>230</y46>
			<x47>153</x47>
			<y47>230</y47>
			<x48>151</x48>
			<y48>234</y48>
			<x49>149</x49>
			<y49>234</y49>
			<x50>146</x50>
			<y50>231</y50>
			<x51>144</x51>
			<y51>233</y51>
			<x52>140</x52>
			<y52>233</y52>
			<x53>139</x53>
			<y53>232</y53>
			<x54>136</x54>
			<y54>232</y54>
			<x55>136</x55>
			<y55>229</y55>
			<x56>134</x56>
			<y56>228</y56>
			<x57>134</x57>
			<y57>226</y57>
			<x58>139</x58>
			<y58>221</y58>
			<x59>139</x59>
			<y59>220</y59>
			<x60>138</x60>
			<y60>219</y60>
			<x61>135</x61>
			<y61>220</y61>
			<x62>135</x62>
			<y62>219</y62>
			<x63>133</x63>
			<y63>217</y63>
			<x64>131</x64>
			<y64>219</y64>
			<x65>130</x65>
			<y65>219</y65>
			<x66>130</x66>
			<y66>213</y66>
			<x67>129</x67>
			<y67>212</y67>
			<x68>125</x68>
			<y68>214</y68>
			<x69>122</x69>
			<y69>210</y69>
			<x70>120</x70>
			<y70>210</y70>
			<x71>118</x71>
			<y71>214</y71>
			<x72>117</x72>
			<y72>214</y72>
			<x73>113</x73>
			<y73>206</y73>
			<x74>110</x74>
			<y74>206</y74>
			<x75>108</x75>
			<y75>205</y75>
			<x76>107</x76>
			<y76>207</y76>
			<x77>105</x77>
			<y77>207</y77>
			<x78>97</x78>
			<y78>203</y78>
			<x79>95</x79>
			<y79>201</y79>
			<x80>91</x80>
			<y80>199</y80>
			<x81>85</x81>
			<y81>193</y81>
			<x82>83</x82>
			<y82>188</y82>
			<x83>84</x83>
			<y83>187</y83>
			<x84>87</x84>
			<y84>187</y84>
			<x85>89</x85>
			<y85>185</y85>
			<x86>88</x86>
			<y86>182</y86>
			<x87>95</x87>
			<y87>182</y87>
			<x88>97</x88>
			<y88>181</y88>
		</polygon>
	</object>
	<metadata>
	</metadata>
</annotation>
