<annotation>
	<folder></folder>
	<filename>IMG_8326_jpeg.rf.f5fea406ef9953851da3ad1725d1757a.jpg</filename>
	<path>IMG_8326_jpeg.rf.f5fea406ef9953851da3ad1725d1757a.jpg</path>
	<source>
		<database>roboflow.com</database>
	</source>
	<size>
		<width>320</width>
		<height>320</height>
		<depth>3</depth>
	</size>
	<segmented>0</segmented>
	<object>
		<name>Watermelon rind</name>
		<pose>Unspecified</pose>
		<truncated>0</truncated>
		<difficult>0</difficult>
		<occluded>0</occluded>
		<bndbox>
			<xmin>120</xmin>
			<xmax>187</xmax>
			<ymin>100</ymin>
			<ymax>140</ymax>
		</bndbox>
		<polygon>
			<x1>125</x1>
			<y1>100</y1>
			<x2>128</x2>
			<y2>103</y2>
			<x3>128</x3>
			<y3>105</y3>
			<x4>126</x4>
			<y4>107</y4>
			<x5>126</x5>
			<y5>111</y5>
			<x6>135</x6>
			<y6>119</y6>
			<x7>137</x7>
			<y7>120</y7>
			<x8>139</x8>
			<y8>120</y8>
			<x9>139</x9>
			<y9>122</y9>
			<x10>145</x10>
			<y10>127</y10>
			<x11>147</x11>
			<y11>127</y11>
			<x12>148</x12>
			<y12>128</y12>
			<x13>151</x13>
			<y13>128</y13>
			<x14>155</x14>
			<y14>126</y14>
			<x15>163</x15>
			<y15>132</y15>
			<x16>165</x16>
			<y16>132</y16>
			<x17>168</x17>
			<y17>130</y17>
			<x18>170</x18>
			<y18>130</y18>
			<x19>171</x19>
			<y19>131</y19>
			<x20>176</x20>
			<y20>131</y20>
			<x21>179</x21>
			<y21>129</y21>
			<x22>182</x22>
			<y22>129</y22>
			<x23>184</x23>
			<y23>130</y23>
			<x24>185</x24>
			<y24>132</y24>
			<x25>183</x25>
			<y25>134</y25>
			<x26>182</x26>
			<y26>134</y26>
			<x27>178</x27>
			<y27>137</y27>
			<x28>176</x28>
			<y28>137</y28>
			<x29>175</x29>
			<y29>138</y29>
			<x30>172</x30>
			<y30>138</y30>
			<x31>171</x31>
			<y31>139</y31>
			<x32>161</x32>
			<y32>139</y32>
			<x33>160</x33>
			<y33>138</y33>
			<x34>155</x34>
			<y34>138</y34>
			<x35>154</x35>
			<y35>137</y35>
			<x36>152</x36>
			<y36>137</y36>
			<x37>151</x37>
			<y37>136</y37>
			<x38>146</x38>
			<y38>135</y38>
			<x39>134</x39>
			<y39>129</y39>
			<x40>131</x40>
			<y40>126</y40>
			<x41>127</x41>
			<y41>124</y41>
			<x42>123</x42>
			<y42>120</y42>
			<x43>123</x43>
			<y43>119</y43>
			<x44>121</x44>
			<y44>117</y44>
			<x45>119</x45>
			<y45>113</y45>
			<x46>119</x46>
			<y46>104</y46>
			<x47>122</x47>
			<y47>99</y47>
			<x48>124</x48>
			<y48>100</y48>
		</polygon>
	</object>
	<object>
		<name>Watermelon rind</name>
		<pose>Unspecified</pose>
		<truncated>0</truncated>
		<difficult>0</difficult>
		<occluded>0</occluded>
		<bndbox>
			<xmin>142</xmin>
			<xmax>204</xmax>
			<ymin>94</ymin>
			<ymax>121</ymax>
		</bndbox>
		<polygon>
			<x1>202</x1>
			<y1>94</y1>
			<x2>203</x2>
			<y2>95</y2>
			<x3>203</x3>
			<y3>102</y3>
			<x4>202</x4>
			<y4>103</y4>
			<x5>202</x5>
			<y5>105</y5>
			<x6>195</x6>
			<y6>112</y6>
			<x7>191</x7>
			<y7>114</y7>
			<x8>189</x8>
			<y8>114</y8>
			<x9>186</x9>
			<y9>116</y9>
			<x10>183</x10>
			<y10>116</y10>
			<x11>179</x11>
			<y11>118</y11>
			<x12>174</x12>
			<y12>118</y12>
			<x13>173</x13>
			<y13>119</y13>
			<x14>157</x14>
			<y14>119</y14>
			<x15>156</x15>
			<y15>118</y15>
			<x16>153</x16>
			<y16>118</y16>
			<x17>152</x17>
			<y17>117</y17>
			<x18>150</x18>
			<y18>117</y18>
			<x19>146</x19>
			<y19>115</y19>
			<x20>143</x20>
			<y20>112</y20>
			<x21>143</x21>
			<y21>111</y21>
			<x22>141</x22>
			<y22>109</y22>
			<x23>142</x23>
			<y23>108</y23>
			<x24>145</x24>
			<y24>107</y24>
			<x25>148</x25>
			<y25>110</y25>
			<x26>152</x26>
			<y26>110</y26>
			<x27>157</x27>
			<y27>113</y27>
			<x28>163</x28>
			<y28>110</y28>
			<x29>164</x29>
			<y29>110</y29>
			<x30>168</x30>
			<y30>113</y30>
			<x31>173</x31>
			<y31>113</y31>
			<x32>174</x32>
			<y32>112</y32>
			<x33>176</x33>
			<y33>112</y33>
			<x34>179</x34>
			<y34>109</y34>
			<x35>183</x35>
			<y35>109</y35>
			<x36>190</x36>
			<y36>105</y36>
			<x37>193</x37>
			<y37>105</y37>
			<x38>195</x38>
			<y38>103</y38>
			<x39>195</x39>
			<y39>99</y39>
			<x40>194</x40>
			<y40>98</y40>
			<x41>194</x41>
			<y41>96</y41>
			<x42>198</x42>
			<y42>94</y42>
			<x43>201</x43>
			<y43>94</y43>
		</polygon>
	</object>
	<metadata>
	</metadata>
</annotation>
