<annotation>
	<folder></folder>
	<filename>IMG_8361_jpeg.rf.53bcf3ca46d6aac61f7a85fcd9aa2306.jpg</filename>
	<path>IMG_8361_jpeg.rf.53bcf3ca46d6aac61f7a85fcd9aa2306.jpg</path>
	<source>
		<database>roboflow.com</database>
	</source>
	<size>
		<width>320</width>
		<height>320</height>
		<depth>3</depth>
	</size>
	<segmented>0</segmented>
	<object>
		<name>fish</name>
		<pose>Unspecified</pose>
		<truncated>0</truncated>
		<difficult>0</difficult>
		<occluded>0</occluded>
		<bndbox>
			<xmin>141</xmin>
			<xmax>195</xmax>
			<ymin>134</ymin>
			<ymax>188</ymax>
		</bndbox>
		<polygon>
			<x1>178</x1>
			<y1>133</y1>
			<x2>181</x2>
			<y2>136</y2>
			<x3>183</x3>
			<y3>135</y3>
			<x4>186</x4>
			<y4>135</y4>
			<x5>189</x5>
			<y5>141</y5>
			<x6>189</x6>
			<y6>143</y6>
			<x7>190</x7>
			<y7>144</y7>
			<x8>190</x8>
			<y8>148</y8>
			<x9>191</x9>
			<y9>149</y9>
			<x10>189</x10>
			<y10>153</y10>
			<x11>194</x11>
			<y11>158</y11>
			<x12>193</x12>
			<y12>159</y12>
			<x13>188</x13>
			<y13>158</y13>
			<x14>187</x14>
			<y14>160</y14>
			<x15>191</x15>
			<y15>164</y15>
			<x16>192</x16>
			<y16>167</y16>
			<x17>191</x17>
			<y17>168</y17>
			<x18>189</x18>
			<y18>166</y18>
			<x19>187</x19>
			<y19>166</y19>
			<x20>184</x20>
			<y20>164</y20>
			<x21>181</x21>
			<y21>164</y21>
			<x22>180</x22>
			<y22>166</y22>
			<x23>182</x23>
			<y23>168</y23>
			<x24>183</x24>
			<y24>170</y24>
			<x25>183</x25>
			<y25>172</y25>
			<x26>177</x26>
			<y26>169</y26>
			<x27>175</x27>
			<y27>169</y27>
			<x28>174</x28>
			<y28>168</y28>
			<x29>171</x29>
			<y29>168</y29>
			<x30>170</x30>
			<y30>169</y30>
			<x31>170</x31>
			<y31>171</y31>
			<x32>171</x32>
			<y32>172</y32>
			<x33>171</x33>
			<y33>176</y33>
			<x34>169</x34>
			<y34>176</y34>
			<x35>167</x35>
			<y35>174</y35>
			<x36>165</x36>
			<y36>174</y36>
			<x37>162</x37>
			<y37>178</y37>
			<x38>158</x38>
			<y38>176</y38>
			<x39>155</x39>
			<y39>180</y39>
			<x40>155</x40>
			<y40>181</y40>
			<x41>150</x41>
			<y41>187</y41>
			<x42>149</x42>
			<y42>187</y42>
			<x43>147</x43>
			<y43>185</y43>
			<x44>145</x44>
			<y44>186</y44>
			<x45>143</x45>
			<y45>186</y45>
			<x46>142</x46>
			<y46>185</y46>
			<x47>142</x47>
			<y47>182</y47>
			<x48>141</x48>
			<y48>181</y48>
			<x49>141</x49>
			<y49>176</y49>
			<x50>142</x50>
			<y50>175</y50>
			<x51>144</x51>
			<y51>175</y51>
			<x52>145</x52>
			<y52>173</y52>
			<x53>149</x53>
			<y53>173</y53>
			<x54>150</x54>
			<y54>174</y54>
			<x55>152</x55>
			<y55>174</y55>
			<x56>154</x56>
			<y56>172</y56>
			<x57>154</x57>
			<y57>169</y57>
			<x58>156</x58>
			<y58>168</y58>
			<x59>160</x59>
			<y59>163</y59>
			<x60>159</x60>
			<y60>162</y60>
			<x61>156</x61>
			<y61>162</y61>
			<x62>156</x62>
			<y62>160</y62>
			<x63>159</x63>
			<y63>159</y63>
			<x64>162</x64>
			<y64>156</y64>
			<x65>162</x65>
			<y65>155</y65>
			<x66>160</x66>
			<y66>153</y66>
			<x67>161</x67>
			<y67>152</y67>
			<x68>161</x68>
			<y68>150</y68>
			<x69>163</x69>
			<y69>148</y69>
			<x70>163</x70>
			<y70>146</y70>
			<x71>172</x71>
			<y71>136</y71>
			<x72>173</x72>
			<y72>136</y72>
			<x73>175</x73>
			<y73>134</y73>
			<x74>177</x74>
			<y74>134</y74>
		</polygon>
	</object>
	<metadata>
	</metadata>
</annotation>
