<annotation>
	<folder></folder>
	<filename>IMG_1927_HEIC.rf.a2568ad7638ca34607def300ce726626.jpg</filename>
	<path>IMG_1927_HEIC.rf.a2568ad7638ca34607def300ce726626.jpg</path>
	<source>
		<database>roboflow.com</database>
	</source>
	<size>
		<width>320</width>
		<height>320</height>
		<depth>3</depth>
	</size>
	<segmented>0</segmented>
	<object>
		<name>Apple core</name>
		<pose>Unspecified</pose>
		<truncated>0</truncated>
		<difficult>0</difficult>
		<occluded>0</occluded>
		<bndbox>
			<xmin>180</xmin>
			<xmax>197</xmax>
			<ymin>128</ymin>
			<ymax>152</ymax>
		</bndbox>
	</object>
	<metadata>
	</metadata>
</annotation>
