<annotation>
	<folder></folder>
	<filename>IMG_8456_jpeg.rf.b24c84da7f1cfd7d48583e95ba1026ea.jpg</filename>
	<path>IMG_8456_jpeg.rf.b24c84da7f1cfd7d48583e95ba1026ea.jpg</path>
	<source>
		<database>roboflow.com</database>
	</source>
	<size>
		<width>320</width>
		<height>320</height>
		<depth>3</depth>
	</size>
	<segmented>0</segmented>
	<object>
		<name>fish</name>
		<pose>Unspecified</pose>
		<truncated>0</truncated>
		<difficult>0</difficult>
		<occluded>0</occluded>
		<bndbox>
			<xmin>94</xmin>
			<xmax>144</xmax>
			<ymin>178</ymin>
			<ymax>256</ymax>
		</bndbox>
		<polygon>
			<x1>125</x1>
			<y1>177</y1>
			<x2>128</x2>
			<y2>179</y2>
			<x3>129</x3>
			<y3>179</y3>
			<x4>131</x4>
			<y4>177</y4>
			<x5>134</x5>
			<y5>177</y5>
			<x6>135</x6>
			<y6>178</y6>
			<x7>135</x7>
			<y7>180</y7>
			<x8>136</x8>
			<y8>181</y8>
			<x9>138</x9>
			<y9>181</y9>
			<x10>142</x10>
			<y10>186</y10>
			<x11>142</x11>
			<y11>187</y11>
			<x12>139</x12>
			<y12>190</y12>
			<x13>139</x13>
			<y13>192</y13>
			<x14>136</x14>
			<y14>192</y14>
			<x15>135</x15>
			<y15>193</y15>
			<x16>133</x16>
			<y16>193</y16>
			<x17>130</x17>
			<y17>196</y17>
			<x18>131</x18>
			<y18>198</y18>
			<x19>132</x19>
			<y19>199</y19>
			<x20>134</x20>
			<y20>199</y20>
			<x21>134</x21>
			<y21>200</y21>
			<x22>131</x22>
			<y22>203</y22>
			<x23>129</x23>
			<y23>204</y23>
			<x24>127</x24>
			<y24>204</y24>
			<x25>125</x25>
			<y25>206</y25>
			<x26>127</x26>
			<y26>208</y26>
			<x27>128</x27>
			<y27>207</y27>
			<x28>132</x28>
			<y28>207</y28>
			<x29>131</x29>
			<y29>209</y29>
			<x30>131</x30>
			<y30>212</y30>
			<x31>132</x31>
			<y31>213</y31>
			<x32>138</x32>
			<y32>211</y32>
			<x33>137</x33>
			<y33>214</y33>
			<x34>134</x34>
			<y34>217</y34>
			<x35>133</x35>
			<y35>219</y35>
			<x36>134</x36>
			<y36>221</y36>
			<x37>134</x37>
			<y37>225</y37>
			<x38>133</x38>
			<y38>226</y38>
			<x39>135</x39>
			<y39>227</y39>
			<x40>138</x40>
			<y40>224</y40>
			<x41>140</x41>
			<y41>225</y41>
			<x42>140</x42>
			<y42>228</y42>
			<x43>141</x43>
			<y43>229</y43>
			<x44>141</x44>
			<y44>244</y44>
			<x45>140</x45>
			<y45>245</y45>
			<x46>139</x46>
			<y46>250</y46>
			<x47>136</x47>
			<y47>253</y47>
			<x48>133</x48>
			<y48>251</y48>
			<x49>129</x49>
			<y49>251</y49>
			<x50>127</x50>
			<y50>253</y50>
			<x51>127</x51>
			<y51>254</y51>
			<x52>126</x52>
			<y52>254</y52>
			<x53>124</x53>
			<y53>252</y53>
			<x54>120</x54>
			<y54>250</y54>
			<x55>107</x55>
			<y55>237</y55>
			<x56>108</x56>
			<y56>236</y56>
			<x57>104</x57>
			<y57>232</y57>
			<x58>98</x58>
			<y58>229</y58>
			<x59>106</x59>
			<y59>229</y59>
			<x60>108</x60>
			<y60>227</y60>
			<x61>108</x61>
			<y61>226</y61>
			<x62>105</x62>
			<y62>224</y62>
			<x63>103</x63>
			<y63>224</y63>
			<x64>100</x64>
			<y64>222</y64>
			<x65>98</x65>
			<y65>222</y65>
			<x66>93</x66>
			<y66>218</y66>
			<x67>93</x67>
			<y67>217</y67>
			<x68>94</x68>
			<y68>217</y68>
			<x69>95</x69>
			<y69>218</y69>
			<x70>99</x70>
			<y70>218</y70>
			<x71>100</x71>
			<y71>219</y71>
			<x72>105</x72>
			<y72>219</y72>
			<x73>106</x73>
			<y73>218</y73>
			<x74>113</x74>
			<y74>218</y74>
			<x75>114</x75>
			<y75>217</y75>
			<x76>113</x76>
			<y76>216</y76>
			<x77>108</x77>
			<y77>216</y77>
			<x78>107</x78>
			<y78>215</y78>
			<x79>106</x79>
			<y79>216</y79>
			<x80>107</x80>
			<y80>214</y80>
			<x81>101</x81>
			<y81>211</y81>
			<x82>99</x82>
			<y82>209</y82>
			<x83>104</x83>
			<y83>209</y83>
			<x84>105</x84>
			<y84>210</y84>
			<x85>116</x85>
			<y85>210</y85>
			<x86>117</x86>
			<y86>209</y86>
			<x87>117</x87>
			<y87>206</y87>
			<x88>113</x88>
			<y88>204</y88>
			<x89>109</x89>
			<y89>200</y89>
			<x90>109</x90>
			<y90>199</y90>
			<x91>111</x91>
			<y91>199</y91>
			<x92>112</x92>
			<y92>200</y92>
			<x93>116</x93>
			<y93>200</y93>
			<x94>117</x94>
			<y94>199</y94>
			<x95>117</x95>
			<y95>194</y95>
			<x96>118</x96>
			<y96>193</y96>
			<x97>119</x97>
			<y97>193</y97>
			<x98>121</x98>
			<y98>195</y98>
			<x99>123</x99>
			<y99>194</y99>
			<x100>122</x100>
			<y100>192</y100>
			<x101>122</x101>
			<y101>190</y101>
			<x102>123</x102>
			<y102>189</y102>
			<x103>123</x103>
			<y103>180</y103>
			<x104>124</x104>
			<y104>178</y104>
		</polygon>
	</object>
	<metadata>
	</metadata>
</annotation>
