<annotation>
	<folder></folder>
	<filename>IMG_8304_jpeg.rf.c4160fcd7740e0ed6ce59d73cd3a3bf6.jpg</filename>
	<path>IMG_8304_jpeg.rf.c4160fcd7740e0ed6ce59d73cd3a3bf6.jpg</path>
	<source>
		<database>roboflow.com</database>
	</source>
	<size>
		<width>320</width>
		<height>320</height>
		<depth>3</depth>
	</size>
	<segmented>0</segmented>
	<object>
		<name>Watermelon rind</name>
		<pose>Unspecified</pose>
		<truncated>0</truncated>
		<difficult>0</difficult>
		<occluded>0</occluded>
		<bndbox>
			<xmin>109</xmin>
			<xmax>160</xmax>
			<ymin>126</ymin>
			<ymax>171</ymax>
		</bndbox>
		<polygon>
			<x1>153</x1>
			<y1>126</y1>
			<x2>154</x2>
			<y2>127</y2>
			<x3>156</x3>
			<y3>127</y3>
			<x4>158</x4>
			<y4>128</y4>
			<x5>158</x5>
			<y5>130</y5>
			<x6>157</x6>
			<y6>131</y6>
			<x7>149</x7>
			<y7>131</y7>
			<x8>146</x8>
			<y8>133</y8>
			<x9>140</x9>
			<y9>133</y9>
			<x10>137</x10>
			<y10>135</y10>
			<x11>135</x11>
			<y11>139</y11>
			<x12>129</x12>
			<y12>139</y12>
			<x13>123</x13>
			<y13>144</y13>
			<x14>123</x14>
			<y14>148</y14>
			<x15>120</x15>
			<y15>150</y15>
			<x16>118</x16>
			<y16>155</y16>
			<x17>116</x17>
			<y17>157</y17>
			<x18>116</x18>
			<y18>160</y18>
			<x19>121</x19>
			<y19>164</y19>
			<x20>121</x20>
			<y20>166</y20>
			<x21>118</x21>
			<y21>169</y21>
			<x22>115</x22>
			<y22>168</y22>
			<x23>109</x23>
			<y23>162</y23>
			<x24>109</x24>
			<y24>159</y24>
			<x25>108</x25>
			<y25>158</y25>
			<x26>108</x26>
			<y26>154</y26>
			<x27>109</x27>
			<y27>153</y27>
			<x28>109</x28>
			<y28>150</y28>
			<x29>111</x29>
			<y29>148</y29>
			<x30>112</x30>
			<y30>145</y30>
			<x31>124</x31>
			<y31>133</y31>
			<x32>125</x32>
			<y32>133</y32>
			<x33>127</x33>
			<y33>131</y33>
			<x34>135</x34>
			<y34>127</y34>
			<x35>138</x35>
			<y35>127</y35>
			<x36>139</x36>
			<y36>126</y36>
			<x37>152</x37>
			<y37>126</y37>
		</polygon>
	</object>
	<object>
		<name>Watermelon rind</name>
		<pose>Unspecified</pose>
		<truncated>0</truncated>
		<difficult>0</difficult>
		<occluded>0</occluded>
		<bndbox>
			<xmin>101</xmin>
			<xmax>190</xmax>
			<ymin>105</ymin>
			<ymax>134</ymax>
		</bndbox>
		<polygon>
			<x1>163</x1>
			<y1>105</y1>
			<x2>164</x2>
			<y2>106</y2>
			<x3>169</x3>
			<y3>106</y3>
			<x4>170</x4>
			<y4>107</y4>
			<x5>175</x5>
			<y5>108</y5>
			<x6>179</x6>
			<y6>111</y6>
			<x7>180</x7>
			<y7>111</y7>
			<x8>186</x8>
			<y8>117</y8>
			<x9>187</x9>
			<y9>119</y9>
			<x10>187</x10>
			<y10>121</y10>
			<x11>188</x11>
			<y11>122</y11>
			<x12>188</x12>
			<y12>125</y12>
			<x13>187</x13>
			<y13>126</y13>
			<x14>178</x14>
			<y14>126</y14>
			<x15>176</x15>
			<y15>125</y15>
			<x16>175</x16>
			<y16>124</y16>
			<x17>175</x17>
			<y17>122</y17>
			<x18>176</x18>
			<y18>121</y18>
			<x19>175</x19>
			<y19>119</y19>
			<x20>172</x20>
			<y20>116</y20>
			<x21>170</x21>
			<y21>116</y21>
			<x22>169</x22>
			<y22>115</y22>
			<x23>167</x23>
			<y23>115</y23>
			<x24>166</x24>
			<y24>116</y24>
			<x25>162</x25>
			<y25>116</y25>
			<x26>161</x26>
			<y26>115</y26>
			<x27>153</x27>
			<y27>115</y27>
			<x28>152</x28>
			<y28>116</y28>
			<x29>149</x29>
			<y29>116</y29>
			<x30>147</x30>
			<y30>114</y30>
			<x31>136</x31>
			<y31>114</y31>
			<x32>134</x32>
			<y32>115</y32>
			<x33>128</x33>
			<y33>121</y33>
			<x34>126</x34>
			<y34>120</y34>
			<x35>118</x35>
			<y35>120</y35>
			<x36>115</x36>
			<y36>123</y36>
			<x37>115</x37>
			<y37>124</y37>
			<x38>111</x38>
			<y38>126</y38>
			<x39>107</x39>
			<y39>130</y39>
			<x40>106</x40>
			<y40>132</y40>
			<x41>100</x41>
			<y41>132</y41>
			<x42>100</x42>
			<y42>127</y42>
			<x43>101</x43>
			<y43>126</y43>
			<x44>101</x44>
			<y44>124</y44>
			<x45>102</x45>
			<y45>122</y45>
			<x46>109</x46>
			<y46>115</y46>
			<x47>112</x47>
			<y47>114</y47>
			<x48>114</x48>
			<y48>112</y48>
			<x49>116</x49>
			<y49>112</y49>
			<x50>119</x50>
			<y50>110</y50>
			<x51>121</x51>
			<y51>110</y51>
			<x52>125</x52>
			<y52>108</y52>
			<x53>128</x53>
			<y53>108</y53>
			<x54>129</x54>
			<y54>107</y54>
			<x55>133</x55>
			<y55>107</y55>
			<x56>134</x56>
			<y56>106</y56>
			<x57>140</x57>
			<y57>106</y57>
			<x58>141</x58>
			<y58>105</y58>
			<x59>162</x59>
			<y59>105</y59>
		</polygon>
	</object>
	<metadata>
	</metadata>
</annotation>
