<annotation>
	<folder></folder>
	<filename>IMG_8265_jpeg.rf.f699c67cdbd0b933168194c3e6f92fed.jpg</filename>
	<path>IMG_8265_jpeg.rf.f699c67cdbd0b933168194c3e6f92fed.jpg</path>
	<source>
		<database>roboflow.com</database>
	</source>
	<size>
		<width>320</width>
		<height>320</height>
		<depth>3</depth>
	</size>
	<segmented>0</segmented>
	<object>
		<name>Watermelon rind</name>
		<pose>Unspecified</pose>
		<truncated>0</truncated>
		<difficult>0</difficult>
		<occluded>0</occluded>
		<bndbox>
			<xmin>68</xmin>
			<xmax>138</xmax>
			<ymin>135</ymin>
			<ymax>159</ymax>
		</bndbox>
		<polygon>
			<x1>108</x1>
			<y1>135</y1>
			<x2>109</x2>
			<y2>136</y2>
			<x3>113</x3>
			<y3>136</y3>
			<x4>114</x4>
			<y4>137</y4>
			<x5>117</x5>
			<y5>137</y5>
			<x6>118</x6>
			<y6>138</y6>
			<x7>120</x7>
			<y7>138</y7>
			<x8>123</x8>
			<y8>140</y8>
			<x9>125</x9>
			<y9>140</y9>
			<x10>127</x10>
			<y10>141</y10>
			<x11>129</x11>
			<y11>143</y11>
			<x12>133</x12>
			<y12>145</y12>
			<x13>137</x13>
			<y13>151</y13>
			<x14>137</x14>
			<y14>156</y14>
			<x15>136</x15>
			<y15>158</y15>
			<x16>133</x16>
			<y16>158</y16>
			<x17>131</x17>
			<y17>156</y17>
			<x18>131</x18>
			<y18>155</y18>
			<x19>129</x19>
			<y19>153</y19>
			<x20>128</x20>
			<y20>153</y20>
			<x21>123</x21>
			<y21>147</y21>
			<x22>115</x22>
			<y22>147</y22>
			<x23>112</x23>
			<y23>143</y23>
			<x24>110</x24>
			<y24>142</y24>
			<x25>107</x25>
			<y25>142</y25>
			<x26>106</x26>
			<y26>141</y26>
			<x27>102</x27>
			<y27>141</y27>
			<x28>99</x28>
			<y28>143</y28>
			<x29>97</x29>
			<y29>143</y29>
			<x30>94</x30>
			<y30>141</y30>
			<x31>92</x31>
			<y31>141</y31>
			<x32>91</x32>
			<y32>142</y32>
			<x33>85</x33>
			<y33>142</y33>
			<x34>83</x34>
			<y34>141</y34>
			<x35>79</x35>
			<y35>143</y35>
			<x36>78</x36>
			<y36>144</y36>
			<x37>78</x37>
			<y37>146</y37>
			<x38>77</x38>
			<y38>148</y38>
			<x39>75</x39>
			<y39>149</y39>
			<x40>70</x40>
			<y40>149</y40>
			<x41>68</x41>
			<y41>148</y41>
			<x42>68</x42>
			<y42>145</y42>
			<x43>70</x43>
			<y43>143</y43>
			<x44>70</x44>
			<y44>142</y44>
			<x45>72</x45>
			<y45>140</y45>
			<x46>73</x46>
			<y46>140</y46>
			<x47>75</x47>
			<y47>138</y47>
			<x48>79</x48>
			<y48>136</y48>
			<x49>81</x49>
			<y49>136</y49>
			<x50>82</x50>
			<y50>135</y50>
			<x51>90</x51>
			<y51>135</y51>
			<x52>91</x52>
			<y52>134</y52>
			<x53>98</x53>
			<y53>134</y53>
			<x54>99</x54>
			<y54>135</y54>
			<x55>107</x55>
			<y55>135</y55>
		</polygon>
	</object>
	<object>
		<name>Watermelon rind</name>
		<pose>Unspecified</pose>
		<truncated>0</truncated>
		<difficult>0</difficult>
		<occluded>0</occluded>
		<bndbox>
			<xmin>109</xmin>
			<xmax>165</xmax>
			<ymin>118</ymin>
			<ymax>175</ymax>
		</bndbox>
		<polygon>
			<x1>135</x1>
			<y1>119</y1>
			<x2>141</x2>
			<y2>122</y2>
			<x3>143</x3>
			<y3>124</y3>
			<x4>144</x4>
			<y4>124</y4>
			<x5>154</x5>
			<y5>133</y5>
			<x6>154</x6>
			<y6>134</y6>
			<x7>159</x7>
			<y7>140</y7>
			<x8>162</x8>
			<y8>146</y8>
			<x9>162</x9>
			<y9>148</y9>
			<x10>163</x10>
			<y10>149</y10>
			<x11>163</x11>
			<y11>152</y11>
			<x12>164</x12>
			<y12>153</y12>
			<x13>164</x13>
			<y13>157</y13>
			<x14>163</x14>
			<y14>158</y14>
			<x15>163</x15>
			<y15>161</y15>
			<x16>161</x16>
			<y16>165</y16>
			<x17>157</x17>
			<y17>169</y17>
			<x18>156</x18>
			<y18>169</y18>
			<x19>154</x19>
			<y19>171</y19>
			<x20>150</x20>
			<y20>173</y20>
			<x21>148</x21>
			<y21>173</y21>
			<x22>146</x22>
			<y22>171</y22>
			<x23>146</x23>
			<y23>166</y23>
			<x24>148</x24>
			<y24>166</y24>
			<x25>152</x25>
			<y25>164</y25>
			<x26>154</x26>
			<y26>162</y26>
			<x27>154</x27>
			<y27>159</y27>
			<x28>152</x28>
			<y28>157</y28>
			<x29>152</x29>
			<y29>153</y29>
			<x30>151</x30>
			<y30>151</y30>
			<x31>149</x31>
			<y31>149</y31>
			<x32>148</x32>
			<y32>149</y32>
			<x33>149</x33>
			<y33>144</y33>
			<x34>147</x34>
			<y34>140</y34>
			<x35>144</x35>
			<y35>137</y35>
			<x36>142</x36>
			<y36>136</y36>
			<x37>136</x37>
			<y37>136</y37>
			<x38>134</x38>
			<y38>134</y38>
			<x39>134</x39>
			<y39>130</y39>
			<x40>132</x40>
			<y40>128</y40>
			<x41>130</x41>
			<y41>127</y41>
			<x42>124</x42>
			<y42>127</y42>
			<x43>119</x43>
			<y43>124</y43>
			<x44>112</x44>
			<y44>124</y44>
			<x45>109</x45>
			<y45>121</y45>
			<x46>110</x46>
			<y46>119</y46>
			<x47>112</x47>
			<y47>119</y47>
			<x48>113</x48>
			<y48>118</y48>
			<x49>118</x49>
			<y49>118</y49>
			<x50>119</x50>
			<y50>117</y50>
			<x51>126</x51>
			<y51>117</y51>
			<x52>127</x52>
			<y52>118</y52>
			<x53>131</x53>
			<y53>118</y53>
			<x54>132</x54>
			<y54>119</y54>
			<x55>134</x55>
			<y55>119</y55>
		</polygon>
	</object>
	<metadata>
	</metadata>
</annotation>
