<annotation>
	<folder></folder>
	<filename>IMG_8487_jpeg.rf.c246008a329b868fde18df9ca414257b.jpg</filename>
	<path>IMG_8487_jpeg.rf.c246008a329b868fde18df9ca414257b.jpg</path>
	<source>
		<database>roboflow.com</database>
	</source>
	<size>
		<width>320</width>
		<height>320</height>
		<depth>3</depth>
	</size>
	<segmented>0</segmented>
	<object>
		<name>fish</name>
		<pose>Unspecified</pose>
		<truncated>0</truncated>
		<difficult>0</difficult>
		<occluded>0</occluded>
		<bndbox>
			<xmin>85</xmin>
			<xmax>142</xmax>
			<ymin>110</ymin>
			<ymax>149</ymax>
		</bndbox>
		<polygon>
			<x1>89</x1>
			<y1>110</y1>
			<x2>93</x2>
			<y2>110</y2>
			<x3>94</x3>
			<y3>111</y3>
			<x4>96</x4>
			<y4>110</y4>
			<x5>99</x5>
			<y5>110</y5>
			<x6>101</x6>
			<y6>111</y6>
			<x7>103</x7>
			<y7>114</y7>
			<x8>100</x8>
			<y8>117</y8>
			<x9>100</x9>
			<y9>118</y9>
			<x10>102</x10>
			<y10>120</y10>
			<x11>104</x11>
			<y11>119</y11>
			<x12>105</x12>
			<y12>120</y12>
			<x13>104</x13>
			<y13>122</y13>
			<x14>105</x14>
			<y14>123</y14>
			<x15>107</x15>
			<y15>123</y15>
			<x16>111</x16>
			<y16>126</y16>
			<x17>114</x17>
			<y17>123</y17>
			<x18>115</x18>
			<y18>124</y18>
			<x19>115</x19>
			<y19>127</y19>
			<x20>117</x20>
			<y20>129</y20>
			<x21>119</x21>
			<y21>130</y21>
			<x22>124</x22>
			<y22>129</y22>
			<x23>128</x23>
			<y23>131</y23>
			<x24>130</x24>
			<y24>133</y24>
			<x25>133</x25>
			<y25>134</y25>
			<x26>139</x26>
			<y26>140</y26>
			<x27>140</x27>
			<y27>142</y27>
			<x28>140</x28>
			<y28>144</y28>
			<x29>136</x29>
			<y29>144</y29>
			<x30>134</x30>
			<y30>146</y30>
			<x31>135</x31>
			<y31>147</y31>
			<x32>133</x32>
			<y32>147</y32>
			<x33>132</x33>
			<y33>148</y33>
			<x34>124</x34>
			<y34>148</y34>
			<x35>123</x35>
			<y35>147</y35>
			<x36>116</x36>
			<y36>147</y36>
			<x37>115</x37>
			<y37>146</y37>
			<x38>109</x38>
			<y38>146</y38>
			<x39>108</x39>
			<y39>145</y39>
			<x40>97</x40>
			<y40>145</y40>
			<x41>99</x41>
			<y41>145</y41>
			<x42>103</x42>
			<y42>141</y42>
			<x43>102</x43>
			<y43>140</y43>
			<x44>100</x44>
			<y44>140</y44>
			<x45>99</x45>
			<y45>141</y45>
			<x46>95</x46>
			<y46>141</y46>
			<x47>94</x47>
			<y47>142</y47>
			<x48>87</x48>
			<y48>142</y48>
			<x49>87</x49>
			<y49>141</y49>
			<x50>90</x50>
			<y50>141</y50>
			<x51>91</x51>
			<y51>140</y51>
			<x52>96</x52>
			<y52>139</y52>
			<x53>100</x53>
			<y53>135</y53>
			<x54>99</x54>
			<y54>134</y54>
			<x55>93</x55>
			<y55>134</y55>
			<x56>92</x56>
			<y56>135</y56>
			<x57>85</x57>
			<y57>135</y57>
			<x58>87</x58>
			<y58>134</y58>
			<x59>90</x59>
			<y59>134</y59>
			<x60>91</x60>
			<y60>133</y60>
			<x61>93</x61>
			<y61>133</y61>
			<x62>95</x62>
			<y62>132</y62>
			<x63>98</x63>
			<y63>129</y63>
			<x64>96</x64>
			<y64>127</y64>
			<x65>87</x65>
			<y65>127</y65>
			<x66>89</x66>
			<y66>126</y66>
			<x67>91</x67>
			<y67>126</y67>
			<x68>93</x68>
			<y68>124</y68>
			<x69>90</x69>
			<y69>122</y69>
			<x70>90</x70>
			<y70>121</y70>
			<x71>92</x71>
			<y71>121</y71>
			<x72>93</x72>
			<y72>120</y72>
			<x73>85</x73>
			<y73>113</y73>
			<x74>85</x74>
			<y74>112</y74>
			<x75>88</x75>
			<y75>112</y75>
			<x76>89</x76>
			<y76>111</y76>
		</polygon>
	</object>
	<metadata>
	</metadata>
</annotation>
