<annotation>
	<folder></folder>
	<filename>IMG_8241_jpeg.rf.1c7781d0b6f4bb8e2bda8919f6fe250f.jpg</filename>
	<path>IMG_8241_jpeg.rf.1c7781d0b6f4bb8e2bda8919f6fe250f.jpg</path>
	<source>
		<database>roboflow.com</database>
	</source>
	<size>
		<width>320</width>
		<height>320</height>
		<depth>3</depth>
	</size>
	<segmented>0</segmented>
	<object>
		<name>Watermelon rind</name>
		<pose>Unspecified</pose>
		<truncated>0</truncated>
		<difficult>0</difficult>
		<occluded>0</occluded>
		<bndbox>
			<xmin>154</xmin>
			<xmax>218</xmax>
			<ymin>185</ymin>
			<ymax>235</ymax>
		</bndbox>
		<polygon>
			<x1>162</x1>
			<y1>186</y1>
			<x2>162</x2>
			<y2>193</y2>
			<x3>163</x3>
			<y3>194</y3>
			<x4>163</x4>
			<y4>200</y4>
			<x5>166</x5>
			<y5>203</y5>
			<x6>168</x6>
			<y6>204</y6>
			<x7>170</x7>
			<y7>204</y7>
			<x8>171</x8>
			<y8>205</y8>
			<x9>171</x9>
			<y9>211</y9>
			<x10>176</x10>
			<y10>216</y10>
			<x11>178</x11>
			<y11>217</y11>
			<x12>180</x12>
			<y12>217</y12>
			<x13>181</x13>
			<y13>218</y13>
			<x14>184</x14>
			<y14>218</y14>
			<x15>188</x15>
			<y15>222</y15>
			<x16>195</x16>
			<y16>225</y16>
			<x17>199</x17>
			<y17>228</y17>
			<x18>202</x18>
			<y18>228</y18>
			<x19>204</x19>
			<y19>227</y19>
			<x20>207</x20>
			<y20>224</y20>
			<x21>209</x21>
			<y21>224</y21>
			<x22>210</x22>
			<y22>225</y22>
			<x23>212</x23>
			<y23>225</y23>
			<x24>217</x24>
			<y24>229</y24>
			<x25>213</x25>
			<y25>232</y25>
			<x26>211</x26>
			<y26>232</y26>
			<x27>210</x27>
			<y27>233</y27>
			<x28>207</x28>
			<y28>233</y28>
			<x29>206</x29>
			<y29>234</y29>
			<x30>198</x30>
			<y30>234</y30>
			<x31>197</x31>
			<y31>233</y31>
			<x32>193</x32>
			<y32>233</y32>
			<x33>192</x33>
			<y33>232</y33>
			<x34>189</x34>
			<y34>232</y34>
			<x35>179</x35>
			<y35>227</y35>
			<x36>177</x36>
			<y36>225</y36>
			<x37>173</x37>
			<y37>223</y37>
			<x38>160</x38>
			<y38>211</y38>
			<x39>160</x39>
			<y39>210</y39>
			<x40>157</x40>
			<y40>207</y40>
			<x41>154</x41>
			<y41>201</y41>
			<x42>154</x42>
			<y42>198</y42>
			<x43>153</x43>
			<y43>197</y43>
			<x44>153</x44>
			<y44>192</y44>
			<x45>154</x45>
			<y45>191</y45>
			<x46>154</x46>
			<y46>189</y46>
			<x47>155</x47>
			<y47>187</y47>
			<x48>158</x48>
			<y48>184</y48>
			<x49>159</x49>
			<y49>184</y49>
			<x50>161</x50>
			<y50>186</y50>
		</polygon>
	</object>
	<object>
		<name>Watermelon rind</name>
		<pose>Unspecified</pose>
		<truncated>0</truncated>
		<difficult>0</difficult>
		<occluded>0</occluded>
		<bndbox>
			<xmin>128</xmin>
			<xmax>161</xmax>
			<ymin>162</ymin>
			<ymax>234</ymax>
		</bndbox>
		<polygon>
			<x1>157</x1>
			<y1>161</y1>
			<x2>158</x2>
			<y2>162</y2>
			<x3>158</x3>
			<y3>166</y3>
			<x4>157</x4>
			<y4>167</y4>
			<x5>157</x5>
			<y5>169</y5>
			<x6>155</x6>
			<y6>171</y6>
			<x7>153</x7>
			<y7>170</y7>
			<x8>146</x8>
			<y8>170</y8>
			<x9>143</x9>
			<y9>173</y9>
			<x10>142</x10>
			<y10>175</y10>
			<x11>143</x11>
			<y11>178</y11>
			<x12>141</x12>
			<y12>180</y12>
			<x13>141</x13>
			<y13>182</y13>
			<x14>140</x14>
			<y14>183</y14>
			<x15>140</x15>
			<y15>185</y15>
			<x16>142</x16>
			<y16>187</y16>
			<x17>142</x17>
			<y17>188</y17>
			<x18>140</x18>
			<y18>189</y18>
			<x19>137</x19>
			<y19>192</y19>
			<x20>137</x20>
			<y20>198</y20>
			<x21>138</x21>
			<y21>200</y21>
			<x22>145</x22>
			<y22>206</y22>
			<x23>145</x23>
			<y23>208</y23>
			<x24>143</x24>
			<y24>211</y24>
			<x25>143</x25>
			<y25>214</y25>
			<x26>147</x26>
			<y26>218</y26>
			<x27>148</x27>
			<y27>218</y27>
			<x28>155</x28>
			<y28>226</y28>
			<x29>159</x29>
			<y29>228</y29>
			<x30>159</x30>
			<y30>232</y30>
			<x31>154</x31>
			<y31>232</y31>
			<x32>153</x32>
			<y32>231</y32>
			<x33>150</x33>
			<y33>231</y33>
			<x34>146</x34>
			<y34>229</y34>
			<x35>141</x35>
			<y35>225</y35>
			<x36>140</x36>
			<y36>225</y36>
			<x37>133</x37>
			<y37>217</y37>
			<x38>129</x38>
			<y38>209</y38>
			<x39>129</x39>
			<y39>207</y39>
			<x40>128</x40>
			<y40>206</y40>
			<x41>128</x41>
			<y41>202</y41>
			<x42>127</x42>
			<y42>201</y42>
			<x43>127</x43>
			<y43>182</y43>
			<x44>128</x44>
			<y44>181</y44>
			<x45>129</x45>
			<y45>176</y45>
			<x46>132</x46>
			<y46>172</y46>
			<x47>132</x47>
			<y47>171</y47>
			<x48>138</x48>
			<y48>165</y48>
			<x49>142</x49>
			<y49>163</y49>
			<x50>145</x50>
			<y50>163</y50>
			<x51>146</x51>
			<y51>162</y51>
			<x52>150</x52>
			<y52>162</y52>
			<x53>151</x53>
			<y53>161</y53>
			<x54>156</x54>
			<y54>161</y54>
		</polygon>
	</object>
	<metadata>
	</metadata>
</annotation>
