<annotation>
	<folder></folder>
	<filename>IMG_8310_jpeg.rf.d36013367d85d6320727694b850894db.jpg</filename>
	<path>IMG_8310_jpeg.rf.d36013367d85d6320727694b850894db.jpg</path>
	<source>
		<database>roboflow.com</database>
	</source>
	<size>
		<width>320</width>
		<height>320</height>
		<depth>3</depth>
	</size>
	<segmented>0</segmented>
	<object>
		<name>Watermelon rind</name>
		<pose>Unspecified</pose>
		<truncated>0</truncated>
		<difficult>0</difficult>
		<occluded>0</occluded>
		<bndbox>
			<xmin>171</xmin>
			<xmax>205</xmax>
			<ymin>166</ymin>
			<ymax>229</ymax>
		</bndbox>
		<polygon>
			<x1>199</x1>
			<y1>165</y1>
			<x2>199</x2>
			<y2>169</y2>
			<x3>198</x3>
			<y3>170</y3>
			<x4>196</x4>
			<y4>170</y4>
			<x5>192</x5>
			<y5>174</y5>
			<x6>192</x6>
			<y6>175</y6>
			<x7>186</x7>
			<y7>180</y7>
			<x8>186</x8>
			<y8>184</y8>
			<x9>188</x9>
			<y9>186</y9>
			<x10>188</x10>
			<y10>188</y10>
			<x11>187</x11>
			<y11>188</y11>
			<x12>182</x12>
			<y12>192</y12>
			<x13>182</x13>
			<y13>199</y13>
			<x14>183</x14>
			<y14>201</y14>
			<x15>186</x15>
			<y15>203</y15>
			<x16>186</x16>
			<y16>209</y16>
			<x17>188</x17>
			<y17>211</y17>
			<x18>188</x18>
			<y18>215</y18>
			<x19>192</x19>
			<y19>219</y19>
			<x20>201</x20>
			<y20>219</y20>
			<x21>203</x21>
			<y21>221</y21>
			<x22>203</x22>
			<y22>227</y22>
			<x23>198</x23>
			<y23>227</y23>
			<x24>197</x24>
			<y24>226</y24>
			<x25>192</x25>
			<y25>226</y25>
			<x26>191</x26>
			<y26>225</y26>
			<x27>189</x27>
			<y27>225</y27>
			<x28>188</x28>
			<y28>224</y28>
			<x29>186</x29>
			<y29>224</y29>
			<x30>184</x30>
			<y30>223</y30>
			<x31>179</x31>
			<y31>218</y31>
			<x32>178</x32>
			<y32>218</y32>
			<x33>178</x33>
			<y33>217</y33>
			<x34>174</x34>
			<y34>212</y34>
			<x35>174</x35>
			<y35>210</y35>
			<x36>172</x36>
			<y36>207</y36>
			<x37>172</x37>
			<y37>203</y37>
			<x38>171</x38>
			<y38>202</y38>
			<x39>171</x39>
			<y39>188</y39>
			<x40>172</x40>
			<y40>187</y40>
			<x41>172</x41>
			<y41>184</y41>
			<x42>173</x42>
			<y42>183</y42>
			<x43>173</x43>
			<y43>181</y43>
			<x44>176</x44>
			<y44>177</y44>
			<x45>176</x45>
			<y45>176</y45>
			<x46>183</x46>
			<y46>169</y46>
			<x47>187</x47>
			<y47>167</y47>
			<x48>192</x48>
			<y48>166</y48>
			<x49>193</x49>
			<y49>165</y49>
			<x50>198</x50>
			<y50>165</y50>
		</polygon>
	</object>
	<object>
		<name>Watermelon rind</name>
		<pose>Unspecified</pose>
		<truncated>0</truncated>
		<difficult>0</difficult>
		<occluded>0</occluded>
		<bndbox>
			<xmin>139</xmin>
			<xmax>224</xmax>
			<ymin>139</ymin>
			<ymax>204</ymax>
		</bndbox>
		<polygon>
			<x1>210</x1>
			<y1>139</y1>
			<x2>211</x2>
			<y2>140</y2>
			<x3>216</x3>
			<y3>141</y3>
			<x4>218</x4>
			<y4>143</y4>
			<x5>222</x5>
			<y5>145</y5>
			<x6>222</x6>
			<y6>146</y6>
			<x7>219</x7>
			<y7>149</y7>
			<x8>215</x8>
			<y8>151</y8>
			<x9>210</x9>
			<y9>152</y9>
			<x10>208</x10>
			<y10>151</y10>
			<x11>208</x11>
			<y11>150</y11>
			<x12>206</x12>
			<y12>148</y12>
			<x13>204</x13>
			<y13>147</y13>
			<x14>201</x14>
			<y14>147</y14>
			<x15>200</x15>
			<y15>146</y15>
			<x16>198</x16>
			<y16>146</y16>
			<x17>197</x17>
			<y17>147</y17>
			<x18>195</x18>
			<y18>147</y18>
			<x19>191</x19>
			<y19>151</y19>
			<x20>189</x20>
			<y20>151</y20>
			<x21>188</x21>
			<y21>152</y21>
			<x22>186</x22>
			<y22>152</y22>
			<x23>182</x23>
			<y23>154</y23>
			<x24>179</x24>
			<y24>157</y24>
			<x25>178</x25>
			<y25>159</y25>
			<x26>176</x26>
			<y26>159</y26>
			<x27>175</x27>
			<y27>158</y27>
			<x28>173</x28>
			<y28>159</y28>
			<x29>171</x29>
			<y29>159</y29>
			<x30>169</x30>
			<y30>161</y30>
			<x31>168</x31>
			<y31>161</y31>
			<x32>162</x32>
			<y32>167</y32>
			<x33>162</x33>
			<y33>172</y33>
			<x34>163</x34>
			<y34>174</y34>
			<x35>161</x35>
			<y35>176</y35>
			<x36>159</x36>
			<y36>176</y36>
			<x37>155</x37>
			<y37>178</y37>
			<x38>152</x38>
			<y38>182</y38>
			<x39>152</x39>
			<y39>184</y39>
			<x40>153</x40>
			<y40>185</y40>
			<x41>153</x41>
			<y41>188</y41>
			<x42>152</x42>
			<y42>189</y42>
			<x43>152</x43>
			<y43>192</y43>
			<x44>151</x44>
			<y44>194</y44>
			<x45>153</x45>
			<y45>196</y45>
			<x46>153</x46>
			<y46>198</y46>
			<x47>150</x47>
			<y47>201</y47>
			<x48>148</x48>
			<y48>202</y48>
			<x49>146</x49>
			<y49>201</y49>
			<x50>143</x50>
			<y50>198</y50>
			<x51>143</x51>
			<y51>197</y51>
			<x52>140</x52>
			<y52>194</y52>
			<x53>140</x53>
			<y53>192</y53>
			<x54>139</x54>
			<y54>191</y54>
			<x55>139</x55>
			<y55>179</y55>
			<x56>145</x56>
			<y56>167</y56>
			<x57>157</x57>
			<y57>155</y57>
			<x58>161</x58>
			<y58>153</y58>
			<x59>164</x59>
			<y59>150</y59>
			<x60>165</x60>
			<y60>150</y60>
			<x61>170</x61>
			<y61>146</y61>
			<x62>178</x62>
			<y62>142</y62>
			<x63>180</x63>
			<y63>142</y63>
			<x64>184</x64>
			<y64>140</y64>
			<x65>187</x65>
			<y65>140</y65>
			<x66>188</x66>
			<y66>139</y66>
			<x67>192</x67>
			<y67>139</y67>
			<x68>193</x68>
			<y68>138</y68>
			<x69>206</x69>
			<y69>138</y69>
			<x70>207</x70>
			<y70>139</y70>
			<x71>209</x71>
			<y71>139</y71>
		</polygon>
	</object>
	<metadata>
	</metadata>
</annotation>
