<annotation>
	<folder></folder>
	<filename>IMG_8133_jpeg.rf.e6dd29d07bac05d6d00ca0480a641b51.jpg</filename>
	<path>IMG_8133_jpeg.rf.e6dd29d07bac05d6d00ca0480a641b51.jpg</path>
	<source>
		<database>roboflow.com</database>
	</source>
	<size>
		<width>320</width>
		<height>320</height>
		<depth>3</depth>
	</size>
	<segmented>0</segmented>
	<object>
		<name>Watermelon rind</name>
		<pose>Unspecified</pose>
		<truncated>0</truncated>
		<difficult>0</difficult>
		<occluded>0</occluded>
		<bndbox>
			<xmin>127</xmin>
			<xmax>195</xmax>
			<ymin>203</ymin>
			<ymax>226</ymax>
		</bndbox>
		<polygon>
			<x1>182</x1>
			<y1>204</y1>
			<x2>188</x2>
			<y2>207</y2>
			<x3>192</x3>
			<y3>211</y3>
			<x4>193</x4>
			<y4>213</y4>
			<x5>193</x5>
			<y5>216</y5>
			<x6>185</x6>
			<y6>216</y6>
			<x7>185</x7>
			<y7>213</y7>
			<x8>181</x8>
			<y8>209</y8>
			<x9>178</x9>
			<y9>209</y9>
			<x10>177</x10>
			<y10>210</y10>
			<x11>175</x11>
			<y11>210</y11>
			<x12>174</x12>
			<y12>209</y12>
			<x13>168</x13>
			<y13>209</y13>
			<x14>167</x14>
			<y14>210</y14>
			<x15>165</x15>
			<y15>210</y15>
			<x16>162</x16>
			<y16>208</y16>
			<x17>158</x17>
			<y17>208</y17>
			<x18>157</x18>
			<y18>209</y18>
			<x19>155</x19>
			<y19>209</y19>
			<x20>153</x20>
			<y20>210</y20>
			<x21>150</x21>
			<y21>214</y21>
			<x22>142</x22>
			<y22>214</y22>
			<x23>138</x23>
			<y23>218</y23>
			<x24>135</x24>
			<y24>219</y24>
			<x25>131</x25>
			<y25>224</y25>
			<x26>127</x26>
			<y26>224</y26>
			<x27>127</x27>
			<y27>220</y27>
			<x28>128</x28>
			<y28>219</y28>
			<x29>128</x29>
			<y29>217</y29>
			<x30>135</x30>
			<y30>210</y30>
			<x31>141</x31>
			<y31>207</y31>
			<x32>143</x32>
			<y32>207</y32>
			<x33>147</x33>
			<y33>205</y33>
			<x34>150</x34>
			<y34>205</y34>
			<x35>151</x35>
			<y35>204</y35>
			<x36>156</x36>
			<y36>204</y36>
			<x37>157</x37>
			<y37>203</y37>
			<x38>178</x38>
			<y38>203</y38>
			<x39>179</x39>
			<y39>204</y39>
			<x40>181</x40>
			<y40>204</y40>
		</polygon>
	</object>
	<object>
		<name>Watermelon rind</name>
		<pose>Unspecified</pose>
		<truncated>0</truncated>
		<difficult>0</difficult>
		<occluded>0</occluded>
		<bndbox>
			<xmin>135</xmin>
			<xmax>175</xmax>
			<ymin>218</ymin>
			<ymax>256</ymax>
		</bndbox>
		<polygon>
			<x1>168</x1>
			<y1>217</y1>
			<x2>169</x2>
			<y2>218</y2>
			<x3>171</x3>
			<y3>218</y3>
			<x4>173</x4>
			<y4>219</y4>
			<x5>171</x5>
			<y5>221</y5>
			<x6>166</x6>
			<y6>221</y6>
			<x7>162</x7>
			<y7>223</y7>
			<x8>159</x8>
			<y8>223</y8>
			<x9>157</x9>
			<y9>225</y9>
			<x10>156</x10>
			<y10>228</y10>
			<x11>151</x11>
			<y11>228</y11>
			<x12>147</x12>
			<y12>231</y12>
			<x13>146</x13>
			<y13>233</y13>
			<x14>146</x14>
			<y14>236</y14>
			<x15>143</x15>
			<y15>239</y15>
			<x16>142</x16>
			<y16>242</y16>
			<x17>140</x17>
			<y17>244</y17>
			<x18>140</x18>
			<y18>246</y18>
			<x19>143</x19>
			<y19>249</y19>
			<x20>145</x20>
			<y20>250</y20>
			<x21>143</x21>
			<y21>254</y21>
			<x22>140</x22>
			<y22>254</y22>
			<x23>138</x23>
			<y23>252</y23>
			<x24>137</x24>
			<y24>252</y24>
			<x25>134</x25>
			<y25>247</y25>
			<x26>134</x26>
			<y26>240</y26>
			<x27>137</x27>
			<y27>234</y27>
			<x28>140</x28>
			<y28>231</y28>
			<x29>140</x29>
			<y29>230</y29>
			<x30>149</x30>
			<y30>222</y30>
			<x31>155</x31>
			<y31>219</y31>
			<x32>157</x32>
			<y32>219</y32>
			<x33>158</x33>
			<y33>218</y33>
			<x34>161</x34>
			<y34>218</y34>
			<x35>162</x35>
			<y35>217</y35>
			<x36>167</x36>
			<y36>217</y36>
		</polygon>
	</object>
	<metadata>
	</metadata>
</annotation>
