<annotation>
	<folder></folder>
	<filename>IMG_8399_jpeg.rf.568bc3a4e6d774ce6bf0eb9905300f36.jpg</filename>
	<path>IMG_8399_jpeg.rf.568bc3a4e6d774ce6bf0eb9905300f36.jpg</path>
	<source>
		<database>roboflow.com</database>
	</source>
	<size>
		<width>320</width>
		<height>320</height>
		<depth>3</depth>
	</size>
	<segmented>0</segmented>
	<object>
		<name>fish</name>
		<pose>Unspecified</pose>
		<truncated>0</truncated>
		<difficult>0</difficult>
		<occluded>0</occluded>
		<bndbox>
			<xmin>137</xmin>
			<xmax>181</xmax>
			<ymin>133</ymin>
			<ymax>182</ymax>
		</bndbox>
		<polygon>
			<x1>144</x1>
			<y1>132</y1>
			<x2>146</x2>
			<y2>132</y2>
			<x3>148</x3>
			<y3>134</y3>
			<x4>152</x4>
			<y4>134</y4>
			<x5>155</x5>
			<y5>136</y5>
			<x6>155</x6>
			<y6>140</y6>
			<x7>153</x7>
			<y7>141</y7>
			<x8>151</x8>
			<y8>143</y8>
			<x9>151</x9>
			<y9>144</y9>
			<x10>153</x10>
			<y10>146</y10>
			<x11>155</x11>
			<y11>146</y11>
			<x12>155</x12>
			<y12>150</y12>
			<x13>157</x13>
			<y13>151</y13>
			<x14>159</x14>
			<y14>154</y14>
			<x15>161</x15>
			<y15>154</y15>
			<x16>163</x16>
			<y16>153</y16>
			<x17>163</x17>
			<y17>158</y17>
			<x18>166</x18>
			<y18>161</y18>
			<x19>168</x19>
			<y19>160</y19>
			<x20>170</x20>
			<y20>160</y20>
			<x21>174</x21>
			<y21>164</y21>
			<x22>174</x22>
			<y22>165</y22>
			<x23>178</x23>
			<y23>170</y23>
			<x24>178</x24>
			<y24>172</y24>
			<x25>179</x25>
			<y25>173</y25>
			<x26>179</x26>
			<y26>178</y26>
			<x27>177</x27>
			<y27>178</y27>
			<x28>176</x28>
			<y28>177</y28>
			<x29>174</x29>
			<y29>179</y29>
			<x30>174</x30>
			<y30>181</y30>
			<x31>173</x31>
			<y31>181</y31>
			<x32>172</x32>
			<y32>180</y32>
			<x33>167</x33>
			<y33>180</y33>
			<x34>166</x34>
			<y34>179</y34>
			<x35>163</x35>
			<y35>179</y35>
			<x36>162</x36>
			<y36>178</y36>
			<x37>157</x37>
			<y37>177</y37>
			<x38>155</x38>
			<y38>176</y38>
			<x39>154</x39>
			<y39>174</y39>
			<x40>145</x40>
			<y40>174</y40>
			<x41>150</x41>
			<y41>172</y41>
			<x42>152</x42>
			<y42>170</y42>
			<x43>151</x43>
			<y43>169</y43>
			<x44>138</x44>
			<y44>169</y44>
			<x45>137</x45>
			<y45>168</y45>
			<x46>141</x46>
			<y46>168</y46>
			<x47>142</x47>
			<y47>167</y47>
			<x48>145</x48>
			<y48>167</y48>
			<x49>147</x49>
			<y49>166</y49>
			<x50>150</x50>
			<y50>163</y50>
			<x51>147</x51>
			<y51>161</y51>
			<x52>145</x52>
			<y52>161</y52>
			<x53>144</x53>
			<y53>162</y53>
			<x54>141</x54>
			<y54>162</y54>
			<x55>140</x55>
			<y55>161</y55>
			<x56>138</x56>
			<y56>161</y56>
			<x57>141</x57>
			<y57>161</y57>
			<x58>144</x58>
			<y58>159</y58>
			<x59>146</x59>
			<y59>159</y59>
			<x60>148</x60>
			<y60>157</y60>
			<x61>148</x61>
			<y61>155</y61>
			<x62>147</x62>
			<y62>154</y62>
			<x63>140</x63>
			<y63>153</y63>
			<x64>140</x64>
			<y64>152</y64>
			<x65>143</x65>
			<y65>152</y65>
			<x66>145</x66>
			<y66>150</y66>
			<x67>142</x67>
			<y67>146</y67>
			<x68>145</x68>
			<y68>146</y68>
			<x69>146</x69>
			<y69>145</y69>
			<x70>143</x70>
			<y70>142</y70>
			<x71>140</x71>
			<y71>136</y71>
			<x72>140</x72>
			<y72>134</y72>
			<x73>143</x73>
			<y73>135</y73>
			<x74>144</x74>
			<y74>133</y74>
		</polygon>
	</object>
	<metadata>
	</metadata>
</annotation>
