<annotation>
	<folder></folder>
	<filename>IMG_1992_HEIC.rf.70a166455e36440a7c8cf6b37abbebf3.jpg</filename>
	<path>IMG_1992_HEIC.rf.70a166455e36440a7c8cf6b37abbebf3.jpg</path>
	<source>
		<database>roboflow.com</database>
	</source>
	<size>
		<width>320</width>
		<height>320</height>
		<depth>3</depth>
	</size>
	<segmented>0</segmented>
	<object>
		<name>Egg shell</name>
		<pose>Unspecified</pose>
		<truncated>0</truncated>
		<difficult>0</difficult>
		<occluded>0</occluded>
		<bndbox>
			<xmin>188</xmin>
			<xmax>231</xmax>
			<ymin>140</ymin>
			<ymax>163</ymax>
		</bndbox>
	</object>
	<metadata>
	</metadata>
</annotation>
