<annotation>
	<folder></folder>
	<filename>IMG_8161_mov-0003_jpg.rf.031c1646c06ecc25230cd83769566d21.jpg</filename>
	<path>IMG_8161_mov-0003_jpg.rf.031c1646c06ecc25230cd83769566d21.jpg</path>
	<source>
		<database>roboflow.com</database>
	</source>
	<size>
		<width>320</width>
		<height>320</height>
		<depth>3</depth>
	</size>
	<segmented>0</segmented>
	<object>
		<name>Watermelon rind</name>
		<pose>Unspecified</pose>
		<truncated>0</truncated>
		<difficult>0</difficult>
		<occluded>0</occluded>
		<bndbox>
			<xmin>139</xmin>
			<xmax>238</xmax>
			<ymin>146</ymin>
			<ymax>176</ymax>
		</bndbox>
		<polygon>
			<x1>203</x1>
			<y1>161</y1>
			<x2>204</x2>
			<y2>162</y2>
			<x3>207</x3>
			<y3>162</y3>
			<x4>215</x4>
			<y4>158</y4>
			<x5>220</x5>
			<y5>158</y5>
			<x6>222</x6>
			<y6>157</y6>
			<x7>224</x7>
			<y7>155</y7>
			<x8>224</x8>
			<y8>152</y8>
			<x9>222</x9>
			<y9>150</y9>
			<x10>222</x10>
			<y10>149</y10>
			<x11>225</x11>
			<y11>147</y11>
			<x12>228</x12>
			<y12>147</y12>
			<x13>229</x13>
			<y13>146</y13>
			<x14>234</x14>
			<y14>146</y14>
			<x15>236</x15>
			<y15>149</y15>
			<x16>236</x16>
			<y16>155</y16>
			<x17>235</x17>
			<y17>157</y17>
			<x18>230</x18>
			<y18>162</y18>
			<x19>229</x19>
			<y19>162</y19>
			<x20>227</x20>
			<y20>164</y20>
			<x21>223</x21>
			<y21>166</y21>
			<x22>221</x22>
			<y22>166</y22>
			<x23>220</x23>
			<y23>167</y23>
			<x24>218</x24>
			<y24>167</y24>
			<x25>214</x25>
			<y25>169</y25>
			<x26>207</x26>
			<y26>170</y26>
			<x27>206</x27>
			<y27>171</y27>
			<x28>202</x28>
			<y28>171</y28>
			<x29>201</x29>
			<y29>172</y29>
			<x30>196</x30>
			<y30>172</y30>
			<x31>195</x31>
			<y31>173</y31>
			<x32>190</x32>
			<y32>173</y32>
			<x33>189</x33>
			<y33>174</y33>
			<x34>161</x34>
			<y34>174</y34>
			<x35>160</x35>
			<y35>173</y35>
			<x36>155</x36>
			<y36>173</y36>
			<x37>154</x37>
			<y37>172</y37>
			<x38>151</x38>
			<y38>172</y38>
			<x39>148</x39>
			<y39>170</y39>
			<x40>146</x40>
			<y40>170</y40>
			<x41>142</x41>
			<y41>168</y41>
			<x42>138</x42>
			<y42>164</y42>
			<x43>138</x43>
			<y43>163</y43>
			<x44>140</x44>
			<y44>162</y44>
			<x45>146</x45>
			<y45>162</y45>
			<x46>148</x46>
			<y46>164</y46>
			<x47>151</x47>
			<y47>164</y47>
			<x48>152</x48>
			<y48>165</y48>
			<x49>158</x49>
			<y49>165</y49>
			<x50>162</x50>
			<y50>167</y50>
			<x51>169</x51>
			<y51>167</y51>
			<x52>170</x52>
			<y52>166</y52>
			<x53>172</x53>
			<y53>166</y53>
			<x54>173</x54>
			<y54>165</y54>
			<x55>178</x55>
			<y55>164</y55>
			<x56>184</x56>
			<y56>167</y56>
			<x57>189</x57>
			<y57>167</y57>
			<x58>190</x58>
			<y58>166</y58>
			<x59>195</x59>
			<y59>166</y59>
			<x60>199</x60>
			<y60>164</y60>
			<x61>201</x61>
			<y61>162</y61>
			<x62>202</x62>
			<y62>162</y62>
		</polygon>
	</object>
	<object>
		<name>Watermelon rind</name>
		<pose>Unspecified</pose>
		<truncated>0</truncated>
		<difficult>0</difficult>
		<occluded>0</occluded>
		<bndbox>
			<xmin>98</xmin>
			<xmax>214</xmax>
			<ymin>154</ymin>
			<ymax>199</ymax>
		</bndbox>
		<polygon>
			<x1>107</x1>
			<y1>154</y1>
			<x2>108</x2>
			<y2>155</y2>
			<x3>111</x3>
			<y3>155</y3>
			<x4>116</x4>
			<y4>158</y4>
			<x5>116</x5>
			<y5>160</y5>
			<x6>115</x6>
			<y6>160</y6>
			<x7>111</x7>
			<y7>164</y7>
			<x8>111</x8>
			<y8>167</y8>
			<x9>113</x9>
			<y9>169</y9>
			<x10>115</x10>
			<y10>170</y10>
			<x11>118</x11>
			<y11>170</y11>
			<x12>120</x12>
			<y12>171</y12>
			<x13>123</x13>
			<y13>174</y13>
			<x14>127</x14>
			<y14>176</y14>
			<x15>134</x15>
			<y15>176</y15>
			<x16>135</x16>
			<y16>177</y16>
			<x17>135</x17>
			<y17>179</y17>
			<x18>137</x18>
			<y18>181</y18>
			<x19>141</x19>
			<y19>183</y19>
			<x20>143</x20>
			<y20>183</y20>
			<x21>144</x21>
			<y21>184</y21>
			<x22>147</x22>
			<y22>184</y22>
			<x23>148</x23>
			<y23>185</y23>
			<x24>157</x24>
			<y24>185</y24>
			<x25>161</x25>
			<y25>183</y25>
			<x26>165</x26>
			<y26>183</y26>
			<x27>173</x27>
			<y27>188</y27>
			<x28>182</x28>
			<y28>188</y28>
			<x29>183</x29>
			<y29>187</y29>
			<x30>186</x30>
			<y30>187</y30>
			<x31>187</x31>
			<y31>186</y31>
			<x32>191</x32>
			<y32>186</y32>
			<x33>192</x33>
			<y33>187</y33>
			<x34>194</x34>
			<y34>187</y34>
			<x35>195</x35>
			<y35>186</y35>
			<x36>200</x36>
			<y36>186</y36>
			<x37>203</x37>
			<y37>184</y37>
			<x38>208</x38>
			<y38>184</y38>
			<x39>209</x39>
			<y39>185</y39>
			<x40>211</x40>
			<y40>185</y40>
			<x41>213</x41>
			<y41>186</y41>
			<x42>213</x42>
			<y42>187</y42>
			<x43>211</x43>
			<y43>189</y43>
			<x44>210</x44>
			<y44>189</y44>
			<x45>208</x45>
			<y45>191</y45>
			<x46>204</x46>
			<y46>193</y46>
			<x47>202</x47>
			<y47>193</y47>
			<x48>198</x48>
			<y48>195</y48>
			<x49>195</x49>
			<y49>195</y49>
			<x50>194</x50>
			<y50>196</y50>
			<x51>188</x51>
			<y51>196</y51>
			<x52>187</x52>
			<y52>197</y52>
			<x53>165</x53>
			<y53>197</y53>
			<x54>164</x54>
			<y54>196</y54>
			<x55>156</x55>
			<y55>196</y55>
			<x56>155</x56>
			<y56>195</y56>
			<x57>150</x57>
			<y57>195</y57>
			<x58>149</x58>
			<y58>194</y58>
			<x59>146</x59>
			<y59>194</y59>
			<x60>145</x60>
			<y60>193</y60>
			<x61>138</x61>
			<y61>192</y61>
			<x62>134</x62>
			<y62>190</y62>
			<x63>131</x63>
			<y63>190</y63>
			<x64>125</x64>
			<y64>187</y64>
			<x65>120</x65>
			<y65>186</y65>
			<x66>113</x66>
			<y66>182</y66>
			<x67>111</x67>
			<y67>182</y67>
			<x68>109</x68>
			<y68>180</y68>
			<x69>105</x69>
			<y69>178</y69>
			<x70>99</x70>
			<y70>172</y70>
			<x71>98</x71>
			<y71>170</y71>
			<x72>98</x72>
			<y72>168</y72>
			<x73>97</x73>
			<y73>167</y73>
			<x74>97</x74>
			<y74>163</y74>
			<x75>100</x75>
			<y75>157</y75>
			<x76>103</x76>
			<y76>154</y76>
			<x77>106</x77>
			<y77>154</y77>
		</polygon>
	</object>
	<metadata>
	</metadata>
</annotation>
