<annotation>
	<folder></folder>
	<filename>IMG_8355_jpeg.rf.57cd0d38cb2753af787b498f554e7bed.jpg</filename>
	<path>IMG_8355_jpeg.rf.57cd0d38cb2753af787b498f554e7bed.jpg</path>
	<source>
		<database>roboflow.com</database>
	</source>
	<size>
		<width>320</width>
		<height>320</height>
		<depth>3</depth>
	</size>
	<segmented>0</segmented>
	<object>
		<name>fish</name>
		<pose>Unspecified</pose>
		<truncated>0</truncated>
		<difficult>0</difficult>
		<occluded>0</occluded>
		<bndbox>
			<xmin>121</xmin>
			<xmax>172</xmax>
			<ymin>110</ymin>
			<ymax>173</ymax>
		</bndbox>
		<polygon>
			<x1>139</x1>
			<y1>109</y1>
			<x2>141</x2>
			<y2>112</y2>
			<x3>146</x3>
			<y3>112</y3>
			<x4>146</x4>
			<y4>113</y4>
			<x5>149</x5>
			<y5>115</y5>
			<x6>149</x6>
			<y6>119</y6>
			<x7>145</x7>
			<y7>123</y7>
			<x8>143</x8>
			<y8>124</y8>
			<x9>145</x9>
			<y9>128</y9>
			<x10>147</x10>
			<y10>127</y10>
			<x11>147</x11>
			<y11>129</y11>
			<x12>146</x12>
			<y12>131</y12>
			<x13>149</x13>
			<y13>134</y13>
			<x14>149</x14>
			<y14>136</y14>
			<x15>151</x15>
			<y15>138</y15>
			<x16>152</x16>
			<y16>138</y16>
			<x17>155</x17>
			<y17>135</y17>
			<x18>155</x18>
			<y18>143</y18>
			<x19>157</x19>
			<y19>147</y19>
			<x20>158</x20>
			<y20>148</y20>
			<x21>160</x21>
			<y21>146</y21>
			<x22>160</x22>
			<y22>145</y22>
			<x23>161</x23>
			<y23>145</y23>
			<x24>165</x24>
			<y24>149</y24>
			<x25>165</x25>
			<y25>150</y25>
			<x26>167</x26>
			<y26>152</y26>
			<x27>170</x27>
			<y27>158</y27>
			<x28>171</x28>
			<y28>167</y28>
			<x29>170</x29>
			<y29>168</y29>
			<x30>167</x30>
			<y30>168</y30>
			<x31>166</x31>
			<y31>167</y31>
			<x32>163</x32>
			<y32>170</y32>
			<x33>163</x33>
			<y33>171</y33>
			<x34>160</x34>
			<y34>171</y34>
			<x35>159</x35>
			<y35>170</y35>
			<x36>157</x36>
			<y36>170</y36>
			<x37>156</x37>
			<y37>169</y37>
			<x38>151</x38>
			<y38>168</y38>
			<x39>148</x39>
			<y39>166</y39>
			<x40>146</x40>
			<y40>166</y40>
			<x41>140</x41>
			<y41>163</y41>
			<x42>138</x42>
			<y42>161</y42>
			<x43>132</x43>
			<y43>161</y43>
			<x44>129</x44>
			<y44>159</y44>
			<x45>132</x45>
			<y45>157</y45>
			<x46>131</x46>
			<y46>155</y46>
			<x47>129</x47>
			<y47>155</y47>
			<x48>128</x48>
			<y48>154</y48>
			<x49>124</x49>
			<y49>154</y49>
			<x50>120</x50>
			<y50>152</y50>
			<x51>121</x51>
			<y51>151</y51>
			<x52>128</x52>
			<y52>151</y52>
			<x53>133</x53>
			<y53>148</y53>
			<x54>132</x54>
			<y54>146</y54>
			<x55>129</x55>
			<y55>146</y55>
			<x56>128</x56>
			<y56>145</y56>
			<x57>124</x57>
			<y57>145</y57>
			<x58>122</x58>
			<y58>144</y58>
			<x59>122</x59>
			<y59>143</y59>
			<x60>127</x60>
			<y60>143</y60>
			<x61>128</x61>
			<y61>142</y61>
			<x62>131</x62>
			<y62>142</y62>
			<x63>136</x63>
			<y63>139</y63>
			<x64>136</x64>
			<y64>137</y64>
			<x65>135</x65>
			<y65>136</y65>
			<x66>130</x66>
			<y66>136</y66>
			<x67>129</x67>
			<y67>135</y67>
			<x68>127</x68>
			<y68>135</y68>
			<x69>127</x69>
			<y69>133</y69>
			<x70>129</x70>
			<y70>132</y70>
			<x71>132</x71>
			<y71>132</y71>
			<x72>133</x72>
			<y72>131</y72>
			<x73>131</x73>
			<y73>128</y73>
			<x74>131</x74>
			<y74>126</y74>
			<x75>133</x75>
			<y75>126</y75>
			<x76>134</x76>
			<y76>125</y76>
			<x77>134</x77>
			<y77>123</y77>
			<x78>130</x78>
			<y78>116</y78>
			<x79>130</x79>
			<y79>113</y79>
			<x80>132</x80>
			<y80>111</y80>
			<x81>134</x81>
			<y81>112</y81>
			<x82>137</x82>
			<y82>109</y82>
			<x83>138</x83>
			<y83>109</y83>
		</polygon>
	</object>
	<metadata>
	</metadata>
</annotation>
