<annotation>
	<folder></folder>
	<filename>IMG_8351_jpeg.rf.b3731b8d347720d40eb34e34e827bec7.jpg</filename>
	<path>IMG_8351_jpeg.rf.b3731b8d347720d40eb34e34e827bec7.jpg</path>
	<source>
		<database>roboflow.com</database>
	</source>
	<size>
		<width>320</width>
		<height>320</height>
		<depth>3</depth>
	</size>
	<segmented>0</segmented>
	<object>
		<name>fish</name>
		<pose>Unspecified</pose>
		<truncated>0</truncated>
		<difficult>0</difficult>
		<occluded>0</occluded>
		<bndbox>
			<xmin>77</xmin>
			<xmax>168</xmax>
			<ymin>118</ymin>
			<ymax>153</ymax>
		</bndbox>
		<polygon>
			<x1>116</x1>
			<y1>117</y1>
			<x2>116</x2>
			<y2>120</y2>
			<x3>115</x3>
			<y3>121</y3>
			<x4>115</x4>
			<y4>131</y4>
			<x5>117</x5>
			<y5>134</y5>
			<x6>120</x6>
			<y6>134</y6>
			<x7>121</x7>
			<y7>133</y7>
			<x8>122</x8>
			<y8>128</y8>
			<x9>125</x9>
			<y9>124</y9>
			<x10>125</x10>
			<y10>123</y10>
			<x11>127</x11>
			<y11>121</y11>
			<x12>127</x12>
			<y12>123</y12>
			<x13>126</x13>
			<y13>124</y13>
			<x14>126</x14>
			<y14>132</y14>
			<x15>128</x15>
			<y15>135</y15>
			<x16>131</x16>
			<y16>135</y16>
			<x17>136</x17>
			<y17>129</y17>
			<x18>139</x18>
			<y18>128</y18>
			<x19>138</x19>
			<y19>130</y19>
			<x20>138</x20>
			<y20>132</y20>
			<x21>137</x21>
			<y21>133</y21>
			<x22>138</x22>
			<y22>135</y22>
			<x23>140</x23>
			<y23>135</y23>
			<x24>141</x24>
			<y24>134</y24>
			<x25>147</x25>
			<y25>134</y25>
			<x26>145</x26>
			<y26>136</y26>
			<x27>146</x27>
			<y27>138</y27>
			<x28>166</x28>
			<y28>138</y28>
			<x29>166</x29>
			<y29>139</y29>
			<x30>164</x30>
			<y30>140</y30>
			<x31>164</x31>
			<y31>141</y31>
			<x32>167</x32>
			<y32>143</y32>
			<x33>166</x33>
			<y33>145</y33>
			<x34>162</x34>
			<y34>145</y34>
			<x35>161</x35>
			<y35>146</y35>
			<x36>162</x36>
			<y36>147</y36>
			<x37>160</x37>
			<y37>149</y37>
			<x38>157</x38>
			<y38>149</y38>
			<x39>156</x39>
			<y39>150</y39>
			<x40>154</x40>
			<y40>150</y40>
			<x41>153</x41>
			<y41>149</y41>
			<x42>149</x42>
			<y42>149</y42>
			<x43>148</x43>
			<y43>147</y43>
			<x44>148</x44>
			<y44>145</y44>
			<x45>145</x45>
			<y45>141</y45>
			<x46>143</x46>
			<y46>143</y46>
			<x47>140</x47>
			<y47>143</y47>
			<x48>139</x48>
			<y48>144</y48>
			<x49>140</x49>
			<y49>145</y49>
			<x50>138</x50>
			<y50>145</y50>
			<x51>132</x51>
			<y51>140</y51>
			<x52>131</x52>
			<y52>141</y52>
			<x53>131</x53>
			<y53>144</y53>
			<x54>127</x54>
			<y54>144</y54>
			<x55>126</x55>
			<y55>143</y55>
			<x56>125</x56>
			<y56>144</y56>
			<x57>125</x57>
			<y57>146</y57>
			<x58>127</x58>
			<y58>148</y58>
			<x59>123</x59>
			<y59>148</y59>
			<x60>117</x60>
			<y60>145</y60>
			<x61>111</x61>
			<y61>148</y61>
			<x62>113</x62>
			<y62>149</y62>
			<x63>113</x63>
			<y63>150</y63>
			<x64>111</x64>
			<y64>150</y64>
			<x65>110</x65>
			<y65>151</y65>
			<x66>105</x66>
			<y66>151</y66>
			<x67>104</x67>
			<y67>152</y67>
			<x68>87</x68>
			<y68>152</y68>
			<x69>86</x69>
			<y69>151</y69>
			<x70>82</x70>
			<y70>151</y70>
			<x71>80</x71>
			<y71>150</y71>
			<x72>79</x72>
			<y72>149</y72>
			<x73>81</x73>
			<y73>147</y73>
			<x74>81</x74>
			<y74>145</y74>
			<x75>79</x75>
			<y75>143</y75>
			<x76>77</x76>
			<y76>143</y76>
			<x77>77</x77>
			<y77>142</y77>
			<x78>80</x78>
			<y78>139</y78>
			<x79>81</x79>
			<y79>139</y79>
			<x80>85</x80>
			<y80>135</y80>
			<x81>86</x81>
			<y81>135</y81>
			<x82>91</x82>
			<y82>131</y82>
			<x83>95</x83>
			<y83>129</y83>
			<x84>97</x84>
			<y84>130</y84>
			<x85>99</x85>
			<y85>128</y85>
			<x86>100</x86>
			<y86>125</y86>
			<x87>103</x87>
			<y87>122</y87>
			<x88>104</x88>
			<y88>123</y88>
			<x89>103</x89>
			<y89>125</y89>
			<x90>104</x90>
			<y90>127</y90>
			<x91>104</x91>
			<y91>132</y91>
			<x92>105</x92>
			<y92>134</y92>
			<x93>107</x93>
			<y93>135</y93>
			<x94>109</x94>
			<y94>132</y94>
			<x95>109</x95>
			<y95>128</y95>
			<x96>110</x96>
			<y96>127</y96>
			<x97>110</x97>
			<y97>125</y97>
			<x98>112</x98>
			<y98>121</y98>
			<x99>114</x99>
			<y99>119</y99>
			<x100>114</x100>
			<y100>118</y100>
			<x101>115</x101>
			<y101>118</y101>
		</polygon>
	</object>
	<metadata>
	</metadata>
</annotation>
