<annotation>
	<folder></folder>
	<filename>IMG_8445_jpeg.rf.7fad79e7d872c7d2c3db60a9f69e25b6.jpg</filename>
	<path>IMG_8445_jpeg.rf.7fad79e7d872c7d2c3db60a9f69e25b6.jpg</path>
	<source>
		<database>roboflow.com</database>
	</source>
	<size>
		<width>320</width>
		<height>320</height>
		<depth>3</depth>
	</size>
	<segmented>0</segmented>
	<object>
		<name>fish</name>
		<pose>Unspecified</pose>
		<truncated>0</truncated>
		<difficult>0</difficult>
		<occluded>0</occluded>
		<bndbox>
			<xmin>164</xmin>
			<xmax>177</xmax>
			<ymin>176</ymin>
			<ymax>217</ymax>
		</bndbox>
		<polygon>
			<x1>170</x1>
			<y1>175</y1>
			<x2>171</x2>
			<y2>175</y2>
			<x3>173</x3>
			<y3>178</y3>
			<x4>173</x4>
			<y4>184</y4>
			<x5>172</x5>
			<y5>185</y5>
			<x6>173</x6>
			<y6>186</y6>
			<x7>172</x7>
			<y7>187</y7>
			<x8>172</x8>
			<y8>190</y8>
			<x9>173</x9>
			<y9>191</y9>
			<x10>173</x10>
			<y10>197</y10>
			<x11>175</x11>
			<y11>201</y11>
			<x12>175</x12>
			<y12>215</y12>
			<x13>174</x13>
			<y13>216</y13>
			<x14>172</x14>
			<y14>215</y14>
			<x15>172</x15>
			<y15>213</y15>
			<x16>170</x16>
			<y16>211</y16>
			<x17>170</x17>
			<y17>209</y17>
			<x18>167</x18>
			<y18>205</y18>
			<x19>169</x19>
			<y19>203</y19>
			<x20>166</x20>
			<y20>199</y20>
			<x21>168</x21>
			<y21>199</y21>
			<x22>169</x22>
			<y22>198</y22>
			<x23>167</x23>
			<y23>194</y23>
			<x24>169</x24>
			<y24>193</y24>
			<x25>169</x25>
			<y25>190</y25>
			<x26>168</x26>
			<y26>188</y26>
			<x27>170</x27>
			<y27>184</y27>
			<x28>170</x28>
			<y28>176</y28>
		</polygon>
	</object>
	<metadata>
	</metadata>
</annotation>
