<annotation>
	<folder></folder>
	<filename>IMG_8443_jpeg.rf.ebcbef5503f01a7dafbcb2c4111be6d7.jpg</filename>
	<path>IMG_8443_jpeg.rf.ebcbef5503f01a7dafbcb2c4111be6d7.jpg</path>
	<source>
		<database>roboflow.com</database>
	</source>
	<size>
		<width>320</width>
		<height>320</height>
		<depth>3</depth>
	</size>
	<segmented>0</segmented>
	<object>
		<name>fish</name>
		<pose>Unspecified</pose>
		<truncated>0</truncated>
		<difficult>0</difficult>
		<occluded>0</occluded>
		<bndbox>
			<xmin>77</xmin>
			<xmax>110</xmax>
			<ymin>113</ymin>
			<ymax>158</ymax>
		</bndbox>
		<polygon>
			<x1>99</x1>
			<y1>112</y1>
			<x2>105</x2>
			<y2>117</y2>
			<x3>105</x3>
			<y3>119</y3>
			<x4>104</x4>
			<y4>121</y4>
			<x5>102</x5>
			<y5>122</y5>
			<x6>100</x6>
			<y6>122</y6>
			<x7>99</x7>
			<y7>123</y7>
			<x8>99</x8>
			<y8>125</y8>
			<x9>101</x9>
			<y9>126</y9>
			<x10>101</x10>
			<y10>127</y10>
			<x11>99</x11>
			<y11>129</y11>
			<x12>102</x12>
			<y12>133</y12>
			<x13>104</x13>
			<y13>133</y13>
			<x14>104</x14>
			<y14>135</y14>
			<x15>103</x15>
			<y15>136</y15>
			<x16>103</x16>
			<y16>139</y16>
			<x17>104</x17>
			<y17>140</y17>
			<x18>106</x18>
			<y18>139</y18>
			<x19>107</x19>
			<y19>141</y19>
			<x20>107</x20>
			<y20>143</y20>
			<x21>108</x21>
			<y21>144</y21>
			<x22>108</x22>
			<y22>152</y22>
			<x23>106</x23>
			<y23>156</y23>
			<x24>105</x24>
			<y24>155</y24>
			<x25>102</x25>
			<y25>155</y25>
			<x26>101</x26>
			<y26>156</y26>
			<x27>98</x27>
			<y27>156</y27>
			<x28>96</x28>
			<y28>155</y28>
			<x29>94</x29>
			<y29>153</y29>
			<x30>90</x30>
			<y30>151</y30>
			<x31>87</x31>
			<y31>148</y31>
			<x32>86</x32>
			<y32>146</y32>
			<x33>83</x33>
			<y33>146</y33>
			<x34>81</x34>
			<y34>145</y34>
			<x35>82</x35>
			<y35>144</y35>
			<x36>85</x36>
			<y36>144</y36>
			<x37>86</x37>
			<y37>143</y37>
			<x38>84</x38>
			<y38>141</y38>
			<x39>81</x39>
			<y39>141</y39>
			<x40>77</x40>
			<y40>139</y40>
			<x41>86</x41>
			<y41>139</y41>
			<x42>88</x42>
			<y42>137</y42>
			<x43>83</x43>
			<y43>134</y43>
			<x44>81</x44>
			<y44>134</y44>
			<x45>79</x45>
			<y45>133</y45>
			<x46>90</x46>
			<y46>133</y46>
			<x47>91</x47>
			<y47>132</y47>
			<x48>91</x48>
			<y48>131</y48>
			<x49>89</x49>
			<y49>129</y49>
			<x50>85</x50>
			<y50>127</y50>
			<x51>90</x51>
			<y51>127</y51>
			<x52>91</x52>
			<y52>126</y52>
			<x53>90</x53>
			<y53>123</y53>
			<x54>92</x54>
			<y54>123</y54>
			<x55>93</x55>
			<y55>122</y55>
			<x56>93</x56>
			<y56>113</y56>
			<x57>98</x57>
			<y57>113</y57>
		</polygon>
	</object>
	<metadata>
	</metadata>
</annotation>
