<annotation>
	<folder></folder>
	<filename>IMG_8246_jpeg.rf.cbcf3953a439693fd5930ce4aebde857.jpg</filename>
	<path>IMG_8246_jpeg.rf.cbcf3953a439693fd5930ce4aebde857.jpg</path>
	<source>
		<database>roboflow.com</database>
	</source>
	<size>
		<width>320</width>
		<height>320</height>
		<depth>3</depth>
	</size>
	<segmented>0</segmented>
	<object>
		<name>Watermelon rind</name>
		<pose>Unspecified</pose>
		<truncated>0</truncated>
		<difficult>0</difficult>
		<occluded>0</occluded>
		<bndbox>
			<xmin>115</xmin>
			<xmax>148</xmax>
			<ymin>151</ymin>
			<ymax>215</ymax>
		</bndbox>
		<polygon>
			<x1>120</x1>
			<y1>154</y1>
			<x2>124</x2>
			<y2>152</y2>
			<x3>129</x3>
			<y3>151</y3>
			<x4>130</x4>
			<y4>150</y4>
			<x5>132</x5>
			<y5>151</y5>
			<x6>132</x6>
			<y6>154</y6>
			<x7>133</x7>
			<y7>155</y7>
			<x8>132</x8>
			<y8>158</y8>
			<x9>131</x9>
			<y9>159</y9>
			<x10>129</x10>
			<y10>158</y10>
			<x11>128</x11>
			<y11>159</y11>
			<x12>126</x12>
			<y12>159</y12>
			<x13>123</x13>
			<y13>162</y13>
			<x14>123</x14>
			<y14>165</y14>
			<x15>124</x15>
			<y15>166</y15>
			<x16>124</x16>
			<y16>168</y16>
			<x17>123</x17>
			<y17>169</y17>
			<x18>123</x18>
			<y18>173</y18>
			<x19>125</x19>
			<y19>175</y19>
			<x20>125</x20>
			<y20>176</y20>
			<x21>123</x21>
			<y21>178</y21>
			<x22>123</x22>
			<y22>183</y22>
			<x23>124</x23>
			<y23>184</y23>
			<x24>124</x24>
			<y24>186</y24>
			<x25>127</x25>
			<y25>189</y25>
			<x26>131</x26>
			<y26>191</y26>
			<x27>131</x27>
			<y27>198</y27>
			<x28>142</x28>
			<y28>208</y28>
			<x29>145</x29>
			<y29>209</y29>
			<x30>146</x30>
			<y30>211</y30>
			<x31>146</x31>
			<y31>214</y31>
			<x32>143</x32>
			<y32>214</y32>
			<x33>142</x33>
			<y33>213</y33>
			<x34>139</x34>
			<y34>213</y34>
			<x35>131</x35>
			<y35>209</y35>
			<x36>123</x36>
			<y36>201</y36>
			<x37>123</x37>
			<y37>200</y37>
			<x38>121</x38>
			<y38>198</y38>
			<x39>118</x39>
			<y39>192</y39>
			<x40>118</x40>
			<y40>190</y40>
			<x41>116</x41>
			<y41>186</y41>
			<x42>116</x42>
			<y42>183</y42>
			<x43>115</x43>
			<y43>182</y43>
			<x44>115</x44>
			<y44>178</y44>
			<x45>114</x45>
			<y45>177</y45>
			<x46>114</x46>
			<y46>165</y46>
			<x47>115</x47>
			<y47>164</y47>
			<x48>115</x48>
			<y48>162</y48>
			<x49>118</x49>
			<y49>156</y49>
			<x50>120</x50>
			<y50>155</y50>
		</polygon>
	</object>
	<object>
		<name>Watermelon rind</name>
		<pose>Unspecified</pose>
		<truncated>0</truncated>
		<difficult>0</difficult>
		<occluded>0</occluded>
		<bndbox>
			<xmin>135</xmin>
			<xmax>191</xmax>
			<ymin>171</ymin>
			<ymax>212</ymax>
		</bndbox>
		<polygon>
			<x1>136</x1>
			<y1>170</y1>
			<x2>140</x2>
			<y2>172</y2>
			<x3>140</x3>
			<y3>176</y3>
			<x4>142</x4>
			<y4>179</y4>
			<x5>142</x5>
			<y5>181</y5>
			<x6>143</x6>
			<y6>183</y6>
			<x7>146</x7>
			<y7>186</y7>
			<x8>148</x8>
			<y8>186</y8>
			<x9>150</x9>
			<y9>187</y9>
			<x10>151</x10>
			<y10>192</y10>
			<x11>157</x11>
			<y11>197</y11>
			<x12>159</x12>
			<y12>198</y12>
			<x13>163</x13>
			<y13>198</y13>
			<x14>165</x14>
			<y14>200</y14>
			<x15>169</x15>
			<y15>202</y15>
			<x16>171</x16>
			<y16>202</y16>
			<x17>175</x17>
			<y17>205</y17>
			<x18>177</x18>
			<y18>205</y18>
			<x19>179</x19>
			<y19>204</y19>
			<x20>182</x20>
			<y20>200</y20>
			<x21>184</x21>
			<y21>201</y21>
			<x22>186</x22>
			<y22>201</y22>
			<x23>190</x23>
			<y23>204</y23>
			<x24>189</x24>
			<y24>206</y24>
			<x25>188</x25>
			<y25>206</y25>
			<x26>186</x26>
			<y26>208</y26>
			<x27>182</x27>
			<y27>210</y27>
			<x28>171</x28>
			<y28>210</y28>
			<x29>170</x29>
			<y29>209</y29>
			<x30>167</x30>
			<y30>209</y30>
			<x31>166</x31>
			<y31>208</y31>
			<x32>164</x32>
			<y32>208</y32>
			<x33>156</x33>
			<y33>204</y33>
			<x34>149</x34>
			<y34>198</y34>
			<x35>145</x35>
			<y35>196</y35>
			<x36>145</x36>
			<y36>195</y36>
			<x37>139</x37>
			<y37>189</y37>
			<x38>139</x38>
			<y38>188</y38>
			<x39>137</x39>
			<y39>186</y39>
			<x40>135</x40>
			<y40>182</y40>
			<x41>135</x41>
			<y41>172</y41>
			<x42>136</x42>
			<y42>171</y42>
		</polygon>
	</object>
	<metadata>
	</metadata>
</annotation>
