<annotation>
	<folder></folder>
	<filename>IMG_8148_jpeg.rf.945a47610bdf6d28ac7ae534b6998c5c.jpg</filename>
	<path>IMG_8148_jpeg.rf.945a47610bdf6d28ac7ae534b6998c5c.jpg</path>
	<source>
		<database>roboflow.com</database>
	</source>
	<size>
		<width>320</width>
		<height>320</height>
		<depth>3</depth>
	</size>
	<segmented>0</segmented>
	<object>
		<name>Watermelon rind</name>
		<pose>Unspecified</pose>
		<truncated>0</truncated>
		<difficult>0</difficult>
		<occluded>0</occluded>
		<bndbox>
			<xmin>95</xmin>
			<xmax>181</xmax>
			<ymin>114</ymin>
			<ymax>219</ymax>
		</bndbox>
		<polygon>
			<x1>167</x1>
			<y1>114</y1>
			<x2>168</x2>
			<y2>115</y2>
			<x3>173</x3>
			<y3>115</y3>
			<x4>179</x4>
			<y4>118</y4>
			<x5>177</x5>
			<y5>123</y5>
			<x6>172</x6>
			<y6>128</y6>
			<x7>170</x7>
			<y7>129</y7>
			<x8>168</x8>
			<y8>129</y8>
			<x9>167</x9>
			<y9>130</y9>
			<x10>161</x10>
			<y10>126</y10>
			<x11>157</x11>
			<y11>126</y11>
			<x12>156</x12>
			<y12>125</y12>
			<x13>154</x13>
			<y13>126</y13>
			<x14>150</x14>
			<y14>126</y14>
			<x15>146</x15>
			<y15>129</y15>
			<x16>144</x16>
			<y16>133</y16>
			<x17>144</x17>
			<y17>135</y17>
			<x18>139</x18>
			<y18>137</y18>
			<x19>135</x19>
			<y19>141</y19>
			<x20>135</x20>
			<y20>142</y20>
			<x21>133</x21>
			<y21>144</y21>
			<x22>133</x22>
			<y22>146</y22>
			<x23>134</x23>
			<y23>148</y23>
			<x24>133</x24>
			<y24>149</y24>
			<x25>129</x25>
			<y25>149</y25>
			<x26>125</x26>
			<y26>151</y26>
			<x27>122</x27>
			<y27>154</y27>
			<x28>122</x28>
			<y28>155</y28>
			<x29>120</x29>
			<y29>157</y29>
			<x30>118</x30>
			<y30>161</y30>
			<x31>117</x31>
			<y31>166</y31>
			<x32>119</x32>
			<y32>170</y32>
			<x33>123</x33>
			<y33>174</y33>
			<x34>123</x34>
			<y34>176</y34>
			<x35>121</x35>
			<y35>178</y35>
			<x36>120</x36>
			<y36>178</y36>
			<x37>114</x37>
			<y37>184</y37>
			<x38>113</x38>
			<y38>187</y38>
			<x39>114</x39>
			<y39>188</y39>
			<x40>114</x40>
			<y40>190</y40>
			<x41>117</x41>
			<y41>193</y41>
			<x42>119</x42>
			<y42>197</y42>
			<x43>119</x43>
			<y43>204</y43>
			<x44>125</x44>
			<y44>210</y44>
			<x45>125</x45>
			<y45>213</y45>
			<x46>122</x46>
			<y46>217</y46>
			<x47>119</x47>
			<y47>217</y47>
			<x48>118</x48>
			<y48>216</y48>
			<x49>116</x49>
			<y49>216</y49>
			<x50>110</x50>
			<y50>213</y50>
			<x51>107</x51>
			<y51>210</y51>
			<x52>106</x52>
			<y52>210</y52>
			<x53>101</x53>
			<y53>205</y53>
			<x54>96</x54>
			<y54>195</y54>
			<x55>96</x55>
			<y55>193</y55>
			<x56>95</x56>
			<y56>192</y56>
			<x57>95</x57>
			<y57>184</y57>
			<x58>94</x58>
			<y58>183</y58>
			<x59>95</x59>
			<y59>182</y59>
			<x60>95</x60>
			<y60>174</y60>
			<x61>96</x61>
			<y61>173</y61>
			<x62>96</x62>
			<y62>170</y62>
			<x63>97</x63>
			<y63>169</y63>
			<x64>98</x64>
			<y64>164</y64>
			<x65>100</x65>
			<y65>161</y65>
			<x66>100</x66>
			<y66>159</y66>
			<x67>103</x67>
			<y67>153</y67>
			<x68>105</x68>
			<y68>151</y68>
			<x69>107</x69>
			<y69>146</y69>
			<x70>111</x70>
			<y70>141</y70>
			<x71>111</x71>
			<y71>140</y71>
			<x72>114</x72>
			<y72>137</y72>
			<x73>114</x73>
			<y73>136</y73>
			<x74>125</x74>
			<y74>125</y74>
			<x75>131</x75>
			<y75>122</y75>
			<x76>133</x76>
			<y76>120</y76>
			<x77>139</x77>
			<y77>117</y77>
			<x78>141</x78>
			<y78>117</y78>
			<x79>144</x79>
			<y79>115</y79>
			<x80>148</x80>
			<y80>115</y80>
			<x81>149</x81>
			<y81>114</y81>
			<x82>166</x82>
			<y82>114</y82>
		</polygon>
	</object>
	<object>
		<name>Watermelon rind</name>
		<pose>Unspecified</pose>
		<truncated>0</truncated>
		<difficult>0</difficult>
		<occluded>0</occluded>
		<bndbox>
			<xmin>141</xmin>
			<xmax>208</xmax>
			<ymin>150</ymin>
			<ymax>234</ymax>
		</bndbox>
		<polygon>
			<x1>161</x1>
			<y1>181</y1>
			<x2>163</x2>
			<y2>183</y2>
			<x3>163</x3>
			<y3>184</y3>
			<x4>159</x4>
			<y4>188</y4>
			<x5>158</x5>
			<y5>190</y5>
			<x6>158</x6>
			<y6>194</y6>
			<x7>160</x7>
			<y7>198</y7>
			<x8>166</x8>
			<y8>204</y8>
			<x9>171</x9>
			<y9>205</y9>
			<x10>171</x10>
			<y10>207</y10>
			<x11>170</x11>
			<y11>208</y11>
			<x12>171</x12>
			<y12>210</y12>
			<x13>176</x13>
			<y13>215</y13>
			<x14>177</x14>
			<y14>215</y14>
			<x15>179</x15>
			<y15>217</y15>
			<x16>179</x16>
			<y16>219</y16>
			<x17>183</x17>
			<y17>223</y17>
			<x18>185</x18>
			<y18>224</y18>
			<x19>190</x19>
			<y19>224</y19>
			<x20>196</x20>
			<y20>221</y20>
			<x21>200</x21>
			<y21>221</y21>
			<x22>204</x22>
			<y22>224</y22>
			<x23>204</x23>
			<y23>225</y23>
			<x24>206</x24>
			<y24>227</y24>
			<x25>206</x25>
			<y25>230</y25>
			<x26>205</x26>
			<y26>231</y26>
			<x27>202</x27>
			<y27>231</y27>
			<x28>201</x28>
			<y28>232</y28>
			<x29>197</x29>
			<y29>232</y29>
			<x30>196</x30>
			<y30>233</y30>
			<x31>185</x31>
			<y31>233</y31>
			<x32>184</x32>
			<y32>232</y32>
			<x33>180</x33>
			<y33>232</y33>
			<x34>174</x34>
			<y34>229</y34>
			<x35>172</x35>
			<y35>229</y35>
			<x36>168</x36>
			<y36>226</y36>
			<x37>167</x37>
			<y37>226</y37>
			<x38>164</x38>
			<y38>223</y38>
			<x39>163</x39>
			<y39>223</y39>
			<x40>155</x40>
			<y40>215</y40>
			<x41>155</x41>
			<y41>214</y41>
			<x42>152</x42>
			<y42>211</y42>
			<x43>152</x43>
			<y43>210</y43>
			<x44>150</x44>
			<y44>208</y44>
			<x45>144</x45>
			<y45>196</y45>
			<x46>143</x46>
			<y46>191</y46>
			<x47>141</x47>
			<y47>188</y47>
			<x48>141</x48>
			<y48>183</y48>
			<x49>140</x49>
			<y49>182</y49>
			<x50>140</x50>
			<y50>174</y50>
			<x51>141</x51>
			<y51>173</y51>
			<x52>141</x52>
			<y52>169</y52>
			<x53>142</x53>
			<y53>168</y53>
			<x54>142</x54>
			<y54>166</y54>
			<x55>144</x55>
			<y55>162</y55>
			<x56>152</x56>
			<y56>154</y56>
			<x57>153</x57>
			<y57>154</y57>
			<x58>157</x58>
			<y58>151</y58>
			<x59>159</x59>
			<y59>151</y59>
			<x60>160</x60>
			<y60>150</y60>
			<x61>163</x61>
			<y61>150</y61>
			<x62>165</x62>
			<y62>153</y62>
			<x63>165</x63>
			<y63>155</y63>
			<x64>160</x64>
			<y64>160</y64>
			<x65>160</x65>
			<y65>165</y65>
			<x66>159</x66>
			<y66>166</y66>
			<x67>159</x67>
			<y67>168</y67>
			<x68>156</x68>
			<y68>171</y68>
			<x69>155</x69>
			<y69>173</y69>
			<x70>155</x70>
			<y70>175</y70>
			<x71>156</x71>
			<y71>177</y71>
			<x72>160</x72>
			<y72>181</y72>
		</polygon>
	</object>
	<metadata>
	</metadata>
</annotation>
