<annotation>
	<folder></folder>
	<filename>IMG_1923_HEIC.rf.d4ee6046f3169f1db12cbe9b0c5d2253.jpg</filename>
	<path>IMG_1923_HEIC.rf.d4ee6046f3169f1db12cbe9b0c5d2253.jpg</path>
	<source>
		<database>roboflow.com</database>
	</source>
	<size>
		<width>320</width>
		<height>320</height>
		<depth>3</depth>
	</size>
	<segmented>0</segmented>
	<object>
		<name>Apple core</name>
		<pose>Unspecified</pose>
		<truncated>0</truncated>
		<difficult>0</difficult>
		<occluded>0</occluded>
		<bndbox>
			<xmin>142</xmin>
			<xmax>165</xmax>
			<ymin>139</ymin>
			<ymax>166</ymax>
		</bndbox>
	</object>
	<metadata>
	</metadata>
</annotation>
