<annotation>
	<folder></folder>
	<filename>IMG_8317_jpeg.rf.3afb4d62bf3dc55b51f61e41c05c62c7.jpg</filename>
	<path>IMG_8317_jpeg.rf.3afb4d62bf3dc55b51f61e41c05c62c7.jpg</path>
	<source>
		<database>roboflow.com</database>
	</source>
	<size>
		<width>320</width>
		<height>320</height>
		<depth>3</depth>
	</size>
	<segmented>0</segmented>
	<object>
		<name>Watermelon rind</name>
		<pose>Unspecified</pose>
		<truncated>0</truncated>
		<difficult>0</difficult>
		<occluded>0</occluded>
		<bndbox>
			<xmin>108</xmin>
			<xmax>172</xmax>
			<ymin>120</ymin>
			<ymax>160</ymax>
		</bndbox>
		<polygon>
			<x1>111</x1>
			<y1>120</y1>
			<x2>114</x2>
			<y2>120</y2>
			<x3>116</x3>
			<y3>121</y3>
			<x4>119</x4>
			<y4>124</y4>
			<x5>119</x5>
			<y5>125</y5>
			<x6>115</x6>
			<y6>129</y6>
			<x7>115</x7>
			<y7>132</y7>
			<x8>117</x8>
			<y8>134</y8>
			<x9>118</x9>
			<y9>134</y9>
			<x10>124</x10>
			<y10>140</y10>
			<x11>126</x11>
			<y11>140</y11>
			<x12>128</x12>
			<y12>141</y12>
			<x13>128</x13>
			<y13>143</y13>
			<x14>131</x14>
			<y14>146</y14>
			<x15>135</x15>
			<y15>148</y15>
			<x16>137</x16>
			<y16>148</y16>
			<x17>138</x17>
			<y17>149</y17>
			<x18>139</x18>
			<y18>148</y18>
			<x19>142</x19>
			<y19>148</y19>
			<x20>144</x20>
			<y20>147</y20>
			<x21>148</x21>
			<y21>151</y21>
			<x22>150</x22>
			<y22>152</y22>
			<x23>153</x23>
			<y23>152</y23>
			<x24>154</x24>
			<y24>151</y24>
			<x25>164</x25>
			<y25>151</y25>
			<x26>165</x26>
			<y26>150</y26>
			<x27>168</x27>
			<y27>150</y27>
			<x28>170</x28>
			<y28>151</y28>
			<x29>170</x29>
			<y29>152</y29>
			<x30>166</x30>
			<y30>155</y30>
			<x31>162</x31>
			<y31>157</y31>
			<x32>160</x32>
			<y32>157</y32>
			<x33>159</x33>
			<y33>158</y33>
			<x34>143</x34>
			<y34>158</y34>
			<x35>142</x35>
			<y35>157</y35>
			<x36>139</x36>
			<y36>157</y36>
			<x37>138</x37>
			<y37>156</y37>
			<x38>135</x38>
			<y38>156</y38>
			<x39>134</x39>
			<y39>155</y39>
			<x40>132</x40>
			<y40>155</y40>
			<x41>124</x41>
			<y41>151</y41>
			<x42>122</x42>
			<y42>149</y42>
			<x43>116</x43>
			<y43>146</y43>
			<x44>110</x44>
			<y44>140</y44>
			<x45>110</x45>
			<y45>139</y45>
			<x46>107</x46>
			<y46>135</y46>
			<x47>107</x47>
			<y47>127</y47>
			<x48>109</x48>
			<y48>123</y48>
			<x49>111</x49>
			<y49>121</y49>
		</polygon>
	</object>
	<object>
		<name>Watermelon rind</name>
		<pose>Unspecified</pose>
		<truncated>0</truncated>
		<difficult>0</difficult>
		<occluded>0</occluded>
		<bndbox>
			<xmin>133</xmin>
			<xmax>190</xmax>
			<ymin>121</ymin>
			<ymax>142</ymax>
		</bndbox>
		<polygon>
			<x1>188</x1>
			<y1>121</y1>
			<x2>188</x2>
			<y2>127</y2>
			<x3>187</x3>
			<y3>129</y3>
			<x4>181</x4>
			<y4>135</y4>
			<x5>177</x5>
			<y5>137</y5>
			<x6>172</x6>
			<y6>138</y6>
			<x7>171</x7>
			<y7>139</y7>
			<x8>166</x8>
			<y8>139</y8>
			<x9>165</x9>
			<y9>140</y9>
			<x10>160</x10>
			<y10>140</y10>
			<x11>159</x11>
			<y11>141</y11>
			<x12>152</x12>
			<y12>141</y12>
			<x13>151</x13>
			<y13>140</y13>
			<x14>145</x14>
			<y14>140</y14>
			<x15>144</x15>
			<y15>139</y15>
			<x16>141</x16>
			<y16>139</y16>
			<x17>137</x17>
			<y17>137</y17>
			<x18>133</x18>
			<y18>133</y18>
			<x19>132</x19>
			<y19>131</y19>
			<x20>133</x20>
			<y20>129</y20>
			<x21>136</x21>
			<y21>129</y21>
			<x22>138</x22>
			<y22>131</y22>
			<x23>140</x23>
			<y23>132</y23>
			<x24>142</x24>
			<y24>132</y24>
			<x25>145</x25>
			<y25>134</y25>
			<x26>151</x26>
			<y26>134</y26>
			<x27>152</x27>
			<y27>133</y27>
			<x28>155</x28>
			<y28>133</y28>
			<x29>157</x29>
			<y29>135</y29>
			<x30>164</x30>
			<y30>135</y30>
			<x31>168</x31>
			<y31>132</y31>
			<x32>172</x32>
			<y32>132</y32>
			<x33>175</x33>
			<y33>130</y33>
			<x34>178</x34>
			<y34>130</y34>
			<x35>180</x35>
			<y35>129</y35>
			<x36>182</x36>
			<y36>127</y36>
			<x37>182</x37>
			<y37>125</y37>
			<x38>181</x38>
			<y38>123</y38>
			<x39>184</x39>
			<y39>121</y39>
			<x40>187</x40>
			<y40>121</y40>
		</polygon>
	</object>
	<metadata>
	</metadata>
</annotation>
