<annotation>
	<folder></folder>
	<filename>IMG_8424_jpeg.rf.c7640808f5fa989e1b265aafcea27bd6.jpg</filename>
	<path>IMG_8424_jpeg.rf.c7640808f5fa989e1b265aafcea27bd6.jpg</path>
	<source>
		<database>roboflow.com</database>
	</source>
	<size>
		<width>320</width>
		<height>320</height>
		<depth>3</depth>
	</size>
	<segmented>0</segmented>
	<object>
		<name>fish</name>
		<pose>Unspecified</pose>
		<truncated>0</truncated>
		<difficult>0</difficult>
		<occluded>0</occluded>
		<bndbox>
			<xmin>93</xmin>
			<xmax>139</xmax>
			<ymin>158</ymin>
			<ymax>219</ymax>
		</bndbox>
		<polygon>
			<x1>106</x1>
			<y1>157</y1>
			<x2>112</x2>
			<y2>160</y2>
			<x3>115</x3>
			<y3>163</y3>
			<x4>116</x4>
			<y4>163</y4>
			<x5>118</x5>
			<y5>165</y5>
			<x6>122</x6>
			<y6>167</y6>
			<x7>124</x7>
			<y7>171</y7>
			<x8>126</x8>
			<y8>172</y8>
			<x9>128</x9>
			<y9>172</y9>
			<x10>132</x10>
			<y10>174</y10>
			<x11>131</x11>
			<y11>175</y11>
			<x12>123</x12>
			<y12>175</y12>
			<x13>122</x13>
			<y13>176</y13>
			<x14>124</x14>
			<y14>178</y14>
			<x15>125</x15>
			<y15>177</y15>
			<x16>128</x16>
			<y16>179</y16>
			<x17>131</x17>
			<y17>179</y17>
			<x18>137</x18>
			<y18>182</y18>
			<x19>137</x19>
			<y19>183</y19>
			<x20>124</x20>
			<y20>183</y20>
			<x21>122</x21>
			<y21>185</y21>
			<x22>123</x22>
			<y22>186</y22>
			<x23>125</x23>
			<y23>186</y23>
			<x24>126</x24>
			<y24>187</y24>
			<x25>128</x25>
			<y25>187</y25>
			<x26>130</x26>
			<y26>188</y26>
			<x27>131</x27>
			<y27>190</y27>
			<x28>120</x28>
			<y28>190</y28>
			<x29>118</x29>
			<y29>192</y29>
			<x30>119</x30>
			<y30>194</y30>
			<x31>120</x31>
			<y31>194</y31>
			<x32>123</x32>
			<y32>197</y32>
			<x33>124</x33>
			<y33>197</y33>
			<x34>123</x34>
			<y34>198</y34>
			<x35>119</x35>
			<y35>198</y35>
			<x36>118</x36>
			<y36>197</y36>
			<x37>117</x37>
			<y37>198</y37>
			<x38>117</x38>
			<y38>203</y38>
			<x39>114</x39>
			<y39>203</y39>
			<x40>113</x40>
			<y40>204</y40>
			<x41>113</x41>
			<y41>215</y41>
			<x42>111</x42>
			<y42>217</y42>
			<x43>104</x43>
			<y43>217</y43>
			<x44>103</x44>
			<y44>216</y44>
			<x45>101</x45>
			<y45>216</y45>
			<x46>99</x46>
			<y46>214</y46>
			<x47>95</x47>
			<y47>212</y47>
			<x48>93</x48>
			<y48>209</y48>
			<x49>93</x49>
			<y49>207</y49>
			<x50>95</x50>
			<y50>204</y50>
			<x51>98</x51>
			<y51>204</y51>
			<x52>102</x52>
			<y52>202</y52>
			<x53>102</x53>
			<y53>201</y53>
			<x54>100</x54>
			<y54>199</y54>
			<x55>100</x55>
			<y55>197</y55>
			<x56>101</x56>
			<y56>197</y56>
			<x57>103</x57>
			<y57>195</y57>
			<x58>99</x58>
			<y58>191</y58>
			<x59>96</x59>
			<y59>190</y59>
			<x60>96</x60>
			<y60>188</y60>
			<x61>99</x61>
			<y61>185</y61>
			<x62>99</x62>
			<y62>184</y62>
			<x63>97</x63>
			<y63>183</y63>
			<x64>94</x64>
			<y64>180</y64>
			<x65>94</x65>
			<y65>178</y65>
			<x66>93</x66>
			<y66>177</y66>
			<x67>93</x67>
			<y67>172</y67>
			<x68>92</x68>
			<y68>171</y68>
			<x69>92</x69>
			<y69>169</y69>
			<x70>93</x70>
			<y70>168</y70>
			<x71>93</x71>
			<y71>163</y71>
			<x72>96</x72>
			<y72>158</y72>
			<x73>101</x73>
			<y73>159</y73>
			<x74>105</x74>
			<y74>157</y74>
		</polygon>
	</object>
	<metadata>
	</metadata>
</annotation>
