<annotation>
	<folder></folder>
	<filename>IMG_1979_HEIC.rf.4362fe4e68bde178c43e1cae055db859.jpg</filename>
	<path>IMG_1979_HEIC.rf.4362fe4e68bde178c43e1cae055db859.jpg</path>
	<source>
		<database>roboflow.com</database>
	</source>
	<size>
		<width>320</width>
		<height>320</height>
		<depth>3</depth>
	</size>
	<segmented>0</segmented>
	<object>
		<name>Apple core</name>
		<pose>Unspecified</pose>
		<truncated>0</truncated>
		<difficult>0</difficult>
		<occluded>0</occluded>
		<bndbox>
			<xmin>169</xmin>
			<xmax>194</xmax>
			<ymin>152</ymin>
			<ymax>184</ymax>
		</bndbox>
	</object>
	<object>
		<name>Apple core</name>
		<pose>Unspecified</pose>
		<truncated>0</truncated>
		<difficult>0</difficult>
		<occluded>0</occluded>
		<bndbox>
			<xmin>169</xmin>
			<xmax>193</xmax>
			<ymin>157</ymin>
			<ymax>183</ymax>
		</bndbox>
		<polygon>
			<x1>172.297064</x1>
			<y1>175.544041</y1>
			<x2>169.395509</x2>
			<y2>177.305699</y2>
			<x3>168.151986</x3>
			<y3>177.202073</y3>
			<x4>168.013817</x4>
			<y4>178.238342</y4>
			<x5>171.468048</x5>
			<y5>180.621762</y5>
			<x6>173.955095</x6>
			<y6>181.139896</y6>
			<x7>180.587219</x7>
			<y7>181.658031</y7>
			<x8>185.699482</x8>
			<y8>181.243523</y8>
			<x9>188.186528</x9>
			<y9>180.621762</y9>
			<x10>188.601036</x10>
			<y10>179.689119</y10>
			<x11>188.324698</x11>
			<y11>178.238342</y11>
			<x12>185.837651</x12>
			<y12>177.098446</y12>
			<x13>184.594128</x13>
			<y13>174.818653</y13>
			<x14>184.455959</x14>
			<y14>168.80829</y14>
			<x15>185.146805</x15>
			<y15>163.108808</y15>
			<x16>186.804836</x16>
			<y16>160.829016</y16>
			<x17>190.811744</x17>
			<y17>160</y17>
			<x18>191.64076</x18>
			<y18>159.067358</y18>
			<x19>189.84456</x19>
			<y19>157.823834</y19>
			<x20>182.38342</x20>
			<y20>156.787565</y20>
			<x21>181.830743</x21>
			<y21>155.647668</y21>
			<x22>179.896373</x22>
			<y22>156.373057</y22>
			<x23>172.849741</x23>
			<y23>156.476684</y23>
			<x24>171.329879</x24>
			<y24>156.891192</y24>
			<x25>170.500864</x25>
			<y25>157.927461</y25>
			<x26>172.573402</x26>
			<y26>159.274611</y26>
			<x27>174.231434</x27>
			<y27>162.901554</y27>
			<x28>173.402418</x28>
			<y28>171.813472</y28>
			<x29>172.297064</x29>
			<y29>175.544041</y29>
		</polygon>
	</object>
	<metadata>
	</metadata>
</annotation>
