<annotation>
	<folder></folder>
	<filename>IMG_8151_jpeg.rf.2fd93c81e74978d87a91e47f766c9261.jpg</filename>
	<path>IMG_8151_jpeg.rf.2fd93c81e74978d87a91e47f766c9261.jpg</path>
	<source>
		<database>roboflow.com</database>
	</source>
	<size>
		<width>320</width>
		<height>320</height>
		<depth>3</depth>
	</size>
	<segmented>0</segmented>
	<object>
		<name>Watermelon rind</name>
		<pose>Unspecified</pose>
		<truncated>0</truncated>
		<difficult>0</difficult>
		<occluded>0</occluded>
		<bndbox>
			<xmin>64</xmin>
			<xmax>123</xmax>
			<ymin>187</ymin>
			<ymax>262</ymax>
		</bndbox>
		<polygon>
			<x1>85</x1>
			<y1>187</y1>
			<x2>86</x2>
			<y2>188</y2>
			<x3>89</x3>
			<y3>188</y3>
			<x4>92</x4>
			<y4>190</y4>
			<x5>94</x5>
			<y5>190</y5>
			<x6>96</x6>
			<y6>192</y6>
			<x7>100</x7>
			<y7>194</y7>
			<x8>108</x8>
			<y8>202</y8>
			<x9>108</x9>
			<y9>203</y9>
			<x10>111</x10>
			<y10>206</y10>
			<x11>113</x11>
			<y11>211</y11>
			<x12>115</x12>
			<y12>213</y12>
			<x13>117</x13>
			<y13>217</y13>
			<x14>117</x14>
			<y14>219</y14>
			<x15>118</x15>
			<y15>220</y15>
			<x16>118</x16>
			<y16>222</y16>
			<x17>120</x17>
			<y17>226</y17>
			<x18>120</x18>
			<y18>229</y18>
			<x19>121</x19>
			<y19>230</y19>
			<x20>121</x20>
			<y20>240</y20>
			<x21>120</x21>
			<y21>241</y21>
			<x22>120</x22>
			<y22>244</y22>
			<x23>117</x23>
			<y23>250</y23>
			<x24>113</x24>
			<y24>255</y24>
			<x25>112</x25>
			<y25>255</y25>
			<x26>109</x26>
			<y26>258</y26>
			<x27>103</x27>
			<y27>261</y27>
			<x28>101</x28>
			<y28>261</y28>
			<x29>99</x29>
			<y29>256</y29>
			<x30>103</x30>
			<y30>252</y30>
			<x31>104</x31>
			<y31>250</y31>
			<x32>104</x32>
			<y32>245</y32>
			<x33>108</x33>
			<y33>240</y33>
			<x34>108</x34>
			<y34>238</y34>
			<x35>107</x35>
			<y35>236</y35>
			<x36>103</x36>
			<y36>232</y36>
			<x37>102</x37>
			<y37>232</y37>
			<x38>101</x38>
			<y38>230</y38>
			<x39>104</x39>
			<y39>227</y39>
			<x40>106</x40>
			<y40>223</y40>
			<x41>105</x41>
			<y41>221</y41>
			<x42>105</x42>
			<y42>219</y42>
			<x43>100</x43>
			<y43>213</y43>
			<x44>94</x44>
			<y44>211</y44>
			<x45>95</x45>
			<y45>210</y45>
			<x46>95</x46>
			<y46>208</y46>
			<x47>94</x47>
			<y47>206</y47>
			<x48>91</x48>
			<y48>203</y48>
			<x49>88</x49>
			<y49>202</y49>
			<x50>85</x50>
			<y50>196</y50>
			<x51>83</x51>
			<y51>195</y51>
			<x52>76</x52>
			<y52>195</y52>
			<x53>71</x53>
			<y53>198</y53>
			<x54>67</x54>
			<y54>195</y54>
			<x55>66</x55>
			<y55>195</y55>
			<x56>64</x56>
			<y56>191</y56>
			<x57>64</x57>
			<y57>189</y57>
			<x58>66</x58>
			<y58>188</y58>
			<x59>70</x59>
			<y59>188</y59>
			<x60>71</x60>
			<y60>187</y60>
			<x61>84</x61>
			<y61>187</y61>
		</polygon>
	</object>
	<object>
		<name>Watermelon rind</name>
		<pose>Unspecified</pose>
		<truncated>0</truncated>
		<difficult>0</difficult>
		<occluded>0</occluded>
		<bndbox>
			<xmin>87</xmin>
			<xmax>162</xmax>
			<ymin>201</ymin>
			<ymax>296</ymax>
		</bndbox>
		<polygon>
			<x1>139</x1>
			<y1>200</y1>
			<x2>149</x2>
			<y2>205</y2>
			<x3>155</x3>
			<y3>211</y3>
			<x4>155</x4>
			<y4>212</y4>
			<x5>158</x5>
			<y5>216</y5>
			<x6>158</x6>
			<y6>218</y6>
			<x7>160</x7>
			<y7>222</y7>
			<x8>160</x8>
			<y8>226</y8>
			<x9>161</x9>
			<y9>227</y9>
			<x10>161</x10>
			<y10>234</y10>
			<x11>160</x11>
			<y11>235</y11>
			<x12>160</x12>
			<y12>239</y12>
			<x13>159</x13>
			<y13>240</y13>
			<x14>159</x14>
			<y14>243</y14>
			<x15>158</x15>
			<y15>244</y15>
			<x16>158</x16>
			<y16>246</y16>
			<x17>157</x17>
			<y17>247</y17>
			<x18>156</x18>
			<y18>252</y18>
			<x19>151</x19>
			<y19>262</y19>
			<x20>149</x20>
			<y20>264</y20>
			<x21>148</x21>
			<y21>267</y21>
			<x22>142</x22>
			<y22>274</y22>
			<x23>142</x23>
			<y23>275</y23>
			<x24>134</x24>
			<y24>283</y24>
			<x25>133</x25>
			<y25>283</y25>
			<x26>125</x26>
			<y26>289</y26>
			<x27>123</x27>
			<y27>290</y27>
			<x28>121</x28>
			<y28>290</y28>
			<x29>120</x29>
			<y29>291</y29>
			<x30>118</x30>
			<y30>291</y30>
			<x31>115</x31>
			<y31>293</y31>
			<x32>110</x32>
			<y32>293</y32>
			<x33>109</x33>
			<y33>294</y33>
			<x34>100</x34>
			<y34>294</y34>
			<x35>99</x35>
			<y35>293</y35>
			<x36>93</x36>
			<y36>293</y36>
			<x37>92</x37>
			<y37>292</y37>
			<x38>89</x38>
			<y38>292</y38>
			<x39>86</x39>
			<y39>290</y39>
			<x40>89</x40>
			<y40>284</y40>
			<x41>91</x41>
			<y41>283</y41>
			<x42>94</x42>
			<y42>280</y42>
			<x43>99</x43>
			<y43>280</y43>
			<x44>103</x44>
			<y44>283</y44>
			<x45>111</x45>
			<y45>283</y45>
			<x46>113</x46>
			<y46>282</y46>
			<x47>116</x47>
			<y47>279</y47>
			<x48>118</x48>
			<y48>274</y48>
			<x49>122</x49>
			<y49>272</y49>
			<x50>126</x50>
			<y50>268</y50>
			<x51>127</x51>
			<y51>266</y51>
			<x52>127</x52>
			<y52>262</y52>
			<x53>128</x53>
			<y53>261</y53>
			<x54>131</x54>
			<y54>261</y54>
			<x55>133</x55>
			<y55>260</y55>
			<x56>138</x56>
			<y56>255</y56>
			<x57>141</x57>
			<y57>249</y57>
			<x58>141</x58>
			<y58>245</y58>
			<x59>138</x59>
			<y59>241</y59>
			<x60>138</x60>
			<y60>240</y60>
			<x61>136</x61>
			<y61>238</y61>
			<x62>136</x62>
			<y62>237</y62>
			<x63>143</x63>
			<y63>231</y63>
			<x64>145</x64>
			<y64>227</y64>
			<x65>144</x65>
			<y65>226</y65>
			<x66>144</x66>
			<y66>224</y66>
			<x67>141</x67>
			<y67>221</y67>
			<x68>140</x68>
			<y68>219</y68>
			<x69>140</x69>
			<y69>212</y69>
			<x70>139</x70>
			<y70>210</y70>
			<x71>135</x71>
			<y71>207</y71>
			<x72>135</x72>
			<y72>203</y72>
			<x73>136</x73>
			<y73>201</y73>
			<x74>138</x74>
			<y74>200</y74>
		</polygon>
	</object>
	<metadata>
	</metadata>
</annotation>
