<annotation>
	<folder></folder>
	<filename>IMG_8254_jpeg.rf.5d97a3a1f4f12e0e804a771883659bba.jpg</filename>
	<path>IMG_8254_jpeg.rf.5d97a3a1f4f12e0e804a771883659bba.jpg</path>
	<source>
		<database>roboflow.com</database>
	</source>
	<size>
		<width>320</width>
		<height>320</height>
		<depth>3</depth>
	</size>
	<segmented>0</segmented>
	<object>
		<name>Watermelon rind</name>
		<pose>Unspecified</pose>
		<truncated>0</truncated>
		<difficult>0</difficult>
		<occluded>0</occluded>
		<bndbox>
			<xmin>161</xmin>
			<xmax>228</xmax>
			<ymin>138</ymin>
			<ymax>174</ymax>
		</bndbox>
		<polygon>
			<x1>162</x1>
			<y1>138</y1>
			<x2>164</x2>
			<y2>138</y2>
			<x3>167</x3>
			<y3>140</y3>
			<x4>167</x4>
			<y4>143</y4>
			<x5>170</x5>
			<y5>146</y5>
			<x6>170</x6>
			<y6>148</y6>
			<x7>173</x7>
			<y7>152</y7>
			<x8>180</x8>
			<y8>153</y8>
			<x9>181</x9>
			<y9>154</y9>
			<x10>181</x10>
			<y10>156</y10>
			<x11>182</x11>
			<y11>158</y11>
			<x12>189</x12>
			<y12>162</y12>
			<x13>193</x13>
			<y13>162</y13>
			<x14>195</x14>
			<y14>161</y14>
			<x15>199</x15>
			<y15>164</y15>
			<x16>205</x16>
			<y16>164</y16>
			<x17>208</x17>
			<y17>166</y17>
			<x18>213</x18>
			<y18>166</y18>
			<x19>216</x19>
			<y19>163</y19>
			<x20>217</x20>
			<y20>161</y20>
			<x21>222</x21>
			<y21>161</y21>
			<x22>226</x22>
			<y22>163</y22>
			<x23>226</x23>
			<y23>164</y23>
			<x24>221</x24>
			<y24>169</y24>
			<x25>217</x25>
			<y25>171</y25>
			<x26>214</x26>
			<y26>171</y26>
			<x27>213</x27>
			<y27>172</y27>
			<x28>200</x28>
			<y28>172</y28>
			<x29>199</x29>
			<y29>171</y29>
			<x30>196</x30>
			<y30>171</y30>
			<x31>192</x31>
			<y31>169</y31>
			<x32>189</x32>
			<y32>169</y32>
			<x33>188</x33>
			<y33>168</y33>
			<x34>186</x34>
			<y34>168</y34>
			<x35>179</x35>
			<y35>164</y35>
			<x36>177</x36>
			<y36>164</y36>
			<x37>165</x37>
			<y37>155</y37>
			<x38>165</x38>
			<y38>154</y38>
			<x39>162</x39>
			<y39>151</y39>
			<x40>160</x40>
			<y40>147</y40>
			<x41>160</x41>
			<y41>142</y41>
			<x42>162</x42>
			<y42>139</y42>
		</polygon>
	</object>
	<object>
		<name>Watermelon rind</name>
		<pose>Unspecified</pose>
		<truncated>0</truncated>
		<difficult>0</difficult>
		<occluded>0</occluded>
		<bndbox>
			<xmin>134</xmin>
			<xmax>180</xmax>
			<ymin>120</ymin>
			<ymax>183</ymax>
		</bndbox>
		<polygon>
			<x1>155</x1>
			<y1>159</y1>
			<x2>157</x2>
			<y2>160</y2>
			<x3>157</x3>
			<y3>167</y3>
			<x4>160</x4>
			<y4>170</y4>
			<x5>165</x5>
			<y5>171</y5>
			<x6>171</x6>
			<y6>176</y6>
			<x7>175</x7>
			<y7>176</y7>
			<x8>177</x8>
			<y8>177</y8>
			<x9>177</x9>
			<y9>179</y9>
			<x10>178</x10>
			<y10>180</y10>
			<x11>178</x11>
			<y11>181</y11>
			<x12>176</x12>
			<y12>181</y12>
			<x13>175</x13>
			<y13>182</y13>
			<x14>168</x14>
			<y14>182</y14>
			<x15>167</x15>
			<y15>181</y15>
			<x16>163</x16>
			<y16>181</y16>
			<x17>160</x17>
			<y17>179</y17>
			<x18>158</x18>
			<y18>179</y18>
			<x19>154</x19>
			<y19>177</y19>
			<x20>152</x20>
			<y20>175</y20>
			<x21>151</x21>
			<y21>175</y21>
			<x22>143</x22>
			<y22>167</y22>
			<x23>143</x23>
			<y23>166</y23>
			<x24>141</x24>
			<y24>164</y24>
			<x25>141</x25>
			<y25>163</y25>
			<x26>138</x26>
			<y26>159</y26>
			<x27>138</x27>
			<y27>157</y27>
			<x28>136</x28>
			<y28>154</y28>
			<x29>136</x29>
			<y29>152</y29>
			<x30>134</x30>
			<y30>148</y30>
			<x31>134</x31>
			<y31>134</y31>
			<x32>135</x32>
			<y32>133</y32>
			<x33>135</x33>
			<y33>131</y33>
			<x34>136</x34>
			<y34>129</y34>
			<x35>142</x35>
			<y35>123</y35>
			<x36>146</x36>
			<y36>121</y36>
			<x37>151</x37>
			<y37>120</y37>
			<x38>152</x38>
			<y38>119</y38>
			<x39>155</x39>
			<y39>119</y39>
			<x40>156</x40>
			<y40>121</y40>
			<x41>156</x41>
			<y41>126</y41>
			<x42>155</x42>
			<y42>127</y42>
			<x43>150</x43>
			<y43>127</y43>
			<x44>148</x44>
			<y44>128</y44>
			<x45>145</x45>
			<y45>131</y45>
			<x46>145</x46>
			<y46>133</y46>
			<x47>146</x47>
			<y47>134</y47>
			<x48>146</x48>
			<y48>142</y48>
			<x49>149</x49>
			<y49>145</y49>
			<x50>146</x50>
			<y50>148</y50>
			<x51>146</x51>
			<y51>152</y51>
			<x52>147</x52>
			<y52>154</y52>
			<x53>152</x53>
			<y53>159</y53>
			<x54>154</x54>
			<y54>159</y54>
		</polygon>
	</object>
	<metadata>
	</metadata>
</annotation>
