<annotation>
	<folder></folder>
	<filename>IMG_1970_HEIC.rf.91c775deea807e076c54b3f94ac9018e.jpg</filename>
	<path>IMG_1970_HEIC.rf.91c775deea807e076c54b3f94ac9018e.jpg</path>
	<source>
		<database>roboflow.com</database>
	</source>
	<size>
		<width>320</width>
		<height>320</height>
		<depth>3</depth>
	</size>
	<segmented>0</segmented>
	<object>
		<name>Egg shell</name>
		<pose>Unspecified</pose>
		<truncated>0</truncated>
		<difficult>0</difficult>
		<occluded>0</occluded>
		<bndbox>
			<xmin>199</xmin>
			<xmax>246</xmax>
			<ymin>138</ymin>
			<ymax>161</ymax>
		</bndbox>
	</object>
	<metadata>
	</metadata>
</annotation>
