<annotation>
	<folder></folder>
	<filename>IMG_8419_jpeg.rf.5170ea8a80d51e8c88d6278f8551cc27.jpg</filename>
	<path>IMG_8419_jpeg.rf.5170ea8a80d51e8c88d6278f8551cc27.jpg</path>
	<source>
		<database>roboflow.com</database>
	</source>
	<size>
		<width>320</width>
		<height>320</height>
		<depth>3</depth>
	</size>
	<segmented>0</segmented>
	<object>
		<name>fish</name>
		<pose>Unspecified</pose>
		<truncated>0</truncated>
		<difficult>0</difficult>
		<occluded>0</occluded>
		<bndbox>
			<xmin>123</xmin>
			<xmax>161</xmax>
			<ymin>119</ymin>
			<ymax>166</ymax>
		</bndbox>
		<polygon>
			<x1>141</x1>
			<y1>120</y1>
			<x2>145</x2>
			<y2>124</y2>
			<x3>146</x3>
			<y3>124</y3>
			<x4>151</x4>
			<y4>130</y4>
			<x5>153</x5>
			<y5>131</y5>
			<x6>155</x6>
			<y6>131</y6>
			<x7>156</x7>
			<y7>132</y7>
			<x8>151</x8>
			<y8>132</y8>
			<x9>150</x9>
			<y9>133</y9>
			<x10>152</x10>
			<y10>135</y10>
			<x11>154</x11>
			<y11>135</y11>
			<x12>159</x12>
			<y12>138</y12>
			<x13>147</x13>
			<y13>138</y13>
			<x14>146</x14>
			<y14>139</y14>
			<x15>155</x15>
			<y15>144</y15>
			<x16>153</x16>
			<y16>143</y16>
			<x17>145</x17>
			<y17>143</y17>
			<x18>143</x18>
			<y18>144</y18>
			<x19>142</x19>
			<y19>145</y19>
			<x20>144</x20>
			<y20>147</y20>
			<x21>145</x21>
			<y21>147</y21>
			<x22>147</x22>
			<y22>149</y22>
			<x23>147</x23>
			<y23>150</y23>
			<x24>145</x24>
			<y24>149</y24>
			<x25>142</x25>
			<y25>149</y25>
			<x26>141</x26>
			<y26>150</y26>
			<x27>141</x27>
			<y27>153</y27>
			<x28>137</x28>
			<y28>153</y28>
			<x29>136</x29>
			<y29>154</y29>
			<x30>136</x30>
			<y30>161</y30>
			<x31>135</x31>
			<y31>162</y31>
			<x32>135</x32>
			<y32>164</y32>
			<x33>133</x33>
			<y33>164</y33>
			<x34>132</x34>
			<y34>163</y34>
			<x35>130</x35>
			<y35>164</y35>
			<x36>128</x36>
			<y36>164</y36>
			<x37>126</x37>
			<y37>163</y37>
			<x38>124</x38>
			<y38>161</y38>
			<x39>122</x39>
			<y39>157</y39>
			<x40>125</x40>
			<y40>154</y40>
			<x41>128</x41>
			<y41>154</y41>
			<x42>131</x42>
			<y42>152</y42>
			<x43>131</x43>
			<y43>151</y43>
			<x44>129</x44>
			<y44>149</y44>
			<x45>132</x45>
			<y45>146</y45>
			<x46>130</x46>
			<y46>142</y46>
			<x47>127</x47>
			<y47>142</y47>
			<x48>130</x48>
			<y48>138</y48>
			<x49>130</x49>
			<y49>136</y49>
			<x50>129</x50>
			<y50>135</y50>
			<x51>127</x51>
			<y51>136</y51>
			<x52>127</x52>
			<y52>125</y52>
			<x53>129</x53>
			<y53>121</y53>
			<x54>131</x54>
			<y54>119</y54>
			<x55>134</x55>
			<y55>119</y55>
			<x56>135</x56>
			<y56>120</y56>
			<x57>136</x57>
			<y57>119</y57>
			<x58>139</x58>
			<y58>119</y58>
			<x59>140</x59>
			<y59>120</y59>
		</polygon>
	</object>
	<metadata>
	</metadata>
</annotation>
