<annotation>
	<folder></folder>
	<filename>IMG_2001_HEIC.rf.12e3b29df67f4460821d16fc9ebd97cd.jpg</filename>
	<path>IMG_2001_HEIC.rf.12e3b29df67f4460821d16fc9ebd97cd.jpg</path>
	<source>
		<database>roboflow.com</database>
	</source>
	<size>
		<width>320</width>
		<height>320</height>
		<depth>3</depth>
	</size>
	<segmented>0</segmented>
	<object>
		<name>Egg shell</name>
		<pose>Unspecified</pose>
		<truncated>0</truncated>
		<difficult>0</difficult>
		<occluded>0</occluded>
		<bndbox>
			<xmin>134</xmin>
			<xmax>182</xmax>
			<ymin>102</ymin>
			<ymax>124</ymax>
		</bndbox>
	</object>
	<metadata>
	</metadata>
</annotation>
