<annotation>
	<folder></folder>
	<filename>IMG_1968_HEIC.rf.34ced4739a6a67c3b8b9630c4060319b.jpg</filename>
	<path>IMG_1968_HEIC.rf.34ced4739a6a67c3b8b9630c4060319b.jpg</path>
	<source>
		<database>roboflow.com</database>
	</source>
	<size>
		<width>320</width>
		<height>320</height>
		<depth>3</depth>
	</size>
	<segmented>0</segmented>
	<object>
		<name>Egg shell</name>
		<pose>Unspecified</pose>
		<truncated>0</truncated>
		<difficult>0</difficult>
		<occluded>0</occluded>
		<bndbox>
			<xmin>148</xmin>
			<xmax>194</xmax>
			<ymin>156</ymin>
			<ymax>179</ymax>
		</bndbox>
	</object>
	<metadata>
	</metadata>
</annotation>
