<annotation>
	<folder></folder>
	<filename>IMG_8288_jpeg.rf.2e7d94831afe19a15a370fe36f0d11f1.jpg</filename>
	<path>IMG_8288_jpeg.rf.2e7d94831afe19a15a370fe36f0d11f1.jpg</path>
	<source>
		<database>roboflow.com</database>
	</source>
	<size>
		<width>320</width>
		<height>320</height>
		<depth>3</depth>
	</size>
	<segmented>0</segmented>
	<object>
		<name>Watermelon rind</name>
		<pose>Unspecified</pose>
		<truncated>0</truncated>
		<difficult>0</difficult>
		<occluded>0</occluded>
		<bndbox>
			<xmin>33</xmin>
			<xmax>148</xmax>
			<ymin>188</ymin>
			<ymax>223</ymax>
		</bndbox>
		<polygon>
			<x1>41</x1>
			<y1>188</y1>
			<x2>42</x2>
			<y2>189</y2>
			<x3>45</x3>
			<y3>189</y3>
			<x4>47</x4>
			<y4>191</y4>
			<x5>47</x5>
			<y5>193</y5>
			<x6>46</x6>
			<y6>194</y6>
			<x7>46</x7>
			<y7>199</y7>
			<x8>48</x8>
			<y8>202</y8>
			<x9>50</x9>
			<y9>203</y9>
			<x10>52</x10>
			<y10>203</y10>
			<x11>53</x11>
			<y11>204</y11>
			<x12>60</x12>
			<y12>204</y12>
			<x13>66</x13>
			<y13>207</y13>
			<x14>71</x14>
			<y14>207</y14>
			<x15>72</x15>
			<y15>206</y15>
			<x16>75</x16>
			<y16>206</y16>
			<x17>78</x17>
			<y17>209</y17>
			<x18>80</x18>
			<y18>210</y18>
			<x19>82</x19>
			<y19>210</y19>
			<x20>83</x20>
			<y20>211</y20>
			<x21>95</x21>
			<y21>211</y21>
			<x22>103</x22>
			<y22>205</y22>
			<x23>106</x23>
			<y23>205</y23>
			<x24>107</x24>
			<y24>206</y24>
			<x25>109</x25>
			<y25>206</y25>
			<x26>113</x26>
			<y26>208</y26>
			<x27>117</x27>
			<y27>208</y27>
			<x28>121</x28>
			<y28>205</y28>
			<x29>122</x29>
			<y29>205</y29>
			<x30>125</x30>
			<y30>202</y30>
			<x31>128</x31>
			<y31>202</y31>
			<x32>131</x32>
			<y32>200</y32>
			<x33>133</x33>
			<y33>200</y33>
			<x34>138</x34>
			<y34>195</y34>
			<x35>146</x35>
			<y35>195</y35>
			<x36>146</x36>
			<y36>200</y36>
			<x37>144</x37>
			<y37>204</y37>
			<x38>137</x38>
			<y38>211</y38>
			<x39>136</x39>
			<y39>211</y39>
			<x40>134</x40>
			<y40>213</y40>
			<x41>130</x41>
			<y41>215</y41>
			<x42>128</x42>
			<y42>215</y42>
			<x43>125</x43>
			<y43>217</y43>
			<x44>123</x44>
			<y44>217</y44>
			<x45>119</x45>
			<y45>219</y45>
			<x46>116</x46>
			<y46>219</y46>
			<x47>115</x47>
			<y47>220</y47>
			<x48>110</x48>
			<y48>220</y48>
			<x49>109</x49>
			<y49>221</y49>
			<x50>96</x50>
			<y50>221</y50>
			<x51>95</x51>
			<y51>222</y51>
			<x52>90</x52>
			<y52>222</y52>
			<x53>89</x53>
			<y53>221</y53>
			<x54>76</x54>
			<y54>221</y54>
			<x55>75</x55>
			<y55>220</y55>
			<x56>69</x56>
			<y56>220</y56>
			<x57>68</x57>
			<y57>219</y57>
			<x58>63</x58>
			<y58>219</y58>
			<x59>62</x59>
			<y59>218</y59>
			<x60>59</x60>
			<y60>218</y60>
			<x61>58</x61>
			<y61>217</y61>
			<x62>53</x62>
			<y62>216</y62>
			<x63>50</x63>
			<y63>214</y63>
			<x64>48</x64>
			<y64>214</y64>
			<x65>44</x65>
			<y65>212</y65>
			<x66>37</x66>
			<y66>206</y66>
			<x67>37</x67>
			<y67>205</y67>
			<x68>35</x68>
			<y68>203</y68>
			<x69>33</x69>
			<y69>199</y69>
			<x70>33</x70>
			<y70>196</y70>
			<x71>32</x71>
			<y71>195</y71>
			<x72>32</x72>
			<y72>189</y72>
			<x73>33</x73>
			<y73>188</y73>
			<x74>40</x74>
			<y74>188</y74>
		</polygon>
	</object>
	<object>
		<name>Watermelon rind</name>
		<pose>Unspecified</pose>
		<truncated>0</truncated>
		<difficult>0</difficult>
		<occluded>0</occluded>
		<bndbox>
			<xmin>69</xmin>
			<xmax>146</xmax>
			<ymin>145</ymin>
			<ymax>197</ymax>
		</bndbox>
		<polygon>
			<x1>136</x1>
			<y1>144</y1>
			<x2>138</x2>
			<y2>145</y2>
			<x3>142</x3>
			<y3>149</y3>
			<x4>145</x4>
			<y4>155</y4>
			<x5>145</x5>
			<y5>162</y5>
			<x6>141</x6>
			<y6>170</y6>
			<x7>132</x7>
			<y7>179</y7>
			<x8>131</x8>
			<y8>179</y8>
			<x9>124</x9>
			<y9>185</y9>
			<x10>110</x10>
			<y10>192</y10>
			<x11>108</x11>
			<y11>192</y11>
			<x12>104</x12>
			<y12>194</y12>
			<x13>101</x13>
			<y13>194</y13>
			<x14>100</x14>
			<y14>195</y14>
			<x15>95</x15>
			<y15>195</y15>
			<x16>94</x16>
			<y16>196</y16>
			<x17>83</x17>
			<y17>196</y17>
			<x18>82</x18>
			<y18>195</y18>
			<x19>79</x19>
			<y19>195</y19>
			<x20>78</x20>
			<y20>194</y20>
			<x21>73</x21>
			<y21>193</y21>
			<x22>68</x22>
			<y22>189</y22>
			<x23>73</x23>
			<y23>186</y23>
			<x24>75</x24>
			<y24>187</y24>
			<x25>85</x25>
			<y25>187</y25>
			<x26>86</x26>
			<y26>186</y26>
			<x27>88</x27>
			<y27>187</y27>
			<x28>94</x28>
			<y28>187</y28>
			<x29>96</x29>
			<y29>186</y29>
			<x30>99</x30>
			<y30>183</y30>
			<x31>99</x31>
			<y31>182</y31>
			<x32>102</x32>
			<y32>180</y32>
			<x33>104</x33>
			<y33>181</y33>
			<x34>111</x34>
			<y34>181</y34>
			<x35>112</x35>
			<y35>180</y35>
			<x36>114</x36>
			<y36>180</y36>
			<x37>120</x37>
			<y37>174</y37>
			<x38>120</x38>
			<y38>171</y38>
			<x39>121</x39>
			<y39>170</y39>
			<x40>124</x40>
			<y40>170</y40>
			<x41>128</x41>
			<y41>166</y41>
			<x42>128</x42>
			<y42>165</y42>
			<x43>135</x43>
			<y43>159</y43>
			<x44>135</x44>
			<y44>157</y44>
			<x45>134</x45>
			<y45>155</y45>
			<x46>132</x46>
			<y46>153</y46>
			<x47>129</x47>
			<y47>152</y47>
			<x48>129</x48>
			<y48>150</y48>
			<x49>130</x49>
			<y49>148</y49>
			<x50>134</x50>
			<y50>145</y50>
			<x51>135</x51>
			<y51>145</y51>
		</polygon>
	</object>
	<metadata>
	</metadata>
</annotation>
