<annotation>
	<folder></folder>
	<filename>IMG_8430_jpeg.rf.913b5f77359e6abb6395e8d9de6856dc.jpg</filename>
	<path>IMG_8430_jpeg.rf.913b5f77359e6abb6395e8d9de6856dc.jpg</path>
	<source>
		<database>roboflow.com</database>
	</source>
	<size>
		<width>320</width>
		<height>320</height>
		<depth>3</depth>
	</size>
	<segmented>0</segmented>
	<object>
		<name>fish</name>
		<pose>Unspecified</pose>
		<truncated>0</truncated>
		<difficult>0</difficult>
		<occluded>0</occluded>
		<bndbox>
			<xmin>77</xmin>
			<xmax>171</xmax>
			<ymin>164</ymin>
			<ymax>225</ymax>
		</bndbox>
		<polygon>
			<x1>112</x1>
			<y1>170</y1>
			<x2>113</x2>
			<y2>170</y2>
			<x3>113</x3>
			<y3>171</y3>
			<x4>117</x4>
			<y4>175</y4>
			<x5>118</x5>
			<y5>177</y5>
			<x6>119</x6>
			<y6>177</y6>
			<x7>123</x7>
			<y7>181</y7>
			<x8>125</x8>
			<y8>182</y8>
			<x9>129</x9>
			<y9>179</y9>
			<x10>129</x10>
			<y10>176</y10>
			<x11>128</x11>
			<y11>175</y11>
			<x12>128</x12>
			<y12>172</y12>
			<x13>129</x13>
			<y13>170</y13>
			<x14>131</x14>
			<y14>171</y14>
			<x15>131</x15>
			<y15>172</y15>
			<x16>135</x16>
			<y16>177</y16>
			<x17>138</x17>
			<y17>174</y17>
			<x18>138</x18>
			<y18>172</y18>
			<x19>142</x19>
			<y19>170</y19>
			<x20>142</x20>
			<y20>173</y20>
			<x21>144</x21>
			<y21>176</y21>
			<x22>152</x22>
			<y22>168</y22>
			<x23>155</x23>
			<y23>167</y23>
			<x24>157</x24>
			<y24>165</y24>
			<x25>161</x25>
			<y25>163</y25>
			<x26>163</x26>
			<y26>164</y26>
			<x27>163</x27>
			<y27>166</y27>
			<x28>164</x28>
			<y28>167</y28>
			<x29>168</x29>
			<y29>167</y29>
			<x30>169</x30>
			<y30>168</y30>
			<x31>169</x31>
			<y31>172</y31>
			<x32>168</x32>
			<y32>173</y32>
			<x33>169</x33>
			<y33>175</y33>
			<x34>165</x34>
			<y34>181</y34>
			<x35>162</x35>
			<y35>180</y35>
			<x36>159</x36>
			<y36>183</y36>
			<x37>158</x37>
			<y37>183</y37>
			<x38>156</x38>
			<y38>181</y38>
			<x39>152</x39>
			<y39>179</y39>
			<x40>149</x40>
			<y40>179</y40>
			<x41>148</x41>
			<y41>180</y41>
			<x42>148</x42>
			<y42>185</y42>
			<x43>146</x43>
			<y43>185</y43>
			<x44>145</x44>
			<y44>186</y44>
			<x45>144</x45>
			<y45>185</y45>
			<x46>142</x46>
			<y46>185</y46>
			<x47>136</x47>
			<y47>192</y47>
			<x48>137</x48>
			<y48>194</y48>
			<x49>140</x49>
			<y49>194</y49>
			<x50>140</x50>
			<y50>195</y50>
			<x51>138</x51>
			<y51>196</y51>
			<x52>135</x52>
			<y52>196</y52>
			<x53>134</x53>
			<y53>197</y53>
			<x54>128</x54>
			<y54>197</y54>
			<x55>127</x55>
			<y55>198</y55>
			<x56>127</x56>
			<y56>202</y56>
			<x57>129</x57>
			<y57>203</y57>
			<x58>129</x58>
			<y58>204</y58>
			<x59>128</x59>
			<y59>206</y59>
			<x60>123</x60>
			<y60>211</y60>
			<x61>122</x61>
			<y61>211</y61>
			<x62>118</x62>
			<y62>215</y62>
			<x63>112</x63>
			<y63>218</y63>
			<x64>110</x64>
			<y64>220</y64>
			<x65>108</x65>
			<y65>220</y65>
			<x66>102</x66>
			<y66>223</y66>
			<x67>97</x67>
			<y67>223</y67>
			<x68>97</x68>
			<y68>220</y68>
			<x69>93</x69>
			<y69>217</y69>
			<x70>90</x70>
			<y70>219</y70>
			<x71>89</x71>
			<y71>218</y71>
			<x72>89</x72>
			<y72>205</y72>
			<x73>90</x73>
			<y73>204</y73>
			<x74>90</x74>
			<y74>200</y74>
			<x75>91</x75>
			<y75>199</y75>
			<x76>91</x76>
			<y76>196</y76>
			<x77>94</x77>
			<y77>193</y77>
			<x78>92</x78>
			<y78>190</y78>
			<x79>92</x79>
			<y79>185</y79>
			<x80>93</x80>
			<y80>185</y80>
			<x81>96</x81>
			<y81>188</y81>
			<x82>101</x82>
			<y82>190</y82>
			<x83>103</x83>
			<y83>192</y83>
			<x84>104</x84>
			<y84>191</y84>
			<x85>104</x85>
			<y85>187</y85>
			<x86>101</x86>
			<y86>184</y86>
			<x87>99</x87>
			<y87>180</y87>
			<x88>99</x88>
			<y88>178</y88>
			<x89>98</x89>
			<y89>177</y89>
			<x90>98</x90>
			<y90>175</y90>
			<x91>99</x91>
			<y91>173</y91>
			<x92>102</x92>
			<y92>176</y92>
			<x93>102</x93>
			<y93>177</y93>
			<x94>109</x94>
			<y94>184</y94>
			<x95>112</x95>
			<y95>185</y95>
			<x96>114</x96>
			<y96>187</y96>
			<x97>116</x97>
			<y97>187</y97>
			<x98>118</x98>
			<y98>185</y98>
			<x99>118</x99>
			<y99>184</y99>
			<x100>115</x100>
			<y100>181</y100>
			<x101>113</x101>
			<y101>177</y101>
			<x102>113</x102>
			<y102>175</y102>
			<x103>112</x103>
			<y103>174</y103>
			<x104>112</x104>
			<y104>171</y104>
		</polygon>
	</object>
	<metadata>
	</metadata>
</annotation>
