<annotation>
	<folder></folder>
	<filename>IMG_8143_jpeg.rf.c3b2fa4749df772df5117d21690cfdd7.jpg</filename>
	<path>IMG_8143_jpeg.rf.c3b2fa4749df772df5117d21690cfdd7.jpg</path>
	<source>
		<database>roboflow.com</database>
	</source>
	<size>
		<width>320</width>
		<height>320</height>
		<depth>3</depth>
	</size>
	<segmented>0</segmented>
	<object>
		<name>Watermelon rind</name>
		<pose>Unspecified</pose>
		<truncated>0</truncated>
		<difficult>0</difficult>
		<occluded>0</occluded>
		<bndbox>
			<xmin>181</xmin>
			<xmax>221</xmax>
			<ymin>163</ymin>
			<ymax>180</ymax>
		</bndbox>
		<polygon>
			<x1>180</x1>
			<y1>173</y1>
			<x2>183</x2>
			<y2>173</y2>
			<x3>184</x3>
			<y3>174</y3>
			<x4>188</x4>
			<y4>174</y4>
			<x5>189</x5>
			<y5>175</y5>
			<x6>193</x6>
			<y6>175</y6>
			<x7>194</x7>
			<y7>174</y7>
			<x8>199</x8>
			<y8>174</y8>
			<x9>200</x9>
			<y9>175</y9>
			<x10>202</x10>
			<y10>175</y10>
			<x11>206</x11>
			<y11>172</y11>
			<x12>208</x12>
			<y12>171</y12>
			<x13>210</x13>
			<y13>171</y13>
			<x14>214</x14>
			<y14>169</y14>
			<x15>215</x15>
			<y15>168</y15>
			<x16>215</x16>
			<y16>164</y16>
			<x17>216</x17>
			<y17>163</y17>
			<x18>219</x18>
			<y18>163</y18>
			<x19>220</x19>
			<y19>165</y19>
			<x20>220</x20>
			<y20>167</y20>
			<x21>217</x21>
			<y21>172</y21>
			<x22>216</x22>
			<y22>172</y22>
			<x23>214</x23>
			<y23>174</y23>
			<x24>210</x24>
			<y24>176</y24>
			<x25>208</x25>
			<y25>176</y25>
			<x26>207</x26>
			<y26>177</y26>
			<x27>204</x27>
			<y27>177</y27>
			<x28>203</x28>
			<y28>178</y28>
			<x29>198</x29>
			<y29>178</y29>
			<x30>197</x30>
			<y30>179</y30>
			<x31>191</x31>
			<y31>179</y31>
			<x32>190</x32>
			<y32>178</y32>
			<x33>186</x33>
			<y33>178</y33>
			<x34>182</x34>
			<y34>176</y34>
			<x35>180</x35>
			<y35>174</y35>
		</polygon>
	</object>
	<object>
		<name>Watermelon rind</name>
		<pose>Unspecified</pose>
		<truncated>0</truncated>
		<difficult>0</difficult>
		<occluded>0</occluded>
		<bndbox>
			<xmin>163</xmin>
			<xmax>213</xmax>
			<ymin>169</ymin>
			<ymax>192</ymax>
		</bndbox>
		<polygon>
			<x1>164</x1>
			<y1>169</y1>
			<x2>167</x2>
			<y2>169</y2>
			<x3>169</x3>
			<y3>170</y3>
			<x4>170</x4>
			<y4>172</y4>
			<x5>168</x5>
			<y5>174</y5>
			<x6>168</x6>
			<y6>175</y6>
			<x7>171</x7>
			<y7>178</y7>
			<x8>177</x8>
			<y8>181</y8>
			<x9>179</x9>
			<y9>181</y9>
			<x10>179</x10>
			<y10>182</y10>
			<x11>183</x11>
			<y11>185</y11>
			<x12>189</x12>
			<y12>185</y12>
			<x13>190</x13>
			<y13>184</y13>
			<x14>192</x14>
			<y14>184</y14>
			<x15>195</x15>
			<y15>186</y15>
			<x16>201</x16>
			<y16>186</y16>
			<x17>202</x17>
			<y17>185</y17>
			<x18>211</x18>
			<y18>184</y18>
			<x19>211</x19>
			<y19>186</y19>
			<x20>207</x20>
			<y20>189</y20>
			<x21>205</x21>
			<y21>189</y21>
			<x22>204</x22>
			<y22>190</y22>
			<x23>200</x23>
			<y23>190</y23>
			<x24>199</x24>
			<y24>191</y24>
			<x25>193</x25>
			<y25>191</y25>
			<x26>192</x26>
			<y26>190</y26>
			<x27>186</x27>
			<y27>190</y27>
			<x28>185</x28>
			<y28>189</y28>
			<x29>182</x29>
			<y29>189</y29>
			<x30>181</x30>
			<y30>188</y30>
			<x31>176</x31>
			<y31>187</y31>
			<x32>170</x32>
			<y32>184</y32>
			<x33>164</x33>
			<y33>179</y33>
			<x34>163</x34>
			<y34>177</y34>
			<x35>163</x35>
			<y35>171</y35>
			<x36>164</x36>
			<y36>170</y36>
		</polygon>
	</object>
	<metadata>
	</metadata>
</annotation>
