<annotation>
	<folder></folder>
	<filename>IMG_1926_HEIC.rf.d2a6b7bca54b3fd9a816b4c014a988c4.jpg</filename>
	<path>IMG_1926_HEIC.rf.d2a6b7bca54b3fd9a816b4c014a988c4.jpg</path>
	<source>
		<database>roboflow.com</database>
	</source>
	<size>
		<width>320</width>
		<height>320</height>
		<depth>3</depth>
	</size>
	<segmented>0</segmented>
	<object>
		<name>Apple core</name>
		<pose>Unspecified</pose>
		<truncated>0</truncated>
		<difficult>0</difficult>
		<occluded>0</occluded>
		<bndbox>
			<xmin>120</xmin>
			<xmax>136</xmax>
			<ymin>131</ymin>
			<ymax>152</ymax>
		</bndbox>
	</object>
	<object>
		<name>Apple core</name>
		<pose>Unspecified</pose>
		<truncated>0</truncated>
		<difficult>0</difficult>
		<occluded>0</occluded>
		<bndbox>
			<xmin>120</xmin>
			<xmax>136</xmax>
			<ymin>133</ymin>
			<ymax>152</ymax>
		</bndbox>
		<polygon>
			<x1>122.222222</x1>
			<y1>145.079365</y1>
			<x2>121.375661</x2>
			<y2>146.666667</y2>
			<x3>119.047619</x3>
			<y3>147.857143</y3>
			<x4>119.153439</x4>
			<y4>149.365079</y4>
			<x5>120.634921</x5>
			<y5>150.396825</y5>
			<x6>122.857143</x6>
			<y6>151.111111</y6>
			<x7>130.47619</x7>
			<y7>151.428571</y7>
			<x8>132.063492</x8>
			<y8>151.031746</y8>
			<x9>134.708995</x9>
			<y9>149.365079</y9>
			<x10>132.275132</x10>
			<y10>147.460317</y10>
			<x11>130.687831</x11>
			<y11>145.079365</y11>
			<x12>130.793651</x12>
			<y12>139.047619</y12>
			<x13>131.640212</x13>
			<y13>136.904762</y13>
			<x14>132.486772</x14>
			<y14>136.190476</y14>
			<x15>133.756614</x15>
			<y15>135.793651</y15>
			<x16>134.391534</x16>
			<y16>134.920635</y16>
			<x17>132.698413</x17>
			<y17>134.047619</y17>
			<x18>129.52381</x18>
			<y18>133.412698</y18>
			<x19>127.989418</x19>
			<y19>133.571429</y19>
			<x20>125.396825</x20>
			<y20>132.777778</y20>
			<x21>124.973545</x21>
			<y21>132.301587</y21>
			<x22>124.550265</x22>
			<y22>133.492063</y22>
			<x23>124.021164</x23>
			<y23>133.888889</y23>
			<x24>122.433862</x24>
			<y24>133.730159</y24>
			<x25>119.365079</x25>
			<y25>134.047619</y25>
			<x26>119.047619</x26>
			<y26>134.52381</y26>
			<x27>118.835979</x27>
			<y27>134.920635</y27>
			<x28>121.693122</x28>
			<y28>136.746032</y28>
			<x29>122.433862</x29>
			<y29>139.126984</y29>
			<x30>122.222222</x30>
			<y30>145.079365</y30>
		</polygon>
	</object>
	<metadata>
	</metadata>
</annotation>
