<annotation>
	<folder></folder>
	<filename>IMG_1892_HEIC.rf.ceb5601c6cd4c99a47008bfd324918e7.jpg</filename>
	<path>IMG_1892_HEIC.rf.ceb5601c6cd4c99a47008bfd324918e7.jpg</path>
	<source>
		<database>roboflow.com</database>
	</source>
	<size>
		<width>320</width>
		<height>320</height>
		<depth>3</depth>
	</size>
	<segmented>0</segmented>
	<object>
		<name>Egg shell</name>
		<pose>Unspecified</pose>
		<truncated>0</truncated>
		<difficult>0</difficult>
		<occluded>0</occluded>
		<bndbox>
			<xmin>185</xmin>
			<xmax>230</xmax>
			<ymin>151</ymin>
			<ymax>170</ymax>
		</bndbox>
	</object>
	<metadata>
	</metadata>
</annotation>
