<annotation>
	<folder></folder>
	<filename>IMG_8375_jpeg.rf.39d52d8fd11a3cd01a90786c337b0f89.jpg</filename>
	<path>IMG_8375_jpeg.rf.39d52d8fd11a3cd01a90786c337b0f89.jpg</path>
	<source>
		<database>roboflow.com</database>
	</source>
	<size>
		<width>320</width>
		<height>320</height>
		<depth>3</depth>
	</size>
	<segmented>0</segmented>
	<object>
		<name>fish</name>
		<pose>Unspecified</pose>
		<truncated>0</truncated>
		<difficult>0</difficult>
		<occluded>0</occluded>
		<bndbox>
			<xmin>135</xmin>
			<xmax>188</xmax>
			<ymin>166</ymin>
			<ymax>230</ymax>
		</bndbox>
		<polygon>
			<x1>181</x1>
			<y1>166</y1>
			<x2>182</x2>
			<y2>167</y2>
			<x3>184</x3>
			<y3>167</y3>
			<x4>184</x4>
			<y4>170</y4>
			<x5>186</x5>
			<y5>172</y5>
			<x6>186</x6>
			<y6>175</y6>
			<x7>187</x7>
			<y7>176</y7>
			<x8>185</x8>
			<y8>177</y8>
			<x9>183</x9>
			<y9>179</y9>
			<x10>183</x10>
			<y10>180</y10>
			<x11>181</x11>
			<y11>179</y11>
			<x12>174</x12>
			<y12>179</y12>
			<x13>173</x13>
			<y13>180</y13>
			<x14>173</x14>
			<y14>182</y14>
			<x15>175</x15>
			<y15>184</y15>
			<x16>176</x16>
			<y16>184</y16>
			<x17>176</x17>
			<y17>185</y17>
			<x18>172</x18>
			<y18>188</y18>
			<x19>172</x19>
			<y19>191</y19>
			<x20>170</x20>
			<y20>193</y20>
			<x21>168</x21>
			<y21>193</y21>
			<x22>167</x22>
			<y22>195</y22>
			<x23>165</x23>
			<y23>195</y23>
			<x24>164</x24>
			<y24>196</y24>
			<x25>165</x25>
			<y25>197</y25>
			<x26>168</x26>
			<y26>197</y26>
			<x27>172</x27>
			<y27>195</y27>
			<x28>173</x28>
			<y28>196</y28>
			<x29>174</x29>
			<y29>195</y29>
			<x30>176</x30>
			<y30>195</y30>
			<x31>173</x31>
			<y31>198</y31>
			<x32>169</x32>
			<y32>200</y32>
			<x33>167</x33>
			<y33>200</y33>
			<x34>166</x34>
			<y34>201</y34>
			<x35>167</x35>
			<y35>202</y35>
			<x36>169</x36>
			<y36>202</y36>
			<x37>169</x37>
			<y37>205</y37>
			<x38>170</x38>
			<y38>206</y38>
			<x39>172</x39>
			<y39>206</y39>
			<x40>173</x40>
			<y40>205</y40>
			<x41>173</x41>
			<y41>207</y41>
			<x42>172</x42>
			<y42>208</y42>
			<x43>172</x43>
			<y43>212</y43>
			<x44>171</x44>
			<y44>213</y44>
			<x45>170</x45>
			<y45>218</y45>
			<x46>167</x46>
			<y46>222</y46>
			<x47>167</x47>
			<y47>223</y47>
			<x48>165</x48>
			<y48>225</y48>
			<x49>165</x49>
			<y49>226</y49>
			<x50>161</x50>
			<y50>229</y50>
			<x51>157</x51>
			<y51>226</y51>
			<x52>154</x52>
			<y52>226</y52>
			<x53>153</x53>
			<y53>228</y53>
			<x54>152</x54>
			<y54>228</y54>
			<x55>148</x55>
			<y55>224</y55>
			<x56>147</x56>
			<y56>221</y56>
			<x57>145</x57>
			<y57>219</y57>
			<x58>141</x58>
			<y58>211</y58>
			<x59>141</x59>
			<y59>210</y59>
			<x60>143</x60>
			<y60>210</y60>
			<x61>144</x61>
			<y61>209</y61>
			<x62>138</x62>
			<y62>204</y62>
			<x63>137</x63>
			<y63>204</y63>
			<x64>136</x64>
			<y64>203</y64>
			<x65>136</x65>
			<y65>201</y65>
			<x66>140</x66>
			<y66>203</y66>
			<x67>146</x67>
			<y67>203</y67>
			<x68>147</x68>
			<y68>204</y68>
			<x69>150</x69>
			<y69>204</y69>
			<x70>151</x70>
			<y70>202</y70>
			<x71>148</x71>
			<y71>200</y71>
			<x72>143</x72>
			<y72>199</y72>
			<x73>141</x73>
			<y73>197</y73>
			<x74>137</x74>
			<y74>195</y74>
			<x75>135</x75>
			<y75>191</y75>
			<x76>141</x76>
			<y76>194</y76>
			<x77>143</x77>
			<y77>194</y77>
			<x78>144</x78>
			<y78>195</y78>
			<x79>147</x79>
			<y79>195</y79>
			<x80>148</x80>
			<y80>196</y80>
			<x81>153</x81>
			<y81>196</y81>
			<x82>155</x82>
			<y82>194</y82>
			<x83>149</x83>
			<y83>191</y83>
			<x84>143</x84>
			<y84>185</y84>
			<x85>145</x85>
			<y85>185</y85>
			<x86>152</x86>
			<y86>189</y86>
			<x87>156</x87>
			<y87>189</y87>
			<x88>158</x88>
			<y88>190</y88>
			<x89>160</x89>
			<y89>186</y89>
			<x90>156</x90>
			<y90>182</y90>
			<x91>155</x91>
			<y91>179</y91>
			<x92>156</x92>
			<y92>179</y92>
			<x93>160</x93>
			<y93>182</y93>
			<x94>162</x94>
			<y94>182</y94>
			<x95>163</x95>
			<y95>181</y95>
			<x96>163</x96>
			<y96>177</y96>
			<x97>164</x97>
			<y97>176</y97>
			<x98>165</x98>
			<y98>176</y98>
			<x99>167</x99>
			<y99>179</y99>
			<x100>170</x100>
			<y100>176</y100>
			<x101>170</x101>
			<y101>174</y101>
			<x102>173</x102>
			<y102>169</y102>
			<x103>173</x103>
			<y103>167</y103>
			<x104>175</x104>
			<y104>165</y104>
			<x105>176</x105>
			<y105>165</y105>
			<x106>178</x106>
			<y106>168</y106>
			<x107>180</x107>
			<y107>167</y107>
		</polygon>
	</object>
	<metadata>
	</metadata>
</annotation>
