<annotation>
	<folder></folder>
	<filename>IMG_8515_jpeg.rf.e668916cf7cebfdabdce49bb7232aa68.jpg</filename>
	<path>IMG_8515_jpeg.rf.e668916cf7cebfdabdce49bb7232aa68.jpg</path>
	<source>
		<database>roboflow.com</database>
	</source>
	<size>
		<width>320</width>
		<height>320</height>
		<depth>3</depth>
	</size>
	<segmented>0</segmented>
	<object>
		<name>fish</name>
		<pose>Unspecified</pose>
		<truncated>0</truncated>
		<difficult>0</difficult>
		<occluded>0</occluded>
		<bndbox>
			<xmin>89</xmin>
			<xmax>205</xmax>
			<ymin>125</ymin>
			<ymax>179</ymax>
		</bndbox>
		<polygon>
			<x1>146</x1>
			<y1>126</y1>
			<x2>146</x2>
			<y2>133</y2>
			<x3>149</x3>
			<y3>139</y3>
			<x4>152</x4>
			<y4>143</y4>
			<x5>154</x5>
			<y5>143</y5>
			<x6>156</x6>
			<y6>142</y6>
			<x7>158</x7>
			<y7>140</y7>
			<x8>160</x8>
			<y8>135</y8>
			<x9>163</x9>
			<y9>132</y9>
			<x10>164</x10>
			<y10>132</y10>
			<x11>164</x11>
			<y11>140</y11>
			<x12>165</x12>
			<y12>141</y12>
			<x13>167</x13>
			<y13>141</y13>
			<x14>172</x14>
			<y14>137</y14>
			<x15>175</x15>
			<y15>137</y15>
			<x16>175</x16>
			<y16>142</y16>
			<x17>176</x17>
			<y17>143</y17>
			<x18>178</x18>
			<y18>143</y18>
			<x19>180</x19>
			<y19>141</y19>
			<x20>182</x20>
			<y20>141</y20>
			<x21>186</x21>
			<y21>139</y21>
			<x22>191</x22>
			<y22>139</y22>
			<x23>192</x23>
			<y23>138</y23>
			<x24>196</x24>
			<y24>138</y24>
			<x25>197</x25>
			<y25>137</y25>
			<x26>200</x26>
			<y26>137</y26>
			<x27>200</x27>
			<y27>142</y27>
			<x28>204</x28>
			<y28>144</y28>
			<x29>204</x29>
			<y29>146</y29>
			<x30>202</x30>
			<y30>150</y30>
			<x31>198</x31>
			<y31>154</y31>
			<x32>198</x32>
			<y32>155</y32>
			<x33>196</x33>
			<y33>157</y33>
			<x34>193</x34>
			<y34>158</y34>
			<x35>191</x35>
			<y35>160</y35>
			<x36>189</x36>
			<y36>160</y36>
			<x37>188</x37>
			<y37>159</y37>
			<x38>182</x38>
			<y38>159</y38>
			<x39>179</x39>
			<y39>155</y39>
			<x40>179</x40>
			<y40>154</y40>
			<x41>176</x41>
			<y41>151</y41>
			<x42>171</x42>
			<y42>156</y42>
			<x43>166</x43>
			<y43>156</y43>
			<x44>164</x44>
			<y44>154</y44>
			<x45>160</x45>
			<y45>156</y45>
			<x46>158</x46>
			<y46>158</y46>
			<x47>159</x47>
			<y47>161</y47>
			<x48>155</x48>
			<y48>164</y48>
			<x49>151</x49>
			<y49>164</y49>
			<x50>150</x50>
			<y50>163</y50>
			<x51>143</x51>
			<y51>162</y51>
			<x52>140</x52>
			<y52>164</y52>
			<x53>140</x53>
			<y53>165</y53>
			<x54>143</x54>
			<y54>167</y54>
			<x55>137</x55>
			<y55>170</y55>
			<x56>135</x56>
			<y56>170</y56>
			<x57>134</x57>
			<y57>171</y57>
			<x58>132</x58>
			<y58>171</y58>
			<x59>128</x59>
			<y59>173</y59>
			<x60>126</x60>
			<y60>173</y60>
			<x61>125</x61>
			<y61>174</y61>
			<x62>122</x62>
			<y62>174</y62>
			<x63>118</x63>
			<y63>176</y63>
			<x64>112</x64>
			<y64>176</y64>
			<x65>111</x65>
			<y65>177</y65>
			<x66>99</x66>
			<y66>177</y66>
			<x67>98</x67>
			<y67>176</y67>
			<x68>94</x68>
			<y68>176</y68>
			<x69>93</x69>
			<y69>174</y69>
			<x70>95</x70>
			<y70>170</y70>
			<x71>94</x71>
			<y71>169</y71>
			<x72>89</x72>
			<y72>168</y72>
			<x73>88</x73>
			<y73>166</y73>
			<x74>91</x74>
			<y74>160</y74>
			<x75>95</x75>
			<y75>156</y75>
			<x76>95</x76>
			<y76>155</y76>
			<x77>105</x77>
			<y77>145</y77>
			<x78>107</x78>
			<y78>144</y78>
			<x79>109</x79>
			<y79>144</y79>
			<x80>111</x80>
			<y80>142</y80>
			<x81>112</x81>
			<y81>140</y81>
			<x82>112</x82>
			<y82>138</y82>
			<x83>113</x83>
			<y83>137</y83>
			<x84>113</x84>
			<y84>135</y84>
			<x85>115</x85>
			<y85>132</y85>
			<x86>116</x86>
			<y86>132</y86>
			<x87>118</x87>
			<y87>136</y87>
			<x88>118</x88>
			<y88>138</y88>
			<x89>121</x89>
			<y89>142</y89>
			<x90>121</x90>
			<y90>143</y90>
			<x91>123</x91>
			<y91>145</y91>
			<x92>123</x92>
			<y92>146</y92>
			<x93>125</x93>
			<y93>148</y93>
			<x94>127</x94>
			<y94>148</y94>
			<x95>128</x95>
			<y95>146</y95>
			<x96>125</x96>
			<y96>140</y96>
			<x97>125</x97>
			<y97>135</y97>
			<x98>126</x98>
			<y98>134</y98>
			<x99>126</x99>
			<y99>130</y99>
			<x100>127</x100>
			<y100>129</y100>
			<x101>127</x101>
			<y101>127</y101>
			<x102>130</x102>
			<y102>124</y102>
			<x103>131</x103>
			<y103>124</y103>
			<x104>131</x104>
			<y104>132</y104>
			<x105>132</x105>
			<y105>133</y105>
			<x106>132</x106>
			<y106>135</y106>
			<x107>134</x107>
			<y107>139</y107>
			<x108>138</x108>
			<y108>144</y108>
			<x109>141</x109>
			<y109>144</y109>
			<x110>142</x110>
			<y110>143</y110>
			<x111>142</x111>
			<y111>134</y111>
			<x112>143</x112>
			<y112>133</y112>
			<x113>143</x113>
			<y113>131</y113>
			<x114>145</x114>
			<y114>127</y114>
		</polygon>
	</object>
	<metadata>
	</metadata>
</annotation>
