<annotation>
	<folder></folder>
	<filename>IMG_1916_HEIC.rf.143351f8a64f0c21ff75071a343008b2.jpg</filename>
	<path>IMG_1916_HEIC.rf.143351f8a64f0c21ff75071a343008b2.jpg</path>
	<source>
		<database>roboflow.com</database>
	</source>
	<size>
		<width>320</width>
		<height>320</height>
		<depth>3</depth>
	</size>
	<segmented>0</segmented>
	<object>
		<name>Apple core</name>
		<pose>Unspecified</pose>
		<truncated>0</truncated>
		<difficult>0</difficult>
		<occluded>0</occluded>
		<bndbox>
			<xmin>115</xmin>
			<xmax>133</xmax>
			<ymin>216</ymin>
			<ymax>241</ymax>
		</bndbox>
	</object>
	<metadata>
	</metadata>
</annotation>
