<annotation>
	<folder></folder>
	<filename>IMG_8436_jpeg.rf.59d244e44e801f6c2c379c57263973e6.jpg</filename>
	<path>IMG_8436_jpeg.rf.59d244e44e801f6c2c379c57263973e6.jpg</path>
	<source>
		<database>roboflow.com</database>
	</source>
	<size>
		<width>320</width>
		<height>320</height>
		<depth>3</depth>
	</size>
	<segmented>0</segmented>
	<object>
		<name>fish</name>
		<pose>Unspecified</pose>
		<truncated>0</truncated>
		<difficult>0</difficult>
		<occluded>0</occluded>
		<bndbox>
			<xmin>62</xmin>
			<xmax>150</xmax>
			<ymin>114</ymin>
			<ymax>155</ymax>
		</bndbox>
		<polygon>
			<x1>146</x1>
			<y1>115</y1>
			<x2>145</x2>
			<y2>117</y2>
			<x3>145</x3>
			<y3>119</y3>
			<x4>147</x4>
			<y4>121</y4>
			<x5>148</x5>
			<y5>121</y5>
			<x6>148</x6>
			<y6>123</y6>
			<x7>142</x7>
			<y7>130</y7>
			<x8>142</x8>
			<y8>131</y8>
			<x9>129</x9>
			<y9>142</y9>
			<x10>129</x10>
			<y10>144</y10>
			<x11>127</x11>
			<y11>147</y11>
			<x12>123</x12>
			<y12>139</y12>
			<x13>121</x13>
			<y13>137</y13>
			<x14>119</x14>
			<y14>138</y14>
			<x15>120</x15>
			<y15>140</y15>
			<x16>119</x16>
			<y16>141</y16>
			<x17>119</x17>
			<y17>147</y17>
			<x18>116</x18>
			<y18>153</y18>
			<x19>115</x19>
			<y19>153</y19>
			<x20>115</x20>
			<y20>145</y20>
			<x21>114</x21>
			<y21>144</y21>
			<x22>114</x22>
			<y22>142</y22>
			<x23>111</x23>
			<y23>139</y23>
			<x24>110</x24>
			<y24>139</y24>
			<x25>108</x25>
			<y25>141</y25>
			<x26>107</x26>
			<y26>143</y26>
			<x27>107</x27>
			<y27>145</y27>
			<x28>106</x28>
			<y28>146</y28>
			<x29>106</x29>
			<y29>148</y29>
			<x30>104</x30>
			<y30>151</y30>
			<x31>104</x31>
			<y31>145</y31>
			<x32>103</x32>
			<y32>144</y32>
			<x33>103</x33>
			<y33>142</y33>
			<x34>100</x34>
			<y34>139</y34>
			<x35>97</x35>
			<y35>139</y35>
			<x36>95</x36>
			<y36>141</y36>
			<x37>93</x37>
			<y37>146</y37>
			<x38>91</x38>
			<y38>146</y38>
			<x39>91</x39>
			<y39>144</y39>
			<x40>89</x40>
			<y40>142</y40>
			<x41>86</x41>
			<y41>142</y41>
			<x42>84</x42>
			<y42>143</y42>
			<x43>81</x43>
			<y43>139</y43>
			<x44>79</x44>
			<y44>140</y44>
			<x45>77</x45>
			<y45>140</y45>
			<x46>76</x46>
			<y46>141</y46>
			<x47>71</x47>
			<y47>141</y47>
			<x48>70</x48>
			<y48>142</y48>
			<x49>64</x49>
			<y49>142</y49>
			<x50>61</x50>
			<y50>136</y50>
			<x51>61</x51>
			<y51>132</y51>
			<x52>62</x52>
			<y52>130</y52>
			<x53>64</x53>
			<y53>129</y53>
			<x54>67</x54>
			<y54>125</y54>
			<x55>69</x55>
			<y55>124</y55>
			<x56>73</x56>
			<y56>124</y56>
			<x57>74</x57>
			<y57>125</y57>
			<x58>77</x58>
			<y58>124</y58>
			<x59>79</x59>
			<y59>128</y59>
			<x60>82</x60>
			<y60>131</y60>
			<x61>84</x61>
			<y61>130</y61>
			<x62>88</x62>
			<y62>126</y62>
			<x63>92</x63>
			<y63>129</y63>
			<x64>94</x64>
			<y64>129</y64>
			<x65>99</x65>
			<y65>122</y65>
			<x66>104</x66>
			<y66>122</y66>
			<x67>107</x67>
			<y67>124</y67>
			<x68>109</x68>
			<y68>123</y68>
			<x69>112</x69>
			<y69>119</y69>
			<x70>114</x70>
			<y70>118</y70>
			<x71>116</x71>
			<y71>118</y71>
			<x72>117</x72>
			<y72>117</y72>
			<x73>120</x73>
			<y73>117</y73>
			<x74>124</x74>
			<y74>115</y74>
			<x75>128</x75>
			<y75>115</y75>
			<x76>129</x76>
			<y76>114</y76>
			<x77>142</x77>
			<y77>114</y77>
			<x78>143</x78>
			<y78>115</y78>
			<x79>145</x79>
			<y79>115</y79>
		</polygon>
	</object>
	<metadata>
	</metadata>
</annotation>
