<annotation>
	<folder></folder>
	<filename>IMG_8278_jpeg.rf.782286ef67e6f742932dd9236903d66e.jpg</filename>
	<path>IMG_8278_jpeg.rf.782286ef67e6f742932dd9236903d66e.jpg</path>
	<source>
		<database>roboflow.com</database>
	</source>
	<size>
		<width>320</width>
		<height>320</height>
		<depth>3</depth>
	</size>
	<segmented>0</segmented>
	<object>
		<name>Watermelon rind</name>
		<pose>Unspecified</pose>
		<truncated>0</truncated>
		<difficult>0</difficult>
		<occluded>0</occluded>
		<bndbox>
			<xmin>57</xmin>
			<xmax>124</xmax>
			<ymin>214</ymin>
			<ymax>243</ymax>
		</bndbox>
		<polygon>
			<x1>106</x1>
			<y1>213</y1>
			<x2>107</x2>
			<y2>214</y2>
			<x3>111</x3>
			<y3>214</y3>
			<x4>112</x4>
			<y4>215</y4>
			<x5>114</x5>
			<y5>215</y5>
			<x6>118</x6>
			<y6>218</y6>
			<x7>119</x7>
			<y7>218</y7>
			<x8>122</x8>
			<y8>221</y8>
			<x9>122</x9>
			<y9>224</y9>
			<x10>117</x10>
			<y10>224</y10>
			<x11>115</x11>
			<y11>222</y11>
			<x12>110</x12>
			<y12>222</y12>
			<x13>106</x13>
			<y13>220</y13>
			<x14>101</x14>
			<y14>220</y14>
			<x15>97</x15>
			<y15>223</y15>
			<x16>93</x16>
			<y16>221</y16>
			<x17>91</x17>
			<y17>221</y17>
			<x18>90</x18>
			<y18>220</y18>
			<x19>88</x19>
			<y19>221</y19>
			<x20>85</x20>
			<y20>221</y20>
			<x21>83</x21>
			<y21>222</y21>
			<x22>79</x22>
			<y22>226</y22>
			<x23>75</x23>
			<y23>226</y23>
			<x24>71</x24>
			<y24>229</y24>
			<x25>69</x25>
			<y25>230</y25>
			<x26>67</x26>
			<y26>230</y26>
			<x27>64</x27>
			<y27>233</y27>
			<x28>64</x28>
			<y28>235</y28>
			<x29>65</x29>
			<y29>236</y29>
			<x30>65</x30>
			<y30>239</y30>
			<x31>63</x31>
			<y31>241</y31>
			<x32>60</x32>
			<y32>241</y32>
			<x33>59</x33>
			<y33>242</y33>
			<x34>57</x34>
			<y34>241</y34>
			<x35>57</x35>
			<y35>232</y35>
			<x36>60</x36>
			<y36>228</y36>
			<x37>60</x37>
			<y37>227</y37>
			<x38>68</x38>
			<y38>221</y38>
			<x39>70</x39>
			<y39>220</y39>
			<x40>72</x40>
			<y40>220</y40>
			<x41>77</x41>
			<y41>217</y41>
			<x42>80</x42>
			<y42>217</y42>
			<x43>84</x43>
			<y43>215</y43>
			<x44>88</x44>
			<y44>215</y44>
			<x45>89</x45>
			<y45>214</y45>
			<x46>95</x46>
			<y46>214</y46>
			<x47>96</x47>
			<y47>213</y47>
			<x48>105</x48>
			<y48>213</y48>
		</polygon>
	</object>
	<object>
		<name>Watermelon rind</name>
		<pose>Unspecified</pose>
		<truncated>0</truncated>
		<difficult>0</difficult>
		<occluded>0</occluded>
		<bndbox>
			<xmin>74</xmin>
			<xmax>153</xmax>
			<ymin>194</ymin>
			<ymax>234</ymax>
		</bndbox>
		<polygon>
			<x1>101</x1>
			<y1>193</y1>
			<x2>102</x2>
			<y2>194</y2>
			<x3>110</x3>
			<y3>194</y3>
			<x4>111</x4>
			<y4>195</y4>
			<x5>115</x5>
			<y5>195</y5>
			<x6>116</x6>
			<y6>196</y6>
			<x7>119</x7>
			<y7>196</y7>
			<x8>120</x8>
			<y8>197</y8>
			<x9>122</x9>
			<y9>197</y9>
			<x10>125</x10>
			<y10>199</y10>
			<x11>130</x11>
			<y11>200</y11>
			<x12>136</x12>
			<y12>203</y12>
			<x13>138</x13>
			<y13>205</y13>
			<x14>141</x14>
			<y14>206</y14>
			<x15>143</x15>
			<y15>208</y15>
			<x16>144</x16>
			<y16>208</y16>
			<x17>149</x17>
			<y17>214</y17>
			<x18>151</x18>
			<y18>218</y18>
			<x19>151</x19>
			<y19>227</y19>
			<x20>148</x20>
			<y20>232</y20>
			<x21>143</x21>
			<y21>231</y21>
			<x22>139</x22>
			<y22>228</y22>
			<x23>139</x23>
			<y23>226</y23>
			<x24>142</x24>
			<y24>223</y24>
			<x25>142</x25>
			<y25>219</y25>
			<x26>140</x26>
			<y26>217</y26>
			<x27>134</x27>
			<y27>215</y27>
			<x28>130</x28>
			<y28>211</y28>
			<x29>128</x29>
			<y29>210</y29>
			<x30>126</x30>
			<y30>210</y30>
			<x31>125</x31>
			<y31>211</y31>
			<x32>123</x32>
			<y32>207</y32>
			<x33>118</x33>
			<y33>204</y33>
			<x34>116</x34>
			<y34>204</y34>
			<x35>115</x35>
			<y35>203</y35>
			<x36>110</x36>
			<y36>203</y36>
			<x37>107</x37>
			<y37>205</y37>
			<x38>104</x38>
			<y38>205</y38>
			<x39>102</x39>
			<y39>204</y39>
			<x40>99</x40>
			<y40>201</y40>
			<x41>94</x41>
			<y41>201</y41>
			<x42>91</x42>
			<y42>203</y42>
			<x43>83</x43>
			<y43>203</y43>
			<x44>80</x44>
			<y44>205</y44>
			<x45>76</x45>
			<y45>205</y45>
			<x46>74</x46>
			<y46>204</y46>
			<x47>76</x47>
			<y47>200</y47>
			<x48>77</x48>
			<y48>200</y48>
			<x49>79</x49>
			<y49>198</y49>
			<x50>85</x50>
			<y50>195</y50>
			<x51>88</x51>
			<y51>195</y51>
			<x52>89</x52>
			<y52>194</y52>
			<x53>96</x53>
			<y53>194</y53>
			<x54>97</x54>
			<y54>193</y54>
			<x55>100</x55>
			<y55>193</y55>
		</polygon>
	</object>
	<metadata>
	</metadata>
</annotation>
