<annotation>
	<folder></folder>
	<filename>IMG_8395_jpeg.rf.aa93081bacb2c3d4a2c71992d248e64d.jpg</filename>
	<path>IMG_8395_jpeg.rf.aa93081bacb2c3d4a2c71992d248e64d.jpg</path>
	<source>
		<database>roboflow.com</database>
	</source>
	<size>
		<width>320</width>
		<height>320</height>
		<depth>3</depth>
	</size>
	<segmented>0</segmented>
	<object>
		<name>fish</name>
		<pose>Unspecified</pose>
		<truncated>0</truncated>
		<difficult>0</difficult>
		<occluded>0</occluded>
		<bndbox>
			<xmin>126</xmin>
			<xmax>198</xmax>
			<ymin>98</ymin>
			<ymax>142</ymax>
		</bndbox>
		<polygon>
			<x1>133</x1>
			<y1>98</y1>
			<x2>134</x2>
			<y2>99</y2>
			<x3>135</x3>
			<y3>98</y3>
			<x4>142</x4>
			<y4>98</y4>
			<x5>145</x5>
			<y5>102</y5>
			<x6>145</x6>
			<y6>105</y6>
			<x7>144</x7>
			<y7>106</y7>
			<x8>147</x8>
			<y8>109</y8>
			<x9>151</x9>
			<y9>109</y9>
			<x10>151</x10>
			<y10>111</y10>
			<x11>153</x11>
			<y11>115</y11>
			<x12>156</x12>
			<y12>112</y12>
			<x13>158</x13>
			<y13>113</y13>
			<x14>160</x14>
			<y14>113</y14>
			<x15>161</x15>
			<y15>112</y15>
			<x16>164</x16>
			<y16>112</y16>
			<x17>164</x17>
			<y17>113</y17>
			<x18>168</x18>
			<y18>118</y18>
			<x19>173</x19>
			<y19>115</y19>
			<x20>180</x20>
			<y20>116</y20>
			<x21>183</x21>
			<y21>118</y21>
			<x22>185</x22>
			<y22>118</y22>
			<x23>189</x23>
			<y23>120</y23>
			<x24>191</x24>
			<y24>122</y24>
			<x25>192</x25>
			<y25>122</y25>
			<x26>197</x26>
			<y26>127</y26>
			<x27>195</x27>
			<y27>131</y27>
			<x28>195</x28>
			<y28>133</y28>
			<x29>192</x29>
			<y29>136</y29>
			<x30>190</x30>
			<y30>136</y30>
			<x31>189</x31>
			<y31>137</y31>
			<x32>185</x32>
			<y32>137</y32>
			<x33>184</x33>
			<y33>138</y33>
			<x34>173</x34>
			<y34>138</y34>
			<x35>172</x35>
			<y35>139</y35>
			<x36>170</x36>
			<y36>137</y36>
			<x37>169</x37>
			<y37>137</y37>
			<x38>163</x38>
			<y38>140</y38>
			<x39>162</x39>
			<y39>140</y39>
			<x40>162</x40>
			<y40>139</y40>
			<x41>165</x41>
			<y41>135</y41>
			<x42>162</x42>
			<y42>133</y42>
			<x43>154</x43>
			<y43>138</y43>
			<x44>149</x44>
			<y44>139</y44>
			<x45>157</x45>
			<y45>131</y45>
			<x46>158</x46>
			<y46>129</y46>
			<x47>156</x47>
			<y47>127</y47>
			<x48>155</x48>
			<y48>127</y48>
			<x49>154</x49>
			<y49>128</y49>
			<x50>152</x50>
			<y50>128</y50>
			<x51>150</x51>
			<y51>130</y51>
			<x52>148</x52>
			<y52>130</y52>
			<x53>147</x53>
			<y53>131</y53>
			<x54>144</x54>
			<y54>131</y54>
			<x55>149</x55>
			<y55>127</y55>
			<x56>151</x56>
			<y56>123</y56>
			<x57>149</x57>
			<y57>121</y57>
			<x58>146</x58>
			<y58>121</y58>
			<x59>145</x59>
			<y59>122</y59>
			<x60>139</x60>
			<y60>122</y60>
			<x61>143</x61>
			<y61>118</y61>
			<x62>137</x62>
			<y62>115</y62>
			<x63>139</x63>
			<y63>113</y63>
			<x64>137</x64>
			<y64>111</y64>
			<x65>130</x65>
			<y65>108</y65>
			<x66>126</x66>
			<y66>105</y66>
			<x67>126</x67>
			<y67>103</y67>
			<x68>128</x68>
			<y68>101</y68>
			<x69>128</x69>
			<y69>100</y69>
			<x70>132</x70>
			<y70>98</y70>
		</polygon>
	</object>
	<metadata>
	</metadata>
</annotation>
