<annotation>
	<folder></folder>
	<filename>IMG_8327_jpeg.rf.ac46a5f6b6cf4492715b2c5ffb507d89.jpg</filename>
	<path>IMG_8327_jpeg.rf.ac46a5f6b6cf4492715b2c5ffb507d89.jpg</path>
	<source>
		<database>roboflow.com</database>
	</source>
	<size>
		<width>320</width>
		<height>320</height>
		<depth>3</depth>
	</size>
	<segmented>0</segmented>
	<object>
		<name>Watermelon rind</name>
		<pose>Unspecified</pose>
		<truncated>0</truncated>
		<difficult>0</difficult>
		<occluded>0</occluded>
		<bndbox>
			<xmin>121</xmin>
			<xmax>182</xmax>
			<ymin>99</ymin>
			<ymax>140</ymax>
		</bndbox>
		<polygon>
			<x1>126</x1>
			<y1>100</y1>
			<x2>129</x2>
			<y2>104</y2>
			<x3>127</x3>
			<y3>106</y3>
			<x4>126</x4>
			<y4>108</y4>
			<x5>126</x5>
			<y5>110</y5>
			<x6>130</x6>
			<y6>114</y6>
			<x7>131</x7>
			<y7>114</y7>
			<x8>132</x8>
			<y8>116</y8>
			<x9>135</x9>
			<y9>119</y9>
			<x10>138</x10>
			<y10>119</y10>
			<x11>139</x11>
			<y11>121</y11>
			<x12>139</x12>
			<y12>123</y12>
			<x13>143</x13>
			<y13>126</y13>
			<x14>145</x14>
			<y14>127</y14>
			<x15>150</x15>
			<y15>127</y15>
			<x16>151</x16>
			<y16>126</y16>
			<x17>154</x17>
			<y17>126</y17>
			<x18>159</x18>
			<y18>131</y18>
			<x19>163</x19>
			<y19>131</y19>
			<x20>164</x20>
			<y20>130</y20>
			<x21>173</x21>
			<y21>130</y21>
			<x22>174</x22>
			<y22>129</y22>
			<x23>178</x23>
			<y23>129</y23>
			<x24>180</x24>
			<y24>130</y24>
			<x25>180</x25>
			<y25>132</y25>
			<x26>177</x26>
			<y26>135</y26>
			<x27>171</x27>
			<y27>138</y27>
			<x28>166</x28>
			<y28>138</y28>
			<x29>165</x29>
			<y29>139</y29>
			<x30>163</x30>
			<y30>139</y30>
			<x31>162</x31>
			<y31>138</y31>
			<x32>155</x32>
			<y32>138</y32>
			<x33>154</x33>
			<y33>137</y33>
			<x34>151</x34>
			<y34>137</y34>
			<x35>148</x35>
			<y35>135</y35>
			<x36>146</x36>
			<y36>135</y36>
			<x37>138</x37>
			<y37>131</y37>
			<x38>133</x38>
			<y38>127</y38>
			<x39>132</x39>
			<y39>127</y39>
			<x40>129</x40>
			<y40>124</y40>
			<x41>128</x41>
			<y41>124</y41>
			<x42>127</x42>
			<y42>122</y42>
			<x43>123</x43>
			<y43>118</y43>
			<x44>121</x44>
			<y44>114</y44>
			<x45>121</x45>
			<y45>112</y45>
			<x46>120</x46>
			<y46>111</y46>
			<x47>120</x47>
			<y47>105</y47>
			<x48>121</x48>
			<y48>104</y48>
			<x49>121</x49>
			<y49>102</y49>
			<x50>123</x50>
			<y50>99</y50>
			<x51>125</x51>
			<y51>100</y51>
		</polygon>
	</object>
	<object>
		<name>Watermelon rind</name>
		<pose>Unspecified</pose>
		<truncated>0</truncated>
		<difficult>0</difficult>
		<occluded>0</occluded>
		<bndbox>
			<xmin>141</xmin>
			<xmax>199</xmax>
			<ymin>93</ymin>
			<ymax>120</ymax>
		</bndbox>
		<polygon>
			<x1>188</x1>
			<y1>96</y1>
			<x2>193</x2>
			<y2>93</y2>
			<x3>196</x3>
			<y3>93</y3>
			<x4>197</x4>
			<y4>94</y4>
			<x5>197</x5>
			<y5>103</y5>
			<x6>195</x6>
			<y6>105</y6>
			<x7>195</x7>
			<y7>106</y7>
			<x8>189</x8>
			<y8>112</y8>
			<x9>183</x9>
			<y9>115</y9>
			<x10>181</x10>
			<y10>115</y10>
			<x11>180</x11>
			<y11>116</y11>
			<x12>177</x12>
			<y12>116</y12>
			<x13>176</x13>
			<y13>117</y13>
			<x14>173</x14>
			<y14>117</y14>
			<x15>172</x15>
			<y15>118</y15>
			<x16>165</x16>
			<y16>118</y16>
			<x17>164</x17>
			<y17>119</y17>
			<x18>157</x18>
			<y18>119</y18>
			<x19>156</x19>
			<y19>118</y19>
			<x20>152</x20>
			<y20>118</y20>
			<x21>144</x21>
			<y21>114</y21>
			<x22>140</x22>
			<y22>108</y22>
			<x23>141</x23>
			<y23>107</y23>
			<x24>144</x24>
			<y24>107</y24>
			<x25>148</x25>
			<y25>110</y25>
			<x26>151</x26>
			<y26>110</y26>
			<x27>153</x27>
			<y27>112</y27>
			<x28>156</x28>
			<y28>112</y28>
			<x29>159</x29>
			<y29>110</y29>
			<x30>162</x30>
			<y30>110</y30>
			<x31>164</x31>
			<y31>112</y31>
			<x32>171</x32>
			<y32>112</y32>
			<x33>173</x33>
			<y33>111</y33>
			<x34>175</x34>
			<y34>108</y34>
			<x35>179</x35>
			<y35>108</y35>
			<x36>184</x36>
			<y36>105</y36>
			<x37>186</x37>
			<y37>105</y37>
			<x38>188</x38>
			<y38>104</y38>
			<x39>190</x39>
			<y39>101</y39>
			<x40>190</x40>
			<y40>99</y40>
			<x41>189</x41>
			<y41>97</y41>
		</polygon>
	</object>
	<metadata>
	</metadata>
</annotation>
