<annotation>
	<folder></folder>
	<filename>IMG_8160_jpeg.rf.07ba2fabce3d4ff92d698fb9748ac38a.jpg</filename>
	<path>IMG_8160_jpeg.rf.07ba2fabce3d4ff92d698fb9748ac38a.jpg</path>
	<source>
		<database>roboflow.com</database>
	</source>
	<size>
		<width>320</width>
		<height>320</height>
		<depth>3</depth>
	</size>
	<segmented>0</segmented>
	<object>
		<name>Watermelon rind</name>
		<pose>Unspecified</pose>
		<truncated>0</truncated>
		<difficult>0</difficult>
		<occluded>0</occluded>
		<bndbox>
			<xmin>149</xmin>
			<xmax>201</xmax>
			<ymin>132</ymin>
			<ymax>185</ymax>
		</bndbox>
		<polygon>
			<x1>193</x1>
			<y1>131</y1>
			<x2>194</x2>
			<y2>132</y2>
			<x3>199</x3>
			<y3>132</y3>
			<x4>198</x4>
			<y4>134</y4>
			<x5>198</x5>
			<y5>136</y5>
			<x6>196</x6>
			<y6>136</y6>
			<x7>195</x7>
			<y7>137</y7>
			<x8>190</x8>
			<y8>137</y8>
			<x9>186</x9>
			<y9>139</y9>
			<x10>184</x10>
			<y10>141</y10>
			<x11>181</x11>
			<y11>141</y11>
			<x12>180</x12>
			<y12>142</y12>
			<x13>178</x13>
			<y13>142</y13>
			<x14>176</x14>
			<y14>143</y14>
			<x15>174</x15>
			<y15>145</y15>
			<x16>174</x16>
			<y16>151</y16>
			<x17>170</x17>
			<y17>151</y17>
			<x18>169</x18>
			<y18>152</y18>
			<x19>167</x19>
			<y19>152</y19>
			<x20>165</x20>
			<y20>153</y20>
			<x21>162</x21>
			<y21>158</y21>
			<x22>162</x22>
			<y22>160</y22>
			<x23>165</x23>
			<y23>164</y23>
			<x24>164</x24>
			<y24>164</y24>
			<x25>162</x25>
			<y25>166</y25>
			<x26>162</x26>
			<y26>175</y26>
			<x27>164</x27>
			<y27>177</y27>
			<x28>166</x28>
			<y28>177</y28>
			<x29>167</x29>
			<y29>178</y29>
			<x30>172</x30>
			<y30>178</y30>
			<x31>173</x31>
			<y31>179</y31>
			<x32>173</x32>
			<y32>183</y32>
			<x33>172</x33>
			<y33>184</y33>
			<x34>168</x34>
			<y34>184</y34>
			<x35>167</x35>
			<y35>183</y35>
			<x36>164</x36>
			<y36>183</y36>
			<x37>161</x37>
			<y37>181</y37>
			<x38>159</x38>
			<y38>181</y38>
			<x39>155</x39>
			<y39>179</y39>
			<x40>151</x40>
			<y40>175</y40>
			<x41>151</x41>
			<y41>174</y41>
			<x42>149</x42>
			<y42>172</y42>
			<x43>149</x43>
			<y43>169</y43>
			<x44>148</x44>
			<y44>168</y44>
			<x45>148</x45>
			<y45>164</y45>
			<x46>149</x46>
			<y46>163</y46>
			<x47>149</x47>
			<y47>159</y47>
			<x48>150</x48>
			<y48>158</y48>
			<x49>150</x49>
			<y49>156</y49>
			<x50>153</x50>
			<y50>150</y50>
			<x51>156</x51>
			<y51>147</y51>
			<x52>156</x52>
			<y52>146</y52>
			<x53>165</x53>
			<y53>138</y53>
			<x54>171</x54>
			<y54>135</y54>
			<x55>173</x55>
			<y55>135</y55>
			<x56>174</x56>
			<y56>134</y56>
			<x57>176</x57>
			<y57>134</y57>
			<x58>180</x58>
			<y58>132</y58>
			<x59>188</x59>
			<y59>132</y59>
			<x60>189</x60>
			<y60>131</y60>
			<x61>192</x61>
			<y61>131</y61>
		</polygon>
	</object>
	<object>
		<name>Watermelon rind</name>
		<pose>Unspecified</pose>
		<truncated>0</truncated>
		<difficult>0</difficult>
		<occluded>0</occluded>
		<bndbox>
			<xmin>118</xmin>
			<xmax>242</xmax>
			<ymin>103</ymin>
			<ymax>156</ymax>
		</bndbox>
		<polygon>
			<x1>215</x1>
			<y1>103</y1>
			<x2>216</x2>
			<y2>104</y2>
			<x3>223</x3>
			<y3>105</y3>
			<x4>231</x4>
			<y4>109</y4>
			<x5>238</x5>
			<y5>115</y5>
			<x6>240</x6>
			<y6>119</y6>
			<x7>238</x7>
			<y7>120</y7>
			<x8>236</x8>
			<y8>120</y8>
			<x9>235</x9>
			<y9>121</y9>
			<x10>232</x10>
			<y10>121</y10>
			<x11>231</x11>
			<y11>122</y11>
			<x12>225</x12>
			<y12>122</y12>
			<x13>223</x13>
			<y13>123</y13>
			<x14>219</x14>
			<y14>121</y14>
			<x15>219</x15>
			<y15>119</y15>
			<x16>216</x16>
			<y16>115</y16>
			<x17>214</x17>
			<y17>114</y17>
			<x18>212</x18>
			<y18>114</y18>
			<x19>211</x19>
			<y19>113</y19>
			<x20>205</x20>
			<y20>113</y20>
			<x21>199</x21>
			<y21>116</y21>
			<x22>187</x22>
			<y22>116</y22>
			<x23>186</x23>
			<y23>117</y23>
			<x24>184</x24>
			<y24>117</y24>
			<x25>182</x25>
			<y25>118</y25>
			<x26>179</x26>
			<y26>121</y26>
			<x27>177</x27>
			<y27>121</y27>
			<x28>173</x28>
			<y28>119</y28>
			<x29>168</x29>
			<y29>119</y29>
			<x30>167</x30>
			<y30>120</y30>
			<x31>165</x31>
			<y31>120</y31>
			<x32>164</x32>
			<y32>121</y32>
			<x33>162</x33>
			<y33>121</y33>
			<x34>161</x34>
			<y34>122</y34>
			<x35>159</x35>
			<y35>122</y35>
			<x36>157</x36>
			<y36>123</y36>
			<x37>153</x37>
			<y37>127</y37>
			<x38>153</x38>
			<y38>129</y38>
			<x39>151</x39>
			<y39>133</y39>
			<x40>147</x40>
			<y40>133</y40>
			<x41>146</x41>
			<y41>134</y41>
			<x42>140</x42>
			<y42>134</y42>
			<x43>138</x43>
			<y43>135</y43>
			<x44>135</x44>
			<y44>138</y44>
			<x45>135</x45>
			<y45>142</y45>
			<x46>130</x46>
			<y46>147</y46>
			<x47>130</x47>
			<y47>152</y47>
			<x48>126</x48>
			<y48>154</y48>
			<x49>123</x49>
			<y49>154</y49>
			<x50>119</x50>
			<y50>150</y50>
			<x51>118</x51>
			<y51>148</y51>
			<x52>118</x52>
			<y52>146</y52>
			<x53>117</x53>
			<y53>145</y53>
			<x54>117</x54>
			<y54>139</y54>
			<x55>121</x55>
			<y55>131</y55>
			<x56>126</x56>
			<y56>126</y56>
			<x57>130</x57>
			<y57>124</y57>
			<x58>135</x58>
			<y58>120</y58>
			<x59>147</x59>
			<y59>114</y59>
			<x60>152</x60>
			<y60>113</y60>
			<x61>155</x61>
			<y61>111</y61>
			<x62>157</x62>
			<y62>111</y62>
			<x63>158</x63>
			<y63>110</y63>
			<x64>160</x64>
			<y64>110</y64>
			<x65>161</x65>
			<y65>109</y65>
			<x66>163</x66>
			<y66>109</y66>
			<x67>167</x67>
			<y67>107</y67>
			<x68>174</x68>
			<y68>106</y68>
			<x69>175</x69>
			<y69>105</y69>
			<x70>179</x70>
			<y70>105</y70>
			<x71>180</x71>
			<y71>104</y71>
			<x72>186</x72>
			<y72>104</y72>
			<x73>187</x73>
			<y73>103</y73>
			<x74>193</x74>
			<y74>103</y74>
			<x75>194</x75>
			<y75>102</y75>
			<x76>207</x76>
			<y76>102</y76>
			<x77>208</x77>
			<y77>103</y77>
			<x78>214</x78>
			<y78>103</y78>
		</polygon>
	</object>
	<metadata>
	</metadata>
</annotation>
