<annotation>
	<folder></folder>
	<filename>IMG_8367_jpeg.rf.6acccb0823eb0231404e6ffe653a528c.jpg</filename>
	<path>IMG_8367_jpeg.rf.6acccb0823eb0231404e6ffe653a528c.jpg</path>
	<source>
		<database>roboflow.com</database>
	</source>
	<size>
		<width>320</width>
		<height>320</height>
		<depth>3</depth>
	</size>
	<segmented>0</segmented>
	<object>
		<name>fish</name>
		<pose>Unspecified</pose>
		<truncated>0</truncated>
		<difficult>0</difficult>
		<occluded>0</occluded>
		<bndbox>
			<xmin>123</xmin>
			<xmax>161</xmax>
			<ymin>148</ymin>
			<ymax>202</ymax>
		</bndbox>
		<polygon>
			<x1>123</x1>
			<y1>150</y1>
			<x2>126</x2>
			<y2>151</y2>
			<x3>129</x3>
			<y3>148</y3>
			<x4>131</x4>
			<y4>149</y4>
			<x5>133</x5>
			<y5>149</y5>
			<x6>145</x6>
			<y6>155</y6>
			<x7>145</x7>
			<y7>156</y7>
			<x8>148</x8>
			<y8>158</y8>
			<x9>152</x9>
			<y9>158</y9>
			<x10>153</x10>
			<y10>159</y10>
			<x11>149</x11>
			<y11>161</y11>
			<x12>150</x12>
			<y12>163</y12>
			<x13>154</x13>
			<y13>163</y13>
			<x14>155</x14>
			<y14>164</y14>
			<x15>158</x15>
			<y15>164</y15>
			<x16>159</x16>
			<y16>165</y16>
			<x17>152</x17>
			<y17>166</y17>
			<x18>147</x18>
			<y18>169</y18>
			<x19>150</x19>
			<y19>171</y19>
			<x20>156</x20>
			<y20>171</y20>
			<x21>158</x21>
			<y21>172</y21>
			<x22>151</x22>
			<y22>173</y22>
			<x23>147</x23>
			<y23>176</y23>
			<x24>149</x24>
			<y24>178</y24>
			<x25>154</x25>
			<y25>180</y25>
			<x26>153</x26>
			<y26>181</y26>
			<x27>150</x27>
			<y27>181</y27>
			<x28>149</x28>
			<y28>183</y28>
			<x29>151</x29>
			<y29>185</y29>
			<x30>151</x30>
			<y30>186</y30>
			<x31>148</x31>
			<y31>186</y31>
			<x32>147</x32>
			<y32>187</y32>
			<x33>149</x33>
			<y33>191</y33>
			<x34>149</x34>
			<y34>193</y34>
			<x35>150</x35>
			<y35>194</y35>
			<x36>150</x36>
			<y36>197</y36>
			<x37>151</x37>
			<y37>198</y37>
			<x38>148</x38>
			<y38>198</y38>
			<x39>146</x39>
			<y39>200</y39>
			<x40>141</x40>
			<y40>199</y40>
			<x41>138</x41>
			<y41>196</y41>
			<x42>136</x42>
			<y42>195</y42>
			<x43>137</x43>
			<y43>194</y43>
			<x44>137</x44>
			<y44>192</y44>
			<x45>139</x45>
			<y45>190</y45>
			<x46>142</x46>
			<y46>189</y46>
			<x47>143</x47>
			<y47>187</y47>
			<x48>141</x48>
			<y48>185</y48>
			<x49>138</x49>
			<y49>185</y49>
			<x50>139</x50>
			<y50>182</y50>
			<x51>136</x51>
			<y51>176</y51>
			<x52>135</x52>
			<y52>176</y52>
			<x53>133</x53>
			<y53>178</y53>
			<x54>133</x54>
			<y54>175</y54>
			<x55>134</x55>
			<y55>174</y55>
			<x56>134</x56>
			<y56>172</y56>
			<x57>132</x57>
			<y57>170</y57>
			<x58>132</x58>
			<y58>169</y58>
			<x59>131</x59>
			<y59>168</y59>
			<x60>129</x60>
			<y60>170</y60>
			<x61>128</x61>
			<y61>170</y61>
			<x62>128</x62>
			<y62>169</y62>
			<x63>126</x63>
			<y63>167</y63>
			<x64>123</x64>
			<y64>161</y64>
			<x65>123</x65>
			<y65>157</y65>
			<x66>122</x66>
			<y66>156</y66>
			<x67>122</x67>
			<y67>153</y67>
			<x68>123</x68>
			<y68>151</y68>
		</polygon>
	</object>
	<metadata>
	</metadata>
</annotation>
