<annotation>
	<folder></folder>
	<filename>IMG_8360_jpeg.rf.37eb6d8f5d7d3197fc66d7c26d13a2f9.jpg</filename>
	<path>IMG_8360_jpeg.rf.37eb6d8f5d7d3197fc66d7c26d13a2f9.jpg</path>
	<source>
		<database>roboflow.com</database>
	</source>
	<size>
		<width>320</width>
		<height>320</height>
		<depth>3</depth>
	</size>
	<segmented>0</segmented>
	<object>
		<name>fish</name>
		<pose>Unspecified</pose>
		<truncated>0</truncated>
		<difficult>0</difficult>
		<occluded>0</occluded>
		<bndbox>
			<xmin>133</xmin>
			<xmax>208</xmax>
			<ymin>117</ymin>
			<ymax>155</ymax>
		</bndbox>
		<polygon>
			<x1>201</x1>
			<y1>116</y1>
			<x2>201</x2>
			<y2>119</y2>
			<x3>203</x3>
			<y3>121</y3>
			<x4>206</x4>
			<y4>121</y4>
			<x5>206</x5>
			<y5>124</y5>
			<x6>205</x6>
			<y6>125</y6>
			<x7>205</x7>
			<y7>127</y7>
			<x8>201</x8>
			<y8>135</y8>
			<x9>198</x9>
			<y9>138</y9>
			<x10>197</x10>
			<y10>137</y10>
			<x11>196</x11>
			<y11>138</y11>
			<x12>196</x12>
			<y12>146</y12>
			<x13>188</x13>
			<y13>137</y13>
			<x14>186</x14>
			<y14>137</y14>
			<x15>185</x15>
			<y15>138</y15>
			<x16>185</x16>
			<y16>139</y16>
			<x17>188</x17>
			<y17>143</y17>
			<x18>188</x18>
			<y18>152</y18>
			<x19>187</x19>
			<y19>153</y19>
			<x20>186</x20>
			<y20>152</y20>
			<x21>186</x21>
			<y21>150</y21>
			<x22>183</x22>
			<y22>144</y22>
			<x23>180</x23>
			<y23>141</y23>
			<x24>178</x24>
			<y24>140</y24>
			<x25>176</x25>
			<y25>142</y25>
			<x26>176</x26>
			<y26>145</y26>
			<x27>177</x27>
			<y27>146</y27>
			<x28>177</x28>
			<y28>151</y28>
			<x29>176</x29>
			<y29>153</y29>
			<x30>173</x30>
			<y30>146</y30>
			<x31>169</x31>
			<y31>143</y31>
			<x32>166</x32>
			<y32>143</y32>
			<x33>165</x33>
			<y33>144</y33>
			<x34>165</x34>
			<y34>146</y34>
			<x35>164</x35>
			<y35>147</y35>
			<x36>164</x36>
			<y36>150</y36>
			<x37>163</x37>
			<y37>151</y37>
			<x38>162</x38>
			<y38>150</y38>
			<x39>162</x39>
			<y39>147</y39>
			<x40>160</x40>
			<y40>145</y40>
			<x41>159</x41>
			<y41>145</y41>
			<x42>156</x42>
			<y42>148</y42>
			<x43>153</x43>
			<y43>148</y43>
			<x44>152</x44>
			<y44>146</y44>
			<x45>150</x45>
			<y45>146</y45>
			<x46>147</x46>
			<y46>148</y46>
			<x47>145</x47>
			<y47>148</y47>
			<x48>141</x48>
			<y48>150</y48>
			<x49>138</x49>
			<y49>150</y49>
			<x50>137</x50>
			<y50>151</y50>
			<x51>136</x51>
			<y51>151</y51>
			<x52>135</x52>
			<y52>149</y52>
			<x53>133</x53>
			<y53>147</y53>
			<x54>132</x54>
			<y54>147</y54>
			<x55>132</x55>
			<y55>145</y55>
			<x56>134</x56>
			<y56>143</y56>
			<x57>134</x57>
			<y57>141</y57>
			<x58>135</x58>
			<y58>139</y58>
			<x59>136</x59>
			<y59>139</y59>
			<x60>138</x60>
			<y60>137</y60>
			<x61>145</x61>
			<y61>137</y61>
			<x62>145</x62>
			<y62>138</y62>
			<x63>149</x63>
			<y63>141</y63>
			<x64>151</x64>
			<y64>139</y64>
			<x65>152</x65>
			<y65>139</y65>
			<x66>153</x66>
			<y66>137</y66>
			<x67>159</x67>
			<y67>137</y67>
			<x68>160</x68>
			<y68>135</y68>
			<x69>161</x69>
			<y69>135</y69>
			<x70>163</x70>
			<y70>133</y70>
			<x71>162</x71>
			<y71>132</y71>
			<x72>163</x72>
			<y72>130</y72>
			<x73>171</x73>
			<y73>130</y73>
			<x74>173</x74>
			<y74>128</y74>
			<x75>173</x75>
			<y75>125</y75>
			<x76>174</x76>
			<y76>125</y76>
			<x77>178</x77>
			<y77>122</y77>
			<x78>180</x78>
			<y78>122</y78>
			<x79>182</x79>
			<y79>121</y79>
			<x80>184</x80>
			<y80>119</y80>
			<x81>187</x81>
			<y81>119</y81>
			<x82>188</x82>
			<y82>118</y82>
			<x83>190</x83>
			<y83>118</y83>
			<x84>191</x84>
			<y84>117</y84>
			<x85>194</x85>
			<y85>117</y85>
			<x86>195</x86>
			<y86>116</y86>
			<x87>200</x87>
			<y87>116</y87>
		</polygon>
	</object>
	<metadata>
	</metadata>
</annotation>
