<annotation>
	<folder></folder>
	<filename>IMG_1962_HEIC.rf.0b09efa9584c0d697f1dd3e6402c4e01.jpg</filename>
	<path>IMG_1962_HEIC.rf.0b09efa9584c0d697f1dd3e6402c4e01.jpg</path>
	<source>
		<database>roboflow.com</database>
	</source>
	<size>
		<width>320</width>
		<height>320</height>
		<depth>3</depth>
	</size>
	<segmented>0</segmented>
	<object>
		<name>Apple core</name>
		<pose>Unspecified</pose>
		<truncated>0</truncated>
		<difficult>0</difficult>
		<occluded>0</occluded>
		<bndbox>
			<xmin>146</xmin>
			<xmax>167</xmax>
			<ymin>152</ymin>
			<ymax>177</ymax>
		</bndbox>
	</object>
	<metadata>
	</metadata>
</annotation>
