<annotation>
	<folder></folder>
	<filename>IMG_1900_HEIC.rf.924311035ca2360d7abf13feded87ba8.jpg</filename>
	<path>IMG_1900_HEIC.rf.924311035ca2360d7abf13feded87ba8.jpg</path>
	<source>
		<database>roboflow.com</database>
	</source>
	<size>
		<width>320</width>
		<height>320</height>
		<depth>3</depth>
	</size>
	<segmented>0</segmented>
	<object>
		<name>Apple core</name>
		<pose>Unspecified</pose>
		<truncated>0</truncated>
		<difficult>0</difficult>
		<occluded>0</occluded>
		<bndbox>
			<xmin>107</xmin>
			<xmax>137</xmax>
			<ymin>115</ymin>
			<ymax>152</ymax>
		</bndbox>
	</object>
	<metadata>
	</metadata>
</annotation>
