<annotation>
	<folder></folder>
	<filename>IMG_8282_jpeg.rf.875dd8dab97fc7d3162373d65e2ae977.jpg</filename>
	<path>IMG_8282_jpeg.rf.875dd8dab97fc7d3162373d65e2ae977.jpg</path>
	<source>
		<database>roboflow.com</database>
	</source>
	<size>
		<width>320</width>
		<height>320</height>
		<depth>3</depth>
	</size>
	<segmented>0</segmented>
	<object>
		<name>Watermelon rind</name>
		<pose>Unspecified</pose>
		<truncated>0</truncated>
		<difficult>0</difficult>
		<occluded>0</occluded>
		<bndbox>
			<xmin>108</xmin>
			<xmax>151</xmax>
			<ymin>205</ymin>
			<ymax>269</ymax>
		</bndbox>
		<polygon>
			<x1>132</x1>
			<y1>204</y1>
			<x2>142</x2>
			<y2>209</y2>
			<x3>144</x3>
			<y3>211</y3>
			<x4>144</x4>
			<y4>212</y4>
			<x5>146</x5>
			<y5>214</y5>
			<x6>148</x6>
			<y6>218</y6>
			<x7>148</x7>
			<y7>222</y7>
			<x8>149</x8>
			<y8>223</y8>
			<x9>149</x9>
			<y9>232</y9>
			<x10>148</x10>
			<y10>233</y10>
			<x11>148</x11>
			<y11>237</y11>
			<x12>147</x12>
			<y12>238</y12>
			<x13>146</x13>
			<y13>243</y13>
			<x14>144</x14>
			<y14>246</y14>
			<x15>144</x15>
			<y15>248</y15>
			<x16>143</x16>
			<y16>250</y16>
			<x17>140</x17>
			<y17>253</y17>
			<x18>140</x18>
			<y18>254</y18>
			<x19>137</x19>
			<y19>257</y19>
			<x20>137</x20>
			<y20>258</y20>
			<x21>135</x21>
			<y21>259</y21>
			<x22>130</x22>
			<y22>264</y22>
			<x23>128</x23>
			<y23>264</y23>
			<x24>125</x24>
			<y24>266</y24>
			<x25>122</x25>
			<y25>266</y25>
			<x26>121</x26>
			<y26>267</y26>
			<x27>111</x27>
			<y27>267</y27>
			<x28>110</x28>
			<y28>266</y28>
			<x29>107</x29>
			<y29>266</y29>
			<x30>107</x30>
			<y30>264</y30>
			<x31>109</x31>
			<y31>260</y31>
			<x32>112</x32>
			<y32>258</y32>
			<x33>114</x33>
			<y33>259</y33>
			<x34>116</x34>
			<y34>259</y34>
			<x35>117</x35>
			<y35>260</y35>
			<x36>121</x36>
			<y36>260</y36>
			<x37>123</x37>
			<y37>259</y37>
			<x38>125</x38>
			<y38>257</y38>
			<x39>125</x39>
			<y39>254</y39>
			<x40>131</x40>
			<y40>248</y40>
			<x41>130</x41>
			<y41>245</y41>
			<x42>131</x42>
			<y42>244</y42>
			<x43>133</x43>
			<y43>244</y43>
			<x44>136</x44>
			<y44>241</y44>
			<x45>138</x45>
			<y45>237</y45>
			<x46>138</x46>
			<y46>234</y46>
			<x47>137</x47>
			<y47>232</y47>
			<x48>135</x48>
			<y48>230</y48>
			<x49>134</x49>
			<y49>230</y49>
			<x50>134</x50>
			<y50>228</y50>
			<x51>138</x51>
			<y51>223</y51>
			<x52>138</x52>
			<y52>220</y52>
			<x53>135</x53>
			<y53>217</y53>
			<x54>134</x54>
			<y54>215</y54>
			<x55>134</x55>
			<y55>213</y55>
			<x56>130</x56>
			<y56>209</y56>
			<x57>130</x57>
			<y57>207</y57>
			<x58>131</x58>
			<y58>207</y58>
			<x59>132</x59>
			<y59>205</y59>
		</polygon>
	</object>
	<object>
		<name>Watermelon rind</name>
		<pose>Unspecified</pose>
		<truncated>0</truncated>
		<difficult>0</difficult>
		<occluded>0</occluded>
		<bndbox>
			<xmin>83</xmin>
			<xmax>126</xmax>
			<ymin>200</ymin>
			<ymax>248</ymax>
		</bndbox>
		<polygon>
			<x1>97</x1>
			<y1>199</y1>
			<x2>98</x2>
			<y2>200</y2>
			<x3>101</x3>
			<y3>200</y3>
			<x4>107</x4>
			<y4>203</y4>
			<x5>109</x5>
			<y5>205</y5>
			<x6>110</x6>
			<y6>205</y6>
			<x7>115</x7>
			<y7>210</y7>
			<x8>115</x8>
			<y8>211</y8>
			<x9>117</x9>
			<y9>213</y9>
			<x10>117</x10>
			<y10>214</y10>
			<x11>119</x11>
			<y11>216</y11>
			<x12>119</x12>
			<y12>217</y12>
			<x13>122</x13>
			<y13>221</y13>
			<x14>122</x14>
			<y14>223</y14>
			<x15>124</x15>
			<y15>227</y15>
			<x16>124</x16>
			<y16>234</y16>
			<x17>123</x17>
			<y17>235</y17>
			<x18>123</x18>
			<y18>237</y18>
			<x19>122</x19>
			<y19>239</y19>
			<x20>115</x20>
			<y20>246</y20>
			<x21>114</x21>
			<y21>246</y21>
			<x22>114</x22>
			<y22>245</y22>
			<x23>112</x23>
			<y23>244</y23>
			<x24>112</x24>
			<y24>242</y24>
			<x25>114</x25>
			<y25>240</y25>
			<x26>114</x26>
			<y26>235</y26>
			<x27>115</x27>
			<y27>234</y27>
			<x28>115</x28>
			<y28>230</y28>
			<x29>111</x29>
			<y29>226</y29>
			<x30>112</x30>
			<y30>224</y30>
			<x31>112</x31>
			<y31>219</y31>
			<x32>108</x32>
			<y32>215</y32>
			<x33>106</x33>
			<y33>214</y33>
			<x34>104</x34>
			<y34>214</y34>
			<x35>104</x35>
			<y35>212</y35>
			<x36>95</x36>
			<y36>204</y36>
			<x37>92</x37>
			<y37>204</y37>
			<x38>89</x38>
			<y38>206</y38>
			<x39>86</x39>
			<y39>206</y39>
			<x40>84</x40>
			<y40>205</y40>
			<x41>82</x41>
			<y41>202</y41>
			<x42>85</x42>
			<y42>200</y42>
			<x43>88</x43>
			<y43>200</y43>
			<x44>89</x44>
			<y44>199</y44>
			<x45>96</x45>
			<y45>199</y45>
		</polygon>
	</object>
	<metadata>
	</metadata>
</annotation>
