<annotation>
	<folder></folder>
	<filename>IMG_8447_jpeg.rf.2dca61a5fb5e21ecf1e1f540de3c05ce.jpg</filename>
	<path>IMG_8447_jpeg.rf.2dca61a5fb5e21ecf1e1f540de3c05ce.jpg</path>
	<source>
		<database>roboflow.com</database>
	</source>
	<size>
		<width>320</width>
		<height>320</height>
		<depth>3</depth>
	</size>
	<segmented>0</segmented>
	<object>
		<name>fish</name>
		<pose>Unspecified</pose>
		<truncated>0</truncated>
		<difficult>0</difficult>
		<occluded>0</occluded>
		<bndbox>
			<xmin>151</xmin>
			<xmax>180</xmax>
			<ymin>176</ymin>
			<ymax>220</ymax>
		</bndbox>
		<polygon>
			<x1>170</x1>
			<y1>175</y1>
			<x2>172</x2>
			<y2>175</y2>
			<x3>173</x3>
			<y3>176</y3>
			<x4>175</x4>
			<y4>175</y4>
			<x5>178</x5>
			<y5>179</y5>
			<x6>178</x6>
			<y6>182</y6>
			<x7>176</x7>
			<y7>184</y7>
			<x8>173</x8>
			<y8>184</y8>
			<x9>172</x9>
			<y9>185</y9>
			<x10>173</x10>
			<y10>187</y10>
			<x11>173</x11>
			<y11>189</y11>
			<x12>171</x12>
			<y12>191</y12>
			<x13>172</x13>
			<y13>192</y13>
			<x14>172</x14>
			<y14>194</y14>
			<x15>173</x15>
			<y15>195</y15>
			<x16>175</x16>
			<y16>195</y16>
			<x17>172</x17>
			<y17>199</y17>
			<x18>172</x18>
			<y18>200</y18>
			<x19>175</x19>
			<y19>203</y19>
			<x20>175</x20>
			<y20>209</y20>
			<x21>174</x21>
			<y21>210</y21>
			<x22>174</x22>
			<y22>213</y22>
			<x23>172</x23>
			<y23>217</y23>
			<x24>171</x24>
			<y24>218</y24>
			<x25>169</x25>
			<y25>217</y25>
			<x26>167</x26>
			<y26>218</y26>
			<x27>165</x27>
			<y27>218</y27>
			<x28>158</x28>
			<y28>211</y28>
			<x29>158</x29>
			<y29>209</y29>
			<x30>155</x30>
			<y30>206</y30>
			<x31>153</x31>
			<y31>205</y31>
			<x32>154</x32>
			<y32>204</y32>
			<x33>158</x33>
			<y33>204</y33>
			<x34>159</x34>
			<y34>203</y34>
			<x35>151</x35>
			<y35>199</y35>
			<x36>151</x36>
			<y36>198</y36>
			<x37>155</x37>
			<y37>198</y37>
			<x38>156</x38>
			<y38>199</y38>
			<x39>160</x39>
			<y39>199</y39>
			<x40>161</x40>
			<y40>198</y40>
			<x41>160</x41>
			<y41>196</y41>
			<x42>157</x42>
			<y42>195</y42>
			<x43>155</x43>
			<y43>193</y43>
			<x44>160</x44>
			<y44>193</y44>
			<x45>161</x45>
			<y45>194</y45>
			<x46>164</x46>
			<y46>192</y46>
			<x47>164</x47>
			<y47>191</y47>
			<x48>161</x48>
			<y48>188</y48>
			<x49>161</x49>
			<y49>187</y49>
			<x50>164</x50>
			<y50>188</y50>
			<x51>166</x51>
			<y51>186</y51>
			<x52>166</x52>
			<y52>184</y52>
			<x53>168</x53>
			<y53>184</y53>
			<x54>169</x54>
			<y54>183</y54>
			<x55>169</x55>
			<y55>179</y55>
			<x56>170</x56>
			<y56>178</y56>
			<x57>170</x57>
			<y57>176</y57>
		</polygon>
	</object>
	<metadata>
	</metadata>
</annotation>
