<annotation>
	<folder></folder>
	<filename>IMG_8365_jpeg.rf.621755372bf2ca1cc7fb2fc02e254bdd.jpg</filename>
	<path>IMG_8365_jpeg.rf.621755372bf2ca1cc7fb2fc02e254bdd.jpg</path>
	<source>
		<database>roboflow.com</database>
	</source>
	<size>
		<width>320</width>
		<height>320</height>
		<depth>3</depth>
	</size>
	<segmented>0</segmented>
	<object>
		<name>fish</name>
		<pose>Unspecified</pose>
		<truncated>0</truncated>
		<difficult>0</difficult>
		<occluded>0</occluded>
		<bndbox>
			<xmin>117</xmin>
			<xmax>161</xmax>
			<ymin>158</ymin>
			<ymax>220</ymax>
		</bndbox>
		<polygon>
			<x1>125</x1>
			<y1>158</y1>
			<x2>128</x2>
			<y2>158</y2>
			<x3>136</x3>
			<y3>162</y3>
			<x4>138</x4>
			<y4>164</y4>
			<x5>142</x5>
			<y5>166</y5>
			<x6>145</x6>
			<y6>170</y6>
			<x7>147</x7>
			<y7>171</y7>
			<x8>149</x8>
			<y8>171</y8>
			<x9>150</x9>
			<y9>172</y9>
			<x10>152</x10>
			<y10>172</y10>
			<x11>153</x11>
			<y11>173</y11>
			<x12>147</x12>
			<y12>173</y12>
			<x13>145</x13>
			<y13>174</y13>
			<x14>144</x14>
			<y14>175</y14>
			<x15>146</x15>
			<y15>177</y15>
			<x16>149</x16>
			<y16>177</y16>
			<x17>150</x17>
			<y17>178</y17>
			<x18>154</x18>
			<y18>178</y18>
			<x19>155</x19>
			<y19>179</y19>
			<x20>157</x20>
			<y20>179</y20>
			<x21>159</x21>
			<y21>180</y21>
			<x22>159</x22>
			<y22>181</y22>
			<x23>146</x23>
			<y23>181</y23>
			<x24>144</x24>
			<y24>183</y24>
			<x25>146</x25>
			<y25>186</y25>
			<x26>149</x26>
			<y26>186</y26>
			<x27>150</x27>
			<y27>187</y27>
			<x28>153</x28>
			<y28>187</y28>
			<x29>154</x29>
			<y29>188</y29>
			<x30>156</x30>
			<y30>188</y30>
			<x31>146</x31>
			<y31>188</y31>
			<x32>145</x32>
			<y32>189</y32>
			<x33>142</x33>
			<y33>189</y33>
			<x34>141</x34>
			<y34>190</y34>
			<x35>141</x35>
			<y35>193</y35>
			<x36>142</x36>
			<y36>194</y36>
			<x37>144</x37>
			<y37>195</y37>
			<x38>146</x38>
			<y38>195</y38>
			<x39>149</x39>
			<y39>197</y39>
			<x40>143</x40>
			<y40>197</y40>
			<x41>142</x41>
			<y41>198</y41>
			<x42>143</x42>
			<y42>200</y42>
			<x43>143</x43>
			<y43>203</y43>
			<x44>140</x44>
			<y44>203</y44>
			<x45>139</x45>
			<y45>204</y45>
			<x46>139</x46>
			<y46>209</y46>
			<x47>140</x47>
			<y47>210</y47>
			<x48>140</x48>
			<y48>217</y48>
			<x49>138</x49>
			<y49>217</y49>
			<x50>136</x50>
			<y50>216</y50>
			<x51>135</x51>
			<y51>218</y51>
			<x52>131</x52>
			<y52>218</y52>
			<x53>130</x53>
			<y53>216</y53>
			<x54>128</x54>
			<y54>216</y54>
			<x55>124</x55>
			<y55>212</y55>
			<x56>125</x56>
			<y56>207</y56>
			<x57>127</x57>
			<y57>206</y57>
			<x58>129</x58>
			<y58>206</y58>
			<x59>130</x59>
			<y59>205</y59>
			<x60>132</x60>
			<y60>205</y60>
			<x61>133</x61>
			<y61>204</y61>
			<x62>132</x62>
			<y62>201</y62>
			<x63>131</x63>
			<y63>200</y63>
			<x64>129</x64>
			<y64>200</y64>
			<x65>129</x65>
			<y65>198</y65>
			<x66>131</x66>
			<y66>196</y66>
			<x67>129</x67>
			<y67>194</y67>
			<x68>129</x68>
			<y68>191</y68>
			<x69>127</x69>
			<y69>189</y69>
			<x70>123</x70>
			<y70>191</y70>
			<x71>127</x71>
			<y71>183</y71>
			<x72>125</x72>
			<y72>182</y72>
			<x73>125</x73>
			<y73>179</y73>
			<x74>124</x74>
			<y74>178</y74>
			<x75>122</x75>
			<y75>181</y75>
			<x76>120</x76>
			<y76>181</y76>
			<x77>119</x77>
			<y77>180</y77>
			<x78>118</x78>
			<y78>178</y78>
			<x79>118</x79>
			<y79>175</y79>
			<x80>116</x80>
			<y80>171</y80>
			<x81>116</x81>
			<y81>163</y81>
			<x82>118</x82>
			<y82>159</y82>
			<x83>120</x83>
			<y83>160</y83>
			<x84>124</x84>
			<y84>160</y84>
			<x85>125</x85>
			<y85>159</y85>
		</polygon>
	</object>
	<metadata>
	</metadata>
</annotation>
