<annotation>
	<folder></folder>
	<filename>IMG_1889_HEIC.rf.3627977f55ce8219f7c7975ab8bda2da.jpg</filename>
	<path>IMG_1889_HEIC.rf.3627977f55ce8219f7c7975ab8bda2da.jpg</path>
	<source>
		<database>roboflow.com</database>
	</source>
	<size>
		<width>320</width>
		<height>320</height>
		<depth>3</depth>
	</size>
	<segmented>0</segmented>
	<object>
		<name>Apple core</name>
		<pose>Unspecified</pose>
		<truncated>0</truncated>
		<difficult>0</difficult>
		<occluded>0</occluded>
		<bndbox>
			<xmin>121</xmin>
			<xmax>143</xmax>
			<ymin>131</ymin>
			<ymax>157</ymax>
		</bndbox>
	</object>
	<metadata>
	</metadata>
</annotation>
