<annotation>
	<folder></folder>
	<filename>IMG_2010_HEIC.rf.4cfebc5b45fa6bea1ddb1d6aa0f29629.jpg</filename>
	<path>IMG_2010_HEIC.rf.4cfebc5b45fa6bea1ddb1d6aa0f29629.jpg</path>
	<source>
		<database>roboflow.com</database>
	</source>
	<size>
		<width>320</width>
		<height>320</height>
		<depth>3</depth>
	</size>
	<segmented>0</segmented>
	<object>
		<name>Egg shell</name>
		<pose>Unspecified</pose>
		<truncated>0</truncated>
		<difficult>0</difficult>
		<occluded>0</occluded>
		<bndbox>
			<xmin>145</xmin>
			<xmax>205</xmax>
			<ymin>76</ymin>
			<ymax>103</ymax>
		</bndbox>
	</object>
	<metadata>
	</metadata>
</annotation>
