<annotation>
	<folder></folder>
	<filename>IMG_8377_jpeg.rf.aff49145a97b76d7ca76fc47a12c09bc.jpg</filename>
	<path>IMG_8377_jpeg.rf.aff49145a97b76d7ca76fc47a12c09bc.jpg</path>
	<source>
		<database>roboflow.com</database>
	</source>
	<size>
		<width>320</width>
		<height>320</height>
		<depth>3</depth>
	</size>
	<segmented>0</segmented>
	<object>
		<name>fish</name>
		<pose>Unspecified</pose>
		<truncated>0</truncated>
		<difficult>0</difficult>
		<occluded>0</occluded>
		<bndbox>
			<xmin>151</xmin>
			<xmax>220</xmax>
			<ymin>143</ymin>
			<ymax>207</ymax>
		</bndbox>
		<polygon>
			<x1>163</x1>
			<y1>143</y1>
			<x2>164</x2>
			<y2>144</y2>
			<x3>170</x3>
			<y3>144</y3>
			<x4>172</x4>
			<y4>146</y4>
			<x5>175</x5>
			<y5>147</y5>
			<x6>175</x6>
			<y6>150</y6>
			<x7>176</x7>
			<y7>151</y7>
			<x8>170</x8>
			<y8>157</y8>
			<x9>170</x9>
			<y9>158</y9>
			<x10>174</x10>
			<y10>161</y10>
			<x11>176</x11>
			<y11>160</y11>
			<x12>178</x12>
			<y12>161</y12>
			<x13>177</x13>
			<y13>163</y13>
			<x14>177</x14>
			<y14>166</y14>
			<x15>178</x15>
			<y15>167</y15>
			<x16>181</x16>
			<y16>167</y16>
			<x17>184</x17>
			<y17>170</y17>
			<x18>185</x18>
			<y18>170</y18>
			<x19>187</x19>
			<y19>168</y19>
			<x20>189</x20>
			<y20>168</y20>
			<x21>190</x21>
			<y21>169</y21>
			<x22>190</x22>
			<y22>175</y22>
			<x23>192</x23>
			<y23>177</y23>
			<x24>194</x24>
			<y24>178</y24>
			<x25>198</x25>
			<y25>176</y25>
			<x26>201</x26>
			<y26>177</y26>
			<x27>214</x27>
			<y27>189</y27>
			<x28>215</x28>
			<y28>192</y28>
			<x29>217</x29>
			<y29>194</y29>
			<x30>217</x30>
			<y30>196</y30>
			<x31>218</x31>
			<y31>197</y31>
			<x32>218</x32>
			<y32>200</y32>
			<x33>214</x33>
			<y33>200</y33>
			<x34>211</x34>
			<y34>203</y34>
			<x35>212</x35>
			<y35>205</y35>
			<x36>202</x36>
			<y36>205</y36>
			<x37>201</x37>
			<y37>204</y37>
			<x38>195</x38>
			<y38>204</y38>
			<x39>194</x39>
			<y39>203</y39>
			<x40>185</x40>
			<y40>202</y40>
			<x41>181</x41>
			<y41>199</y41>
			<x42>174</x42>
			<y42>199</y42>
			<x43>173</x43>
			<y43>200</y43>
			<x44>170</x44>
			<y44>200</y44>
			<x45>171</x45>
			<y45>198</y45>
			<x46>174</x46>
			<y46>197</y46>
			<x47>176</x47>
			<y47>195</y47>
			<x48>176</x48>
			<y48>193</y48>
			<x49>177</x49>
			<y49>192</y49>
			<x50>176</x50>
			<y50>191</y50>
			<x51>174</x51>
			<y51>192</y51>
			<x52>172</x52>
			<y52>192</y52>
			<x53>171</x53>
			<y53>193</y53>
			<x54>166</x54>
			<y54>193</y54>
			<x55>165</x55>
			<y55>194</y55>
			<x56>157</x56>
			<y56>194</y56>
			<x57>157</x57>
			<y57>193</y57>
			<x58>159</x58>
			<y58>192</y58>
			<x59>162</x59>
			<y59>192</y59>
			<x60>168</x60>
			<y60>189</y60>
			<x61>171</x61>
			<y61>186</y61>
			<x62>171</x62>
			<y62>184</y62>
			<x63>170</x63>
			<y63>183</y63>
			<x64>163</x64>
			<y64>183</y64>
			<x65>162</x65>
			<y65>184</y65>
			<x66>154</x66>
			<y66>184</y66>
			<x67>158</x67>
			<y67>182</y67>
			<x68>160</x68>
			<y68>182</y68>
			<x69>166</x69>
			<y69>179</y69>
			<x70>169</x70>
			<y70>176</y70>
			<x71>168</x71>
			<y71>174</y71>
			<x72>165</x72>
			<y72>172</y72>
			<x73>164</x73>
			<y73>173</y73>
			<x74>163</x74>
			<y74>172</y74>
			<x75>157</x75>
			<y75>172</y75>
			<x76>156</x76>
			<y76>171</y76>
			<x77>158</x77>
			<y77>170</y77>
			<x78>161</x78>
			<y78>170</y78>
			<x79>163</x79>
			<y79>168</y79>
			<x80>162</x80>
			<y80>166</y80>
			<x81>158</x81>
			<y81>164</y81>
			<x82>158</x82>
			<y82>163</y82>
			<x83>162</x83>
			<y83>161</y83>
			<x84>154</x84>
			<y84>153</y84>
			<x85>154</x85>
			<y85>152</y85>
			<x86>151</x86>
			<y86>148</y86>
			<x87>151</x87>
			<y87>147</y87>
			<x88>154</x88>
			<y88>146</y88>
			<x89>157</x89>
			<y89>143</y89>
			<x90>162</x90>
			<y90>143</y90>
		</polygon>
	</object>
	<metadata>
	</metadata>
</annotation>
