<annotation>
	<folder></folder>
	<filename>IMG_8298_jpeg.rf.856e9666081a78c0dcd294e6dccae1f1.jpg</filename>
	<path>IMG_8298_jpeg.rf.856e9666081a78c0dcd294e6dccae1f1.jpg</path>
	<source>
		<database>roboflow.com</database>
	</source>
	<size>
		<width>320</width>
		<height>320</height>
		<depth>3</depth>
	</size>
	<segmented>0</segmented>
	<object>
		<name>Watermelon rind</name>
		<pose>Unspecified</pose>
		<truncated>0</truncated>
		<difficult>0</difficult>
		<occluded>0</occluded>
		<bndbox>
			<xmin>98</xmin>
			<xmax>178</xmax>
			<ymin>91</ymin>
			<ymax>161</ymax>
		</bndbox>
		<polygon>
			<x1>162</x1>
			<y1>90</y1>
			<x2>163</x2>
			<y2>91</y2>
			<x3>166</x3>
			<y3>91</y3>
			<x4>167</x4>
			<y4>92</y4>
			<x5>169</x5>
			<y5>92</y5>
			<x6>173</x6>
			<y6>95</y6>
			<x7>176</x7>
			<y7>96</y7>
			<x8>176</x8>
			<y8>97</y8>
			<x9>171</x9>
			<y9>102</y9>
			<x10>169</x10>
			<y10>103</y10>
			<x11>164</x11>
			<y11>103</y11>
			<x12>162</x12>
			<y12>100</y12>
			<x13>160</x13>
			<y13>99</y13>
			<x14>158</x14>
			<y14>99</y14>
			<x15>157</x15>
			<y15>98</y15>
			<x16>154</x16>
			<y16>98</y16>
			<x17>150</x17>
			<y17>101</y17>
			<x18>149</x18>
			<y18>101</y18>
			<x19>147</x19>
			<y19>104</y19>
			<x20>145</x20>
			<y20>104</y20>
			<x21>144</x21>
			<y21>105</y21>
			<x22>142</x22>
			<y22>105</y22>
			<x23>140</x23>
			<y23>106</y23>
			<x24>137</x24>
			<y24>109</y24>
			<x25>137</x25>
			<y25>112</y25>
			<x26>131</x26>
			<y26>112</y26>
			<x27>127</x27>
			<y27>114</y27>
			<x28>121</x28>
			<y28>120</y28>
			<x29>120</x29>
			<y29>122</y29>
			<x30>120</x30>
			<y30>125</y30>
			<x31>122</x31>
			<y31>129</y31>
			<x32>120</x32>
			<y32>131</y32>
			<x33>115</x33>
			<y33>133</y33>
			<x34>112</x34>
			<y34>136</y34>
			<x35>112</x35>
			<y35>140</y35>
			<x36>113</x36>
			<y36>141</y36>
			<x37>113</x37>
			<y37>145</y37>
			<x38>112</x38>
			<y38>146</y38>
			<x39>112</x39>
			<y39>151</y39>
			<x40>114</x40>
			<y40>155</y40>
			<x41>110</x41>
			<y41>159</y41>
			<x42>107</x42>
			<y42>158</y42>
			<x43>100</x43>
			<y43>151</y43>
			<x44>99</x44>
			<y44>149</y44>
			<x45>99</x45>
			<y45>147</y45>
			<x46>98</x46>
			<y46>146</y46>
			<x47>98</x47>
			<y47>135</y47>
			<x48>99</x48>
			<y48>134</y48>
			<x49>100</x49>
			<y49>129</y49>
			<x50>102</x50>
			<y50>125</y50>
			<x51>104</x51>
			<y51>123</y51>
			<x52>105</x52>
			<y52>120</y52>
			<x53>118</x53>
			<y53>106</y53>
			<x54>119</x54>
			<y54>106</y54>
			<x55>123</x55>
			<y55>102</y55>
			<x56>124</x56>
			<y56>102</y56>
			<x57>129</x57>
			<y57>98</y57>
			<x58>130</x58>
			<y58>98</y58>
			<x59>132</x59>
			<y59>96</y59>
			<x60>138</x60>
			<y60>93</y60>
			<x61>140</x61>
			<y61>93</y61>
			<x62>144</x62>
			<y62>91</y62>
			<x63>147</x63>
			<y63>91</y63>
			<x64>148</x64>
			<y64>90</y64>
			<x65>161</x65>
			<y65>90</y65>
		</polygon>
	</object>
	<object>
		<name>Watermelon rind</name>
		<pose>Unspecified</pose>
		<truncated>0</truncated>
		<difficult>0</difficult>
		<occluded>0</occluded>
		<bndbox>
			<xmin>132</xmin>
			<xmax>166</xmax>
			<ymin>118</ymin>
			<ymax>181</ymax>
		</bndbox>
		<polygon>
			<x1>146</x1>
			<y1>156</y1>
			<x2>147</x2>
			<y2>157</y2>
			<x3>146</x3>
			<y3>158</y3>
			<x4>146</x4>
			<y4>161</y4>
			<x5>149</x5>
			<y5>165</y5>
			<x6>149</x6>
			<y6>169</y6>
			<x7>152</x7>
			<y7>172</y7>
			<x8>158</x8>
			<y8>172</y8>
			<x9>159</x9>
			<y9>171</y9>
			<x10>161</x10>
			<y10>171</y10>
			<x11>164</x11>
			<y11>174</y11>
			<x12>164</x12>
			<y12>178</y12>
			<x13>163</x13>
			<y13>179</y13>
			<x14>154</x14>
			<y14>179</y14>
			<x15>153</x15>
			<y15>178</y15>
			<x16>149</x16>
			<y16>178</y16>
			<x17>143</x17>
			<y17>175</y17>
			<x18>137</x18>
			<y18>169</y18>
			<x19>134</x19>
			<y19>163</y19>
			<x20>133</x20>
			<y20>158</y20>
			<x21>132</x21>
			<y21>157</y21>
			<x22>132</x22>
			<y22>137</y22>
			<x23>133</x23>
			<y23>136</y23>
			<x24>134</x24>
			<y24>131</y24>
			<x25>136</x25>
			<y25>129</y25>
			<x26>136</x26>
			<y26>128</y26>
			<x27>143</x27>
			<y27>121</y27>
			<x28>149</x28>
			<y28>118</y28>
			<x29>152</x29>
			<y29>118</y29>
			<x30>153</x30>
			<y30>117</y30>
			<x31>156</x31>
			<y31>117</y31>
			<x32>156</x32>
			<y32>119</y32>
			<x33>157</x33>
			<y33>120</y33>
			<x34>154</x34>
			<y34>123</y34>
			<x35>153</x35>
			<y35>123</y35>
			<x36>151</x36>
			<y36>125</y36>
			<x37>150</x37>
			<y37>128</y37>
			<x38>145</x38>
			<y38>132</y38>
			<x39>145</x39>
			<y39>137</y39>
			<x40>147</x40>
			<y40>141</y40>
			<x41>142</x41>
			<y41>145</y41>
			<x42>142</x42>
			<y42>148</y42>
			<x43>141</x43>
			<y43>149</y43>
			<x44>142</x44>
			<y44>151</y44>
			<x45>142</x45>
			<y45>153</y45>
			<x46>145</x46>
			<y46>156</y46>
		</polygon>
	</object>
	<metadata>
	</metadata>
</annotation>
