<annotation>
	<folder></folder>
	<filename>IMG_8161_mov-0008_jpg.rf.c9e84dc916fea1b32418920aa82df7ca.jpg</filename>
	<path>IMG_8161_mov-0008_jpg.rf.c9e84dc916fea1b32418920aa82df7ca.jpg</path>
	<source>
		<database>roboflow.com</database>
	</source>
	<size>
		<width>320</width>
		<height>320</height>
		<depth>3</depth>
	</size>
	<segmented>0</segmented>
	<object>
		<name>Watermelon rind</name>
		<pose>Unspecified</pose>
		<truncated>0</truncated>
		<difficult>0</difficult>
		<occluded>0</occluded>
		<bndbox>
			<xmin>121</xmin>
			<xmax>173</xmax>
			<ymin>180</ymin>
			<ymax>211</ymax>
		</bndbox>
		<polygon>
			<x1>148</x1>
			<y1>200</y1>
			<x2>151</x2>
			<y2>203</y2>
			<x3>153</x3>
			<y3>204</y3>
			<x4>156</x4>
			<y4>204</y4>
			<x5>157</x5>
			<y5>203</y5>
			<x6>166</x6>
			<y6>203</y6>
			<x7>167</x7>
			<y7>202</y7>
			<x8>171</x8>
			<y8>204</y8>
			<x9>169</x9>
			<y9>206</y9>
			<x10>163</x10>
			<y10>209</y10>
			<x11>157</x11>
			<y11>209</y11>
			<x12>156</x12>
			<y12>210</y12>
			<x13>152</x13>
			<y13>210</y13>
			<x14>151</x14>
			<y14>209</y14>
			<x15>145</x15>
			<y15>209</y15>
			<x16>144</x16>
			<y16>208</y16>
			<x17>139</x17>
			<y17>207</y17>
			<x18>131</x18>
			<y18>203</y18>
			<x19>129</x19>
			<y19>201</y19>
			<x20>128</x20>
			<y20>201</y20>
			<x21>123</x21>
			<y21>196</y21>
			<x22>123</x22>
			<y22>195</y22>
			<x23>121</x23>
			<y23>193</y23>
			<x24>121</x24>
			<y24>185</y24>
			<x25>126</x25>
			<y25>179</y25>
			<x26>128</x26>
			<y26>180</y26>
			<x27>130</x27>
			<y27>180</y27>
			<x28>131</x28>
			<y28>182</y28>
			<x29>130</x29>
			<y29>184</y29>
			<x30>129</x30>
			<y30>184</y30>
			<x31>127</x31>
			<y31>186</y31>
			<x32>127</x32>
			<y32>188</y32>
			<x33>133</x33>
			<y33>194</y33>
			<x34>135</x34>
			<y34>194</y34>
			<x35>135</x35>
			<y35>196</y35>
			<x36>139</x36>
			<y36>200</y36>
			<x37>141</x37>
			<y37>200</y37>
			<x38>142</x38>
			<y38>201</y38>
			<x39>144</x39>
			<y39>200</y39>
			<x40>147</x40>
			<y40>200</y40>
		</polygon>
	</object>
	<object>
		<name>Watermelon rind</name>
		<pose>Unspecified</pose>
		<truncated>0</truncated>
		<difficult>0</difficult>
		<occluded>0</occluded>
		<bndbox>
			<xmin>141</xmin>
			<xmax>193</xmax>
			<ymin>178</ymin>
			<ymax>196</ymax>
		</bndbox>
		<polygon>
			<x1>140</x1>
			<y1>186</y1>
			<x2>143</x2>
			<y2>185</y2>
			<x3>150</x3>
			<y3>189</y3>
			<x4>155</x4>
			<y4>189</y4>
			<x5>156</x5>
			<y5>188</y5>
			<x6>159</x6>
			<y6>188</y6>
			<x7>162</x7>
			<y7>190</y7>
			<x8>166</x8>
			<y8>190</y8>
			<x9>171</x9>
			<y9>187</y9>
			<x10>175</x10>
			<y10>187</y10>
			<x11>178</x11>
			<y11>185</y11>
			<x12>181</x12>
			<y12>185</y12>
			<x13>183</x13>
			<y13>184</y13>
			<x14>184</x14>
			<y14>183</y14>
			<x15>184</x15>
			<y15>179</y15>
			<x16>185</x16>
			<y16>178</y16>
			<x17>187</x17>
			<y17>178</y17>
			<x18>188</x18>
			<y18>177</y18>
			<x19>191</x19>
			<y19>177</y19>
			<x20>192</x20>
			<y20>178</y20>
			<x21>191</x21>
			<y21>183</y21>
			<x22>186</x22>
			<y22>188</y22>
			<x23>180</x23>
			<y23>191</y23>
			<x24>178</x24>
			<y24>191</y24>
			<x25>177</x25>
			<y25>192</y25>
			<x26>174</x26>
			<y26>192</y26>
			<x27>173</x27>
			<y27>193</y27>
			<x28>170</x28>
			<y28>193</y28>
			<x29>169</x29>
			<y29>194</y29>
			<x30>160</x30>
			<y30>194</y30>
			<x31>159</x31>
			<y31>195</y31>
			<x32>158</x32>
			<y32>194</y32>
			<x33>149</x33>
			<y33>194</y33>
			<x34>148</x34>
			<y34>193</y34>
			<x35>146</x35>
			<y35>193</y35>
			<x36>144</x36>
			<y36>192</y36>
			<x37>140</x37>
			<y37>188</y37>
			<x38>140</x38>
			<y38>187</y38>
		</polygon>
	</object>
	<metadata>
	</metadata>
</annotation>
