<annotation>
	<folder></folder>
	<filename>IMG_8162_mov-0007_jpg.rf.24ba48dbb8cac7559ac77b9b215cb17b.jpg</filename>
	<path>IMG_8162_mov-0007_jpg.rf.24ba48dbb8cac7559ac77b9b215cb17b.jpg</path>
	<source>
		<database>roboflow.com</database>
	</source>
	<size>
		<width>320</width>
		<height>320</height>
		<depth>3</depth>
	</size>
	<segmented>0</segmented>
	<object>
		<name>fish</name>
		<pose>Unspecified</pose>
		<truncated>0</truncated>
		<difficult>0</difficult>
		<occluded>0</occluded>
		<bndbox>
			<xmin>124</xmin>
			<xmax>214</xmax>
			<ymin>167</ymin>
			<ymax>199</ymax>
		</bndbox>
		<polygon>
			<x1>143</x1>
			<y1>168</y1>
			<x2>144</x2>
			<y2>169</y2>
			<x3>144</x3>
			<y3>173</y3>
			<x4>145</x4>
			<y4>174</y4>
			<x5>150</x5>
			<y5>174</y5>
			<x6>151</x6>
			<y6>173</y6>
			<x7>153</x7>
			<y7>173</y7>
			<x8>156</x8>
			<y8>179</y8>
			<x9>158</x9>
			<y9>178</y9>
			<x10>158</x10>
			<y10>175</y10>
			<x11>160</x11>
			<y11>175</y11>
			<x12>162</x12>
			<y12>176</y12>
			<x13>165</x13>
			<y13>179</y13>
			<x14>166</x14>
			<y14>179</y14>
			<x15>167</x15>
			<y15>178</y15>
			<x16>165</x16>
			<y16>174</y16>
			<x17>166</x17>
			<y17>173</y17>
			<x18>170</x18>
			<y18>175</y18>
			<x19>173</x19>
			<y19>178</y19>
			<x20>178</x20>
			<y20>177</y20>
			<x21>179</x21>
			<y21>175</y21>
			<x22>186</x22>
			<y22>175</y22>
			<x23>187</x23>
			<y23>176</y23>
			<x24>194</x24>
			<y24>176</y24>
			<x25>195</x25>
			<y25>177</y25>
			<x26>199</x26>
			<y26>177</y26>
			<x27>203</x27>
			<y27>179</y27>
			<x28>206</x28>
			<y28>179</y28>
			<x29>212</x29>
			<y29>182</y29>
			<x30>212</x30>
			<y30>183</y30>
			<x31>208</x31>
			<y31>185</y31>
			<x32>210</x32>
			<y32>187</y32>
			<x33>211</x33>
			<y33>187</y33>
			<x34>205</x34>
			<y34>190</y34>
			<x35>202</x35>
			<y35>190</y35>
			<x36>201</x36>
			<y36>191</y36>
			<x37>198</x37>
			<y37>191</y37>
			<x38>197</x38>
			<y38>192</y38>
			<x39>194</x39>
			<y39>192</y39>
			<x40>193</x40>
			<y40>193</y40>
			<x41>188</x41>
			<y41>193</y41>
			<x42>187</x42>
			<y42>194</y42>
			<x43>185</x43>
			<y43>194</y43>
			<x44>183</x44>
			<y44>193</y44>
			<x45>177</x45>
			<y45>197</y45>
			<x46>174</x46>
			<y46>197</y46>
			<x47>177</x47>
			<y47>191</y47>
			<x48>177</x48>
			<y48>190</y48>
			<x49>175</x49>
			<y49>188</y49>
			<x50>170</x50>
			<y50>194</y50>
			<x51>164</x51>
			<y51>197</y51>
			<x52>162</x52>
			<y52>197</y52>
			<x53>161</x53>
			<y53>198</y53>
			<x54>159</x54>
			<y54>198</y54>
			<x55>159</x55>
			<y55>197</y55>
			<x56>160</x56>
			<y56>197</y56>
			<x57>166</x57>
			<y57>191</y57>
			<x58>166</x58>
			<y58>189</y58>
			<x59>167</x59>
			<y59>188</y59>
			<x60>166</x60>
			<y60>186</y60>
			<x61>163</x61>
			<y61>186</y61>
			<x62>158</x62>
			<y62>190</y62>
			<x63>154</x63>
			<y63>192</y63>
			<x64>152</x64>
			<y64>192</y64>
			<x65>151</x65>
			<y65>193</y65>
			<x66>151</x66>
			<y66>192</y66>
			<x67>156</x67>
			<y67>187</y67>
			<x68>157</x68>
			<y68>185</y68>
			<x69>156</x69>
			<y69>183</y69>
			<x70>151</x70>
			<y70>183</y70>
			<x71>150</x71>
			<y71>184</y71>
			<x72>143</x72>
			<y72>185</y72>
			<x73>146</x73>
			<y73>182</y73>
			<x74>145</x74>
			<y74>180</y74>
			<x75>139</x75>
			<y75>180</y75>
			<x76>139</x76>
			<y76>179</y76>
			<x77>141</x77>
			<y77>178</y77>
			<x78>138</x78>
			<y78>176</y78>
			<x79>135</x79>
			<y79>176</y79>
			<x80>134</x80>
			<y80>175</y80>
			<x81>130</x81>
			<y81>175</y81>
			<x82>129</x82>
			<y82>174</y82>
			<x83>125</x83>
			<y83>174</y83>
			<x84>123</x84>
			<y84>173</y84>
			<x85>123</x85>
			<y85>172</y85>
			<x86>126</x86>
			<y86>168</y86>
			<x87>130</x87>
			<y87>168</y87>
			<x88>133</x88>
			<y88>166</y88>
			<x89>140</x89>
			<y89>166</y89>
			<x90>142</x90>
			<y90>168</y90>
		</polygon>
	</object>
	<metadata>
	</metadata>
</annotation>
