<annotation>
	<folder></folder>
	<filename>IMG_1951_HEIC.rf.d044fc41d50fc0786360c1ba3963bf86.jpg</filename>
	<path>IMG_1951_HEIC.rf.d044fc41d50fc0786360c1ba3963bf86.jpg</path>
	<source>
		<database>roboflow.com</database>
	</source>
	<size>
		<width>320</width>
		<height>320</height>
		<depth>3</depth>
	</size>
	<segmented>0</segmented>
	<object>
		<name>Egg shell</name>
		<pose>Unspecified</pose>
		<truncated>0</truncated>
		<difficult>0</difficult>
		<occluded>0</occluded>
		<bndbox>
			<xmin>147</xmin>
			<xmax>204</xmax>
			<ymin>142</ymin>
			<ymax>168</ymax>
		</bndbox>
	</object>
	<metadata>
	</metadata>
</annotation>
