<annotation>
	<folder></folder>
	<filename>IMG_1929_HEIC.rf.f1305485511c7f8fbf4f61f5f3534e10.jpg</filename>
	<path>IMG_1929_HEIC.rf.f1305485511c7f8fbf4f61f5f3534e10.jpg</path>
	<source>
		<database>roboflow.com</database>
	</source>
	<size>
		<width>320</width>
		<height>320</height>
		<depth>3</depth>
	</size>
	<segmented>0</segmented>
	<object>
		<name>Egg shell</name>
		<pose>Unspecified</pose>
		<truncated>0</truncated>
		<difficult>0</difficult>
		<occluded>0</occluded>
		<bndbox>
			<xmin>152</xmin>
			<xmax>189</xmax>
			<ymin>126</ymin>
			<ymax>142</ymax>
		</bndbox>
	</object>
	<metadata>
	</metadata>
</annotation>
