<annotation>
	<folder></folder>
	<filename>IMG_8204_jpeg.rf.4c3637e74abc726a696373c3d7449d8c.jpg</filename>
	<path>IMG_8204_jpeg.rf.4c3637e74abc726a696373c3d7449d8c.jpg</path>
	<source>
		<database>roboflow.com</database>
	</source>
	<size>
		<width>320</width>
		<height>320</height>
		<depth>3</depth>
	</size>
	<segmented>0</segmented>
	<object>
		<name>Watermelon rind</name>
		<pose>Unspecified</pose>
		<truncated>0</truncated>
		<difficult>0</difficult>
		<occluded>0</occluded>
		<bndbox>
			<xmin>102</xmin>
			<xmax>166</xmax>
			<ymin>147</ymin>
			<ymax>175</ymax>
		</bndbox>
		<polygon>
			<x1>138</x1>
			<y1>148</y1>
			<x2>139</x2>
			<y2>149</y2>
			<x3>142</x3>
			<y3>149</y3>
			<x4>143</x4>
			<y4>150</y4>
			<x5>148</x5>
			<y5>151</y5>
			<x6>156</x6>
			<y6>155</y6>
			<x7>162</x7>
			<y7>160</y7>
			<x8>164</x8>
			<y8>164</y8>
			<x9>164</x9>
			<y9>169</y9>
			<x10>162</x10>
			<y10>173</y10>
			<x11>158</x11>
			<y11>173</y11>
			<x12>155</x12>
			<y12>171</y12>
			<x13>157</x13>
			<y13>167</y13>
			<x14>157</x14>
			<y14>165</y14>
			<x15>155</x15>
			<y15>163</y15>
			<x16>153</x16>
			<y16>162</y16>
			<x17>151</x17>
			<y17>162</y17>
			<x18>148</x18>
			<y18>159</y18>
			<x19>143</x19>
			<y19>159</y19>
			<x20>143</x20>
			<y20>158</y20>
			<x21>140</x21>
			<y21>155</y21>
			<x22>138</x22>
			<y22>155</y22>
			<x23>137</x23>
			<y23>154</y23>
			<x24>132</x24>
			<y24>154</y24>
			<x25>129</x25>
			<y25>156</y25>
			<x26>126</x26>
			<y26>156</y26>
			<x27>124</x27>
			<y27>154</y27>
			<x28>122</x28>
			<y28>154</y28>
			<x29>120</x29>
			<y29>153</y29>
			<x30>116</x30>
			<y30>155</y30>
			<x31>113</x31>
			<y31>155</y31>
			<x32>112</x32>
			<y32>156</y32>
			<x33>108</x33>
			<y33>156</y33>
			<x34>106</x34>
			<y34>158</y34>
			<x35>103</x35>
			<y35>158</y35>
			<x36>101</x36>
			<y36>157</y36>
			<x37>101</x37>
			<y37>156</y37>
			<x38>106</x38>
			<y38>151</y38>
			<x39>110</x39>
			<y39>149</y39>
			<x40>112</x40>
			<y40>149</y40>
			<x41>113</x41>
			<y41>148</y41>
			<x42>116</x42>
			<y42>148</y42>
			<x43>117</x43>
			<y43>147</y43>
			<x44>132</x44>
			<y44>147</y44>
			<x45>133</x45>
			<y45>148</y45>
			<x46>137</x46>
			<y46>148</y46>
		</polygon>
	</object>
	<object>
		<name>Watermelon rind</name>
		<pose>Unspecified</pose>
		<truncated>0</truncated>
		<difficult>0</difficult>
		<occluded>0</occluded>
		<bndbox>
			<xmin>92</xmin>
			<xmax>144</xmax>
			<ymin>164</ymin>
			<ymax>189</ymax>
		</bndbox>
		<polygon>
			<x1>137</x1>
			<y1>164</y1>
			<x2>141</x2>
			<y2>167</y2>
			<x3>142</x3>
			<y3>167</y3>
			<x4>142</x4>
			<y4>169</y4>
			<x5>141</x5>
			<y5>170</y5>
			<x6>139</x6>
			<y6>170</y6>
			<x7>138</x7>
			<y7>169</y7>
			<x8>133</x8>
			<y8>169</y8>
			<x9>132</x9>
			<y9>168</y9>
			<x10>126</x10>
			<y10>168</y10>
			<x11>124</x11>
			<y11>170</y11>
			<x12>120</x12>
			<y12>170</y12>
			<x13>119</x13>
			<y13>169</y13>
			<x14>114</x14>
			<y14>170</y14>
			<x15>112</x15>
			<y15>171</y15>
			<x16>109</x16>
			<y16>174</y16>
			<x17>107</x17>
			<y17>174</y17>
			<x18>103</x18>
			<y18>177</y18>
			<x19>100</x19>
			<y19>178</y19>
			<x20>98</x20>
			<y20>180</y20>
			<x21>98</x21>
			<y21>182</y21>
			<x22>99</x22>
			<y22>183</y22>
			<x23>99</x23>
			<y23>186</y23>
			<x24>95</x24>
			<y24>188</y24>
			<x25>94</x25>
			<y25>188</y25>
			<x26>92</x26>
			<y26>185</y26>
			<x27>92</x27>
			<y27>179</y27>
			<x28>93</x28>
			<y28>177</y28>
			<x29>98</x29>
			<y29>172</y29>
			<x30>110</x30>
			<y30>166</y30>
			<x31>112</x31>
			<y31>166</y31>
			<x32>113</x32>
			<y32>165</y32>
			<x33>116</x33>
			<y33>165</y33>
			<x34>117</x34>
			<y34>164</y34>
			<x35>121</x35>
			<y35>164</y35>
			<x36>122</x36>
			<y36>163</y36>
			<x37>133</x37>
			<y37>163</y37>
			<x38>134</x38>
			<y38>164</y38>
			<x39>136</x39>
			<y39>164</y39>
		</polygon>
	</object>
	<metadata>
	</metadata>
</annotation>
