<annotation>
	<folder></folder>
	<filename>IMG_8423_jpeg.rf.6beb3f2577ec99a8c48d10e6e1cca017.jpg</filename>
	<path>IMG_8423_jpeg.rf.6beb3f2577ec99a8c48d10e6e1cca017.jpg</path>
	<source>
		<database>roboflow.com</database>
	</source>
	<size>
		<width>320</width>
		<height>320</height>
		<depth>3</depth>
	</size>
	<segmented>0</segmented>
	<object>
		<name>fish</name>
		<pose>Unspecified</pose>
		<truncated>0</truncated>
		<difficult>0</difficult>
		<occluded>0</occluded>
		<bndbox>
			<xmin>80</xmin>
			<xmax>126</xmax>
			<ymin>151</ymin>
			<ymax>209</ymax>
		</bndbox>
		<polygon>
			<x1>91</x1>
			<y1>151</y1>
			<x2>93</x2>
			<y2>151</y2>
			<x3>95</x3>
			<y3>153</y3>
			<x4>97</x4>
			<y4>153</y4>
			<x5>100</x5>
			<y5>150</y5>
			<x6>101</x6>
			<y6>150</y6>
			<x7>113</x7>
			<y7>161</y7>
			<x8>114</x8>
			<y8>163</y8>
			<x9>113</x9>
			<y9>165</y9>
			<x10>114</x10>
			<y10>166</y10>
			<x11>121</x11>
			<y11>169</y11>
			<x12>121</x12>
			<y12>170</y12>
			<x13>117</x13>
			<y13>170</y13>
			<x14>116</x14>
			<y14>169</y14>
			<x15>111</x15>
			<y15>169</y15>
			<x16>107</x16>
			<y16>171</y16>
			<x17>108</x17>
			<y17>172</y17>
			<x18>111</x18>
			<y18>172</y18>
			<x19>115</x19>
			<y19>174</y19>
			<x20>118</x20>
			<y20>174</y20>
			<x21>124</x21>
			<y21>177</y21>
			<x22>124</x22>
			<y22>178</y22>
			<x23>120</x23>
			<y23>178</y23>
			<x24>119</x24>
			<y24>177</y24>
			<x25>114</x25>
			<y25>177</y25>
			<x26>113</x26>
			<y26>176</y26>
			<x27>111</x27>
			<y27>176</y27>
			<x28>108</x28>
			<y28>179</y28>
			<x29>116</x29>
			<y29>183</y29>
			<x30>118</x30>
			<y30>185</y30>
			<x31>116</x31>
			<y31>184</y31>
			<x32>112</x32>
			<y32>184</y32>
			<x33>111</x33>
			<y33>183</y33>
			<x34>105</x34>
			<y34>183</y34>
			<x35>103</x35>
			<y35>185</y35>
			<x36>103</x36>
			<y36>186</y36>
			<x37>106</x37>
			<y37>189</y37>
			<x38>108</x38>
			<y38>190</y38>
			<x39>108</x39>
			<y39>192</y39>
			<x40>107</x40>
			<y40>191</y40>
			<x41>104</x41>
			<y41>191</y41>
			<x42>103</x42>
			<y42>190</y42>
			<x43>101</x43>
			<y43>192</y43>
			<x44>101</x44>
			<y44>195</y44>
			<x45>99</x45>
			<y45>195</y45>
			<x46>98</x46>
			<y46>194</y46>
			<x47>96</x47>
			<y47>195</y47>
			<x48>96</x48>
			<y48>198</y48>
			<x49>95</x49>
			<y49>199</y49>
			<x50>95</x50>
			<y50>203</y50>
			<x51>93</x51>
			<y51>207</y51>
			<x52>91</x52>
			<y52>206</y52>
			<x53>89</x53>
			<y53>206</y53>
			<x54>88</x54>
			<y54>207</y54>
			<x55>85</x55>
			<y55>207</y55>
			<x56>85</x56>
			<y56>206</y56>
			<x57>81</x57>
			<y57>203</y57>
			<x58>80</x58>
			<y58>201</y58>
			<x59>80</x59>
			<y59>199</y59>
			<x60>82</x60>
			<y60>197</y60>
			<x61>82</x61>
			<y61>196</y61>
			<x62>84</x62>
			<y62>196</y62>
			<x63>85</x63>
			<y63>195</y63>
			<x64>90</x64>
			<y64>195</y64>
			<x65>91</x65>
			<y65>194</y65>
			<x66>88</x66>
			<y66>190</y66>
			<x67>93</x67>
			<y67>186</y67>
			<x68>92</x68>
			<y68>185</y68>
			<x69>90</x69>
			<y69>185</y69>
			<x70>91</x70>
			<y70>184</y70>
			<x71>91</x71>
			<y71>182</y71>
			<x72>90</x72>
			<y72>181</y72>
			<x73>87</x73>
			<y73>181</y73>
			<x74>86</x74>
			<y74>182</y74>
			<x75>86</x75>
			<y75>181</y75>
			<x76>91</x76>
			<y76>176</y76>
			<x77>90</x77>
			<y77>175</y77>
			<x78>90</x78>
			<y78>173</y78>
			<x79>91</x79>
			<y79>172</y79>
			<x80>90</x80>
			<y80>171</y80>
			<x81>88</x81>
			<y81>172</y81>
			<x82>86</x82>
			<y82>172</y82>
			<x83>86</x83>
			<y83>160</y83>
			<x84>87</x84>
			<y84>159</y84>
			<x85>87</x85>
			<y85>157</y85>
			<x86>88</x86>
			<y86>155</y86>
			<x87>91</x87>
			<y87>152</y87>
		</polygon>
	</object>
	<metadata>
	</metadata>
</annotation>
