<annotation>
	<folder></folder>
	<filename>IMG_8153_jpeg.rf.6f9d792841d99e01f6ce5b6e2673161d.jpg</filename>
	<path>IMG_8153_jpeg.rf.6f9d792841d99e01f6ce5b6e2673161d.jpg</path>
	<source>
		<database>roboflow.com</database>
	</source>
	<size>
		<width>320</width>
		<height>320</height>
		<depth>3</depth>
	</size>
	<segmented>0</segmented>
	<object>
		<name>Watermelon rind</name>
		<pose>Unspecified</pose>
		<truncated>0</truncated>
		<difficult>0</difficult>
		<occluded>0</occluded>
		<bndbox>
			<xmin>87</xmin>
			<xmax>159</xmax>
			<ymin>154</ymin>
			<ymax>239</ymax>
		</bndbox>
		<polygon>
			<x1>149</x1>
			<y1>154</y1>
			<x2>150</x2>
			<y2>155</y2>
			<x3>153</x3>
			<y3>155</y3>
			<x4>154</x4>
			<y4>156</y4>
			<x5>156</x5>
			<y5>156</y5>
			<x6>158</x6>
			<y6>157</y6>
			<x7>157</x7>
			<y7>160</y7>
			<x8>155</x8>
			<y8>162</y8>
			<x9>152</x9>
			<y9>160</y9>
			<x10>150</x10>
			<y10>160</y10>
			<x11>149</x11>
			<y11>159</y11>
			<x12>144</x12>
			<y12>159</y12>
			<x13>143</x13>
			<y13>158</y13>
			<x14>137</x14>
			<y14>158</y14>
			<x15>136</x15>
			<y15>159</y15>
			<x16>132</x16>
			<y16>159</y16>
			<x17>131</x17>
			<y17>160</y17>
			<x18>129</x18>
			<y18>160</y18>
			<x19>121</x19>
			<y19>164</y19>
			<x20>119</x20>
			<y20>166</y20>
			<x21>118</x21>
			<y21>166</y21>
			<x22>107</x22>
			<y22>177</y22>
			<x23>107</x23>
			<y23>178</y23>
			<x24>102</x24>
			<y24>184</y24>
			<x25>101</x25>
			<y25>187</y25>
			<x26>99</x26>
			<y26>189</y26>
			<x27>97</x27>
			<y27>193</y27>
			<x28>97</x28>
			<y28>195</y28>
			<x29>95</x29>
			<y29>198</y29>
			<x30>95</x30>
			<y30>201</y30>
			<x31>94</x31>
			<y31>202</y31>
			<x32>94</x32>
			<y32>205</y32>
			<x33>93</x33>
			<y33>206</y33>
			<x34>93</x34>
			<y34>214</y34>
			<x35>94</x35>
			<y35>215</y35>
			<x36>94</x36>
			<y36>219</y36>
			<x37>96</x37>
			<y37>223</y37>
			<x38>99</x38>
			<y38>226</y38>
			<x39>99</x39>
			<y39>227</y39>
			<x40>103</x40>
			<y40>231</y40>
			<x41>104</x41>
			<y41>231</y41>
			<x42>107</x42>
			<y42>234</y42>
			<x43>109</x43>
			<y43>235</y43>
			<x44>107</x44>
			<y44>238</y44>
			<x45>103</x45>
			<y45>236</y45>
			<x46>101</x46>
			<y46>236</y46>
			<x47>99</x47>
			<y47>234</y47>
			<x48>95</x48>
			<y48>232</y48>
			<x49>90</x49>
			<y49>226</y49>
			<x50>88</x50>
			<y50>222</y50>
			<x51>88</x51>
			<y51>220</y51>
			<x52>87</x52>
			<y52>219</y52>
			<x53>87</x53>
			<y53>215</y53>
			<x54>86</x54>
			<y54>214</y54>
			<x55>86</x55>
			<y55>208</y55>
			<x56>87</x56>
			<y56>207</y56>
			<x57>87</x57>
			<y57>202</y57>
			<x58>88</x58>
			<y58>201</y58>
			<x59>89</x59>
			<y59>196</y59>
			<x60>91</x60>
			<y60>193</y60>
			<x61>91</x61>
			<y61>191</y61>
			<x62>94</x62>
			<y62>187</y62>
			<x63>96</x63>
			<y63>182</y63>
			<x64>101</x64>
			<y64>176</y64>
			<x65>101</x65>
			<y65>175</y65>
			<x66>108</x66>
			<y66>168</y66>
			<x67>108</x67>
			<y67>167</y67>
			<x68>109</x68>
			<y68>167</y68>
			<x69>114</x69>
			<y69>162</y69>
			<x70>115</x70>
			<y70>162</y70>
			<x71>117</x71>
			<y71>160</y71>
			<x72>125</x72>
			<y72>156</y72>
			<x73>127</x73>
			<y73>156</y73>
			<x74>131</x74>
			<y74>154</y74>
			<x75>148</x75>
			<y75>154</y75>
		</polygon>
	</object>
	<object>
		<name>Watermelon rind</name>
		<pose>Unspecified</pose>
		<truncated>0</truncated>
		<difficult>0</difficult>
		<occluded>0</occluded>
		<bndbox>
			<xmin>125</xmin>
			<xmax>177</xmax>
			<ymin>183</ymin>
			<ymax>253</ymax>
		</bndbox>
		<polygon>
			<x1>149</x1>
			<y1>243</y1>
			<x2>154</x2>
			<y2>246</y2>
			<x3>156</x3>
			<y3>246</y3>
			<x4>157</x4>
			<y4>247</y4>
			<x5>161</x5>
			<y5>247</y5>
			<x6>162</x6>
			<y6>248</y6>
			<x7>164</x7>
			<y7>248</y7>
			<x8>165</x8>
			<y8>247</y8>
			<x9>170</x9>
			<y9>247</y9>
			<x10>174</x10>
			<y10>245</y10>
			<x11>175</x11>
			<y11>246</y11>
			<x12>175</x12>
			<y12>249</y12>
			<x13>174</x13>
			<y13>250</y13>
			<x14>171</x14>
			<y14>250</y14>
			<x15>170</x15>
			<y15>251</y15>
			<x16>156</x16>
			<y16>251</y16>
			<x17>155</x17>
			<y17>250</y17>
			<x18>150</x18>
			<y18>249</y18>
			<x19>144</x19>
			<y19>246</y19>
			<x20>135</x20>
			<y20>237</y20>
			<x21>131</x21>
			<y21>229</y21>
			<x22>129</x22>
			<y22>227</y22>
			<x23>128</x23>
			<y23>225</y23>
			<x24>128</x24>
			<y24>223</y24>
			<x25>127</x25>
			<y25>222</y25>
			<x26>127</x26>
			<y26>220</y26>
			<x27>126</x27>
			<y27>219</y27>
			<x28>126</x28>
			<y28>217</y28>
			<x29>125</x29>
			<y29>216</y29>
			<x30>125</x30>
			<y30>212</y30>
			<x31>124</x31>
			<y31>211</y31>
			<x32>124</x32>
			<y32>202</y32>
			<x33>125</x33>
			<y33>201</y33>
			<x34>125</x34>
			<y34>198</y34>
			<x35>127</x35>
			<y35>194</y35>
			<x36>129</x36>
			<y36>192</y36>
			<x37>129</x37>
			<y37>191</y37>
			<x38>133</x38>
			<y38>187</y38>
			<x39>141</x39>
			<y39>183</y39>
			<x40>144</x40>
			<y40>183</y40>
			<x41>145</x41>
			<y41>185</y41>
			<x42>139</x42>
			<y42>188</y42>
			<x43>134</x43>
			<y43>193</y43>
			<x44>134</x44>
			<y44>194</y44>
			<x45>131</x45>
			<y45>198</y45>
			<x46>131</x46>
			<y46>200</y46>
			<x47>130</x47>
			<y47>201</y47>
			<x48>130</x48>
			<y48>206</y48>
			<x49>129</x49>
			<y49>207</y49>
			<x50>130</x50>
			<y50>208</y50>
			<x51>130</x51>
			<y51>214</y51>
			<x52>131</x52>
			<y52>215</y52>
			<x53>131</x53>
			<y53>218</y53>
			<x54>132</x54>
			<y54>219</y54>
			<x55>132</x55>
			<y55>221</y55>
			<x56>137</x56>
			<y56>231</y56>
			<x57>139</x57>
			<y57>233</y57>
			<x58>139</x58>
			<y58>234</y58>
			<x59>148</x59>
			<y59>243</y59>
		</polygon>
	</object>
	<metadata>
	</metadata>
</annotation>
