<annotation>
	<folder></folder>
	<filename>IMG_8200_jpeg.rf.163575a92a37c94f909d301f9553e865.jpg</filename>
	<path>IMG_8200_jpeg.rf.163575a92a37c94f909d301f9553e865.jpg</path>
	<source>
		<database>roboflow.com</database>
	</source>
	<size>
		<width>320</width>
		<height>320</height>
		<depth>3</depth>
	</size>
	<segmented>0</segmented>
	<object>
		<name>Watermelon rind</name>
		<pose>Unspecified</pose>
		<truncated>0</truncated>
		<difficult>0</difficult>
		<occluded>0</occluded>
		<bndbox>
			<xmin>87</xmin>
			<xmax>121</xmax>
			<ymin>154</ymin>
			<ymax>195</ymax>
		</bndbox>
		<polygon>
			<x1>96</x1>
			<y1>160</y1>
			<x2>97</x2>
			<y2>160</y2>
			<x3>100</x3>
			<y3>157</y3>
			<x4>101</x4>
			<y4>157</y4>
			<x5>105</x5>
			<y5>154</y5>
			<x6>108</x6>
			<y6>154</y6>
			<x7>109</x7>
			<y7>153</y7>
			<x8>118</x8>
			<y8>153</y8>
			<x9>119</x9>
			<y9>154</y9>
			<x10>118</x10>
			<y10>156</y10>
			<x11>115</x11>
			<y11>156</y11>
			<x12>110</x12>
			<y12>159</y12>
			<x13>108</x13>
			<y13>159</y13>
			<x14>105</x14>
			<y14>162</y14>
			<x15>105</x15>
			<y15>164</y15>
			<x16>104</x16>
			<y16>165</y16>
			<x17>102</x17>
			<y17>166</y17>
			<x18>100</x18>
			<y18>166</y18>
			<x19>97</x19>
			<y19>169</y19>
			<x20>96</x20>
			<y20>171</y20>
			<x21>96</x21>
			<y21>173</y21>
			<x22>97</x22>
			<y22>175</y22>
			<x23>95</x23>
			<y23>177</y23>
			<x24>95</x24>
			<y24>180</y24>
			<x25>93</x25>
			<y25>184</y25>
			<x26>96</x26>
			<y26>187</y26>
			<x27>98</x27>
			<y27>187</y27>
			<x28>100</x28>
			<y28>189</y28>
			<x29>98</x29>
			<y29>193</y29>
			<x30>96</x30>
			<y30>193</y30>
			<x31>92</x31>
			<y31>191</y31>
			<x32>87</x32>
			<y32>186</y32>
			<x33>87</x33>
			<y33>183</y33>
			<x34>86</x34>
			<y34>182</y34>
			<x35>86</x35>
			<y35>179</y35>
			<x36>87</x36>
			<y36>178</y36>
			<x37>87</x37>
			<y37>174</y37>
			<x38>89</x38>
			<y38>170</y38>
			<x39>91</x39>
			<y39>168</y39>
			<x40>92</x40>
			<y40>165</y40>
			<x41>96</x41>
			<y41>161</y41>
		</polygon>
	</object>
	<object>
		<name>Watermelon rind</name>
		<pose>Unspecified</pose>
		<truncated>0</truncated>
		<difficult>0</difficult>
		<occluded>0</occluded>
		<bndbox>
			<xmin>73</xmin>
			<xmax>141</xmax>
			<ymin>137</ymin>
			<ymax>167</ymax>
		</bndbox>
		<polygon>
			<x1>131</x1>
			<y1>139</y1>
			<x2>133</x2>
			<y2>140</y2>
			<x3>139</x3>
			<y3>146</y3>
			<x4>138</x4>
			<y4>148</y4>
			<x5>136</x5>
			<y5>148</y5>
			<x6>135</x6>
			<y6>149</y6>
			<x7>132</x7>
			<y7>149</y7>
			<x8>130</x8>
			<y8>148</y8>
			<x9>130</x9>
			<y9>146</y9>
			<x10>127</x10>
			<y10>143</y10>
			<x11>121</x11>
			<y11>143</y11>
			<x12>120</x12>
			<y12>144</y12>
			<x13>113</x13>
			<y13>144</y13>
			<x14>112</x14>
			<y14>145</y14>
			<x15>106</x15>
			<y15>145</y15>
			<x16>105</x16>
			<y16>144</y16>
			<x17>104</x17>
			<y17>145</y17>
			<x18>101</x18>
			<y18>145</y18>
			<x19>99</x19>
			<y19>146</y19>
			<x20>94</x20>
			<y20>152</y20>
			<x21>88</x21>
			<y21>152</y21>
			<x22>86</x22>
			<y22>153</y22>
			<x23>84</x23>
			<y23>157</y23>
			<x24>80</x24>
			<y24>160</y24>
			<x25>79</x25>
			<y25>162</y25>
			<x26>79</x26>
			<y26>164</y26>
			<x27>76</x27>
			<y27>166</y27>
			<x28>74</x28>
			<y28>166</y28>
			<x29>73</x29>
			<y29>164</y29>
			<x30>73</x30>
			<y30>157</y30>
			<x31>75</x31>
			<y31>153</y31>
			<x32>84</x32>
			<y32>145</y32>
			<x33>86</x33>
			<y33>144</y33>
			<x34>88</x34>
			<y34>144</y34>
			<x35>93</x35>
			<y35>141</y35>
			<x36>95</x36>
			<y36>141</y36>
			<x37>96</x37>
			<y37>140</y37>
			<x38>99</x38>
			<y38>140</y38>
			<x39>103</x39>
			<y39>138</y39>
			<x40>106</x40>
			<y40>138</y40>
			<x41>107</x41>
			<y41>137</y41>
			<x42>126</x42>
			<y42>137</y42>
			<x43>130</x43>
			<y43>139</y43>
		</polygon>
	</object>
	<metadata>
	</metadata>
</annotation>
