<annotation>
	<folder></folder>
	<filename>IMG_1967_HEIC.rf.fd83840841726b26f0bb8524a2efaa1e.jpg</filename>
	<path>IMG_1967_HEIC.rf.fd83840841726b26f0bb8524a2efaa1e.jpg</path>
	<source>
		<database>roboflow.com</database>
	</source>
	<size>
		<width>320</width>
		<height>320</height>
		<depth>3</depth>
	</size>
	<segmented>0</segmented>
	<object>
		<name>Egg shell</name>
		<pose>Unspecified</pose>
		<truncated>0</truncated>
		<difficult>0</difficult>
		<occluded>0</occluded>
		<bndbox>
			<xmin>143</xmin>
			<xmax>189</xmax>
			<ymin>156</ymin>
			<ymax>179</ymax>
		</bndbox>
	</object>
	<metadata>
	</metadata>
</annotation>
