<annotation>
	<folder></folder>
	<filename>IMG_8323_jpeg.rf.79f547e2996e734ec16845262685e8ae.jpg</filename>
	<path>IMG_8323_jpeg.rf.79f547e2996e734ec16845262685e8ae.jpg</path>
	<source>
		<database>roboflow.com</database>
	</source>
	<size>
		<width>320</width>
		<height>320</height>
		<depth>3</depth>
	</size>
	<segmented>0</segmented>
	<object>
		<name>Watermelon rind</name>
		<pose>Unspecified</pose>
		<truncated>0</truncated>
		<difficult>0</difficult>
		<occluded>0</occluded>
		<bndbox>
			<xmin>118</xmin>
			<xmax>197</xmax>
			<ymin>104</ymin>
			<ymax>142</ymax>
		</bndbox>
		<polygon>
			<x1>122</x1>
			<y1>103</y1>
			<x2>125</x2>
			<y2>105</y2>
			<x3>127</x3>
			<y3>105</y3>
			<x4>129</x4>
			<y4>107</y4>
			<x5>129</x5>
			<y5>109</y5>
			<x6>127</x6>
			<y6>111</y6>
			<x7>126</x7>
			<y7>113</y7>
			<x8>126</x8>
			<y8>115</y8>
			<x9>129</x9>
			<y9>118</y9>
			<x10>131</x10>
			<y10>118</y10>
			<x11>133</x11>
			<y11>119</y11>
			<x12>136</x12>
			<y12>122</y12>
			<x13>140</x13>
			<y13>124</y13>
			<x14>142</x14>
			<y14>123</y14>
			<x15>143</x15>
			<y15>125</y15>
			<x16>147</x16>
			<y16>129</y16>
			<x17>149</x17>
			<y17>130</y17>
			<x18>152</x18>
			<y18>130</y18>
			<x19>153</x19>
			<y19>131</y19>
			<x20>157</x20>
			<y20>131</y20>
			<x21>161</x21>
			<y21>129</y21>
			<x22>164</x22>
			<y22>129</y22>
			<x23>168</x23>
			<y23>133</y23>
			<x24>175</x24>
			<y24>133</y24>
			<x25>176</x25>
			<y25>132</y25>
			<x26>185</x26>
			<y26>132</y26>
			<x27>191</x27>
			<y27>129</y27>
			<x28>192</x28>
			<y28>130</y28>
			<x29>194</x29>
			<y29>130</y29>
			<x30>195</x30>
			<y30>132</y30>
			<x31>191</x31>
			<y31>136</y31>
			<x32>185</x32>
			<y32>139</y32>
			<x33>182</x33>
			<y33>139</y33>
			<x34>181</x34>
			<y34>140</y34>
			<x35>178</x35>
			<y35>140</y35>
			<x36>177</x36>
			<y36>141</y36>
			<x37>164</x37>
			<y37>141</y37>
			<x38>163</x38>
			<y38>140</y38>
			<x39>154</x39>
			<y39>139</y39>
			<x40>153</x40>
			<y40>138</y40>
			<x41>151</x41>
			<y41>138</y41>
			<x42>150</x42>
			<y42>137</y42>
			<x43>147</x43>
			<y43>137</y43>
			<x44>144</x44>
			<y44>135</y44>
			<x45>139</x45>
			<y45>134</y45>
			<x46>131</x46>
			<y46>130</y46>
			<x47>126</x47>
			<y47>126</y47>
			<x48>125</x48>
			<y48>126</y48>
			<x49>119</x49>
			<y49>119</y49>
			<x50>118</x50>
			<y50>117</y50>
			<x51>118</x51>
			<y51>108</y51>
			<x52>120</x52>
			<y52>104</y52>
			<x53>121</x53>
			<y53>104</y53>
		</polygon>
	</object>
	<object>
		<name>Watermelon rind</name>
		<pose>Unspecified</pose>
		<truncated>0</truncated>
		<difficult>0</difficult>
		<occluded>0</occluded>
		<bndbox>
			<xmin>145</xmin>
			<xmax>213</xmax>
			<ymin>94</ymin>
			<ymax>122</ymax>
		</bndbox>
		<polygon>
			<x1>209</x1>
			<y1>93</y1>
			<x2>211</x2>
			<y2>94</y2>
			<x3>211</x3>
			<y3>97</y3>
			<x4>212</x4>
			<y4>98</y4>
			<x5>212</x5>
			<y5>101</y5>
			<x6>211</x6>
			<y6>102</y6>
			<x7>211</x7>
			<y7>104</y7>
			<x8>210</x8>
			<y8>106</y8>
			<x9>203</x9>
			<y9>112</y9>
			<x10>195</x10>
			<y10>116</y10>
			<x11>193</x11>
			<y11>116</y11>
			<x12>189</x12>
			<y12>118</y12>
			<x13>186</x13>
			<y13>118</y13>
			<x14>185</x14>
			<y14>119</y14>
			<x15>182</x15>
			<y15>119</y15>
			<x16>181</x16>
			<y16>120</y16>
			<x17>176</x17>
			<y17>120</y17>
			<x18>175</x18>
			<y18>121</y18>
			<x19>162</x19>
			<y19>121</y19>
			<x20>161</x20>
			<y20>120</y20>
			<x21>156</x21>
			<y21>120</y21>
			<x22>155</x22>
			<y22>119</y22>
			<x23>153</x23>
			<y23>119</y23>
			<x24>151</x24>
			<y24>118</y24>
			<x25>145</x25>
			<y25>113</y25>
			<x26>145</x26>
			<y26>111</y26>
			<x27>147</x27>
			<y27>111</y27>
			<x28>149</x28>
			<y28>110</y28>
			<x29>151</x29>
			<y29>112</y29>
			<x30>153</x30>
			<y30>112</y30>
			<x31>154</x31>
			<y31>113</y31>
			<x32>158</x32>
			<y32>113</y32>
			<x33>161</x33>
			<y33>115</y33>
			<x34>164</x34>
			<y34>115</y34>
			<x35>169</x35>
			<y35>112</y35>
			<x36>172</x36>
			<y36>112</y36>
			<x37>174</x37>
			<y37>114</y37>
			<x38>181</x38>
			<y38>114</y38>
			<x39>182</x39>
			<y39>113</y39>
			<x40>184</x40>
			<y40>113</y40>
			<x41>187</x41>
			<y41>110</y41>
			<x42>187</x42>
			<y42>109</y42>
			<x43>192</x43>
			<y43>109</y43>
			<x44>198</x44>
			<y44>105</y44>
			<x45>201</x45>
			<y45>105</y45>
			<x46>204</x46>
			<y46>102</y46>
			<x47>204</x47>
			<y47>100</y47>
			<x48>202</x48>
			<y48>98</y48>
			<x49>202</x49>
			<y49>96</y49>
			<x50>205</x50>
			<y50>94</y50>
			<x51>208</x51>
			<y51>94</y51>
		</polygon>
	</object>
	<metadata>
	</metadata>
</annotation>
