<annotation>
	<folder></folder>
	<filename>IMG_8369_jpeg.rf.a5c24a5c45a1bca5e953ef7b9de8c538.jpg</filename>
	<path>IMG_8369_jpeg.rf.a5c24a5c45a1bca5e953ef7b9de8c538.jpg</path>
	<source>
		<database>roboflow.com</database>
	</source>
	<size>
		<width>320</width>
		<height>320</height>
		<depth>3</depth>
	</size>
	<segmented>0</segmented>
	<object>
		<name>fish</name>
		<pose>Unspecified</pose>
		<truncated>0</truncated>
		<difficult>0</difficult>
		<occluded>0</occluded>
		<bndbox>
			<xmin>142</xmin>
			<xmax>225</xmax>
			<ymin>190</ymin>
			<ymax>229</ymax>
		</bndbox>
		<polygon>
			<x1>193</x1>
			<y1>195</y1>
			<x2>193</x2>
			<y2>196</y2>
			<x3>190</x3>
			<y3>200</y3>
			<x4>190</x4>
			<y4>202</y4>
			<x5>189</x5>
			<y5>203</y5>
			<x6>189</x6>
			<y6>206</y6>
			<x7>191</x7>
			<y7>208</y7>
			<x8>194</x8>
			<y8>208</y8>
			<x9>199</x9>
			<y9>204</y9>
			<x10>202</x10>
			<y10>204</y10>
			<x11>200</x11>
			<y11>206</y11>
			<x12>199</x12>
			<y12>209</y12>
			<x13>200</x13>
			<y13>210</y13>
			<x14>206</x14>
			<y14>210</y14>
			<x15>206</x15>
			<y15>211</y15>
			<x16>204</x16>
			<y16>213</y16>
			<x17>206</x17>
			<y17>215</y17>
			<x18>214</x18>
			<y18>215</y18>
			<x19>215</x19>
			<y19>216</y19>
			<x20>220</x20>
			<y20>216</y20>
			<x21>221</x21>
			<y21>217</y21>
			<x22>223</x22>
			<y22>217</y22>
			<x23>223</x23>
			<y23>218</y23>
			<x24>221</x24>
			<y24>220</y24>
			<x25>222</x25>
			<y25>222</y25>
			<x26>222</x26>
			<y26>224</y26>
			<x27>218</x27>
			<y27>224</y27>
			<x28>217</x28>
			<y28>226</y28>
			<x29>215</x29>
			<y29>227</y29>
			<x30>213</x30>
			<y30>226</y30>
			<x31>212</x31>
			<y31>227</y31>
			<x32>209</x32>
			<y32>227</y32>
			<x33>207</x33>
			<y33>225</y33>
			<x34>205</x34>
			<y34>225</y34>
			<x35>205</x35>
			<y35>218</y35>
			<x36>203</x36>
			<y36>216</y36>
			<x37>202</x37>
			<y37>218</y37>
			<x38>200</x38>
			<y38>218</y38>
			<x39>198</x39>
			<y39>217</y39>
			<x40>197</x40>
			<y40>218</y40>
			<x41>197</x41>
			<y41>220</y41>
			<x42>192</x42>
			<y42>214</y42>
			<x43>190</x43>
			<y43>215</y43>
			<x44>190</x44>
			<y44>217</y44>
			<x45>187</x45>
			<y45>217</y45>
			<x46>185</x46>
			<y46>216</y46>
			<x47>183</x47>
			<y47>218</y47>
			<x48>184</x48>
			<y48>219</y48>
			<x49>184</x49>
			<y49>221</y49>
			<x50>182</x50>
			<y50>220</y50>
			<x51>179</x51>
			<y51>217</y51>
			<x52>178</x52>
			<y52>217</y52>
			<x53>175</x53>
			<y53>213</y53>
			<x54>174</x54>
			<y54>214</y54>
			<x55>174</x55>
			<y55>216</y55>
			<x56>171</x56>
			<y56>218</y56>
			<x57>172</x57>
			<y57>219</y57>
			<x58>169</x58>
			<y58>219</y58>
			<x59>168</x59>
			<y59>220</y59>
			<x60>167</x60>
			<y60>219</y60>
			<x61>155</x61>
			<y61>219</y61>
			<x62>154</x62>
			<y62>218</y62>
			<x63>151</x63>
			<y63>218</y63>
			<x64>150</x64>
			<y64>217</y64>
			<x65>145</x65>
			<y65>216</y65>
			<x66>143</x66>
			<y66>214</y66>
			<x67>142</x67>
			<y67>214</y67>
			<x68>141</x68>
			<y68>213</y68>
			<x69>142</x69>
			<y69>213</y69>
			<x70>144</x70>
			<y70>211</y70>
			<x71>144</x71>
			<y71>209</y71>
			<x72>141</x72>
			<y72>207</y72>
			<x73>142</x73>
			<y73>206</y73>
			<x74>160</x74>
			<y74>197</y74>
			<x75>162</x75>
			<y75>197</y75>
			<x76>162</x76>
			<y76>198</y76>
			<x77>164</x77>
			<y77>199</y77>
			<x78>165</x78>
			<y78>197</y78>
			<x79>170</x79>
			<y79>192</y79>
			<x80>171</x80>
			<y80>192</y80>
			<x81>171</x81>
			<y81>195</y81>
			<x82>170</x82>
			<y82>196</y82>
			<x83>170</x83>
			<y83>199</y83>
			<x84>169</x84>
			<y84>200</y84>
			<x85>169</x85>
			<y85>202</y85>
			<x86>171</x86>
			<y86>206</y86>
			<x87>173</x87>
			<y87>206</y87>
			<x88>174</x88>
			<y88>205</y88>
			<x89>174</x89>
			<y89>200</y89>
			<x90>176</x90>
			<y90>196</y90>
			<x91>181</x91>
			<y91>191</y91>
			<x92>183</x92>
			<y92>190</y92>
			<x93>184</x93>
			<y93>190</y93>
			<x94>184</x94>
			<y94>191</y94>
			<x95>182</x95>
			<y95>193</y95>
			<x96>180</x96>
			<y96>197</y96>
			<x97>180</x97>
			<y97>199</y97>
			<x98>179</x98>
			<y98>200</y98>
			<x99>179</x99>
			<y99>203</y99>
			<x100>181</x100>
			<y100>206</y100>
			<x101>183</x101>
			<y101>206</y101>
			<x102>185</x102>
			<y102>202</y102>
			<x103>191</x103>
			<y103>196</y103>
			<x104>192</x104>
			<y104>196</y104>
		</polygon>
	</object>
	<metadata>
	</metadata>
</annotation>
