<annotation>
	<folder></folder>
	<filename>IMG_8207_jpeg.rf.28cc17ad13152564b2fdf4b7fa1e6698.jpg</filename>
	<path>IMG_8207_jpeg.rf.28cc17ad13152564b2fdf4b7fa1e6698.jpg</path>
	<source>
		<database>roboflow.com</database>
	</source>
	<size>
		<width>320</width>
		<height>320</height>
		<depth>3</depth>
	</size>
	<segmented>0</segmented>
	<object>
		<name>Watermelon rind</name>
		<pose>Unspecified</pose>
		<truncated>0</truncated>
		<difficult>0</difficult>
		<occluded>0</occluded>
		<bndbox>
			<xmin>100</xmin>
			<xmax>150</xmax>
			<ymin>151</ymin>
			<ymax>189</ymax>
		</bndbox>
		<polygon>
			<x1>146</x1>
			<y1>152</y1>
			<x2>148</x2>
			<y2>153</y2>
			<x3>147</x3>
			<y3>155</y3>
			<x4>139</x4>
			<y4>155</y4>
			<x5>138</x5>
			<y5>156</y5>
			<x6>131</x6>
			<y6>156</y6>
			<x7>128</x7>
			<y7>159</y7>
			<x8>127</x8>
			<y8>161</y8>
			<x9>120</x9>
			<y9>161</y9>
			<x10>118</x10>
			<y10>163</y10>
			<x11>117</x11>
			<y11>163</y11>
			<x12>115</x12>
			<y12>165</y12>
			<x13>114</x13>
			<y13>167</y13>
			<x14>114</x14>
			<y14>169</y14>
			<x15>113</x15>
			<y15>169</y15>
			<x16>106</x16>
			<y16>177</y16>
			<x17>106</x17>
			<y17>180</y17>
			<x18>110</x18>
			<y18>183</y18>
			<x19>110</x19>
			<y19>184</y19>
			<x20>106</x20>
			<y20>188</y20>
			<x21>104</x21>
			<y21>187</y21>
			<x22>100</x22>
			<y22>183</y22>
			<x23>100</x23>
			<y23>181</y23>
			<x24>99</x24>
			<y24>180</y24>
			<x25>99</x25>
			<y25>175</y25>
			<x26>100</x26>
			<y26>174</y26>
			<x27>100</x27>
			<y27>172</y27>
			<x28>101</x28>
			<y28>170</y28>
			<x29>107</x29>
			<y29>163</y29>
			<x30>108</x30>
			<y30>163</y30>
			<x31>112</x31>
			<y31>159</y31>
			<x32>113</x32>
			<y32>159</y32>
			<x33>118</x33>
			<y33>155</y33>
			<x34>122</x34>
			<y34>153</y34>
			<x35>124</x35>
			<y35>153</y35>
			<x36>125</x36>
			<y36>152</y36>
			<x37>128</x37>
			<y37>152</y37>
			<x38>129</x38>
			<y38>151</y38>
			<x39>133</x39>
			<y39>151</y39>
			<x40>134</x40>
			<y40>150</y40>
			<x41>139</x41>
			<y41>150</y41>
			<x42>140</x42>
			<y42>151</y42>
			<x43>144</x43>
			<y43>151</y43>
			<x44>145</x44>
			<y44>152</y44>
		</polygon>
	</object>
	<object>
		<name>Watermelon rind</name>
		<pose>Unspecified</pose>
		<truncated>0</truncated>
		<difficult>0</difficult>
		<occluded>0</occluded>
		<bndbox>
			<xmin>96</xmin>
			<xmax>174</xmax>
			<ymin>135</ymin>
			<ymax>156</ymax>
		</bndbox>
		<polygon>
			<x1>149</x1>
			<y1>134</y1>
			<x2>150</x2>
			<y2>135</y2>
			<x3>155</x3>
			<y3>135</y3>
			<x4>156</x4>
			<y4>136</y4>
			<x5>158</x5>
			<y5>136</y5>
			<x6>159</x6>
			<y6>137</y6>
			<x7>161</x7>
			<y7>137</y7>
			<x8>165</x8>
			<y8>139</y8>
			<x9>171</x9>
			<y9>145</y9>
			<x10>172</x10>
			<y10>147</y10>
			<x11>172</x11>
			<y11>150</y11>
			<x12>173</x12>
			<y12>151</y12>
			<x13>172</x13>
			<y13>153</y13>
			<x14>167</x14>
			<y14>153</y14>
			<x15>166</x15>
			<y15>152</y15>
			<x16>164</x16>
			<y16>152</y16>
			<x17>163</x17>
			<y17>151</y17>
			<x18>163</x18>
			<y18>147</y18>
			<x19>160</x19>
			<y19>144</y19>
			<x20>158</x20>
			<y20>143</y20>
			<x21>151</x21>
			<y21>143</y21>
			<x22>150</x22>
			<y22>142</y22>
			<x23>145</x23>
			<y23>142</y23>
			<x24>144</x24>
			<y24>143</y24>
			<x25>142</x25>
			<y25>143</y25>
			<x26>140</x26>
			<y26>141</y26>
			<x27>138</x27>
			<y27>141</y27>
			<x28>137</x28>
			<y28>140</y28>
			<x29>130</x29>
			<y29>140</y29>
			<x30>128</x30>
			<y30>141</y30>
			<x31>124</x31>
			<y31>145</y31>
			<x32>120</x32>
			<y32>145</y32>
			<x33>119</x33>
			<y33>144</y33>
			<x34>114</x34>
			<y34>144</y34>
			<x35>112</x35>
			<y35>145</y35>
			<x36>109</x36>
			<y36>148</y36>
			<x37>107</x37>
			<y37>149</y37>
			<x38>105</x38>
			<y38>149</y38>
			<x39>100</x39>
			<y39>154</y39>
			<x40>96</x40>
			<y40>154</y40>
			<x41>96</x41>
			<y41>149</y41>
			<x42>97</x42>
			<y42>147</y42>
			<x43>102</x43>
			<y43>142</y43>
			<x44>103</x44>
			<y44>142</y44>
			<x45>107</x45>
			<y45>139</y45>
			<x46>109</x46>
			<y46>139</y46>
			<x47>115</x47>
			<y47>136</y47>
			<x48>119</x48>
			<y48>136</y48>
			<x49>120</x49>
			<y49>135</y49>
			<x50>126</x50>
			<y50>135</y50>
			<x51>127</x51>
			<y51>134</y51>
			<x52>148</x52>
			<y52>134</y52>
		</polygon>
	</object>
	<metadata>
	</metadata>
</annotation>
