<annotation>
	<folder></folder>
	<filename>IMG_1893_HEIC.rf.212d81921aba6dacab808f41ad19f2ee.jpg</filename>
	<path>IMG_1893_HEIC.rf.212d81921aba6dacab808f41ad19f2ee.jpg</path>
	<source>
		<database>roboflow.com</database>
	</source>
	<size>
		<width>320</width>
		<height>320</height>
		<depth>3</depth>
	</size>
	<segmented>0</segmented>
	<object>
		<name>Egg shell</name>
		<pose>Unspecified</pose>
		<truncated>0</truncated>
		<difficult>0</difficult>
		<occluded>0</occluded>
		<bndbox>
			<xmin>138</xmin>
			<xmax>181</xmax>
			<ymin>155</ymin>
			<ymax>174</ymax>
		</bndbox>
	</object>
	<metadata>
	</metadata>
</annotation>
