<annotation>
	<folder></folder>
	<filename>IMG_8162_mov-0010_jpg.rf.f0e9aaf7fcd1a7cb97bf1e13fa99b187.jpg</filename>
	<path>IMG_8162_mov-0010_jpg.rf.f0e9aaf7fcd1a7cb97bf1e13fa99b187.jpg</path>
	<source>
		<database>roboflow.com</database>
	</source>
	<size>
		<width>320</width>
		<height>320</height>
		<depth>3</depth>
	</size>
	<segmented>0</segmented>
	<object>
		<name>fish</name>
		<pose>Unspecified</pose>
		<truncated>0</truncated>
		<difficult>0</difficult>
		<occluded>0</occluded>
		<bndbox>
			<xmin>68</xmin>
			<xmax>133</xmax>
			<ymin>202</ymin>
			<ymax>226</ymax>
		</bndbox>
		<polygon>
			<x1>82</x1>
			<y1>202</y1>
			<x2>84</x2>
			<y2>206</y2>
			<x3>89</x3>
			<y3>206</y3>
			<x4>91</x4>
			<y4>208</y4>
			<x5>92</x5>
			<y5>207</y5>
			<x6>95</x6>
			<y6>207</y6>
			<x7>97</x7>
			<y7>208</y7>
			<x8>99</x8>
			<y8>205</y8>
			<x9>100</x9>
			<y9>205</y9>
			<x10>102</x10>
			<y10>207</y10>
			<x11>107</x11>
			<y11>207</y11>
			<x12>110</x12>
			<y12>205</y12>
			<x13>115</x13>
			<y13>205</y13>
			<x14>116</x14>
			<y14>206</y14>
			<x15>126</x15>
			<y15>206</y15>
			<x16>127</x16>
			<y16>207</y16>
			<x17>130</x17>
			<y17>207</y17>
			<x18>132</x18>
			<y18>208</y18>
			<x19>131</x19>
			<y19>210</y19>
			<x20>131</x20>
			<y20>213</y20>
			<x21>127</x21>
			<y21>215</y21>
			<x22>125</x22>
			<y22>215</y22>
			<x23>121</x23>
			<y23>217</y23>
			<x24>118</x24>
			<y24>217</y24>
			<x25>114</x25>
			<y25>219</y25>
			<x26>110</x26>
			<y26>219</y26>
			<x27>103</x27>
			<y27>223</y27>
			<x28>102</x28>
			<y28>223</y28>
			<x29>100</x29>
			<y29>221</y29>
			<x30>98</x30>
			<y30>221</y30>
			<x31>93</x31>
			<y31>224</y31>
			<x32>91</x32>
			<y32>224</y32>
			<x33>92</x33>
			<y33>222</y33>
			<x34>90</x34>
			<y34>220</y34>
			<x35>85</x35>
			<y35>221</y35>
			<x36>88</x36>
			<y36>217</y36>
			<x37>88</x37>
			<y37>215</y37>
			<x38>87</x38>
			<y38>214</y38>
			<x39>85</x39>
			<y39>214</y39>
			<x40>82</x40>
			<y40>216</y40>
			<x41>80</x41>
			<y41>216</y41>
			<x42>81</x42>
			<y42>214</y42>
			<x43>79</x43>
			<y43>213</y43>
			<x44>77</x44>
			<y44>210</y44>
			<x45>75</x45>
			<y45>209</y45>
			<x46>71</x46>
			<y46>209</y46>
			<x47>70</x47>
			<y47>208</y47>
			<x48>67</x48>
			<y48>208</y48>
			<x49>70</x49>
			<y49>204</y49>
			<x50>73</x50>
			<y50>204</y50>
			<x51>76</x51>
			<y51>202</y51>
			<x52>81</x52>
			<y52>202</y52>
		</polygon>
	</object>
	<metadata>
	</metadata>
</annotation>
