<annotation>
	<folder></folder>
	<filename>IMG_8233_jpeg.rf.d912722ec2543ee9c5cbd0ee4e089982.jpg</filename>
	<path>IMG_8233_jpeg.rf.d912722ec2543ee9c5cbd0ee4e089982.jpg</path>
	<source>
		<database>roboflow.com</database>
	</source>
	<size>
		<width>320</width>
		<height>320</height>
		<depth>3</depth>
	</size>
	<segmented>0</segmented>
	<object>
		<name>Watermelon rind</name>
		<pose>Unspecified</pose>
		<truncated>0</truncated>
		<difficult>0</difficult>
		<occluded>0</occluded>
		<bndbox>
			<xmin>129</xmin>
			<xmax>162</xmax>
			<ymin>148</ymin>
			<ymax>204</ymax>
		</bndbox>
		<polygon>
			<x1>149</x1>
			<y1>147</y1>
			<x2>150</x2>
			<y2>149</y2>
			<x3>150</x3>
			<y3>152</y3>
			<x4>148</x4>
			<y4>154</y4>
			<x5>142</x5>
			<y5>154</y5>
			<x6>139</x6>
			<y6>157</y6>
			<x7>139</x7>
			<y7>164</y7>
			<x8>138</x8>
			<y8>166</y8>
			<x9>140</x9>
			<y9>168</y9>
			<x10>140</x10>
			<y10>169</y10>
			<x11>137</x11>
			<y11>172</y11>
			<x12>137</x12>
			<y12>176</y12>
			<x13>138</x13>
			<y13>178</y13>
			<x14>141</x14>
			<y14>181</y14>
			<x15>143</x15>
			<y15>182</y15>
			<x16>145</x16>
			<y16>182</y16>
			<x17>145</x17>
			<y17>186</y17>
			<x18>144</x18>
			<y18>187</y18>
			<x19>145</x19>
			<y19>189</y19>
			<x20>148</x20>
			<y20>192</y20>
			<x21>150</x21>
			<y21>192</y21>
			<x22>155</x22>
			<y22>197</y22>
			<x23>157</x23>
			<y23>198</y23>
			<x24>159</x24>
			<y24>198</y24>
			<x25>159</x25>
			<y25>200</y25>
			<x26>160</x26>
			<y26>202</y26>
			<x27>152</x27>
			<y27>202</y27>
			<x28>151</x28>
			<y28>201</y28>
			<x29>146</x29>
			<y29>200</y29>
			<x30>142</x30>
			<y30>197</y30>
			<x31>141</x31>
			<y31>197</y31>
			<x32>135</x32>
			<y32>191</y32>
			<x33>135</x33>
			<y33>190</y33>
			<x34>133</x34>
			<y34>188</y34>
			<x35>131</x35>
			<y35>184</y35>
			<x36>130</x36>
			<y36>179</y36>
			<x37>129</x37>
			<y37>178</y37>
			<x38>129</x38>
			<y38>175</y38>
			<x39>128</x39>
			<y39>174</y39>
			<x40>128</x40>
			<y40>163</y40>
			<x41>129</x41>
			<y41>162</y41>
			<x42>129</x42>
			<y42>159</y42>
			<x43>131</x43>
			<y43>155</y43>
			<x44>136</x44>
			<y44>150</y44>
			<x45>138</x45>
			<y45>150</y45>
			<x46>141</x46>
			<y46>148</y46>
			<x47>148</x47>
			<y47>147</y47>
		</polygon>
	</object>
	<object>
		<name>Watermelon rind</name>
		<pose>Unspecified</pose>
		<truncated>0</truncated>
		<difficult>0</difficult>
		<occluded>0</occluded>
		<bndbox>
			<xmin>151</xmin>
			<xmax>203</xmax>
			<ymin>165</ymin>
			<ymax>198</ymax>
		</bndbox>
		<polygon>
			<x1>156</x1>
			<y1>165</y1>
			<x2>156</x2>
			<y2>168</y2>
			<x3>158</x3>
			<y3>171</y3>
			<x4>158</x4>
			<y4>174</y4>
			<x5>159</x5>
			<y5>176</y5>
			<x6>160</x6>
			<y6>177</y6>
			<x7>165</x7>
			<y7>178</y7>
			<x8>166</x8>
			<y8>179</y8>
			<x9>166</x9>
			<y9>182</y9>
			<x10>169</x10>
			<y10>185</y10>
			<x11>173</x11>
			<y11>187</y11>
			<x12>177</x12>
			<y12>187</y12>
			<x13>179</x13>
			<y13>189</y13>
			<x14>181</x14>
			<y14>189</y14>
			<x15>182</x15>
			<y15>190</y15>
			<x16>185</x16>
			<y16>190</y16>
			<x17>188</x17>
			<y17>192</y17>
			<x18>191</x18>
			<y18>192</y18>
			<x19>195</x19>
			<y19>188</y19>
			<x20>198</x20>
			<y20>188</y20>
			<x21>200</x21>
			<y21>190</y21>
			<x22>201</x22>
			<y22>190</y22>
			<x23>202</x23>
			<y23>191</y23>
			<x24>201</x24>
			<y24>191</y24>
			<x25>199</x25>
			<y25>194</y25>
			<x26>195</x26>
			<y26>196</y26>
			<x27>192</x27>
			<y27>196</y27>
			<x28>191</x28>
			<y28>197</y28>
			<x29>187</x29>
			<y29>197</y29>
			<x30>186</x30>
			<y30>196</y30>
			<x31>185</x31>
			<y31>197</y31>
			<x32>184</x32>
			<y32>196</y32>
			<x33>180</x33>
			<y33>196</y33>
			<x34>179</x34>
			<y34>195</y34>
			<x35>176</x35>
			<y35>195</y35>
			<x36>164</x36>
			<y36>189</y36>
			<x37>162</x37>
			<y37>187</y37>
			<x38>161</x38>
			<y38>187</y38>
			<x39>153</x39>
			<y39>179</y39>
			<x40>151</x40>
			<y40>175</y40>
			<x41>151</x41>
			<y41>167</y41>
			<x42>153</x42>
			<y42>164</y42>
			<x43>155</x43>
			<y43>165</y43>
		</polygon>
	</object>
	<metadata>
	</metadata>
</annotation>
