<annotation>
	<folder></folder>
	<filename>IMG_8481_jpeg.rf.6beb8f1fde0c4b6cbbaffa7fbda9ccb2.jpg</filename>
	<path>IMG_8481_jpeg.rf.6beb8f1fde0c4b6cbbaffa7fbda9ccb2.jpg</path>
	<source>
		<database>roboflow.com</database>
	</source>
	<size>
		<width>320</width>
		<height>320</height>
		<depth>3</depth>
	</size>
	<segmented>0</segmented>
	<object>
		<name>fish</name>
		<pose>Unspecified</pose>
		<truncated>0</truncated>
		<difficult>0</difficult>
		<occluded>0</occluded>
		<bndbox>
			<xmin>99</xmin>
			<xmax>179</xmax>
			<ymin>185</ymin>
			<ymax>251</ymax>
		</bndbox>
		<polygon>
			<x1>171</x1>
			<y1>185</y1>
			<x2>171</x2>
			<y2>188</y2>
			<x3>172</x3>
			<y3>189</y3>
			<x4>176</x4>
			<y4>189</y4>
			<x5>177</x5>
			<y5>190</y5>
			<x6>177</x6>
			<y6>192</y6>
			<x7>175</x7>
			<y7>194</y7>
			<x8>177</x8>
			<y8>196</y8>
			<x9>177</x9>
			<y9>197</y9>
			<x10>175</x10>
			<y10>199</y10>
			<x11>175</x11>
			<y11>201</y11>
			<x12>174</x12>
			<y12>202</y12>
			<x13>171</x13>
			<y13>202</y13>
			<x14>167</x14>
			<y14>204</y14>
			<x15>160</x15>
			<y15>200</y15>
			<x16>158</x16>
			<y16>200</y16>
			<x17>157</x17>
			<y17>201</y17>
			<x18>157</x18>
			<y18>203</y18>
			<x19>155</x19>
			<y19>205</y19>
			<x20>157</x20>
			<y20>207</y20>
			<x21>153</x21>
			<y21>207</y21>
			<x22>152</x22>
			<y22>208</y22>
			<x23>150</x23>
			<y23>208</y23>
			<x24>148</x24>
			<y24>212</y24>
			<x25>144</x25>
			<y25>214</y25>
			<x26>144</x26>
			<y26>215</y26>
			<x27>146</x27>
			<y27>217</y27>
			<x28>149</x28>
			<y28>217</y28>
			<x29>149</x29>
			<y29>218</y29>
			<x30>147</x30>
			<y30>219</y30>
			<x31>143</x31>
			<y31>219</y31>
			<x32>142</x32>
			<y32>220</y32>
			<x33>139</x33>
			<y33>220</y33>
			<x34>134</x34>
			<y34>226</y34>
			<x35>135</x35>
			<y35>228</y35>
			<x36>137</x36>
			<y36>227</y36>
			<x37>139</x37>
			<y37>228</y37>
			<x38>135</x38>
			<y38>232</y38>
			<x39>135</x39>
			<y39>233</y39>
			<x40>125</x40>
			<y40>242</y40>
			<x41>111</x41>
			<y41>249</y41>
			<x42>108</x42>
			<y42>249</y42>
			<x43>108</x43>
			<y43>247</y43>
			<x44>106</x44>
			<y44>244</y44>
			<x45>102</x45>
			<y45>244</y45>
			<x46>101</x46>
			<y46>245</y46>
			<x47>99</x47>
			<y47>244</y47>
			<x48>99</x48>
			<y48>231</y48>
			<x49>100</x49>
			<y49>230</y49>
			<x50>100</x50>
			<y50>225</y50>
			<x51>101</x51>
			<y51>224</y51>
			<x52>101</x52>
			<y52>221</y52>
			<x53>102</x53>
			<y53>220</y53>
			<x54>103</x54>
			<y54>221</y54>
			<x55>105</x55>
			<y55>220</y55>
			<x56>101</x56>
			<y56>212</y56>
			<x57>101</x57>
			<y57>209</y57>
			<x58>102</x58>
			<y58>209</y58>
			<x59>110</x59>
			<y59>215</y59>
			<x60>114</x60>
			<y60>215</y60>
			<x61>115</x61>
			<y61>216</y61>
			<x62>116</x62>
			<y62>215</y62>
			<x63>116</x63>
			<y63>213</y63>
			<x64>115</x64>
			<y64>212</y64>
			<x65>114</x65>
			<y65>213</y65>
			<x66>114</x66>
			<y66>212</y66>
			<x67>110</x67>
			<y67>208</y67>
			<x68>109</x68>
			<y68>206</y68>
			<x69>109</x69>
			<y69>203</y69>
			<x70>108</x70>
			<y70>202</y70>
			<x71>108</x71>
			<y71>197</y71>
			<x72>110</x72>
			<y72>198</y72>
			<x73>112</x73>
			<y73>202</y73>
			<x74>118</x74>
			<y74>208</y74>
			<x75>126</x75>
			<y75>212</y75>
			<x76>129</x76>
			<y76>209</y76>
			<x77>123</x77>
			<y77>201</y77>
			<x78>122</x78>
			<y78>194</y78>
			<x79>124</x79>
			<y79>196</y79>
			<x80>124</x80>
			<y80>197</y80>
			<x81>130</x81>
			<y81>203</y81>
			<x82>135</x82>
			<y82>205</y82>
			<x83>139</x83>
			<y83>202</y83>
			<x84>139</x84>
			<y84>200</y84>
			<x85>138</x85>
			<y85>199</y85>
			<x86>138</x86>
			<y86>193</y86>
			<x87>140</x87>
			<y87>193</y87>
			<x88>141</x88>
			<y88>196</y88>
			<x89>145</x89>
			<y89>200</y89>
			<x90>147</x90>
			<y90>196</y90>
			<x91>150</x91>
			<y91>193</y91>
			<x92>151</x92>
			<y92>193</y92>
			<x93>151</x93>
			<y93>196</y93>
			<x94>152</x94>
			<y94>197</y94>
			<x95>155</x95>
			<y95>197</y95>
			<x96>159</x96>
			<y96>192</y96>
			<x97>163</x97>
			<y97>190</y97>
			<x98>167</x98>
			<y98>186</y98>
			<x99>170</x99>
			<y99>185</y99>
		</polygon>
	</object>
	<metadata>
	</metadata>
</annotation>
