<annotation>
	<folder></folder>
	<filename>IMG_8136_jpeg.rf.c28d5fa0e10eee8c0138aa307ac80908.jpg</filename>
	<path>IMG_8136_jpeg.rf.c28d5fa0e10eee8c0138aa307ac80908.jpg</path>
	<source>
		<database>roboflow.com</database>
	</source>
	<size>
		<width>320</width>
		<height>320</height>
		<depth>3</depth>
	</size>
	<segmented>0</segmented>
	<object>
		<name>Watermelon rind</name>
		<pose>Unspecified</pose>
		<truncated>0</truncated>
		<difficult>0</difficult>
		<occluded>0</occluded>
		<bndbox>
			<xmin>143</xmin>
			<xmax>206</xmax>
			<ymin>176</ymin>
			<ymax>195</ymax>
		</bndbox>
		<polygon>
			<x1>190</x1>
			<y1>177</y1>
			<x2>191</x2>
			<y2>178</y2>
			<x3>193</x3>
			<y3>178</y3>
			<x4>199</x4>
			<y4>181</y4>
			<x5>203</x5>
			<y5>185</y5>
			<x6>204</x6>
			<y6>187</y6>
			<x7>204</x7>
			<y7>193</y7>
			<x8>198</x8>
			<y8>193</y8>
			<x9>196</x9>
			<y9>192</y9>
			<x10>196</x10>
			<y10>186</y10>
			<x11>195</x11>
			<y11>185</y11>
			<x12>191</x12>
			<y12>185</y12>
			<x13>190</x13>
			<y13>184</y13>
			<x14>187</x14>
			<y14>184</y14>
			<x15>186</x15>
			<y15>183</y15>
			<x16>182</x16>
			<y16>183</y16>
			<x17>180</x17>
			<y17>184</y17>
			<x18>177</x18>
			<y18>181</y18>
			<x19>170</x19>
			<y19>181</y19>
			<x20>166</x20>
			<y20>183</y20>
			<x21>164</x21>
			<y21>185</y21>
			<x22>162</x22>
			<y22>185</y22>
			<x23>161</x23>
			<y23>184</y23>
			<x24>156</x24>
			<y24>184</y24>
			<x25>154</x25>
			<y25>186</y25>
			<x26>149</x26>
			<y26>188</y26>
			<x27>146</x27>
			<y27>191</y27>
			<x28>142</x28>
			<y28>191</y28>
			<x29>142</x29>
			<y29>189</y29>
			<x30>143</x30>
			<y30>187</y30>
			<x31>149</x31>
			<y31>181</y31>
			<x32>153</x32>
			<y32>179</y32>
			<x33>158</x33>
			<y33>178</y33>
			<x34>159</x34>
			<y34>177</y34>
			<x35>164</x35>
			<y35>177</y35>
			<x36>165</x36>
			<y36>176</y36>
			<x37>184</x37>
			<y37>176</y37>
			<x38>185</x38>
			<y38>177</y38>
			<x39>189</x39>
			<y39>177</y39>
		</polygon>
	</object>
	<object>
		<name>Watermelon rind</name>
		<pose>Unspecified</pose>
		<truncated>0</truncated>
		<difficult>0</difficult>
		<occluded>0</occluded>
		<bndbox>
			<xmin>142</xmin>
			<xmax>185</xmax>
			<ymin>191</ymin>
			<ymax>222</ymax>
		</bndbox>
		<polygon>
			<x1>178</x1>
			<y1>190</y1>
			<x2>183</x2>
			<y2>193</y2>
			<x3>181</x3>
			<y3>195</y3>
			<x4>180</x4>
			<y4>194</y4>
			<x5>175</x5>
			<y5>194</y5>
			<x6>174</x6>
			<y6>195</y6>
			<x7>168</x7>
			<y7>195</y7>
			<x8>166</x8>
			<y8>197</y8>
			<x9>166</x9>
			<y9>198</y9>
			<x10>161</x10>
			<y10>198</y10>
			<x11>160</x11>
			<y11>199</y11>
			<x12>158</x12>
			<y12>199</y12>
			<x13>155</x13>
			<y13>202</y13>
			<x14>154</x14>
			<y14>205</y14>
			<x15>151</x15>
			<y15>206</y15>
			<x16>150</x16>
			<y16>208</y16>
			<x17>146</x17>
			<y17>212</y17>
			<x18>146</x18>
			<y18>213</y18>
			<x19>149</x19>
			<y19>216</y19>
			<x20>149</x20>
			<y20>217</y20>
			<x21>146</x21>
			<y21>220</y21>
			<x22>145</x22>
			<y22>220</y22>
			<x23>142</x23>
			<y23>216</y23>
			<x24>142</x24>
			<y24>209</y24>
			<x25>144</x25>
			<y25>205</y25>
			<x26>150</x26>
			<y26>199</y26>
			<x27>151</x27>
			<y27>199</y27>
			<x28>156</x28>
			<y28>195</y28>
			<x29>162</x29>
			<y29>192</y29>
			<x30>164</x30>
			<y30>192</y30>
			<x31>168</x31>
			<y31>190</y31>
			<x32>177</x32>
			<y32>190</y32>
		</polygon>
	</object>
	<metadata>
	</metadata>
</annotation>
