<annotation>
	<folder></folder>
	<filename>IMG_1956_HEIC.rf.2e48f4eb78d25e02a186253206fe0711.jpg</filename>
	<path>IMG_1956_HEIC.rf.2e48f4eb78d25e02a186253206fe0711.jpg</path>
	<source>
		<database>roboflow.com</database>
	</source>
	<size>
		<width>320</width>
		<height>320</height>
		<depth>3</depth>
	</size>
	<segmented>0</segmented>
	<object>
		<name>Egg shell</name>
		<pose>Unspecified</pose>
		<truncated>0</truncated>
		<difficult>0</difficult>
		<occluded>0</occluded>
		<bndbox>
			<xmin>127</xmin>
			<xmax>170</xmax>
			<ymin>139</ymin>
			<ymax>160</ymax>
		</bndbox>
	</object>
	<metadata>
	</metadata>
</annotation>
