<annotation>
	<folder></folder>
	<filename>IMG_8145_jpeg.rf.19523f2733aa9e9e48b5724f675b2e52.jpg</filename>
	<path>IMG_8145_jpeg.rf.19523f2733aa9e9e48b5724f675b2e52.jpg</path>
	<source>
		<database>roboflow.com</database>
	</source>
	<size>
		<width>320</width>
		<height>320</height>
		<depth>3</depth>
	</size>
	<segmented>0</segmented>
	<object>
		<name>Watermelon rind</name>
		<pose>Unspecified</pose>
		<truncated>0</truncated>
		<difficult>0</difficult>
		<occluded>0</occluded>
		<bndbox>
			<xmin>168</xmin>
			<xmax>210</xmax>
			<ymin>167</ymin>
			<ymax>222</ymax>
		</bndbox>
		<polygon>
			<x1>184</x1>
			<y1>201</y1>
			<x2>186</x2>
			<y2>202</y2>
			<x3>186</x3>
			<y3>205</y3>
			<x4>195</x4>
			<y4>215</y4>
			<x5>198</x5>
			<y5>215</y5>
			<x6>199</x6>
			<y6>214</y6>
			<x7>204</x7>
			<y7>213</y7>
			<x8>207</x8>
			<y8>215</y8>
			<x9>209</x9>
			<y9>219</y9>
			<x10>208</x10>
			<y10>220</y10>
			<x11>203</x11>
			<y11>220</y11>
			<x12>202</x12>
			<y12>221</y12>
			<x13>198</x13>
			<y13>221</y13>
			<x14>197</x14>
			<y14>220</y14>
			<x15>193</x15>
			<y15>220</y15>
			<x16>192</x16>
			<y16>219</y16>
			<x17>190</x17>
			<y17>219</y17>
			<x18>186</x18>
			<y18>217</y18>
			<x19>183</x19>
			<y19>214</y19>
			<x20>182</x20>
			<y20>214</y20>
			<x21>178</x21>
			<y21>210</y21>
			<x22>178</x22>
			<y22>209</y22>
			<x23>175</x23>
			<y23>206</y23>
			<x24>174</x24>
			<y24>203</y24>
			<x25>172</x25>
			<y25>201</y25>
			<x26>172</x26>
			<y26>199</y26>
			<x27>169</x27>
			<y27>194</y27>
			<x28>169</x28>
			<y28>191</y28>
			<x29>168</x29>
			<y29>190</y29>
			<x30>168</x30>
			<y30>178</y30>
			<x31>170</x31>
			<y31>174</y31>
			<x32>176</x32>
			<y32>168</y32>
			<x33>178</x33>
			<y33>167</y33>
			<x34>181</x34>
			<y34>167</y34>
			<x35>182</x35>
			<y35>170</y35>
			<x36>179</x36>
			<y36>173</y36>
			<x37>179</x37>
			<y37>177</y37>
			<x38>177</x38>
			<y38>179</y38>
			<x39>176</x39>
			<y39>182</y39>
			<x40>177</x40>
			<y40>184</y40>
			<x41>181</x41>
			<y41>188</y41>
			<x42>178</x42>
			<y42>191</y42>
			<x43>178</x43>
			<y43>195</y43>
			<x44>179</x44>
			<y44>197</y44>
			<x45>183</x45>
			<y45>201</y45>
		</polygon>
	</object>
	<object>
		<name>Watermelon rind</name>
		<pose>Unspecified</pose>
		<truncated>0</truncated>
		<difficult>0</difficult>
		<occluded>0</occluded>
		<bndbox>
			<xmin>142</xmin>
			<xmax>192</xmax>
			<ymin>145</ymin>
			<ymax>210</ymax>
		</bndbox>
		<polygon>
			<x1>186</x1>
			<y1>145</y1>
			<x2>187</x2>
			<y2>146</y2>
			<x3>190</x3>
			<y3>146</y3>
			<x4>191</x4>
			<y4>147</y4>
			<x5>190</x5>
			<y5>149</y5>
			<x6>185</x6>
			<y6>154</y6>
			<x7>183</x7>
			<y7>154</y7>
			<x8>180</x8>
			<y8>152</y8>
			<x9>174</x9>
			<y9>152</y9>
			<x10>172</x10>
			<y10>153</y10>
			<x11>169</x11>
			<y11>157</y11>
			<x12>169</x12>
			<y12>158</y12>
			<x13>168</x13>
			<y13>158</y13>
			<x14>164</x14>
			<y14>162</y14>
			<x15>163</x15>
			<y15>164</y15>
			<x16>164</x16>
			<y16>166</y16>
			<x17>161</x17>
			<y17>166</y17>
			<x18>159</x18>
			<y18>167</y18>
			<x19>156</x19>
			<y19>170</y19>
			<x20>155</x20>
			<y20>172</y20>
			<x21>154</x21>
			<y21>177</y21>
			<x22>157</x22>
			<y22>181</y22>
			<x23>157</x23>
			<y23>183</y23>
			<x24>153</x24>
			<y24>186</y24>
			<x25>152</x25>
			<y25>188</y25>
			<x26>152</x26>
			<y26>191</y26>
			<x27>155</x27>
			<y27>196</y27>
			<x28>155</x28>
			<y28>201</y28>
			<x29>158</x29>
			<y29>204</y29>
			<x30>158</x30>
			<y30>206</y30>
			<x31>156</x31>
			<y31>208</y31>
			<x32>154</x32>
			<y32>208</y32>
			<x33>148</x33>
			<y33>203</y33>
			<x34>147</x34>
			<y34>203</y34>
			<x35>147</x35>
			<y35>202</y35>
			<x36>145</x36>
			<y36>200</y36>
			<x37>142</x37>
			<y37>194</y37>
			<x38>142</x38>
			<y38>189</y38>
			<x39>141</x39>
			<y39>188</y39>
			<x40>141</x40>
			<y40>185</y40>
			<x41>142</x41>
			<y41>184</y41>
			<x42>142</x42>
			<y42>180</y42>
			<x43>143</x43>
			<y43>179</y43>
			<x44>143</x44>
			<y44>176</y44>
			<x45>145</x45>
			<y45>173</y45>
			<x46>145</x46>
			<y46>171</y46>
			<x47>147</x47>
			<y47>167</y47>
			<x48>149</x48>
			<y48>165</y48>
			<x49>150</x49>
			<y49>162</y49>
			<x50>152</x50>
			<y50>160</y50>
			<x51>152</x51>
			<y51>159</y51>
			<x52>161</x52>
			<y52>150</y52>
			<x53>164</x53>
			<y53>149</y53>
			<x54>166</x54>
			<y54>147</y54>
			<x55>168</x55>
			<y55>147</y55>
			<x56>172</x56>
			<y56>145</y56>
			<x57>185</x57>
			<y57>145</y57>
		</polygon>
	</object>
	<metadata>
	</metadata>
</annotation>
