<annotation>
	<folder></folder>
	<filename>IMG_8268_jpeg.rf.baf4cd333b8703d5ef4dc55ad5c2e565.jpg</filename>
	<path>IMG_8268_jpeg.rf.baf4cd333b8703d5ef4dc55ad5c2e565.jpg</path>
	<source>
		<database>roboflow.com</database>
	</source>
	<size>
		<width>320</width>
		<height>320</height>
		<depth>3</depth>
	</size>
	<segmented>0</segmented>
	<object>
		<name>Watermelon rind</name>
		<pose>Unspecified</pose>
		<truncated>0</truncated>
		<difficult>0</difficult>
		<occluded>0</occluded>
		<bndbox>
			<xmin>143</xmin>
			<xmax>241</xmax>
			<ymin>140</ymin>
			<ymax>166</ymax>
		</bndbox>
		<polygon>
			<x1>206</x1>
			<y1>139</y1>
			<x2>207</x2>
			<y2>140</y2>
			<x3>215</x3>
			<y3>140</y3>
			<x4>216</x4>
			<y4>141</y4>
			<x5>220</x5>
			<y5>141</y5>
			<x6>221</x6>
			<y6>142</y6>
			<x7>224</x7>
			<y7>142</y7>
			<x8>225</x8>
			<y8>143</y8>
			<x9>227</x9>
			<y9>143</y9>
			<x10>233</x10>
			<y10>146</y10>
			<x11>239</x11>
			<y11>153</y11>
			<x12>239</x12>
			<y12>155</y12>
			<x13>240</x13>
			<y13>156</y13>
			<x14>240</x14>
			<y14>161</y14>
			<x15>239</x15>
			<y15>163</y15>
			<x16>231</x16>
			<y16>163</y16>
			<x17>230</x17>
			<y17>162</y17>
			<x18>228</x18>
			<y18>162</y18>
			<x19>227</x19>
			<y19>161</y19>
			<x20>228</x20>
			<y20>159</y20>
			<x21>228</x21>
			<y21>155</y21>
			<x22>225</x22>
			<y22>152</y22>
			<x23>223</x23>
			<y23>152</y23>
			<x24>222</x24>
			<y24>151</y24>
			<x25>220</x25>
			<y25>152</y25>
			<x26>217</x26>
			<y26>152</y26>
			<x27>213</x27>
			<y27>150</y27>
			<x28>206</x28>
			<y28>150</y28>
			<x29>205</x29>
			<y29>151</y29>
			<x30>202</x30>
			<y30>151</y30>
			<x31>199</x31>
			<y31>148</y31>
			<x32>186</x32>
			<y32>148</y32>
			<x33>178</x33>
			<y33>154</y33>
			<x34>175</x34>
			<y34>154</y34>
			<x35>174</x35>
			<y35>153</y35>
			<x36>165</x36>
			<y36>153</y36>
			<x37>163</x37>
			<y37>154</y37>
			<x38>161</x38>
			<y38>157</y38>
			<x39>159</x39>
			<y39>158</y39>
			<x40>157</x40>
			<y40>158</y40>
			<x41>153</x41>
			<y41>160</y41>
			<x42>150</x42>
			<y42>164</y42>
			<x43>148</x43>
			<y43>164</y43>
			<x44>147</x44>
			<y44>165</y44>
			<x45>143</x45>
			<y45>165</y45>
			<x46>142</x46>
			<y46>164</y46>
			<x47>142</x47>
			<y47>162</y47>
			<x48>143</x48>
			<y48>161</y48>
			<x49>143</x49>
			<y49>159</y49>
			<x50>144</x50>
			<y50>157</y50>
			<x51>151</x51>
			<y51>150</y51>
			<x52>154</x52>
			<y52>149</y52>
			<x53>158</x53>
			<y53>146</y53>
			<x54>160</x54>
			<y54>146</y54>
			<x55>161</x55>
			<y55>145</y55>
			<x56>163</x56>
			<y56>145</y56>
			<x57>164</x57>
			<y57>144</y57>
			<x58>166</x58>
			<y58>144</y58>
			<x59>170</x59>
			<y59>142</y59>
			<x60>174</x60>
			<y60>142</y60>
			<x61>175</x61>
			<y61>141</y61>
			<x62>179</x62>
			<y62>141</y62>
			<x63>180</x63>
			<y63>140</y63>
			<x64>191</x64>
			<y64>140</y64>
			<x65>192</x65>
			<y65>139</y65>
			<x66>205</x66>
			<y66>139</y66>
		</polygon>
	</object>
	<object>
		<name>Watermelon rind</name>
		<pose>Unspecified</pose>
		<truncated>0</truncated>
		<difficult>0</difficult>
		<occluded>0</occluded>
		<bndbox>
			<xmin>147</xmin>
			<xmax>210</xmax>
			<ymin>161</ymin>
			<ymax>204</ymax>
		</bndbox>
		<polygon>
			<x1>198</x1>
			<y1>160</y1>
			<x2>199</x2>
			<y2>161</y2>
			<x3>203</x3>
			<y3>161</y3>
			<x4>204</x4>
			<y4>162</y4>
			<x5>206</x5>
			<y5>162</y5>
			<x6>208</x6>
			<y6>163</y6>
			<x7>209</x7>
			<y7>164</y7>
			<x8>207</x8>
			<y8>166</y8>
			<x9>197</x9>
			<y9>166</y9>
			<x10>196</x10>
			<y10>167</y10>
			<x11>187</x11>
			<y11>167</y11>
			<x12>185</x12>
			<y12>168</y12>
			<x13>184</x13>
			<y13>170</y13>
			<x14>181</x14>
			<y14>173</y14>
			<x15>173</x15>
			<y15>173</y15>
			<x16>169</x16>
			<y16>175</y16>
			<x17>165</x17>
			<y17>179</y17>
			<x18>165</x18>
			<y18>182</y18>
			<x19>162</x19>
			<y19>183</y19>
			<x20>159</x20>
			<y20>186</y20>
			<x21>159</x21>
			<y21>187</y21>
			<x22>154</x22>
			<y22>191</y22>
			<x23>154</x23>
			<y23>193</y23>
			<x24>159</x24>
			<y24>197</y24>
			<x25>158</x25>
			<y25>200</y25>
			<x26>157</x26>
			<y26>200</y26>
			<x27>155</x27>
			<y27>202</y27>
			<x28>153</x28>
			<y28>202</y28>
			<x29>151</x29>
			<y29>201</y29>
			<x30>147</x30>
			<y30>197</y30>
			<x31>147</x31>
			<y31>195</y31>
			<x32>146</x32>
			<y32>194</y32>
			<x33>146</x33>
			<y33>188</y33>
			<x34>148</x34>
			<y34>184</y34>
			<x35>151</x35>
			<y35>181</y35>
			<x36>151</x36>
			<y36>180</y36>
			<x37>152</x37>
			<y37>180</y37>
			<x38>162</x38>
			<y38>171</y38>
			<x39>165</x39>
			<y39>170</y39>
			<x40>167</x40>
			<y40>168</y40>
			<x41>173</x41>
			<y41>165</y41>
			<x42>175</x42>
			<y42>165</y42>
			<x43>178</x43>
			<y43>163</y43>
			<x44>180</x44>
			<y44>163</y44>
			<x45>181</x45>
			<y45>162</y45>
			<x46>184</x46>
			<y46>162</y46>
			<x47>185</x47>
			<y47>161</y47>
			<x48>189</x48>
			<y48>161</y48>
			<x49>190</x49>
			<y49>160</y49>
			<x50>197</x50>
			<y50>160</y50>
		</polygon>
	</object>
	<metadata>
	</metadata>
</annotation>
