<annotation>
	<folder></folder>
	<filename>IMG_1918_HEIC.rf.767d52c939c93effdf0c4131b12821c0.jpg</filename>
	<path>IMG_1918_HEIC.rf.767d52c939c93effdf0c4131b12821c0.jpg</path>
	<source>
		<database>roboflow.com</database>
	</source>
	<size>
		<width>320</width>
		<height>320</height>
		<depth>3</depth>
	</size>
	<segmented>0</segmented>
	<object>
		<name>Apple core</name>
		<pose>Unspecified</pose>
		<truncated>0</truncated>
		<difficult>0</difficult>
		<occluded>0</occluded>
		<bndbox>
			<xmin>108</xmin>
			<xmax>128</xmax>
			<ymin>170</ymin>
			<ymax>196</ymax>
		</bndbox>
	</object>
	<metadata>
	</metadata>
</annotation>
