<annotation>
	<folder></folder>
	<filename>IMG_8161_mov-0000_jpg.rf.1472d2d55d2c7ac1e714eba2c53a056a.jpg</filename>
	<path>IMG_8161_mov-0000_jpg.rf.1472d2d55d2c7ac1e714eba2c53a056a.jpg</path>
	<source>
		<database>roboflow.com</database>
	</source>
	<size>
		<width>320</width>
		<height>320</height>
		<depth>3</depth>
	</size>
	<segmented>0</segmented>
	<object>
		<name>Watermelon rind</name>
		<pose>Unspecified</pose>
		<truncated>0</truncated>
		<difficult>0</difficult>
		<occluded>0</occluded>
		<bndbox>
			<xmin>136</xmin>
			<xmax>246</xmax>
			<ymin>177</ymin>
			<ymax>211</ymax>
		</bndbox>
		<polygon>
			<x1>242</x1>
			<y1>176</y1>
			<x2>245</x2>
			<y2>182</y2>
			<x3>245</x3>
			<y3>186</y3>
			<x4>243</x4>
			<y4>190</y4>
			<x5>237</x5>
			<y5>196</y5>
			<x6>229</x6>
			<y6>200</y6>
			<x7>224</x7>
			<y7>201</y7>
			<x8>221</x8>
			<y8>203</y8>
			<x9>218</x9>
			<y9>203</y9>
			<x10>217</x10>
			<y10>204</y10>
			<x11>214</x11>
			<y11>204</y11>
			<x12>213</x12>
			<y12>205</y12>
			<x13>210</x13>
			<y13>205</y13>
			<x14>209</x14>
			<y14>206</y14>
			<x15>205</x15>
			<y15>206</y15>
			<x16>204</x16>
			<y16>207</y16>
			<x17>200</x17>
			<y17>207</y17>
			<x18>199</x18>
			<y18>208</y18>
			<x19>193</x19>
			<y19>208</y19>
			<x20>192</x20>
			<y20>209</y20>
			<x21>160</x21>
			<y21>209</y21>
			<x22>159</x22>
			<y22>208</y22>
			<x23>155</x23>
			<y23>208</y23>
			<x24>154</x24>
			<y24>207</y24>
			<x25>151</x25>
			<y25>207</y25>
			<x26>150</x26>
			<y26>206</y26>
			<x27>148</x27>
			<y27>206</y27>
			<x28>140</x28>
			<y28>202</y28>
			<x29>136</x29>
			<y29>198</y29>
			<x30>136</x30>
			<y30>196</y30>
			<x31>139</x31>
			<y31>196</y31>
			<x32>140</x32>
			<y32>195</y32>
			<x33>144</x33>
			<y33>195</y33>
			<x34>149</x34>
			<y34>198</y34>
			<x35>153</x35>
			<y35>198</y35>
			<x36>154</x36>
			<y36>199</y36>
			<x37>160</x37>
			<y37>199</y37>
			<x38>164</x38>
			<y38>201</y38>
			<x39>171</x39>
			<y39>201</y39>
			<x40>177</x40>
			<y40>198</y40>
			<x41>182</x41>
			<y41>198</y41>
			<x42>185</x42>
			<y42>200</y42>
			<x43>189</x43>
			<y43>200</y43>
			<x44>190</x44>
			<y44>201</y44>
			<x45>192</x45>
			<y45>200</y45>
			<x46>197</x46>
			<y46>200</y46>
			<x47>198</x47>
			<y47>199</y47>
			<x48>202</x48>
			<y48>199</y48>
			<x49>204</x49>
			<y49>198</y49>
			<x50>208</x50>
			<y50>194</y50>
			<x51>210</x51>
			<y51>195</y51>
			<x52>213</x52>
			<y52>195</y52>
			<x53>214</x53>
			<y53>194</y53>
			<x54>219</x54>
			<y54>193</y54>
			<x55>222</x55>
			<y55>191</y55>
			<x56>224</x56>
			<y56>191</y56>
			<x57>225</x57>
			<y57>190</y57>
			<x58>228</x58>
			<y58>190</y58>
			<x59>230</x59>
			<y59>189</y59>
			<x60>232</x60>
			<y60>186</y60>
			<x61>232</x61>
			<y61>184</y61>
			<x62>229</x62>
			<y62>181</y62>
			<x63>232</x63>
			<y63>178</y63>
			<x64>234</x64>
			<y64>178</y64>
			<x65>235</x65>
			<y65>177</y65>
			<x66>239</x66>
			<y66>177</y66>
			<x67>241</x67>
			<y67>176</y67>
		</polygon>
	</object>
	<object>
		<name>Watermelon rind</name>
		<pose>Unspecified</pose>
		<truncated>0</truncated>
		<difficult>0</difficult>
		<occluded>0</occluded>
		<bndbox>
			<xmin>88</xmin>
			<xmax>221</xmax>
			<ymin>186</ymin>
			<ymax>237</ymax>
		</bndbox>
		<polygon>
			<x1>96</x1>
			<y1>185</y1>
			<x2>100</x2>
			<y2>187</y2>
			<x3>103</x3>
			<y3>187</y3>
			<x4>109</x4>
			<y4>190</y4>
			<x5>110</x5>
			<y5>192</y5>
			<x6>108</x6>
			<y6>194</y6>
			<x7>107</x7>
			<y7>194</y7>
			<x8>104</x8>
			<y8>197</y8>
			<x9>103</x9>
			<y9>199</y9>
			<x10>105</x10>
			<y10>203</y10>
			<x11>109</x11>
			<y11>205</y11>
			<x12>112</x12>
			<y12>205</y12>
			<x13>113</x13>
			<y13>206</y13>
			<x14>115</x14>
			<y14>206</y14>
			<x15>121</x15>
			<y15>211</y15>
			<x16>123</x16>
			<y16>211</y16>
			<x17>124</x17>
			<y17>212</y17>
			<x18>132</x18>
			<y18>212</y18>
			<x19>133</x19>
			<y19>213</y19>
			<x20>133</x20>
			<y20>215</y20>
			<x21>136</x21>
			<y21>218</y21>
			<x22>138</x22>
			<y22>219</y22>
			<x23>140</x23>
			<y23>219</y23>
			<x24>141</x24>
			<y24>220</y24>
			<x25>143</x25>
			<y25>220</y25>
			<x26>144</x26>
			<y26>221</y26>
			<x27>147</x27>
			<y27>221</y27>
			<x28>148</x28>
			<y28>222</y28>
			<x29>157</x29>
			<y29>222</y29>
			<x30>161</x30>
			<y30>220</y30>
			<x31>168</x31>
			<y31>220</y31>
			<x32>176</x32>
			<y32>225</y32>
			<x33>185</x33>
			<y33>225</y33>
			<x34>186</x34>
			<y34>224</y34>
			<x35>189</x35>
			<y35>224</y35>
			<x36>190</x36>
			<y36>223</y36>
			<x37>203</x37>
			<y37>223</y37>
			<x38>209</x38>
			<y38>220</y38>
			<x39>214</x39>
			<y39>220</y39>
			<x40>217</x40>
			<y40>222</y40>
			<x41>219</x41>
			<y41>222</y41>
			<x42>219</x42>
			<y42>223</y42>
			<x43>216</x43>
			<y43>226</y43>
			<x44>215</x44>
			<y44>226</y44>
			<x45>213</x45>
			<y45>228</y45>
			<x46>207</x46>
			<y46>231</y46>
			<x47>205</x47>
			<y47>231</y47>
			<x48>204</x48>
			<y48>232</y48>
			<x49>201</x49>
			<y49>232</y49>
			<x50>200</x50>
			<y50>233</y50>
			<x51>196</x51>
			<y51>233</y51>
			<x52>195</x52>
			<y52>234</y52>
			<x53>191</x53>
			<y53>234</y53>
			<x54>190</x54>
			<y54>235</y54>
			<x55>166</x55>
			<y55>235</y55>
			<x56>165</x56>
			<y56>234</y56>
			<x57>157</x57>
			<y57>234</y57>
			<x58>156</x58>
			<y58>233</y58>
			<x59>151</x59>
			<y59>233</y59>
			<x60>150</x60>
			<y60>232</y60>
			<x61>145</x61>
			<y61>232</y61>
			<x62>144</x62>
			<y62>231</y62>
			<x63>141</x63>
			<y63>231</y63>
			<x64>140</x64>
			<y64>230</y64>
			<x65>137</x65>
			<y65>230</y65>
			<x66>136</x66>
			<y66>229</y66>
			<x67>133</x67>
			<y67>229</y67>
			<x68>129</x68>
			<y68>227</y68>
			<x69>126</x69>
			<y69>227</y69>
			<x70>125</x70>
			<y70>226</y70>
			<x71>120</x71>
			<y71>225</y71>
			<x72>117</x72>
			<y72>223</y72>
			<x73>112</x73>
			<y73>222</y73>
			<x74>102</x74>
			<y74>217</y74>
			<x75>100</x75>
			<y75>215</y75>
			<x76>96</x76>
			<y76>213</y76>
			<x77>89</x77>
			<y77>206</y77>
			<x78>88</x78>
			<y78>204</y78>
			<x79>88</x79>
			<y79>201</y79>
			<x80>87</x80>
			<y80>200</y80>
			<x81>87</x81>
			<y81>197</y81>
			<x82>88</x82>
			<y82>196</y82>
			<x83>88</x83>
			<y83>193</y83>
			<x84>89</x84>
			<y84>191</y84>
			<x85>91</x85>
			<y85>189</y85>
			<x86>91</x86>
			<y86>188</y86>
			<x87>94</x87>
			<y87>185</y87>
			<x88>95</x88>
			<y88>185</y88>
		</polygon>
	</object>
	<metadata>
	</metadata>
</annotation>
