<annotation>
	<folder></folder>
	<filename>IMG_8182_jpeg.rf.2cf2da78c98a5503a145f87ffb24410e.jpg</filename>
	<path>IMG_8182_jpeg.rf.2cf2da78c98a5503a145f87ffb24410e.jpg</path>
	<source>
		<database>roboflow.com</database>
	</source>
	<size>
		<width>320</width>
		<height>320</height>
		<depth>3</depth>
	</size>
	<segmented>0</segmented>
	<object>
		<name>Watermelon rind</name>
		<pose>Unspecified</pose>
		<truncated>0</truncated>
		<difficult>0</difficult>
		<occluded>0</occluded>
		<bndbox>
			<xmin>130</xmin>
			<xmax>168</xmax>
			<ymin>116</ymin>
			<ymax>170</ymax>
		</bndbox>
		<polygon>
			<x1>150</x1>
			<y1>116</y1>
			<x2>154</x2>
			<y2>116</y2>
			<x3>158</x3>
			<y3>119</y3>
			<x4>159</x4>
			<y4>119</y4>
			<x5>163</x5>
			<y5>123</y5>
			<x6>165</x6>
			<y6>127</y6>
			<x7>165</x7>
			<y7>130</y7>
			<x8>166</x8>
			<y8>131</y8>
			<x9>166</x9>
			<y9>138</y9>
			<x10>165</x10>
			<y10>139</y10>
			<x11>165</x11>
			<y11>143</y11>
			<x12>162</x12>
			<y12>149</y12>
			<x13>162</x13>
			<y13>151</y13>
			<x14>159</x14>
			<y14>155</y14>
			<x15>159</x15>
			<y15>156</y15>
			<x16>156</x16>
			<y16>159</y16>
			<x17>156</x17>
			<y17>160</y17>
			<x18>153</x18>
			<y18>163</y18>
			<x19>152</x19>
			<y19>163</y19>
			<x20>150</x20>
			<y20>165</y20>
			<x21>146</x21>
			<y21>167</y21>
			<x22>144</x22>
			<y22>167</y22>
			<x23>143</x23>
			<y23>168</y23>
			<x24>131</x24>
			<y24>168</y24>
			<x25>129</x25>
			<y25>167</y25>
			<x26>130</x26>
			<y26>166</y26>
			<x27>130</x27>
			<y27>164</y27>
			<x28>132</x28>
			<y28>162</y28>
			<x29>141</x29>
			<y29>163</y29>
			<x30>149</x30>
			<y30>154</y30>
			<x31>149</x31>
			<y31>151</y31>
			<x32>151</x32>
			<y32>150</y32>
			<x33>155</x33>
			<y33>146</y33>
			<x34>156</x34>
			<y34>141</y34>
			<x35>153</x35>
			<y35>138</y35>
			<x36>153</x36>
			<y36>136</y36>
			<x37>156</x37>
			<y37>133</y37>
			<x38>156</x38>
			<y38>129</y38>
			<x39>154</x39>
			<y39>127</y39>
			<x40>152</x40>
			<y40>121</y40>
			<x41>149</x41>
			<y41>119</y41>
			<x42>150</x42>
			<y42>117</y42>
		</polygon>
	</object>
	<object>
		<name>Watermelon rind</name>
		<pose>Unspecified</pose>
		<truncated>0</truncated>
		<difficult>0</difficult>
		<occluded>0</occluded>
		<bndbox>
			<xmin>107</xmin>
			<xmax>145</xmax>
			<ymin>111</ymin>
			<ymax>152</ymax>
		</bndbox>
		<polygon>
			<x1>118</x1>
			<y1>110</y1>
			<x2>119</x2>
			<y2>111</y2>
			<x3>123</x3>
			<y3>111</y3>
			<x4>127</x4>
			<y4>113</y4>
			<x5>129</x5>
			<y5>115</y5>
			<x6>130</x6>
			<y6>115</y6>
			<x7>137</x7>
			<y7>122</y7>
			<x8>137</x8>
			<y8>123</y8>
			<x9>140</x9>
			<y9>126</y9>
			<x10>143</x10>
			<y10>132</y10>
			<x11>143</x11>
			<y11>136</y11>
			<x12>144</x12>
			<y12>137</y12>
			<x13>144</x13>
			<y13>141</y13>
			<x14>143</x14>
			<y14>142</y14>
			<x15>143</x15>
			<y15>144</y15>
			<x16>141</x16>
			<y16>146</y16>
			<x17>141</x17>
			<y17>147</y17>
			<x18>136</x18>
			<y18>151</y18>
			<x19>135</x19>
			<y19>151</y19>
			<x20>135</x20>
			<y20>150</y20>
			<x21>133</x21>
			<y21>149</y21>
			<x22>135</x22>
			<y22>146</y22>
			<x23>135</x23>
			<y23>143</y23>
			<x24>136</x24>
			<y24>142</y24>
			<x25>136</x25>
			<y25>138</y25>
			<x26>132</x26>
			<y26>134</y26>
			<x27>134</x27>
			<y27>131</y27>
			<x28>134</x28>
			<y28>129</y28>
			<x29>129</x29>
			<y29>124</y29>
			<x30>127</x30>
			<y30>124</y30>
			<x31>126</x31>
			<y31>122</y31>
			<x32>122</x32>
			<y32>118</y32>
			<x33>121</x33>
			<y33>118</y33>
			<x34>121</x34>
			<y34>117</y34>
			<x35>119</x35>
			<y35>115</y35>
			<x36>115</x36>
			<y36>115</y36>
			<x37>111</x37>
			<y37>117</y37>
			<x38>107</x38>
			<y38>114</y38>
			<x39>107</x39>
			<y39>112</y39>
			<x40>109</x40>
			<y40>112</y40>
			<x41>110</x41>
			<y41>111</y41>
			<x42>113</x42>
			<y42>111</y42>
			<x43>114</x43>
			<y43>110</y43>
			<x44>117</x44>
			<y44>110</y44>
		</polygon>
	</object>
	<metadata>
	</metadata>
</annotation>
