<annotation>
	<folder></folder>
	<filename>IMG_8538_mov-0002_jpg.rf.9c016c09ec3041b5db1e8494c297c975.jpg</filename>
	<path>IMG_8538_mov-0002_jpg.rf.9c016c09ec3041b5db1e8494c297c975.jpg</path>
	<source>
		<database>roboflow.com</database>
	</source>
	<size>
		<width>320</width>
		<height>320</height>
		<depth>3</depth>
	</size>
	<segmented>0</segmented>
	<object>
		<name>Watermelon rind</name>
		<pose>Unspecified</pose>
		<truncated>0</truncated>
		<difficult>0</difficult>
		<occluded>0</occluded>
		<bndbox>
			<xmin>73</xmin>
			<xmax>208</xmax>
			<ymin>167</ymin>
			<ymax>207</ymax>
		</bndbox>
		<polygon>
			<x1>80</x1>
			<y1>166</y1>
			<x2>81</x2>
			<y2>167</y2>
			<x3>86</x3>
			<y3>167</y3>
			<x4>90</x4>
			<y4>169</y4>
			<x5>92</x5>
			<y5>171</y5>
			<x6>88</x6>
			<y6>175</y6>
			<x7>88</x7>
			<y7>179</y7>
			<x8>91</x8>
			<y8>182</y8>
			<x9>93</x9>
			<y9>182</y9>
			<x10>94</x10>
			<y10>183</y10>
			<x11>100</x11>
			<y11>183</y11>
			<x12>104</x12>
			<y12>186</y12>
			<x13>106</x13>
			<y13>186</y13>
			<x14>110</x14>
			<y14>188</y14>
			<x15>119</x15>
			<y15>188</y15>
			<x16>123</x16>
			<y16>192</y16>
			<x17>125</x17>
			<y17>193</y17>
			<x18>127</x18>
			<y18>193</y18>
			<x19>128</x19>
			<y19>194</y19>
			<x20>132</x20>
			<y20>194</y20>
			<x21>133</x21>
			<y21>195</y21>
			<x22>143</x22>
			<y22>195</y22>
			<x23>144</x23>
			<y23>194</y23>
			<x24>146</x24>
			<y24>194</y24>
			<x25>147</x25>
			<y25>193</y25>
			<x26>149</x26>
			<y26>193</y26>
			<x27>153</x27>
			<y27>191</y27>
			<x28>154</x28>
			<y28>192</y28>
			<x29>157</x29>
			<y29>192</y29>
			<x30>162</x30>
			<y30>195</y30>
			<x31>166</x31>
			<y31>195</y31>
			<x32>168</x32>
			<y32>196</y32>
			<x33>169</x33>
			<y33>195</y33>
			<x34>173</x34>
			<y34>195</y34>
			<x35>179</x35>
			<y35>192</y35>
			<x36>186</x36>
			<y36>192</y36>
			<x37>187</x37>
			<y37>191</y37>
			<x38>191</x38>
			<y38>191</y38>
			<x39>195</x39>
			<y39>188</y39>
			<x40>204</x40>
			<y40>188</y40>
			<x41>206</x41>
			<y41>189</y41>
			<x42>205</x42>
			<y42>192</y42>
			<x43>201</x43>
			<y43>196</y43>
			<x44>191</x44>
			<y44>201</y44>
			<x45>189</x45>
			<y45>201</y45>
			<x46>185</x46>
			<y46>203</y46>
			<x47>182</x47>
			<y47>203</y47>
			<x48>181</x48>
			<y48>204</y48>
			<x49>176</x49>
			<y49>204</y49>
			<x50>175</x50>
			<y50>205</y50>
			<x51>162</x51>
			<y51>205</y51>
			<x52>161</x52>
			<y52>206</y52>
			<x53>152</x53>
			<y53>206</y53>
			<x54>151</x54>
			<y54>205</y54>
			<x55>137</x55>
			<y55>205</y55>
			<x56>136</x56>
			<y56>204</y56>
			<x57>129</x57>
			<y57>204</y57>
			<x58>128</x58>
			<y58>203</y58>
			<x59>123</x59>
			<y59>203</y59>
			<x60>122</x60>
			<y60>202</y60>
			<x61>118</x61>
			<y61>202</y61>
			<x62>117</x62>
			<y62>201</y62>
			<x63>113</x63>
			<y63>201</y63>
			<x64>112</x64>
			<y64>200</y64>
			<x65>105</x65>
			<y65>199</y65>
			<x66>104</x66>
			<y66>198</y66>
			<x67>102</x67>
			<y67>198</y67>
			<x68>101</x68>
			<y68>197</y68>
			<x69>99</x69>
			<y69>197</y69>
			<x70>98</x70>
			<y70>196</y70>
			<x71>96</x71>
			<y71>196</y71>
			<x72>95</x72>
			<y72>195</y72>
			<x73>90</x73>
			<y73>194</y73>
			<x74>84</x74>
			<y74>191</y74>
			<x75>79</x75>
			<y75>187</y75>
			<x76>78</x76>
			<y76>187</y76>
			<x77>73</x77>
			<y77>181</y77>
			<x78>73</x78>
			<y78>179</y78>
			<x79>72</x79>
			<y79>178</y79>
			<x80>72</x80>
			<y80>172</y80>
			<x81>74</x81>
			<y81>168</y81>
			<x82>76</x82>
			<y82>166</y82>
			<x83>79</x83>
			<y83>166</y83>
		</polygon>
	</object>
	<object>
		<name>Watermelon rind</name>
		<pose>Unspecified</pose>
		<truncated>0</truncated>
		<difficult>0</difficult>
		<occluded>0</occluded>
		<bndbox>
			<xmin>118</xmin>
			<xmax>220</xmax>
			<ymin>144</ymin>
			<ymax>183</ymax>
		</bndbox>
		<polygon>
			<x1>212</x1>
			<y1>143</y1>
			<x2>215</x2>
			<y2>145</y2>
			<x3>215</x3>
			<y3>146</y3>
			<x4>218</x4>
			<y4>150</y4>
			<x5>218</x5>
			<y5>157</y5>
			<x6>217</x6>
			<y6>159</y6>
			<x7>211</x7>
			<y7>165</y7>
			<x8>208</x8>
			<y8>166</y8>
			<x9>206</x9>
			<y9>168</y9>
			<x10>202</x10>
			<y10>170</y10>
			<x11>200</x11>
			<y11>170</y11>
			<x12>195</x12>
			<y12>173</y12>
			<x13>190</x13>
			<y13>174</y13>
			<x14>189</x14>
			<y14>175</y14>
			<x15>186</x15>
			<y15>175</y15>
			<x16>185</x16>
			<y16>176</y16>
			<x17>183</x17>
			<y17>176</y17>
			<x18>182</x18>
			<y18>177</y18>
			<x19>179</x19>
			<y19>177</y19>
			<x20>178</x20>
			<y20>178</y20>
			<x21>175</x21>
			<y21>178</y21>
			<x22>174</x22>
			<y22>179</y22>
			<x23>170</x23>
			<y23>179</y23>
			<x24>169</x24>
			<y24>180</y24>
			<x25>164</x25>
			<y25>180</y25>
			<x26>163</x26>
			<y26>181</y26>
			<x27>151</x27>
			<y27>181</y27>
			<x28>150</x28>
			<y28>182</y28>
			<x29>148</x29>
			<y29>181</y29>
			<x30>146</x30>
			<y30>182</y30>
			<x31>145</x31>
			<y31>181</y31>
			<x32>135</x32>
			<y32>181</y32>
			<x33>131</x33>
			<y33>179</y33>
			<x34>128</x34>
			<y34>179</y34>
			<x35>118</x35>
			<y35>174</y35>
			<x36>118</x36>
			<y36>172</y36>
			<x37>120</x37>
			<y37>171</y37>
			<x38>127</x38>
			<y38>171</y38>
			<x39>128</x39>
			<y39>172</y39>
			<x40>131</x40>
			<y40>172</y40>
			<x41>132</x41>
			<y41>173</y41>
			<x42>143</x42>
			<y42>173</y42>
			<x43>144</x43>
			<y43>174</y43>
			<x44>150</x44>
			<y44>174</y44>
			<x45>160</x45>
			<y45>169</y45>
			<x46>164</x46>
			<y46>171</y46>
			<x47>175</x47>
			<y47>171</y47>
			<x48>176</x48>
			<y48>170</y48>
			<x49>178</x49>
			<y49>170</y49>
			<x50>182</x50>
			<y50>168</y50>
			<x51>185</x51>
			<y51>164</y51>
			<x52>190</x52>
			<y52>164</y52>
			<x53>194</x53>
			<y53>162</y53>
			<x54>196</x54>
			<y54>160</y54>
			<x55>200</x55>
			<y55>158</y55>
			<x56>202</x56>
			<y56>158</y56>
			<x57>204</x57>
			<y57>157</y57>
			<x58>206</x58>
			<y58>155</y58>
			<x59>206</x59>
			<y59>152</y59>
			<x60>204</x60>
			<y60>151</y60>
			<x61>202</x61>
			<y61>149</y61>
			<x62>202</x62>
			<y62>148</y62>
			<x63>204</x63>
			<y63>146</y63>
			<x64>208</x64>
			<y64>144</y64>
			<x65>211</x65>
			<y65>144</y65>
		</polygon>
	</object>
	<metadata>
	</metadata>
</annotation>
