<annotation>
	<folder></folder>
	<filename>IMG_8538_mov-0007_jpg.rf.c211b4a6772bd1f14ead160e2bb541d2.jpg</filename>
	<path>IMG_8538_mov-0007_jpg.rf.c211b4a6772bd1f14ead160e2bb541d2.jpg</path>
	<source>
		<database>roboflow.com</database>
	</source>
	<size>
		<width>320</width>
		<height>320</height>
		<depth>3</depth>
	</size>
	<segmented>0</segmented>
	<object>
		<name>Watermelon rind</name>
		<pose>Unspecified</pose>
		<truncated>0</truncated>
		<difficult>0</difficult>
		<occluded>0</occluded>
		<bndbox>
			<xmin>130</xmin>
			<xmax>228</xmax>
			<ymin>153</ymin>
			<ymax>186</ymax>
		</bndbox>
		<polygon>
			<x1>210</x1>
			<y1>156</y1>
			<x2>212</x2>
			<y2>154</y2>
			<x3>215</x3>
			<y3>154</y3>
			<x4>216</x4>
			<y4>153</y4>
			<x5>221</x5>
			<y5>153</y5>
			<x6>226</x6>
			<y6>159</y6>
			<x7>226</x7>
			<y7>166</y7>
			<x8>225</x8>
			<y8>168</y8>
			<x9>223</x9>
			<y9>170</y9>
			<x10>222</x10>
			<y10>170</y10>
			<x11>220</x11>
			<y11>172</y11>
			<x12>219</x12>
			<y12>172</y12>
			<x13>215</x13>
			<y13>175</y13>
			<x14>213</x14>
			<y14>175</y14>
			<x15>210</x15>
			<y15>177</y15>
			<x16>208</x16>
			<y16>177</y16>
			<x17>204</x17>
			<y17>179</y17>
			<x18>201</x18>
			<y18>179</y18>
			<x19>197</x19>
			<y19>181</y19>
			<x20>193</x20>
			<y20>181</y20>
			<x21>192</x21>
			<y21>182</y21>
			<x22>187</x22>
			<y22>182</y22>
			<x23>186</x23>
			<y23>183</y23>
			<x24>180</x24>
			<y24>183</y24>
			<x25>179</x25>
			<y25>184</y25>
			<x26>156</x26>
			<y26>184</y26>
			<x27>155</x27>
			<y27>183</y27>
			<x28>150</x28>
			<y28>183</y28>
			<x29>149</x29>
			<y29>182</y29>
			<x30>145</x30>
			<y30>182</y30>
			<x31>144</x31>
			<y31>181</y31>
			<x32>142</x32>
			<y32>181</y32>
			<x33>139</x33>
			<y33>179</y33>
			<x34>137</x34>
			<y34>179</y34>
			<x35>131</x35>
			<y35>176</y35>
			<x36>130</x36>
			<y36>174</y36>
			<x37>131</x37>
			<y37>173</y37>
			<x38>140</x38>
			<y38>173</y38>
			<x39>144</x39>
			<y39>175</y39>
			<x40>154</x40>
			<y40>175</y40>
			<x41>155</x41>
			<y41>176</y41>
			<x42>158</x42>
			<y42>176</y42>
			<x43>159</x43>
			<y43>177</y43>
			<x44>164</x44>
			<y44>177</y44>
			<x45>171</x45>
			<y45>173</y45>
			<x46>175</x46>
			<y46>173</y46>
			<x47>179</x47>
			<y47>175</y47>
			<x48>188</x48>
			<y48>175</y48>
			<x49>189</x49>
			<y49>174</y49>
			<x50>191</x50>
			<y50>174</y50>
			<x51>193</x51>
			<y51>173</y51>
			<x52>197</x52>
			<y52>169</y52>
			<x53>202</x53>
			<y53>169</y53>
			<x54>203</x54>
			<y54>168</y54>
			<x55>205</x55>
			<y55>168</y55>
			<x56>208</x56>
			<y56>165</y56>
			<x57>211</x57>
			<y57>165</y57>
			<x58>213</x58>
			<y58>164</y58>
			<x59>215</x59>
			<y59>162</y59>
			<x60>215</x60>
			<y60>160</y60>
			<x61>211</x61>
			<y61>157</y61>
		</polygon>
	</object>
	<object>
		<name>Watermelon rind</name>
		<pose>Unspecified</pose>
		<truncated>0</truncated>
		<difficult>0</difficult>
		<occluded>0</occluded>
		<bndbox>
			<xmin>82</xmin>
			<xmax>223</xmax>
			<ymin>167</ymin>
			<ymax>210</ymax>
		</bndbox>
		<polygon>
			<x1>100</x1>
			<y1>169</y1>
			<x2>103</x2>
			<y2>171</y2>
			<x3>103</x3>
			<y3>172</y3>
			<x4>99</x4>
			<y4>175</y4>
			<x5>99</x5>
			<y5>179</y5>
			<x6>102</x6>
			<y6>182</y6>
			<x7>104</x7>
			<y7>182</y7>
			<x8>105</x8>
			<y8>183</y8>
			<x9>109</x9>
			<y9>183</y9>
			<x10>110</x10>
			<y10>184</y10>
			<x11>113</x11>
			<y11>184</y11>
			<x12>123</x12>
			<y12>189</y12>
			<x13>133</x13>
			<y13>189</y13>
			<x14>133</x14>
			<y14>190</y14>
			<x15>136</x15>
			<y15>193</y15>
			<x16>140</x16>
			<y16>195</y16>
			<x17>143</x17>
			<y17>195</y17>
			<x18>144</x18>
			<y18>196</y18>
			<x19>149</x19>
			<y19>196</y19>
			<x20>150</x20>
			<y20>197</y20>
			<x21>159</x21>
			<y21>197</y21>
			<x22>160</x22>
			<y22>196</y22>
			<x23>162</x23>
			<y23>196</y23>
			<x24>166</x24>
			<y24>194</y24>
			<x25>170</x25>
			<y25>194</y25>
			<x26>176</x26>
			<y26>197</y26>
			<x27>179</x27>
			<y27>197</y27>
			<x28>180</x28>
			<y28>198</y28>
			<x29>184</x29>
			<y29>198</y29>
			<x30>186</x30>
			<y30>199</y30>
			<x31>192</x31>
			<y31>196</y31>
			<x32>196</x32>
			<y32>196</y32>
			<x33>197</x33>
			<y33>195</y33>
			<x34>206</x34>
			<y34>195</y34>
			<x35>210</x35>
			<y35>192</y35>
			<x36>216</x36>
			<y36>192</y36>
			<x37>217</x37>
			<y37>193</y37>
			<x38>221</x38>
			<y38>193</y38>
			<x39>221</x39>
			<y39>195</y39>
			<x40>220</x40>
			<y40>197</y40>
			<x41>217</x41>
			<y41>200</y41>
			<x42>216</x42>
			<y42>200</y42>
			<x43>214</x43>
			<y43>202</y43>
			<x44>210</x44>
			<y44>204</y44>
			<x45>208</x45>
			<y45>204</y45>
			<x46>204</x46>
			<y46>206</y46>
			<x47>201</x47>
			<y47>206</y47>
			<x48>200</x48>
			<y48>207</y48>
			<x49>195</x49>
			<y49>207</y49>
			<x50>194</x50>
			<y50>208</y50>
			<x51>182</x51>
			<y51>208</y51>
			<x52>181</x52>
			<y52>209</y52>
			<x53>172</x53>
			<y53>209</y53>
			<x54>171</x54>
			<y54>208</y54>
			<x55>159</x55>
			<y55>208</y55>
			<x56>158</x56>
			<y56>207</y56>
			<x57>152</x57>
			<y57>207</y57>
			<x58>151</x58>
			<y58>206</y58>
			<x59>145</x59>
			<y59>206</y59>
			<x60>144</x60>
			<y60>205</y60>
			<x61>139</x61>
			<y61>205</y61>
			<x62>138</x62>
			<y62>204</y62>
			<x63>134</x63>
			<y63>204</y63>
			<x64>133</x64>
			<y64>203</y64>
			<x65>130</x65>
			<y65>203</y65>
			<x66>129</x66>
			<y66>202</y66>
			<x67>126</x67>
			<y67>202</y67>
			<x68>125</x68>
			<y68>201</y68>
			<x69>122</x69>
			<y69>201</y69>
			<x70>121</x70>
			<y70>200</y70>
			<x71>118</x71>
			<y71>200</y71>
			<x72>117</x72>
			<y72>199</y72>
			<x73>114</x73>
			<y73>199</y73>
			<x74>108</x74>
			<y74>196</y74>
			<x75>103</x75>
			<y75>195</y75>
			<x76>93</x76>
			<y76>190</y76>
			<x77>91</x77>
			<y77>188</y77>
			<x78>90</x78>
			<y78>188</y78>
			<x79>83</x79>
			<y79>181</y79>
			<x80>82</x80>
			<y80>179</y80>
			<x81>82</x81>
			<y81>171</y81>
			<x82>83</x82>
			<y82>170</y82>
			<x83>83</x83>
			<y83>168</y83>
			<x84>85</x84>
			<y84>166</y84>
			<x85>90</x85>
			<y85>166</y85>
			<x86>91</x86>
			<y86>167</y86>
			<x87>95</x87>
			<y87>167</y87>
			<x88>99</x88>
			<y88>169</y88>
		</polygon>
	</object>
	<metadata>
	</metadata>
</annotation>
