<annotation>
	<folder></folder>
	<filename>IMG_8256_jpeg.rf.3a8153fe2ec4e66e07c7931e8e30c678.jpg</filename>
	<path>IMG_8256_jpeg.rf.3a8153fe2ec4e66e07c7931e8e30c678.jpg</path>
	<source>
		<database>roboflow.com</database>
	</source>
	<size>
		<width>320</width>
		<height>320</height>
		<depth>3</depth>
	</size>
	<segmented>0</segmented>
	<object>
		<name>Watermelon rind</name>
		<pose>Unspecified</pose>
		<truncated>0</truncated>
		<difficult>0</difficult>
		<occluded>0</occluded>
		<bndbox>
			<xmin>164</xmin>
			<xmax>220</xmax>
			<ymin>143</ymin>
			<ymax>166</ymax>
		</bndbox>
		<polygon>
			<x1>164</x1>
			<y1>142</y1>
			<x2>165</x2>
			<y2>143</y2>
			<x3>167</x3>
			<y3>143</y3>
			<x4>168</x4>
			<y4>145</y4>
			<x5>171</x5>
			<y5>148</y5>
			<x6>172</x6>
			<y6>148</y6>
			<x7>175</x7>
			<y7>152</y7>
			<x8>177</x8>
			<y8>153</y8>
			<x9>183</x9>
			<y9>153</y9>
			<x10>186</x10>
			<y10>157</y10>
			<x11>188</x11>
			<y11>158</y11>
			<x12>190</x12>
			<y12>158</y12>
			<x13>191</x13>
			<y13>159</y13>
			<x14>193</x14>
			<y14>159</y14>
			<x15>197</x15>
			<y15>157</y15>
			<x16>198</x16>
			<y16>158</y16>
			<x17>206</x17>
			<y17>158</y17>
			<x18>208</x18>
			<y18>159</y18>
			<x19>212</x19>
			<y19>156</y19>
			<x20>212</x20>
			<y20>153</y20>
			<x21>214</x21>
			<y21>152</y21>
			<x22>215</x22>
			<y22>153</y22>
			<x23>218</x23>
			<y23>153</y23>
			<x24>218</x24>
			<y24>157</y24>
			<x25>217</x25>
			<y25>159</y25>
			<x26>214</x26>
			<y26>162</y26>
			<x27>210</x27>
			<y27>164</y27>
			<x28>207</x28>
			<y28>164</y28>
			<x29>206</x29>
			<y29>165</y29>
			<x30>197</x30>
			<y30>165</y30>
			<x31>196</x31>
			<y31>164</y31>
			<x32>189</x32>
			<y32>164</y32>
			<x33>188</x33>
			<y33>163</y33>
			<x34>185</x34>
			<y34>163</y34>
			<x35>184</x35>
			<y35>162</y35>
			<x36>179</x36>
			<y36>161</y36>
			<x37>173</x37>
			<y37>158</y37>
			<x38>171</x38>
			<y38>156</y38>
			<x39>170</x39>
			<y39>156</y39>
			<x40>166</x40>
			<y40>152</y40>
			<x41>164</x41>
			<y41>148</y41>
			<x42>163</x42>
			<y42>143</y42>
		</polygon>
	</object>
	<object>
		<name>Watermelon rind</name>
		<pose>Unspecified</pose>
		<truncated>0</truncated>
		<difficult>0</difficult>
		<occluded>0</occluded>
		<bndbox>
			<xmin>139</xmin>
			<xmax>193</xmax>
			<ymin>127</ymin>
			<ymax>182</ymax>
		</bndbox>
		<polygon>
			<x1>150</x1>
			<y1>127</y1>
			<x2>153</x2>
			<y2>131</y2>
			<x3>153</x3>
			<y3>134</y3>
			<x4>151</x4>
			<y4>135</y4>
			<x5>149</x5>
			<y5>135</y5>
			<x6>147</x6>
			<y6>137</y6>
			<x7>147</x7>
			<y7>141</y7>
			<x8>150</x8>
			<y8>144</y8>
			<x9>150</x9>
			<y9>147</y9>
			<x10>151</x10>
			<y10>149</y10>
			<x11>155</x11>
			<y11>152</y11>
			<x12>155</x12>
			<y12>157</y12>
			<x13>161</x13>
			<y13>163</y13>
			<x14>163</x14>
			<y14>164</y14>
			<x15>168</x15>
			<y15>164</y15>
			<x16>170</x16>
			<y16>166</y16>
			<x17>170</x17>
			<y17>168</y17>
			<x18>172</x18>
			<y18>171</y18>
			<x19>174</x19>
			<y19>172</y19>
			<x20>179</x20>
			<y20>172</y20>
			<x21>185</x21>
			<y21>175</y21>
			<x22>190</x22>
			<y22>175</y22>
			<x23>192</x23>
			<y23>177</y23>
			<x24>192</x24>
			<y24>178</y24>
			<x25>188</x25>
			<y25>180</y25>
			<x26>175</x26>
			<y26>180</y26>
			<x27>174</x27>
			<y27>179</y27>
			<x28>169</x28>
			<y28>178</y28>
			<x29>163</x29>
			<y29>175</y29>
			<x30>161</x30>
			<y30>173</y30>
			<x31>160</x31>
			<y31>173</y31>
			<x32>155</x32>
			<y32>168</y32>
			<x33>154</x33>
			<y33>168</y33>
			<x34>152</x34>
			<y34>166</y34>
			<x35>152</x35>
			<y35>165</y35>
			<x36>150</x36>
			<y36>164</y36>
			<x37>149</x37>
			<y37>162</y37>
			<x38>145</x38>
			<y38>158</y38>
			<x39>144</x39>
			<y39>155</y39>
			<x40>142</x40>
			<y40>153</y40>
			<x41>139</x41>
			<y41>147</y41>
			<x42>139</x42>
			<y42>144</y42>
			<x43>138</x43>
			<y43>143</y43>
			<x44>138</x44>
			<y44>138</y44>
			<x45>139</x45>
			<y45>137</y45>
			<x46>139</x46>
			<y46>135</y46>
			<x47>140</x47>
			<y47>133</y47>
			<x48>144</x48>
			<y48>129</y48>
			<x49>149</x49>
			<y49>127</y49>
		</polygon>
	</object>
	<metadata>
	</metadata>
</annotation>
