<annotation>
	<folder></folder>
	<filename>IMG_2005_HEIC.rf.c45f622d4eeed95eb86d313c9db36130.jpg</filename>
	<path>IMG_2005_HEIC.rf.c45f622d4eeed95eb86d313c9db36130.jpg</path>
	<source>
		<database>roboflow.com</database>
	</source>
	<size>
		<width>320</width>
		<height>320</height>
		<depth>3</depth>
	</size>
	<segmented>0</segmented>
	<object>
		<name>Egg shell</name>
		<pose>Unspecified</pose>
		<truncated>0</truncated>
		<difficult>0</difficult>
		<occluded>0</occluded>
		<bndbox>
			<xmin>131</xmin>
			<xmax>194</xmax>
			<ymin>254</ymin>
			<ymax>283</ymax>
		</bndbox>
	</object>
	<metadata>
	</metadata>
</annotation>
