<annotation>
	<folder></folder>
	<filename>IMG_8366_jpeg.rf.e68b400b2399809ff6ef0e96a0b36a3a.jpg</filename>
	<path>IMG_8366_jpeg.rf.e68b400b2399809ff6ef0e96a0b36a3a.jpg</path>
	<source>
		<database>roboflow.com</database>
	</source>
	<size>
		<width>320</width>
		<height>320</height>
		<depth>3</depth>
	</size>
	<segmented>0</segmented>
	<object>
		<name>fish</name>
		<pose>Unspecified</pose>
		<truncated>0</truncated>
		<difficult>0</difficult>
		<occluded>0</occluded>
		<bndbox>
			<xmin>119</xmin>
			<xmax>162</xmax>
			<ymin>154</ymin>
			<ymax>210</ymax>
		</bndbox>
		<polygon>
			<x1>129</x1>
			<y1>153</y1>
			<x2>143</x2>
			<y2>160</y2>
			<x3>147</x3>
			<y3>164</y3>
			<x4>149</x4>
			<y4>164</y4>
			<x5>150</x5>
			<y5>165</y5>
			<x6>153</x6>
			<y6>165</y6>
			<x7>153</x7>
			<y7>166</y7>
			<x8>148</x8>
			<y8>166</y8>
			<x9>146</x9>
			<y9>167</y9>
			<x10>144</x10>
			<y10>169</y10>
			<x11>145</x11>
			<y11>170</y11>
			<x12>153</x12>
			<y12>170</y12>
			<x13>154</x13>
			<y13>171</y13>
			<x14>158</x14>
			<y14>171</y14>
			<x15>160</x15>
			<y15>173</y15>
			<x16>150</x16>
			<y16>173</y16>
			<x17>149</x17>
			<y17>174</y17>
			<x18>147</x18>
			<y18>174</y18>
			<x19>145</x19>
			<y19>176</y19>
			<x20>146</x20>
			<y20>178</y20>
			<x21>153</x21>
			<y21>178</y21>
			<x22>154</x22>
			<y22>179</y22>
			<x23>156</x23>
			<y23>179</y23>
			<x24>158</x24>
			<y24>180</y24>
			<x25>149</x25>
			<y25>180</y25>
			<x26>144</x26>
			<y26>183</y26>
			<x27>144</x27>
			<y27>184</y27>
			<x28>146</x28>
			<y28>186</y28>
			<x29>148</x29>
			<y29>186</y29>
			<x30>152</x30>
			<y30>188</y30>
			<x31>151</x31>
			<y31>189</y31>
			<x32>150</x32>
			<y32>188</y32>
			<x33>148</x33>
			<y33>188</y33>
			<x34>146</x34>
			<y34>190</y34>
			<x35>147</x35>
			<y35>192</y35>
			<x36>147</x36>
			<y36>194</y36>
			<x37>144</x37>
			<y37>194</y37>
			<x38>143</x38>
			<y38>195</y38>
			<x39>145</x39>
			<y39>199</y39>
			<x40>145</x40>
			<y40>203</y40>
			<x41>146</x41>
			<y41>204</y41>
			<x42>146</x42>
			<y42>207</y42>
			<x43>144</x43>
			<y43>207</y43>
			<x44>143</x44>
			<y44>206</y44>
			<x45>140</x45>
			<y45>209</y45>
			<x46>136</x46>
			<y46>206</y46>
			<x47>134</x47>
			<y47>206</y47>
			<x48>131</x48>
			<y48>203</y48>
			<x49>132</x49>
			<y49>201</y49>
			<x50>131</x50>
			<y50>199</y50>
			<x51>134</x51>
			<y51>197</y51>
			<x52>136</x52>
			<y52>197</y52>
			<x53>138</x53>
			<y53>195</y53>
			<x54>136</x54>
			<y54>192</y54>
			<x55>134</x55>
			<y55>192</y55>
			<x56>134</x56>
			<y56>191</y56>
			<x57>137</x57>
			<y57>188</y57>
			<x58>137</x58>
			<y58>187</y58>
			<x59>136</x59>
			<y59>186</y59>
			<x60>134</x60>
			<y60>186</y60>
			<x61>134</x61>
			<y61>183</y61>
			<x62>133</x62>
			<y62>182</y62>
			<x63>131</x63>
			<y63>182</y63>
			<x64>129</x64>
			<y64>184</y64>
			<x65>128</x65>
			<y65>184</y65>
			<x66>128</x66>
			<y66>182</y66>
			<x67>129</x67>
			<y67>181</y67>
			<x68>129</x68>
			<y68>177</y68>
			<x69>128</x69>
			<y69>176</y69>
			<x70>128</x70>
			<y70>174</y70>
			<x71>127</x71>
			<y71>173</y71>
			<x72>125</x72>
			<y72>176</y72>
			<x73>123</x73>
			<y73>174</y73>
			<x74>120</x74>
			<y74>168</y74>
			<x75>120</x75>
			<y75>166</y75>
			<x76>119</x76>
			<y76>165</y76>
			<x77>119</x77>
			<y77>157</y77>
			<x78>120</x78>
			<y78>155</y78>
			<x79>122</x79>
			<y79>155</y79>
			<x80>124</x80>
			<y80>156</y80>
			<x81>127</x81>
			<y81>153</y81>
			<x82>128</x82>
			<y82>153</y82>
		</polygon>
	</object>
	<metadata>
	</metadata>
</annotation>
