<annotation>
	<folder></folder>
	<filename>IMG_8408_jpeg.rf.5c98ea950bef4eda6ebfe36e0847481d.jpg</filename>
	<path>IMG_8408_jpeg.rf.5c98ea950bef4eda6ebfe36e0847481d.jpg</path>
	<source>
		<database>roboflow.com</database>
	</source>
	<size>
		<width>320</width>
		<height>320</height>
		<depth>3</depth>
	</size>
	<segmented>0</segmented>
	<object>
		<name>fish</name>
		<pose>Unspecified</pose>
		<truncated>0</truncated>
		<difficult>0</difficult>
		<occluded>0</occluded>
		<bndbox>
			<xmin>145</xmin>
			<xmax>180</xmax>
			<ymin>151</ymin>
			<ymax>201</ymax>
		</bndbox>
		<polygon>
			<x1>163</x1>
			<y1>151</y1>
			<x2>166</x2>
			<y2>152</y2>
			<x3>168</x3>
			<y3>150</y3>
			<x4>169</x4>
			<y4>150</y4>
			<x5>172</x5>
			<y5>153</y5>
			<x6>173</x6>
			<y6>153</y6>
			<x7>175</x7>
			<y7>156</y7>
			<x8>173</x8>
			<y8>160</y8>
			<x9>171</x9>
			<y9>160</y9>
			<x10>168</x10>
			<y10>162</y10>
			<x11>168</x11>
			<y11>164</y11>
			<x12>169</x12>
			<y12>165</y12>
			<x13>171</x13>
			<y13>165</y13>
			<x14>168</x14>
			<y14>168</y14>
			<x15>168</x15>
			<y15>169</y15>
			<x16>170</x16>
			<y16>170</y16>
			<x17>170</x17>
			<y17>173</y17>
			<x18>171</x18>
			<y18>174</y18>
			<x19>172</x19>
			<y19>174</y19>
			<x20>174</x20>
			<y20>172</y20>
			<x21>174</x21>
			<y21>174</y21>
			<x22>172</x22>
			<y22>177</y22>
			<x23>173</x23>
			<y23>179</y23>
			<x24>172</x24>
			<y24>181</y24>
			<x25>173</x25>
			<y25>182</y25>
			<x26>175</x26>
			<y26>180</y26>
			<x27>176</x27>
			<y27>180</y27>
			<x28>176</x28>
			<y28>182</y28>
			<x29>177</x29>
			<y29>183</y29>
			<x30>177</x30>
			<y30>186</y30>
			<x31>178</x31>
			<y31>187</y31>
			<x32>178</x32>
			<y32>193</y32>
			<x33>177</x33>
			<y33>194</y33>
			<x34>177</x34>
			<y34>196</y34>
			<x35>176</x35>
			<y35>198</y35>
			<x36>174</x36>
			<y36>198</y36>
			<x37>173</x37>
			<y37>197</y37>
			<x38>172</x38>
			<y38>197</y38>
			<x39>170</x39>
			<y39>199</y39>
			<x40>167</x40>
			<y40>199</y40>
			<x41>165</x41>
			<y41>198</y41>
			<x42>163</x42>
			<y42>196</y42>
			<x43>159</x43>
			<y43>194</y43>
			<x44>154</x44>
			<y44>188</y44>
			<x45>149</x45>
			<y45>187</y45>
			<x46>149</x46>
			<y46>186</y46>
			<x47>153</x47>
			<y47>186</y47>
			<x48>155</x48>
			<y48>184</y48>
			<x49>154</x49>
			<y49>183</y49>
			<x50>152</x50>
			<y50>182</y50>
			<x51>149</x51>
			<y51>182</y51>
			<x52>148</x52>
			<y52>181</y52>
			<x53>146</x53>
			<y53>181</y53>
			<x54>144</x54>
			<y54>179</y54>
			<x55>146</x55>
			<y55>179</y55>
			<x56>147</x56>
			<y56>180</y56>
			<x57>154</x57>
			<y57>180</y57>
			<x58>157</x58>
			<y58>178</y58>
			<x59>156</x59>
			<y59>176</y59>
			<x60>154</x60>
			<y60>176</y60>
			<x61>153</x61>
			<y61>175</y61>
			<x62>151</x62>
			<y62>175</y62>
			<x63>147</x63>
			<y63>173</y63>
			<x64>150</x64>
			<y64>173</y64>
			<x65>151</x65>
			<y65>174</y65>
			<x66>156</x66>
			<y66>174</y66>
			<x67>160</x67>
			<y67>172</y67>
			<x68>160</x68>
			<y68>170</y68>
			<x69>154</x69>
			<y69>167</y69>
			<x70>154</x70>
			<y70>166</y70>
			<x71>159</x71>
			<y71>167</y71>
			<x72>160</x72>
			<y72>166</y72>
			<x73>160</x73>
			<y73>164</y73>
			<x74>159</x74>
			<y74>162</y74>
			<x75>161</x75>
			<y75>162</y75>
			<x76>162</x76>
			<y76>163</y76>
			<x77>163</x77>
			<y77>162</y77>
			<x78>163</x78>
			<y78>152</y78>
		</polygon>
	</object>
	<metadata>
	</metadata>
</annotation>
