<annotation>
	<folder></folder>
	<filename>IMG_8239_jpeg.rf.daa9259de48091925fad86d994842edc.jpg</filename>
	<path>IMG_8239_jpeg.rf.daa9259de48091925fad86d994842edc.jpg</path>
	<source>
		<database>roboflow.com</database>
	</source>
	<size>
		<width>320</width>
		<height>320</height>
		<depth>3</depth>
	</size>
	<segmented>0</segmented>
	<object>
		<name>Watermelon rind</name>
		<pose>Unspecified</pose>
		<truncated>0</truncated>
		<difficult>0</difficult>
		<occluded>0</occluded>
		<bndbox>
			<xmin>82</xmin>
			<xmax>117</xmax>
			<ymin>119</ymin>
			<ymax>186</ymax>
		</bndbox>
		<polygon>
			<x1>105</x1>
			<y1>119</y1>
			<x2>105</x2>
			<y2>125</y2>
			<x3>104</x3>
			<y3>127</y3>
			<x4>98</x4>
			<y4>127</y4>
			<x5>94</x5>
			<y5>130</y5>
			<x6>94</x6>
			<y6>137</y6>
			<x7>93</x7>
			<y7>138</y7>
			<x8>93</x8>
			<y8>143</y8>
			<x9>95</x9>
			<y9>145</y9>
			<x10>92</x10>
			<y10>148</y10>
			<x11>92</x11>
			<y11>150</y11>
			<x12>91</x12>
			<y12>151</y12>
			<x13>92</x13>
			<y13>152</y13>
			<x14>92</x14>
			<y14>156</y14>
			<x15>96</x15>
			<y15>160</y15>
			<x16>100</x16>
			<y16>162</y16>
			<x17>99</x17>
			<y17>164</y17>
			<x18>99</x18>
			<y18>169</y18>
			<x19>102</x19>
			<y19>172</y19>
			<x20>105</x20>
			<y20>173</y20>
			<x21>108</x21>
			<y21>176</y21>
			<x22>109</x22>
			<y22>178</y22>
			<x23>115</x23>
			<y23>180</y23>
			<x24>115</x24>
			<y24>183</y24>
			<x25>116</x25>
			<y25>184</y25>
			<x26>115</x26>
			<y26>185</y26>
			<x27>110</x27>
			<y27>185</y27>
			<x28>109</x28>
			<y28>184</y28>
			<x29>105</x29>
			<y29>184</y29>
			<x30>104</x30>
			<y30>183</y30>
			<x31>102</x31>
			<y31>183</y31>
			<x32>98</x32>
			<y32>181</y32>
			<x33>89</x33>
			<y33>172</y33>
			<x34>85</x34>
			<y34>164</y34>
			<x35>85</x35>
			<y35>162</y35>
			<x36>83</x36>
			<y36>158</y36>
			<x37>83</x37>
			<y37>154</y37>
			<x38>82</x38>
			<y38>153</y38>
			<x39>82</x39>
			<y39>137</y39>
			<x40>83</x40>
			<y40>136</y40>
			<x41>83</x41>
			<y41>133</y41>
			<x42>85</x42>
			<y42>129</y42>
			<x43>88</x43>
			<y43>125</y43>
			<x44>94</x44>
			<y44>122</y44>
			<x45>96</x45>
			<y45>120</y45>
			<x46>98</x46>
			<y46>120</y46>
			<x47>99</x47>
			<y47>119</y47>
			<x48>104</x48>
			<y48>119</y48>
		</polygon>
	</object>
	<object>
		<name>Watermelon rind</name>
		<pose>Unspecified</pose>
		<truncated>0</truncated>
		<difficult>0</difficult>
		<occluded>0</occluded>
		<bndbox>
			<xmin>106</xmin>
			<xmax>167</xmax>
			<ymin>140</ymin>
			<ymax>181</ymax>
		</bndbox>
		<polygon>
			<x1>108</x1>
			<y1>139</y1>
			<x2>110</x2>
			<y2>139</y2>
			<x3>112</x3>
			<y3>141</y3>
			<x4>112</x4>
			<y4>145</y4>
			<x5>114</x5>
			<y5>148</y5>
			<x6>114</x6>
			<y6>151</y6>
			<x7>115</x7>
			<y7>153</y7>
			<x8>117</x8>
			<y8>155</y8>
			<x9>120</x9>
			<y9>155</y9>
			<x10>122</x10>
			<y10>156</y10>
			<x11>123</x11>
			<y11>157</y11>
			<x12>123</x12>
			<y12>161</y12>
			<x13>127</x13>
			<y13>165</y13>
			<x14>129</x14>
			<y14>166</y14>
			<x15>131</x15>
			<y15>166</y15>
			<x16>132</x16>
			<y16>167</y16>
			<x17>134</x17>
			<y17>166</y17>
			<x18>136</x18>
			<y18>166</y18>
			<x19>136</x19>
			<y19>167</y19>
			<x20>138</x20>
			<y20>169</y20>
			<x21>140</x21>
			<y21>170</y21>
			<x22>144</x22>
			<y22>170</y22>
			<x23>148</x23>
			<y23>173</y23>
			<x24>152</x24>
			<y24>173</y24>
			<x25>157</x25>
			<y25>168</y25>
			<x26>160</x26>
			<y26>168</y26>
			<x27>161</x27>
			<y27>169</y27>
			<x28>163</x28>
			<y28>169</y28>
			<x29>165</x29>
			<y29>171</y29>
			<x30>165</x30>
			<y30>172</y30>
			<x31>161</x31>
			<y31>176</y31>
			<x32>159</x32>
			<y32>177</y32>
			<x33>157</x33>
			<y33>177</y33>
			<x34>156</x34>
			<y34>178</y34>
			<x35>154</x35>
			<y35>178</y35>
			<x36>153</x36>
			<y36>179</y36>
			<x37>144</x37>
			<y37>179</y37>
			<x38>143</x38>
			<y38>178</y38>
			<x39>139</x39>
			<y39>178</y39>
			<x40>138</x40>
			<y40>177</y40>
			<x41>133</x41>
			<y41>176</y41>
			<x42>127</x42>
			<y42>173</y42>
			<x43>125</x43>
			<y43>171</y43>
			<x44>119</x44>
			<y44>168</y44>
			<x45>115</x45>
			<y45>164</y45>
			<x46>114</x46>
			<y46>164</y46>
			<x47>107</x47>
			<y47>155</y47>
			<x48>106</x48>
			<y48>153</y48>
			<x49>106</x49>
			<y49>151</y49>
			<x50>105</x50>
			<y50>150</y50>
			<x51>105</x51>
			<y51>145</y51>
			<x52>108</x52>
			<y52>140</y52>
		</polygon>
	</object>
	<metadata>
	</metadata>
</annotation>
