<annotation>
	<folder></folder>
	<filename>IMG_8294_jpeg.rf.90d81cdbf14415fcacd7a6ab173024ff.jpg</filename>
	<path>IMG_8294_jpeg.rf.90d81cdbf14415fcacd7a6ab173024ff.jpg</path>
	<source>
		<database>roboflow.com</database>
	</source>
	<size>
		<width>320</width>
		<height>320</height>
		<depth>3</depth>
	</size>
	<segmented>0</segmented>
	<object>
		<name>Watermelon rind</name>
		<pose>Unspecified</pose>
		<truncated>0</truncated>
		<difficult>0</difficult>
		<occluded>0</occluded>
		<bndbox>
			<xmin>155</xmin>
			<xmax>185</xmax>
			<ymin>91</ymin>
			<ymax>151</ymax>
		</bndbox>
		<polygon>
			<x1>154</x1>
			<y1>90</y1>
			<x2>160</x2>
			<y2>90</y2>
			<x3>161</x3>
			<y3>91</y3>
			<x4>166</x4>
			<y4>92</y4>
			<x5>168</x5>
			<y5>94</y5>
			<x6>169</x6>
			<y6>94</y6>
			<x7>177</x7>
			<y7>102</y7>
			<x8>180</x8>
			<y8>108</y8>
			<x9>180</x9>
			<y9>110</y9>
			<x10>182</x10>
			<y10>114</y10>
			<x11>182</x11>
			<y11>119</y11>
			<x12>183</x12>
			<y12>120</y12>
			<x13>183</x13>
			<y13>131</y13>
			<x14>182</x14>
			<y14>132</y14>
			<x15>182</x15>
			<y15>135</y15>
			<x16>181</x16>
			<y16>136</y16>
			<x17>181</x17>
			<y17>138</y17>
			<x18>180</x18>
			<y18>140</y18>
			<x19>174</x19>
			<y19>146</y19>
			<x20>168</x20>
			<y20>149</y20>
			<x21>164</x21>
			<y21>149</y21>
			<x22>163</x22>
			<y22>150</y22>
			<x23>160</x23>
			<y23>150</y23>
			<x24>158</x24>
			<y24>149</y24>
			<x25>158</x25>
			<y25>144</y25>
			<x26>159</x26>
			<y26>142</y26>
			<x27>166</x27>
			<y27>142</y27>
			<x28>170</x28>
			<y28>139</y28>
			<x29>170</x29>
			<y29>134</y29>
			<x30>172</x30>
			<y30>131</y30>
			<x31>171</x31>
			<y31>126</y31>
			<x32>173</x32>
			<y32>124</y32>
			<x33>174</x33>
			<y33>119</y33>
			<x34>173</x34>
			<y34>118</y34>
			<x35>173</x35>
			<y35>116</y35>
			<x36>170</x36>
			<y36>113</y36>
			<x37>166</x37>
			<y37>111</y37>
			<x38>168</x38>
			<y38>107</y38>
			<x39>168</x39>
			<y39>105</y39>
			<x40>164</x40>
			<y40>101</y40>
			<x41>163</x41>
			<y41>101</y41>
			<x42>160</x42>
			<y42>98</y42>
			<x43>159</x43>
			<y43>96</y43>
			<x44>154</x44>
			<y44>94</y44>
			<x45>154</x45>
			<y45>91</y45>
		</polygon>
	</object>
	<object>
		<name>Watermelon rind</name>
		<pose>Unspecified</pose>
		<truncated>0</truncated>
		<difficult>0</difficult>
		<occluded>0</occluded>
		<bndbox>
			<xmin>109</xmin>
			<xmax>162</xmax>
			<ymin>92</ymin>
			<ymax>132</ymax>
		</bndbox>
		<polygon>
			<x1>128</x1>
			<y1>92</y1>
			<x2>129</x2>
			<y2>93</y2>
			<x3>134</x3>
			<y3>94</y3>
			<x4>140</x4>
			<y4>97</y4>
			<x5>142</x5>
			<y5>99</y5>
			<x6>146</x6>
			<y6>101</y6>
			<x7>155</x7>
			<y7>109</y7>
			<x8>160</x8>
			<y8>119</y8>
			<x9>160</x9>
			<y9>124</y9>
			<x10>157</x10>
			<y10>130</y10>
			<x11>155</x11>
			<y11>130</y11>
			<x12>153</x12>
			<y12>128</y12>
			<x13>153</x13>
			<y13>124</y13>
			<x14>152</x14>
			<y14>123</y14>
			<x15>152</x15>
			<y15>118</y15>
			<x16>149</x16>
			<y16>115</y16>
			<x17>147</x17>
			<y17>115</y17>
			<x18>145</x18>
			<y18>114</y18>
			<x19>145</x19>
			<y19>110</y19>
			<x20>142</x20>
			<y20>106</y20>
			<x21>138</x21>
			<y21>104</y21>
			<x22>134</x22>
			<y22>104</y22>
			<x23>131</x23>
			<y23>101</y23>
			<x24>129</x24>
			<y24>100</y24>
			<x25>127</x25>
			<y25>100</y25>
			<x26>123</x26>
			<y26>97</y26>
			<x27>120</x27>
			<y27>97</y27>
			<x28>116</x28>
			<y28>100</y28>
			<x29>113</x29>
			<y29>100</y29>
			<x30>109</x30>
			<y30>98</y30>
			<x31>109</x31>
			<y31>96</y31>
			<x32>113</x32>
			<y32>93</y32>
			<x33>115</x33>
			<y33>93</y33>
			<x34>116</x34>
			<y34>92</y34>
			<x35>127</x35>
			<y35>92</y35>
		</polygon>
	</object>
	<metadata>
	</metadata>
</annotation>
