<annotation>
	<folder></folder>
	<filename>IMG_8358_jpeg.rf.2ebbacfee61585fb4b4eeedd26154b28.jpg</filename>
	<path>IMG_8358_jpeg.rf.2ebbacfee61585fb4b4eeedd26154b28.jpg</path>
	<source>
		<database>roboflow.com</database>
	</source>
	<size>
		<width>320</width>
		<height>320</height>
		<depth>3</depth>
	</size>
	<segmented>0</segmented>
	<object>
		<name>fish</name>
		<pose>Unspecified</pose>
		<truncated>0</truncated>
		<difficult>0</difficult>
		<occluded>0</occluded>
		<bndbox>
			<xmin>118</xmin>
			<xmax>191</xmax>
			<ymin>109</ymin>
			<ymax>145</ymax>
		</bndbox>
		<polygon>
			<x1>129</x1>
			<y1>108</y1>
			<x2>131</x2>
			<y2>109</y2>
			<x3>132</x3>
			<y3>111</y3>
			<x4>133</x4>
			<y4>110</y4>
			<x5>134</x5>
			<y5>111</y5>
			<x6>134</x6>
			<y6>117</y6>
			<x7>135</x7>
			<y7>118</y7>
			<x8>136</x8>
			<y8>117</y8>
			<x9>138</x9>
			<y9>117</y9>
			<x10>139</x10>
			<y10>118</y10>
			<x11>141</x11>
			<y11>116</y11>
			<x12>143</x12>
			<y12>120</y12>
			<x13>145</x13>
			<y13>122</y13>
			<x14>147</x14>
			<y14>121</y14>
			<x15>147</x15>
			<y15>119</y15>
			<x16>149</x16>
			<y16>119</y16>
			<x17>153</x17>
			<y17>124</y17>
			<x18>155</x18>
			<y18>123</y18>
			<x19>154</x19>
			<y19>122</y19>
			<x20>154</x20>
			<y20>120</y20>
			<x21>152</x21>
			<y21>116</y21>
			<x22>153</x22>
			<y22>116</y22>
			<x23>159</x23>
			<y23>121</y23>
			<x24>161</x24>
			<y24>120</y24>
			<x25>163</x25>
			<y25>120</y25>
			<x26>164</x26>
			<y26>118</y26>
			<x27>171</x27>
			<y27>118</y27>
			<x28>172</x28>
			<y28>119</y28>
			<x29>176</x29>
			<y29>119</y29>
			<x30>177</x30>
			<y30>120</y30>
			<x31>180</x31>
			<y31>120</y31>
			<x32>183</x32>
			<y32>122</y32>
			<x33>185</x33>
			<y33>122</y33>
			<x34>189</x34>
			<y34>125</y34>
			<x35>189</x35>
			<y35>126</y35>
			<x36>187</x36>
			<y36>127</y36>
			<x37>187</x37>
			<y37>129</y37>
			<x38>188</x38>
			<y38>131</y38>
			<x39>181</x39>
			<y39>135</y39>
			<x40>179</x40>
			<y40>135</y40>
			<x41>178</x41>
			<y41>136</y41>
			<x42>176</x42>
			<y42>136</y42>
			<x43>172</x43>
			<y43>138</y43>
			<x44>170</x44>
			<y44>138</y44>
			<x45>168</x45>
			<y45>137</y45>
			<x46>164</x46>
			<y46>141</y46>
			<x47>161</x47>
			<y47>142</y47>
			<x48>163</x48>
			<y48>138</y48>
			<x49>163</x49>
			<y49>133</y49>
			<x50>164</x50>
			<y50>132</y50>
			<x51>162</x51>
			<y51>130</y51>
			<x52>160</x52>
			<y52>132</y52>
			<x53>158</x53>
			<y53>137</y53>
			<x54>152</x54>
			<y54>143</y54>
			<x55>149</x55>
			<y55>143</y55>
			<x56>152</x56>
			<y56>140</y56>
			<x57>154</x57>
			<y57>136</y57>
			<x58>154</x58>
			<y58>133</y58>
			<x59>155</x59>
			<y59>131</y59>
			<x60>153</x60>
			<y60>129</y60>
			<x61>152</x61>
			<y61>129</y61>
			<x62>151</x62>
			<y62>131</y62>
			<x63>146</x63>
			<y63>136</y63>
			<x64>142</x64>
			<y64>138</y64>
			<x65>142</x65>
			<y65>137</y65>
			<x66>145</x66>
			<y66>134</y66>
			<x67>146</x67>
			<y67>132</y67>
			<x68>146</x68>
			<y68>130</y68>
			<x69>147</x69>
			<y69>129</y69>
			<x70>145</x70>
			<y70>127</y70>
			<x71>143</x71>
			<y71>126</y71>
			<x72>139</x72>
			<y72>129</y72>
			<x73>137</x73>
			<y73>129</y73>
			<x74>135</x74>
			<y74>130</y74>
			<x75>135</x75>
			<y75>129</y75>
			<x76>138</x76>
			<y76>126</y76>
			<x77>138</x77>
			<y77>125</y77>
			<x78>137</x78>
			<y78>124</y78>
			<x79>132</x79>
			<y79>124</y79>
			<x80>131</x80>
			<y80>123</y80>
			<x81>133</x81>
			<y81>122</y81>
			<x82>132</x82>
			<y82>120</y82>
			<x83>129</x83>
			<y83>120</y83>
			<x84>128</x84>
			<y84>119</y84>
			<x85>121</x85>
			<y85>118</y85>
			<x86>117</x86>
			<y86>116</y86>
			<x87>117</x87>
			<y87>115</y87>
			<x88>119</x88>
			<y88>114</y88>
			<x89>118</x89>
			<y89>113</y89>
			<x90>118</x90>
			<y90>111</y90>
			<x91>120</x91>
			<y91>110</y91>
			<x92>122</x92>
			<y92>111</y92>
			<x93>124</x93>
			<y93>109</y93>
			<x94>128</x94>
			<y94>109</y94>
		</polygon>
	</object>
	<metadata>
	</metadata>
</annotation>
