<annotation>
	<folder></folder>
	<filename>IMG_8302_jpeg.rf.3249ac0d232779bdb7237e592de4af18.jpg</filename>
	<path>IMG_8302_jpeg.rf.3249ac0d232779bdb7237e592de4af18.jpg</path>
	<source>
		<database>roboflow.com</database>
	</source>
	<size>
		<width>320</width>
		<height>320</height>
		<depth>3</depth>
	</size>
	<segmented>0</segmented>
	<object>
		<name>Watermelon rind</name>
		<pose>Unspecified</pose>
		<truncated>0</truncated>
		<difficult>0</difficult>
		<occluded>0</occluded>
		<bndbox>
			<xmin>182</xmin>
			<xmax>244</xmax>
			<ymin>107</ymin>
			<ymax>165</ymax>
		</bndbox>
		<polygon>
			<x1>214</x1>
			<y1>107</y1>
			<x2>215</x2>
			<y2>108</y2>
			<x3>219</x3>
			<y3>108</y3>
			<x4>220</x4>
			<y4>109</y4>
			<x5>223</x5>
			<y5>109</y5>
			<x6>224</x6>
			<y6>110</y6>
			<x7>226</x7>
			<y7>110</y7>
			<x8>228</x8>
			<y8>112</y8>
			<x9>230</x9>
			<y9>112</y9>
			<x10>232</x10>
			<y10>114</y10>
			<x11>233</x11>
			<y11>114</y11>
			<x12>239</x12>
			<y12>120</y12>
			<x13>240</x13>
			<y13>123</y13>
			<x14>242</x14>
			<y14>125</y14>
			<x15>242</x15>
			<y15>127</y15>
			<x16>236</x16>
			<y16>127</y16>
			<x17>234</x17>
			<y17>124</y17>
			<x18>234</x18>
			<y18>122</y18>
			<x19>230</x19>
			<y19>118</y19>
			<x20>225</x20>
			<y20>118</y20>
			<x21>222</x21>
			<y21>116</y21>
			<x22>216</x22>
			<y22>116</y22>
			<x23>214</x23>
			<y23>114</y23>
			<x24>211</x24>
			<y24>114</y24>
			<x25>210</x25>
			<y25>113</y25>
			<x26>208</x26>
			<y26>114</y26>
			<x27>206</x27>
			<y27>114</y27>
			<x28>203</x28>
			<y28>118</y28>
			<x29>201</x29>
			<y29>118</y29>
			<x30>200</x30>
			<y30>117</y30>
			<x31>195</x31>
			<y31>117</y31>
			<x32>193</x32>
			<y32>119</y32>
			<x33>193</x33>
			<y33>120</y33>
			<x34>188</x34>
			<y34>125</y34>
			<x35>188</x35>
			<y35>127</y35>
			<x36>183</x36>
			<y36>127</y36>
			<x37>182</x37>
			<y37>125</y37>
			<x38>182</x38>
			<y38>119</y38>
			<x39>183</x39>
			<y39>118</y39>
			<x40>183</x40>
			<y40>116</y40>
			<x41>184</x41>
			<y41>114</y41>
			<x42>187</x42>
			<y42>111</y42>
			<x43>193</x43>
			<y43>108</y43>
			<x44>197</x44>
			<y44>108</y44>
			<x45>198</x45>
			<y45>107</y45>
			<x46>213</x46>
			<y46>107</y46>
		</polygon>
	</object>
	<object>
		<name>Watermelon rind</name>
		<pose>Unspecified</pose>
		<truncated>0</truncated>
		<difficult>0</difficult>
		<occluded>0</occluded>
		<bndbox>
			<xmin>195</xmin>
			<xmax>227</xmax>
			<ymin>125</ymin>
			<ymax>168</ymax>
		</bndbox>
		<polygon>
			<x1>215</x1>
			<y1>124</y1>
			<x2>216</x2>
			<y2>125</y2>
			<x3>220</x3>
			<y3>125</y3>
			<x4>221</x4>
			<y4>126</y4>
			<x5>223</x5>
			<y5>126</y5>
			<x6>225</x6>
			<y6>128</y6>
			<x7>225</x7>
			<y7>130</y7>
			<x8>219</x8>
			<y8>130</y8>
			<x9>218</x9>
			<y9>131</y9>
			<x10>214</x10>
			<y10>131</y10>
			<x11>213</x11>
			<y11>132</y11>
			<x12>213</x12>
			<y12>134</y12>
			<x13>212</x13>
			<y13>136</y13>
			<x14>210</x14>
			<y14>135</y14>
			<x15>208</x15>
			<y15>136</y15>
			<x16>204</x16>
			<y16>140</y16>
			<x17>204</x17>
			<y17>142</y17>
			<x18>205</x18>
			<y18>144</y18>
			<x19>203</x19>
			<y19>147</y19>
			<x20>202</x20>
			<y20>156</y20>
			<x21>208</x21>
			<y21>161</y21>
			<x22>207</x22>
			<y22>166</y22>
			<x23>205</x23>
			<y23>166</y23>
			<x24>203</x24>
			<y24>165</y24>
			<x25>198</x25>
			<y25>160</y25>
			<x26>195</x26>
			<y26>154</y26>
			<x27>195</x27>
			<y27>142</y27>
			<x28>199</x28>
			<y28>134</y28>
			<x29>203</x29>
			<y29>130</y29>
			<x30>203</x30>
			<y30>129</y30>
			<x31>204</x31>
			<y31>129</y31>
			<x32>207</x32>
			<y32>126</y32>
			<x33>209</x33>
			<y33>125</y33>
			<x34>214</x34>
			<y34>125</y34>
		</polygon>
	</object>
	<metadata>
	</metadata>
</annotation>
