<annotation>
	<folder></folder>
	<filename>IMG_8320_jpeg.rf.00e099c5c4ee064151645fcbac758c4c.jpg</filename>
	<path>IMG_8320_jpeg.rf.00e099c5c4ee064151645fcbac758c4c.jpg</path>
	<source>
		<database>roboflow.com</database>
	</source>
	<size>
		<width>320</width>
		<height>320</height>
		<depth>3</depth>
	</size>
	<segmented>0</segmented>
	<object>
		<name>Watermelon rind</name>
		<pose>Unspecified</pose>
		<truncated>0</truncated>
		<difficult>0</difficult>
		<occluded>0</occluded>
		<bndbox>
			<xmin>149</xmin>
			<xmax>224</xmax>
			<ymin>110</ymin>
			<ymax>148</ymax>
		</bndbox>
		<polygon>
			<x1>218</x1>
			<y1>110</y1>
			<x2>221</x2>
			<y2>114</y2>
			<x3>221</x3>
			<y3>116</y3>
			<x4>222</x4>
			<y4>117</y4>
			<x5>222</x5>
			<y5>121</y5>
			<x6>221</x6>
			<y6>122</y6>
			<x7>221</x7>
			<y7>124</y7>
			<x8>220</x8>
			<y8>126</y8>
			<x9>213</x9>
			<y9>133</y9>
			<x10>195</x10>
			<y10>142</y10>
			<x11>193</x11>
			<y11>142</y11>
			<x12>189</x12>
			<y12>144</y12>
			<x13>186</x13>
			<y13>144</y13>
			<x14>185</x14>
			<y14>145</y14>
			<x15>181</x15>
			<y15>145</y15>
			<x16>180</x16>
			<y16>146</y16>
			<x17>161</x17>
			<y17>146</y17>
			<x18>155</x18>
			<y18>143</y18>
			<x19>153</x19>
			<y19>143</y19>
			<x20>150</x20>
			<y20>140</y20>
			<x21>148</x21>
			<y21>139</y21>
			<x22>148</x22>
			<y22>137</y22>
			<x23>153</x23>
			<y23>136</y23>
			<x24>156</x24>
			<y24>138</y24>
			<x25>165</x25>
			<y25>138</y25>
			<x26>169</x26>
			<y26>140</y26>
			<x27>170</x27>
			<y27>139</y27>
			<x28>172</x28>
			<y28>139</y28>
			<x29>174</x29>
			<y29>138</y29>
			<x30>177</x30>
			<y30>135</y30>
			<x31>179</x31>
			<y31>135</y31>
			<x32>182</x32>
			<y32>137</y32>
			<x33>188</x33>
			<y33>137</y33>
			<x34>191</x34>
			<y34>135</y34>
			<x35>193</x35>
			<y35>135</y35>
			<x36>196</x36>
			<y36>132</y36>
			<x37>197</x37>
			<y37>130</y37>
			<x38>202</x38>
			<y38>129</y38>
			<x39>206</x39>
			<y39>125</y39>
			<x40>208</x40>
			<y40>124</y40>
			<x41>210</x41>
			<y41>124</y41>
			<x42>213</x42>
			<y42>121</y42>
			<x43>213</x43>
			<y43>118</y43>
			<x44>210</x44>
			<y44>115</y44>
			<x45>209</x45>
			<y45>115</y45>
			<x46>213</x46>
			<y46>111</y46>
			<x47>215</x47>
			<y47>111</y47>
			<x48>217</x48>
			<y48>110</y48>
		</polygon>
	</object>
	<object>
		<name>Watermelon rind</name>
		<pose>Unspecified</pose>
		<truncated>0</truncated>
		<difficult>0</difficult>
		<occluded>0</occluded>
		<bndbox>
			<xmin>118</xmin>
			<xmax>214</xmax>
			<ymin>133</ymin>
			<ymax>171</ymax>
		</bndbox>
		<polygon>
			<x1>123</x1>
			<y1>132</y1>
			<x2>124</x2>
			<y2>133</y2>
			<x3>126</x3>
			<y3>133</y3>
			<x4>128</x4>
			<y4>134</y4>
			<x5>130</x5>
			<y5>136</y5>
			<x6>130</x6>
			<y6>137</y6>
			<x7>127</x7>
			<y7>140</y7>
			<x8>127</x8>
			<y8>143</y8>
			<x9>129</x9>
			<y9>146</y9>
			<x10>131</x10>
			<y10>147</y10>
			<x11>133</x11>
			<y11>147</y11>
			<x12>134</x12>
			<y12>148</y12>
			<x13>136</x13>
			<y13>148</y13>
			<x14>142</x14>
			<y14>152</y14>
			<x15>149</x15>
			<y15>152</y15>
			<x16>149</x16>
			<y16>153</y16>
			<x17>153</x17>
			<y17>157</y17>
			<x18>155</x18>
			<y18>157</y18>
			<x19>156</x19>
			<y19>158</y19>
			<x20>159</x20>
			<y20>158</y20>
			<x21>160</x21>
			<y21>159</y21>
			<x22>166</x22>
			<y22>159</y22>
			<x23>171</x23>
			<y23>156</y23>
			<x24>175</x24>
			<y24>156</y24>
			<x25>182</x25>
			<y25>160</y25>
			<x26>186</x26>
			<y26>160</y26>
			<x27>191</x27>
			<y27>157</y27>
			<x28>200</x28>
			<y28>156</y28>
			<x29>206</x29>
			<y29>152</y29>
			<x30>208</x30>
			<y30>153</y30>
			<x31>211</x31>
			<y31>153</y31>
			<x32>212</x32>
			<y32>154</y32>
			<x33>211</x33>
			<y33>157</y33>
			<x34>206</x34>
			<y34>162</y34>
			<x35>205</x35>
			<y35>162</y35>
			<x36>201</x36>
			<y36>165</y36>
			<x37>199</x37>
			<y37>165</y37>
			<x38>198</x38>
			<y38>166</y38>
			<x39>196</x39>
			<y39>166</y39>
			<x40>192</x40>
			<y40>168</y40>
			<x41>188</x41>
			<y41>168</y41>
			<x42>187</x42>
			<y42>169</y42>
			<x43>168</x43>
			<y43>169</y43>
			<x44>167</x44>
			<y44>168</y44>
			<x45>160</x45>
			<y45>168</y45>
			<x46>159</x46>
			<y46>167</y46>
			<x47>156</x47>
			<y47>167</y47>
			<x48>155</x48>
			<y48>166</y48>
			<x49>152</x49>
			<y49>166</y49>
			<x50>151</x50>
			<y50>165</y50>
			<x51>144</x51>
			<y51>164</y51>
			<x52>143</x52>
			<y52>163</y52>
			<x53>141</x53>
			<y53>163</y53>
			<x54>138</x54>
			<y54>161</y54>
			<x55>136</x55>
			<y55>161</y55>
			<x56>130</x56>
			<y56>158</y56>
			<x57>128</x57>
			<y57>156</y57>
			<x58>124</x58>
			<y58>154</y58>
			<x59>120</x59>
			<y59>150</y59>
			<x60>117</x60>
			<y60>144</y60>
			<x61>117</x61>
			<y61>136</y61>
			<x62>118</x62>
			<y62>135</y62>
			<x63>118</x63>
			<y63>133</y63>
			<x64>119</x64>
			<y64>132</y64>
			<x65>122</x65>
			<y65>132</y65>
		</polygon>
	</object>
	<metadata>
	</metadata>
</annotation>
