<annotation>
	<folder></folder>
	<filename>IMG_8292_jpeg.rf.b42645174d0cfea682ebda612c32de4b.jpg</filename>
	<path>IMG_8292_jpeg.rf.b42645174d0cfea682ebda612c32de4b.jpg</path>
	<source>
		<database>roboflow.com</database>
	</source>
	<size>
		<width>320</width>
		<height>320</height>
		<depth>3</depth>
	</size>
	<segmented>0</segmented>
	<object>
		<name>Watermelon rind</name>
		<pose>Unspecified</pose>
		<truncated>0</truncated>
		<difficult>0</difficult>
		<occluded>0</occluded>
		<bndbox>
			<xmin>90</xmin>
			<xmax>166</xmax>
			<ymin>166</ymin>
			<ymax>195</ymax>
		</bndbox>
		<polygon>
			<x1>112</x1>
			<y1>165</y1>
			<x2>113</x2>
			<y2>165</y2>
			<x3>114</x3>
			<y3>167</y3>
			<x4>125</x4>
			<y4>167</y4>
			<x5>126</x5>
			<y5>168</y5>
			<x6>134</x6>
			<y6>168</y6>
			<x7>135</x7>
			<y7>169</y7>
			<x8>139</x8>
			<y8>169</y8>
			<x9>143</x9>
			<y9>171</y9>
			<x10>146</x10>
			<y10>171</y10>
			<x11>148</x11>
			<y11>173</y11>
			<x12>150</x12>
			<y12>173</y12>
			<x13>151</x13>
			<y13>174</y13>
			<x14>155</x14>
			<y14>174</y14>
			<x15>156</x15>
			<y15>175</y15>
			<x16>155</x16>
			<y16>176</y16>
			<x17>156</x17>
			<y17>177</y17>
			<x18>159</x18>
			<y18>177</y18>
			<x19>161</x19>
			<y19>181</y19>
			<x20>163</x20>
			<y20>182</y20>
			<x21>165</x21>
			<y21>185</y21>
			<x22>164</x22>
			<y22>186</y22>
			<x23>164</x23>
			<y23>190</y23>
			<x24>161</x24>
			<y24>193</y24>
			<x25>155</x25>
			<y25>193</y25>
			<x26>155</x26>
			<y26>190</y26>
			<x27>152</x27>
			<y27>187</y27>
			<x28>151</x28>
			<y28>185</y28>
			<x29>152</x29>
			<y29>183</y29>
			<x30>150</x30>
			<y30>181</y30>
			<x31>144</x31>
			<y31>181</y31>
			<x32>143</x32>
			<y32>182</y32>
			<x33>140</x33>
			<y33>182</y33>
			<x34>139</x34>
			<y34>181</y34>
			<x35>139</x35>
			<y35>179</y35>
			<x36>137</x36>
			<y36>177</y36>
			<x37>135</x37>
			<y37>176</y37>
			<x38>133</x38>
			<y38>176</y38>
			<x39>132</x39>
			<y39>175</y39>
			<x40>127</x40>
			<y40>175</y40>
			<x41>124</x41>
			<y41>177</y41>
			<x42>122</x42>
			<y42>177</y42>
			<x43>121</x43>
			<y43>175</y43>
			<x44>114</x44>
			<y44>175</y44>
			<x45>113</x45>
			<y45>176</y45>
			<x46>112</x46>
			<y46>175</y46>
			<x47>106</x47>
			<y47>175</y47>
			<x48>98</x48>
			<y48>183</y48>
			<x49>92</x49>
			<y49>183</y49>
			<x50>92</x50>
			<y50>180</y50>
			<x51>90</x51>
			<y51>179</y51>
			<x52>90</x52>
			<y52>178</y52>
			<x53>95</x53>
			<y53>173</y53>
			<x54>98</x54>
			<y54>172</y54>
			<x55>103</x55>
			<y55>168</y55>
			<x56>105</x56>
			<y56>168</y56>
			<x57>109</x57>
			<y57>166</y57>
			<x58>111</x58>
			<y58>167</y58>
			<x59>112</x59>
			<y59>166</y59>
		</polygon>
	</object>
	<object>
		<name>Watermelon rind</name>
		<pose>Unspecified</pose>
		<truncated>0</truncated>
		<difficult>0</difficult>
		<occluded>0</occluded>
		<bndbox>
			<xmin>99</xmin>
			<xmax>193</xmax>
			<ymin>149</ymin>
			<ymax>211</ymax>
		</bndbox>
		<polygon>
			<x1>153</x1>
			<y1>148</y1>
			<x2>154</x2>
			<y2>149</y2>
			<x3>161</x3>
			<y3>149</y3>
			<x4>166</x4>
			<y4>152</y4>
			<x5>168</x5>
			<y5>152</y5>
			<x6>168</x6>
			<y6>154</y6>
			<x7>170</x7>
			<y7>156</y7>
			<x8>173</x8>
			<y8>156</y8>
			<x9>174</x9>
			<y9>157</y9>
			<x10>174</x10>
			<y10>159</y10>
			<x11>175</x11>
			<y11>160</y11>
			<x12>177</x12>
			<y12>160</y12>
			<x13>179</x13>
			<y13>164</y13>
			<x14>181</x14>
			<y14>164</y14>
			<x15>182</x15>
			<y15>165</y15>
			<x16>183</x16>
			<y16>164</y16>
			<x17>182</x17>
			<y17>165</y17>
			<x18>183</x18>
			<y18>166</y18>
			<x19>182</x19>
			<y19>167</y19>
			<x20>185</x20>
			<y20>170</y20>
			<x21>186</x21>
			<y21>170</y21>
			<x22>186</x22>
			<y22>174</y22>
			<x23>187</x23>
			<y23>175</y23>
			<x24>186</x24>
			<y24>177</y24>
			<x25>187</x25>
			<y25>178</y25>
			<x26>187</x26>
			<y26>181</y26>
			<x27>189</x27>
			<y27>182</y27>
			<x28>191</x28>
			<y28>185</y28>
			<x29>191</x29>
			<y29>188</y29>
			<x30>192</x30>
			<y30>189</y30>
			<x31>190</x31>
			<y31>191</y31>
			<x32>188</x32>
			<y32>191</y32>
			<x33>187</x33>
			<y33>192</y33>
			<x34>187</x34>
			<y34>193</y34>
			<x35>190</x35>
			<y35>196</y35>
			<x36>188</x36>
			<y36>198</y36>
			<x37>188</x37>
			<y37>199</y37>
			<x38>182</x38>
			<y38>205</y38>
			<x39>172</x39>
			<y39>210</y39>
			<x40>170</x40>
			<y40>209</y40>
			<x41>171</x41>
			<y41>208</y41>
			<x42>170</x42>
			<y42>207</y42>
			<x43>168</x43>
			<y43>207</y43>
			<x44>168</x44>
			<y44>204</y44>
			<x45>173</x45>
			<y45>200</y45>
			<x46>175</x46>
			<y46>200</y46>
			<x47>179</x47>
			<y47>197</y47>
			<x48>179</x48>
			<y48>195</y48>
			<x49>178</x49>
			<y49>194</y49>
			<x50>178</x50>
			<y50>189</y50>
			<x51>179</x51>
			<y51>187</y51>
			<x52>177</x52>
			<y52>184</y52>
			<x53>175</x53>
			<y53>184</y53>
			<x54>175</x54>
			<y54>182</y54>
			<x55>177</x55>
			<y55>180</y55>
			<x56>178</x56>
			<y56>178</y56>
			<x57>178</x57>
			<y57>176</y57>
			<x58>177</x58>
			<y58>174</y58>
			<x59>173</x59>
			<y59>170</y59>
			<x60>171</x60>
			<y60>169</y60>
			<x61>170</x61>
			<y61>170</y61>
			<x62>165</x62>
			<y62>170</y62>
			<x63>165</x63>
			<y63>168</y63>
			<x64>164</x64>
			<y64>167</y64>
			<x65>165</x65>
			<y65>166</y65>
			<x66>165</x66>
			<y66>162</y66>
			<x67>164</x67>
			<y67>161</y67>
			<x68>162</x68>
			<y68>160</y68>
			<x69>153</x69>
			<y69>160</y69>
			<x70>149</x70>
			<y70>157</y70>
			<x71>140</x71>
			<y71>157</y71>
			<x72>140</x72>
			<y72>156</y72>
			<x73>143</x73>
			<y73>153</y73>
			<x74>142</x74>
			<y74>152</y74>
			<x75>140</x75>
			<y75>152</y75>
			<x76>141</x76>
			<y76>151</y76>
			<x77>145</x77>
			<y77>149</y77>
			<x78>150</x78>
			<y78>149</y78>
			<x79>152</x79>
			<y79>148</y79>
		</polygon>
	</object>
	<metadata>
	</metadata>
</annotation>
