<annotation>
	<folder></folder>
	<filename>IMG_8181_jpeg.rf.afc68d63b59e1e3f2c325111cfae9b29.jpg</filename>
	<path>IMG_8181_jpeg.rf.afc68d63b59e1e3f2c325111cfae9b29.jpg</path>
	<source>
		<database>roboflow.com</database>
	</source>
	<size>
		<width>320</width>
		<height>320</height>
		<depth>3</depth>
	</size>
	<segmented>0</segmented>
	<object>
		<name>Watermelon rind</name>
		<pose>Unspecified</pose>
		<truncated>0</truncated>
		<difficult>0</difficult>
		<occluded>0</occluded>
		<bndbox>
			<xmin>159</xmin>
			<xmax>221</xmax>
			<ymin>129</ymin>
			<ymax>158</ymax>
		</bndbox>
		<polygon>
			<x1>209</x1>
			<y1>130</y1>
			<x2>213</x2>
			<y2>132</y2>
			<x3>218</x3>
			<y3>137</y3>
			<x4>219</x4>
			<y4>140</y4>
			<x5>217</x5>
			<y5>140</y5>
			<x6>216</x6>
			<y6>141</y6>
			<x7>212</x7>
			<y7>141</y7>
			<x8>211</x8>
			<y8>140</y8>
			<x9>211</x9>
			<y9>138</y9>
			<x10>208</x10>
			<y10>135</y10>
			<x11>196</x11>
			<y11>135</y11>
			<x12>193</x12>
			<y12>137</y12>
			<x13>191</x13>
			<y13>136</y13>
			<x14>184</x14>
			<y14>136</y14>
			<x15>182</x15>
			<y15>137</y15>
			<x16>179</x16>
			<y16>140</y16>
			<x17>179</x17>
			<y17>142</y17>
			<x18>178</x18>
			<y18>143</y18>
			<x19>171</x19>
			<y19>143</y19>
			<x20>169</x20>
			<y20>145</y20>
			<x21>168</x21>
			<y21>148</y21>
			<x22>164</x22>
			<y22>152</y22>
			<x23>164</x23>
			<y23>155</y23>
			<x24>162</x24>
			<y24>155</y24>
			<x25>161</x25>
			<y25>156</y25>
			<x26>159</x26>
			<y26>156</y26>
			<x27>159</x27>
			<y27>154</y27>
			<x28>158</x28>
			<y28>153</y28>
			<x29>158</x29>
			<y29>147</y29>
			<x30>160</x30>
			<y30>143</y30>
			<x31>167</x31>
			<y31>136</y31>
			<x32>175</x32>
			<y32>132</y32>
			<x33>177</x33>
			<y33>132</y33>
			<x34>181</x34>
			<y34>130</y34>
			<x35>184</x35>
			<y35>130</y35>
			<x36>185</x36>
			<y36>129</y36>
			<x37>190</x37>
			<y37>129</y37>
			<x38>191</x38>
			<y38>128</y38>
			<x39>202</x39>
			<y39>128</y39>
			<x40>203</x40>
			<y40>129</y40>
			<x41>207</x41>
			<y41>129</y41>
			<x42>208</x42>
			<y42>130</y42>
		</polygon>
	</object>
	<object>
		<name>Watermelon rind</name>
		<pose>Unspecified</pose>
		<truncated>0</truncated>
		<difficult>0</difficult>
		<occluded>0</occluded>
		<bndbox>
			<xmin>172</xmin>
			<xmax>203</xmax>
			<ymin>145</ymin>
			<ymax>186</ymax>
		</bndbox>
	</object>
	<metadata>
	</metadata>
</annotation>
