<annotation>
	<folder></folder>
	<filename>IMG_8198_jpeg.rf.ed37b0d830c9905cf7e49754df4dbf7f.jpg</filename>
	<path>IMG_8198_jpeg.rf.ed37b0d830c9905cf7e49754df4dbf7f.jpg</path>
	<source>
		<database>roboflow.com</database>
	</source>
	<size>
		<width>320</width>
		<height>320</height>
		<depth>3</depth>
	</size>
	<segmented>0</segmented>
	<object>
		<name>Watermelon rind</name>
		<pose>Unspecified</pose>
		<truncated>0</truncated>
		<difficult>0</difficult>
		<occluded>0</occluded>
		<bndbox>
			<xmin>90</xmin>
			<xmax>130</xmax>
			<ymin>154</ymin>
			<ymax>188</ymax>
		</bndbox>
		<polygon>
			<x1>124</x1>
			<y1>154</y1>
			<x2>128</x2>
			<y2>156</y2>
			<x3>127</x3>
			<y3>158</y3>
			<x4>121</x4>
			<y4>158</y4>
			<x5>120</x5>
			<y5>159</y5>
			<x6>116</x6>
			<y6>159</y6>
			<x7>112</x7>
			<y7>163</y7>
			<x8>108</x8>
			<y8>163</y8>
			<x9>106</x9>
			<y9>164</y9>
			<x10>102</x10>
			<y10>168</y10>
			<x11>102</x11>
			<y11>170</y11>
			<x12>100</x12>
			<y12>171</y12>
			<x13>99</x13>
			<y13>173</y13>
			<x14>95</x14>
			<y14>177</y14>
			<x15>95</x15>
			<y15>180</y15>
			<x16>98</x16>
			<y16>183</y16>
			<x17>97</x17>
			<y17>185</y17>
			<x18>95</x18>
			<y18>186</y18>
			<x19>93</x19>
			<y19>186</y19>
			<x20>90</x20>
			<y20>183</y20>
			<x21>89</x21>
			<y21>181</y21>
			<x22>89</x22>
			<y22>176</y22>
			<x23>91</x23>
			<y23>172</y23>
			<x24>93</x24>
			<y24>170</y24>
			<x25>93</x25>
			<y25>169</y25>
			<x26>100</x26>
			<y26>162</y26>
			<x27>106</x27>
			<y27>159</y27>
			<x28>108</x28>
			<y28>157</y28>
			<x29>112</x29>
			<y29>155</y29>
			<x30>115</x30>
			<y30>155</y30>
			<x31>116</x31>
			<y31>154</y31>
			<x32>123</x32>
			<y32>154</y32>
		</polygon>
	</object>
	<object>
		<name>Watermelon rind</name>
		<pose>Unspecified</pose>
		<truncated>0</truncated>
		<difficult>0</difficult>
		<occluded>0</occluded>
		<bndbox>
			<xmin>87</xmin>
			<xmax>148</xmax>
			<ymin>140</ymin>
			<ymax>159</ymax>
		</bndbox>
		<polygon>
			<x1>135</x1>
			<y1>140</y1>
			<x2>136</x2>
			<y2>141</y2>
			<x3>138</x3>
			<y3>141</y3>
			<x4>140</x4>
			<y4>142</y4>
			<x5>145</x5>
			<y5>146</y5>
			<x6>146</x6>
			<y6>148</y6>
			<x7>146</x7>
			<y7>150</y7>
			<x8>147</x8>
			<y8>151</y8>
			<x9>147</x9>
			<y9>153</y9>
			<x10>146</x10>
			<y10>155</y10>
			<x11>141</x11>
			<y11>155</y11>
			<x12>140</x12>
			<y12>154</y12>
			<x13>140</x13>
			<y13>149</y13>
			<x14>137</x14>
			<y14>147</y14>
			<x15>134</x15>
			<y15>148</y15>
			<x16>133</x16>
			<y16>147</y16>
			<x17>130</x17>
			<y17>147</y17>
			<x18>129</x18>
			<y18>146</y18>
			<x19>127</x19>
			<y19>147</y19>
			<x20>125</x20>
			<y20>147</y20>
			<x21>122</x21>
			<y21>145</y21>
			<x22>115</x22>
			<y22>145</y22>
			<x23>110</x23>
			<y23>149</y23>
			<x24>106</x24>
			<y24>149</y24>
			<x25>105</x25>
			<y25>148</y25>
			<x26>103</x26>
			<y26>149</y26>
			<x27>101</x27>
			<y27>149</y27>
			<x28>97</x28>
			<y28>153</y28>
			<x29>94</x29>
			<y29>154</y29>
			<x30>90</x30>
			<y30>158</y30>
			<x31>87</x31>
			<y31>158</y31>
			<x32>87</x32>
			<y32>154</y32>
			<x33>89</x33>
			<y33>150</y33>
			<x34>95</x34>
			<y34>145</y34>
			<x35>97</x35>
			<y35>144</y35>
			<x36>99</x36>
			<y36>144</y36>
			<x37>104</x37>
			<y37>141</y37>
			<x38>107</x38>
			<y38>141</y38>
			<x39>108</x39>
			<y39>140</y39>
			<x40>115</x40>
			<y40>140</y40>
			<x41>116</x41>
			<y41>139</y41>
			<x42>129</x42>
			<y42>139</y42>
			<x43>130</x43>
			<y43>140</y43>
			<x44>134</x44>
			<y44>140</y44>
		</polygon>
	</object>
	<metadata>
	</metadata>
</annotation>
