<annotation>
	<folder></folder>
	<filename>IMG_8293_jpeg.rf.6b9b169ee7d3aa062624d3e2d1cee057.jpg</filename>
	<path>IMG_8293_jpeg.rf.6b9b169ee7d3aa062624d3e2d1cee057.jpg</path>
	<source>
		<database>roboflow.com</database>
	</source>
	<size>
		<width>320</width>
		<height>320</height>
		<depth>3</depth>
	</size>
	<segmented>0</segmented>
	<object>
		<name>Watermelon rind</name>
		<pose>Unspecified</pose>
		<truncated>0</truncated>
		<difficult>0</difficult>
		<occluded>0</occluded>
		<bndbox>
			<xmin>83</xmin>
			<xmax>154</xmax>
			<ymin>151</ymin>
			<ymax>173</ymax>
		</bndbox>
		<polygon>
			<x1>123</x1>
			<y1>150</y1>
			<x2>124</x2>
			<y2>151</y2>
			<x3>133</x3>
			<y3>152</y3>
			<x4>134</x4>
			<y4>153</y4>
			<x5>139</x5>
			<y5>154</y5>
			<x6>145</x6>
			<y6>157</y6>
			<x7>151</x7>
			<y7>163</y7>
			<x8>153</x8>
			<y8>167</y8>
			<x9>153</x9>
			<y9>170</y9>
			<x10>152</x10>
			<y10>171</y10>
			<x11>148</x11>
			<y11>171</y11>
			<x12>147</x12>
			<y12>169</y12>
			<x13>144</x13>
			<y13>166</y13>
			<x14>141</x14>
			<y14>165</y14>
			<x15>137</x15>
			<y15>161</y15>
			<x16>128</x16>
			<y16>161</y16>
			<x17>126</x17>
			<y17>158</y17>
			<x18>124</x18>
			<y18>157</y18>
			<x19>122</x19>
			<y19>157</y19>
			<x20>121</x20>
			<y20>156</y20>
			<x21>115</x21>
			<y21>156</y21>
			<x22>112</x22>
			<y22>158</y22>
			<x23>109</x23>
			<y23>158</y23>
			<x24>108</x24>
			<y24>157</y24>
			<x25>105</x25>
			<y25>157</y25>
			<x26>104</x26>
			<y26>158</y26>
			<x27>95</x27>
			<y27>158</y27>
			<x28>92</x28>
			<y28>161</y28>
			<x29>92</x29>
			<y29>165</y29>
			<x30>91</x30>
			<y30>166</y30>
			<x31>83</x31>
			<y31>166</y31>
			<x32>82</x32>
			<y32>164</y32>
			<x33>83</x33>
			<y33>163</y33>
			<x34>83</x34>
			<y34>161</y34>
			<x35>84</x35>
			<y35>159</y35>
			<x36>88</x36>
			<y36>155</y36>
			<x37>94</x37>
			<y37>152</y37>
			<x38>96</x38>
			<y38>152</y38>
			<x39>97</x39>
			<y39>151</y39>
			<x40>100</x40>
			<y40>151</y40>
			<x41>101</x41>
			<y41>150</y41>
			<x42>122</x42>
			<y42>150</y42>
		</polygon>
	</object>
	<object>
		<name>Watermelon rind</name>
		<pose>Unspecified</pose>
		<truncated>0</truncated>
		<difficult>0</difficult>
		<occluded>0</occluded>
		<bndbox>
			<xmin>118</xmin>
			<xmax>183</xmax>
			<ymin>132</ymin>
			<ymax>188</ymax>
		</bndbox>
		<polygon>
			<x1>148</x1>
			<y1>134</y1>
			<x2>149</x2>
			<y2>135</y2>
			<x3>151</x3>
			<y3>135</y3>
			<x4>155</x4>
			<y4>137</y4>
			<x5>157</x5>
			<y5>139</y5>
			<x6>161</x6>
			<y6>141</y6>
			<x7>164</x7>
			<y7>144</y7>
			<x8>165</x8>
			<y8>144</y8>
			<x9>173</x9>
			<y9>152</y9>
			<x10>173</x10>
			<y10>153</y10>
			<x11>177</x11>
			<y11>158</y11>
			<x12>180</x12>
			<y12>164</y12>
			<x13>180</x13>
			<y13>166</y13>
			<x14>181</x14>
			<y14>167</y14>
			<x15>181</x15>
			<y15>173</y15>
			<x16>180</x16>
			<y16>174</y16>
			<x17>180</x17>
			<y17>176</y17>
			<x18>177</x18>
			<y18>180</y18>
			<x19>177</x19>
			<y19>181</y19>
			<x20>171</x20>
			<y20>186</y20>
			<x21>168</x21>
			<y21>186</y21>
			<x22>165</x22>
			<y22>183</y22>
			<x23>165</x23>
			<y23>181</y23>
			<x24>164</x24>
			<y24>180</y24>
			<x25>166</x25>
			<y25>178</y25>
			<x26>169</x26>
			<y26>177</y26>
			<x27>172</x27>
			<y27>174</y27>
			<x28>172</x28>
			<y28>172</y28>
			<x29>168</x29>
			<y29>168</y29>
			<x30>168</x30>
			<y30>166</y30>
			<x31>167</x31>
			<y31>164</y31>
			<x32>163</x32>
			<y32>160</y32>
			<x33>162</x33>
			<y33>160</y33>
			<x34>162</x34>
			<y34>155</y34>
			<x35>156</x35>
			<y35>149</y35>
			<x36>154</x36>
			<y36>148</y36>
			<x37>146</x37>
			<y37>148</y37>
			<x38>144</x38>
			<y38>143</y38>
			<x39>140</x39>
			<y39>140</y39>
			<x40>133</x40>
			<y40>140</y40>
			<x41>129</x41>
			<y41>138</y41>
			<x42>120</x42>
			<y42>138</y42>
			<x43>117</x43>
			<y43>135</y43>
			<x44>122</x44>
			<y44>132</y44>
			<x45>126</x45>
			<y45>132</y45>
			<x46>127</x46>
			<y46>131</y46>
			<x47>138</x47>
			<y47>131</y47>
			<x48>139</x48>
			<y48>132</y48>
			<x49>143</x49>
			<y49>132</y49>
			<x50>147</x50>
			<y50>134</y50>
		</polygon>
	</object>
	<metadata>
	</metadata>
</annotation>
