<annotation>
	<folder></folder>
	<filename>IMG_8343_jpeg.rf.132b67077948936d458d8ebd0ca3f8c4.jpg</filename>
	<path>IMG_8343_jpeg.rf.132b67077948936d458d8ebd0ca3f8c4.jpg</path>
	<source>
		<database>roboflow.com</database>
	</source>
	<size>
		<width>320</width>
		<height>320</height>
		<depth>3</depth>
	</size>
	<segmented>0</segmented>
	<object>
		<name>fish</name>
		<pose>Unspecified</pose>
		<truncated>0</truncated>
		<difficult>0</difficult>
		<occluded>0</occluded>
		<bndbox>
			<xmin>73</xmin>
			<xmax>147</xmax>
			<ymin>85</ymin>
			<ymax>142</ymax>
		</bndbox>
		<polygon>
			<x1>137</x1>
			<y1>84</y1>
			<x2>137</x2>
			<y2>86</y2>
			<x3>139</x3>
			<y3>89</y3>
			<x4>142</x4>
			<y4>89</y4>
			<x5>144</x5>
			<y5>87</y5>
			<x6>145</x6>
			<y6>89</y6>
			<x7>145</x7>
			<y7>102</y7>
			<x8>144</x8>
			<y8>103</y8>
			<x9>144</x9>
			<y9>108</y9>
			<x10>141</x10>
			<y10>110</y10>
			<x11>141</x11>
			<y11>112</y11>
			<x12>144</x12>
			<y12>118</y12>
			<x13>143</x13>
			<y13>119</y13>
			<x14>137</x14>
			<y14>114</y14>
			<x15>135</x15>
			<y15>114</y15>
			<x16>133</x16>
			<y16>116</y16>
			<x17>137</x17>
			<y17>124</y17>
			<x18>137</x18>
			<y18>126</y18>
			<x19>138</x19>
			<y19>128</y19>
			<x20>136</x20>
			<y20>129</y20>
			<x21>135</x21>
			<y21>127</y21>
			<x22>129</x22>
			<y22>121</y22>
			<x23>128</x23>
			<y23>121</y23>
			<x24>125</x24>
			<y24>118</y24>
			<x25>122</x25>
			<y25>118</y25>
			<x26>121</x26>
			<y26>119</y26>
			<x27>121</x27>
			<y27>122</y27>
			<x28>124</x28>
			<y28>126</y28>
			<x29>124</x29>
			<y29>128</y29>
			<x30>125</x30>
			<y30>129</y30>
			<x31>125</x31>
			<y31>133</y31>
			<x32>120</x32>
			<y32>128</y32>
			<x33>119</x33>
			<y33>126</y33>
			<x34>118</x34>
			<y34>126</y34>
			<x35>114</x35>
			<y35>123</y35>
			<x36>112</x36>
			<y36>123</y36>
			<x37>109</x37>
			<y37>125</y37>
			<x38>109</x38>
			<y38>129</y38>
			<x39>110</x39>
			<y39>130</y39>
			<x40>110</x40>
			<y40>132</y40>
			<x41>109</x41>
			<y41>133</y41>
			<x42>107</x42>
			<y42>132</y42>
			<x43>105</x43>
			<y43>128</y43>
			<x44>103</x44>
			<y44>128</y44>
			<x45>102</x45>
			<y45>130</y45>
			<x46>99</x46>
			<y46>133</y46>
			<x47>97</x47>
			<y47>133</y47>
			<x48>97</x48>
			<y48>131</y48>
			<x49>96</x49>
			<y49>130</y49>
			<x50>94</x50>
			<y50>130</y50>
			<x51>90</x51>
			<y51>134</y51>
			<x52>89</x52>
			<y52>134</y52>
			<x53>86</x53>
			<y53>137</y53>
			<x54>85</x54>
			<y54>137</y54>
			<x55>81</x55>
			<y55>140</y55>
			<x56>78</x56>
			<y56>140</y56>
			<x57>78</x57>
			<y57>138</y57>
			<x58>77</x58>
			<y58>137</y58>
			<x59>74</x59>
			<y59>137</y59>
			<x60>72</x60>
			<y60>135</y60>
			<x61>74</x61>
			<y61>133</y61>
			<x62>73</x62>
			<y62>131</y62>
			<x63>73</x63>
			<y63>129</y63>
			<x64>75</x64>
			<y64>127</y64>
			<x65>75</x65>
			<y65>126</y65>
			<x66>76</x66>
			<y66>125</y66>
			<x67>80</x67>
			<y67>125</y67>
			<x68>82</x68>
			<y68>123</y68>
			<x69>88</x69>
			<y69>126</y69>
			<x70>91</x70>
			<y70>126</y70>
			<x71>92</x71>
			<y71>124</y71>
			<x72>94</x72>
			<y72>123</y72>
			<x73>93</x73>
			<y73>122</y73>
			<x74>94</x74>
			<y74>120</y74>
			<x75>101</x75>
			<y75>120</y75>
			<x76>103</x76>
			<y76>121</y76>
			<x77>104</x77>
			<y77>119</y77>
			<x78>100</x78>
			<y78>117</y78>
			<x79>104</x79>
			<y79>115</y79>
			<x80>105</x80>
			<y80>113</y80>
			<x81>102</x81>
			<y81>111</y81>
			<x82>100</x82>
			<y82>111</y82>
			<x83>104</x83>
			<y83>109</y83>
			<x84>107</x84>
			<y84>109</y84>
			<x85>110</x85>
			<y85>106</y85>
			<x86>113</x86>
			<y86>105</y86>
			<x87>114</x87>
			<y87>104</y87>
			<x88>113</x88>
			<y88>103</y88>
			<x89>109</x89>
			<y89>103</y89>
			<x90>109</x90>
			<y90>102</y90>
			<x91>119</x91>
			<y91>92</y91>
			<x92>120</x92>
			<y92>92</y92>
			<x93>122</x93>
			<y93>90</y93>
			<x94>123</x94>
			<y94>90</y94>
			<x95>125</x95>
			<y95>88</y95>
			<x96>129</x96>
			<y96>86</y96>
			<x97>131</x97>
			<y97>86</y97>
			<x98>132</x98>
			<y98>85</y98>
			<x99>134</x99>
			<y99>85</y99>
			<x100>136</x100>
			<y100>84</y100>
		</polygon>
	</object>
	<metadata>
	</metadata>
</annotation>
