<annotation>
	<folder></folder>
	<filename>IMG_8425_jpeg.rf.dc97101827e57bbec84d7eede0ffbee2.jpg</filename>
	<path>IMG_8425_jpeg.rf.dc97101827e57bbec84d7eede0ffbee2.jpg</path>
	<source>
		<database>roboflow.com</database>
	</source>
	<size>
		<width>320</width>
		<height>320</height>
		<depth>3</depth>
	</size>
	<segmented>0</segmented>
	<object>
		<name>fish</name>
		<pose>Unspecified</pose>
		<truncated>0</truncated>
		<difficult>0</difficult>
		<occluded>0</occluded>
		<bndbox>
			<xmin>42</xmin>
			<xmax>122</xmax>
			<ymin>176</ymin>
			<ymax>226</ymax>
		</bndbox>
		<polygon>
			<x1>84</x1>
			<y1>175</y1>
			<x2>78</x2>
			<y2>182</y2>
			<x3>78</x3>
			<y3>183</y3>
			<x4>80</x4>
			<y4>185</y4>
			<x5>81</x5>
			<y5>185</y5>
			<x6>85</x6>
			<y6>181</y6>
			<x7>87</x7>
			<y7>180</y7>
			<x8>89</x8>
			<y8>180</y8>
			<x9>90</x9>
			<y9>179</y9>
			<x10>92</x10>
			<y10>179</y10>
			<x11>93</x11>
			<y11>178</y11>
			<x12>95</x12>
			<y12>178</y12>
			<x13>97</x13>
			<y13>177</y13>
			<x14>97</x14>
			<y14>178</y14>
			<x15>95</x15>
			<y15>180</y15>
			<x16>94</x16>
			<y16>180</y16>
			<x17>91</x17>
			<y17>183</y17>
			<x18>90</x18>
			<y18>183</y18>
			<x19>86</x19>
			<y19>187</y19>
			<x20>85</x20>
			<y20>189</y20>
			<x21>85</x21>
			<y21>191</y21>
			<x22>86</x22>
			<y22>192</y22>
			<x23>88</x23>
			<y23>192</y23>
			<x24>90</x24>
			<y24>190</y24>
			<x25>92</x25>
			<y25>189</y25>
			<x26>94</x26>
			<y26>189</y26>
			<x27>97</x27>
			<y27>187</y27>
			<x28>99</x28>
			<y28>187</y28>
			<x29>100</x29>
			<y29>186</y29>
			<x30>103</x30>
			<y30>186</y30>
			<x31>99</x31>
			<y31>189</y31>
			<x32>98</x32>
			<y32>189</y32>
			<x33>94</x33>
			<y33>193</y33>
			<x34>93</x34>
			<y34>196</y34>
			<x35>95</x35>
			<y35>198</y35>
			<x36>99</x36>
			<y36>198</y36>
			<x37>100</x37>
			<y37>197</y37>
			<x38>107</x38>
			<y38>197</y38>
			<x39>105</x39>
			<y39>198</y39>
			<x40>102</x40>
			<y40>201</y40>
			<x41>103</x41>
			<y41>203</y41>
			<x42>105</x42>
			<y42>203</y42>
			<x43>108</x43>
			<y43>205</y43>
			<x44>108</x44>
			<y44>206</y44>
			<x45>106</x45>
			<y45>206</y45>
			<x46>105</x46>
			<y46>208</y46>
			<x47>107</x47>
			<y47>210</y47>
			<x48>116</x48>
			<y48>214</y48>
			<x49>120</x49>
			<y49>217</y49>
			<x50>120</x50>
			<y50>219</y50>
			<x51>118</x51>
			<y51>219</y51>
			<x52>117</x52>
			<y52>220</y52>
			<x53>117</x53>
			<y53>223</y53>
			<x54>115</x54>
			<y54>224</y54>
			<x55>111</x55>
			<y55>222</y55>
			<x56>109</x56>
			<y56>224</y56>
			<x57>100</x57>
			<y57>223</y57>
			<x58>100</x58>
			<y58>221</y58>
			<x59>98</x59>
			<y59>220</y59>
			<x60>98</x60>
			<y60>218</y60>
			<x61>100</x61>
			<y61>215</y61>
			<x62>100</x62>
			<y62>213</y62>
			<x63>98</x63>
			<y63>212</y63>
			<x64>95</x64>
			<y64>209</y64>
			<x65>93</x65>
			<y65>211</y65>
			<x66>92</x66>
			<y66>211</y66>
			<x67>92</x67>
			<y67>204</y67>
			<x68>93</x68>
			<y68>203</y68>
			<x69>92</x69>
			<y69>201</y69>
			<x70>90</x70>
			<y70>201</y70>
			<x71>88</x71>
			<y71>205</y71>
			<x72>86</x72>
			<y72>206</y72>
			<x73>84</x73>
			<y73>202</y73>
			<x74>82</x74>
			<y74>200</y74>
			<x75>80</x75>
			<y75>202</y75>
			<x76>80</x76>
			<y76>207</y76>
			<x77>79</x77>
			<y77>207</y77>
			<x78>77</x78>
			<y78>205</y78>
			<x79>76</x79>
			<y79>203</y79>
			<x80>76</x80>
			<y80>201</y80>
			<x81>74</x81>
			<y81>199</y81>
			<x82>73</x82>
			<y82>200</y82>
			<x83>70</x83>
			<y83>200</y83>
			<x84>69</x84>
			<y84>199</y84>
			<x85>68</x85>
			<y85>200</y85>
			<x86>68</x86>
			<y86>202</y86>
			<x87>66</x87>
			<y87>202</y87>
			<x88>65</x88>
			<y88>201</y88>
			<x89>62</x89>
			<y89>201</y89>
			<x90>59</x90>
			<y90>199</y90>
			<x91>57</x91>
			<y91>199</y91>
			<x92>55</x92>
			<y92>198</y92>
			<x93>53</x93>
			<y93>196</y93>
			<x94>51</x94>
			<y94>196</y94>
			<x95>49</x95>
			<y95>194</y95>
			<x96>48</x96>
			<y96>194</y96>
			<x97>42</x97>
			<y97>188</y97>
			<x98>42</x98>
			<y98>186</y98>
			<x99>43</x99>
			<y99>185</y99>
			<x100>45</x100>
			<y100>185</y100>
			<x101>47</x101>
			<y101>183</y101>
			<x102>47</x102>
			<y102>182</y102>
			<x103>45</x103>
			<y103>181</y103>
			<x104>45</x104>
			<y104>180</y104>
			<x105>47</x105>
			<y105>180</y105>
			<x106>48</x106>
			<y106>179</y106>
			<x107>51</x107>
			<y107>179</y107>
			<x108>52</x108>
			<y108>178</y108>
			<x109>58</x109>
			<y109>178</y109>
			<x110>59</x110>
			<y110>177</y110>
			<x111>72</x111>
			<y111>177</y111>
			<x112>72</x112>
			<y112>178</y112>
			<x113>74</x113>
			<y113>179</y113>
			<x114>76</x114>
			<y114>177</y114>
			<x115>78</x115>
			<y115>177</y115>
			<x116>79</x116>
			<y116>176</y116>
			<x117>81</x117>
			<y117>176</y117>
			<x118>83</x118>
			<y118>175</y118>
		</polygon>
	</object>
	<metadata>
	</metadata>
</annotation>
