<annotation>
	<folder></folder>
	<filename>IMG_8225_jpeg.rf.4668ad94ba25fb49fff40282f5607a56.jpg</filename>
	<path>IMG_8225_jpeg.rf.4668ad94ba25fb49fff40282f5607a56.jpg</path>
	<source>
		<database>roboflow.com</database>
	</source>
	<size>
		<width>320</width>
		<height>320</height>
		<depth>3</depth>
	</size>
	<segmented>0</segmented>
	<object>
		<name>Watermelon rind</name>
		<pose>Unspecified</pose>
		<truncated>0</truncated>
		<difficult>0</difficult>
		<occluded>0</occluded>
		<bndbox>
			<xmin>153</xmin>
			<xmax>208</xmax>
			<ymin>222</ymin>
			<ymax>252</ymax>
		</bndbox>
		<polygon>
			<x1>157</x1>
			<y1>222</y1>
			<x2>158</x2>
			<y2>224</y2>
			<x3>158</x3>
			<y3>226</y3>
			<x4>160</x4>
			<y4>228</y4>
			<x5>160</x5>
			<y5>230</y5>
			<x6>161</x6>
			<y6>232</y6>
			<x7>164</x7>
			<y7>234</y7>
			<x8>169</x8>
			<y8>235</y8>
			<x9>169</x9>
			<y9>237</y9>
			<x10>170</x10>
			<y10>239</y10>
			<x11>174</x11>
			<y11>242</y11>
			<x12>176</x12>
			<y12>242</y12>
			<x13>177</x13>
			<y13>243</y13>
			<x14>182</x14>
			<y14>242</y14>
			<x15>184</x15>
			<y15>244</y15>
			<x16>188</x16>
			<y16>244</y16>
			<x17>192</x17>
			<y17>246</y17>
			<x18>195</x18>
			<y18>246</y18>
			<x19>198</x19>
			<y19>243</y19>
			<x20>198</x20>
			<y20>242</y20>
			<x21>200</x21>
			<y21>241</y21>
			<x22>205</x22>
			<y22>242</y22>
			<x23>206</x23>
			<y23>244</y23>
			<x24>202</x24>
			<y24>248</y24>
			<x25>198</x25>
			<y25>250</y25>
			<x26>196</x26>
			<y26>250</y26>
			<x27>195</x27>
			<y27>251</y27>
			<x28>184</x28>
			<y28>251</y28>
			<x29>183</x29>
			<y29>250</y29>
			<x30>180</x30>
			<y30>250</y30>
			<x31>179</x31>
			<y31>249</y31>
			<x32>176</x32>
			<y32>249</y32>
			<x33>175</x33>
			<y33>248</y33>
			<x34>173</x34>
			<y34>248</y34>
			<x35>163</x35>
			<y35>243</y35>
			<x36>160</x36>
			<y36>240</y36>
			<x37>159</x37>
			<y37>240</y37>
			<x38>153</x38>
			<y38>233</y38>
			<x39>153</x39>
			<y39>231</y39>
			<x40>152</x40>
			<y40>230</y40>
			<x41>152</x41>
			<y41>224</y41>
			<x42>154</x42>
			<y42>221</y42>
			<x43>156</x43>
			<y43>222</y43>
		</polygon>
	</object>
	<object>
		<name>Watermelon rind</name>
		<pose>Unspecified</pose>
		<truncated>0</truncated>
		<difficult>0</difficult>
		<occluded>0</occluded>
		<bndbox>
			<xmin>129</xmin>
			<xmax>167</xmax>
			<ymin>204</ymin>
			<ymax>262</ymax>
		</bndbox>
		<polygon>
			<x1>145</x1>
			<y1>240</y1>
			<x2>146</x2>
			<y2>241</y2>
			<x3>148</x3>
			<y3>241</y3>
			<x4>149</x4>
			<y4>243</y4>
			<x5>148</x5>
			<y5>244</y5>
			<x6>148</x6>
			<y6>247</y6>
			<x7>151</x7>
			<y7>250</y7>
			<x8>153</x8>
			<y8>250</y8>
			<x9>155</x9>
			<y9>251</y9>
			<x10>158</x10>
			<y10>254</y10>
			<x11>160</x11>
			<y11>255</y11>
			<x12>163</x12>
			<y12>255</y12>
			<x13>165</x13>
			<y13>256</y13>
			<x14>166</x14>
			<y14>258</y14>
			<x15>165</x15>
			<y15>260</y15>
			<x16>156</x16>
			<y16>260</y16>
			<x17>155</x17>
			<y17>259</y17>
			<x18>152</x18>
			<y18>259</y18>
			<x19>151</x19>
			<y19>258</y19>
			<x20>149</x20>
			<y20>258</y20>
			<x21>145</x21>
			<y21>256</y21>
			<x22>142</x22>
			<y22>253</y22>
			<x23>141</x23>
			<y23>253</y23>
			<x24>138</x24>
			<y24>250</y24>
			<x25>138</x25>
			<y25>249</y25>
			<x26>135</x26>
			<y26>246</y26>
			<x27>135</x27>
			<y27>245</y27>
			<x28>132</x28>
			<y28>241</y28>
			<x29>132</x29>
			<y29>239</y29>
			<x30>129</x30>
			<y30>233</y30>
			<x31>129</x31>
			<y31>229</y31>
			<x32>128</x32>
			<y32>228</y32>
			<x33>128</x33>
			<y33>219</y33>
			<x34>129</x34>
			<y34>218</y34>
			<x35>129</x35>
			<y35>216</y35>
			<x36>131</x36>
			<y36>212</y36>
			<x37>136</x37>
			<y37>207</y37>
			<x38>140</x38>
			<y38>205</y38>
			<x39>142</x39>
			<y39>205</y39>
			<x40>143</x40>
			<y40>204</y40>
			<x41>148</x41>
			<y41>204</y41>
			<x42>148</x42>
			<y42>206</y42>
			<x43>149</x43>
			<y43>207</y43>
			<x44>149</x44>
			<y44>209</y44>
			<x45>148</x45>
			<y45>211</y45>
			<x46>143</x46>
			<y46>211</y46>
			<x47>139</x47>
			<y47>214</y47>
			<x48>139</x48>
			<y48>225</y48>
			<x49>141</x49>
			<y49>227</y49>
			<x50>141</x50>
			<y50>228</y50>
			<x51>139</x51>
			<y51>230</y51>
			<x52>139</x52>
			<y52>234</y52>
			<x53>140</x53>
			<y53>236</y53>
			<x54>144</x54>
			<y54>240</y54>
		</polygon>
	</object>
	<metadata>
	</metadata>
</annotation>
