<annotation>
	<folder></folder>
	<filename>IMG_8364_jpeg.rf.1ea7befdc5aad6602d0e4bec52000699.jpg</filename>
	<path>IMG_8364_jpeg.rf.1ea7befdc5aad6602d0e4bec52000699.jpg</path>
	<source>
		<database>roboflow.com</database>
	</source>
	<size>
		<width>320</width>
		<height>320</height>
		<depth>3</depth>
	</size>
	<segmented>0</segmented>
	<object>
		<name>fish</name>
		<pose>Unspecified</pose>
		<truncated>0</truncated>
		<difficult>0</difficult>
		<occluded>0</occluded>
		<bndbox>
			<xmin>85</xmin>
			<xmax>123</xmax>
			<ymin>143</ymin>
			<ymax>207</ymax>
		</bndbox>
		<polygon>
			<x1>95</x1>
			<y1>143</y1>
			<x2>97</x2>
			<y2>143</y2>
			<x3>99</x3>
			<y3>145</y3>
			<x4>100</x4>
			<y4>145</y4>
			<x5>110</x5>
			<y5>155</y5>
			<x6>109</x6>
			<y6>157</y6>
			<x7>110</x7>
			<y7>158</y7>
			<x8>117</x8>
			<y8>161</y8>
			<x9>117</x9>
			<y9>162</y9>
			<x10>108</x10>
			<y10>162</y10>
			<x11>107</x11>
			<y11>163</y11>
			<x12>107</x12>
			<y12>165</y12>
			<x13>108</x13>
			<y13>166</y13>
			<x14>113</x14>
			<y14>166</y14>
			<x15>114</x15>
			<y15>167</y15>
			<x16>116</x16>
			<y16>167</y16>
			<x17>120</x17>
			<y17>169</y17>
			<x18>122</x18>
			<y18>171</y18>
			<x19>118</x19>
			<y19>171</y19>
			<x20>117</x20>
			<y20>170</y20>
			<x21>108</x21>
			<y21>170</y21>
			<x22>104</x22>
			<y22>172</y22>
			<x23>109</x23>
			<y23>175</y23>
			<x24>111</x24>
			<y24>175</y24>
			<x25>115</x25>
			<y25>177</y25>
			<x26>117</x26>
			<y26>179</y26>
			<x27>115</x27>
			<y27>178</y27>
			<x28>109</x28>
			<y28>178</y28>
			<x29>108</x29>
			<y29>177</y29>
			<x30>107</x30>
			<y30>178</y30>
			<x31>104</x31>
			<y31>178</y31>
			<x32>103</x32>
			<y32>179</y32>
			<x33>103</x33>
			<y33>181</y33>
			<x34>107</x34>
			<y34>185</y34>
			<x35>108</x35>
			<y35>185</y35>
			<x36>109</x36>
			<y36>187</y36>
			<x37>104</x37>
			<y37>186</y37>
			<x38>103</x38>
			<y38>187</y38>
			<x39>103</x39>
			<y39>192</y39>
			<x40>101</x40>
			<y40>192</y40>
			<x41>100</x41>
			<y41>191</y41>
			<x42>98</x42>
			<y42>192</y42>
			<x43>98</x43>
			<y43>205</y43>
			<x44>96</x44>
			<y44>205</y44>
			<x45>95</x45>
			<y45>204</y45>
			<x46>93</x46>
			<y46>205</y46>
			<x47>90</x47>
			<y47>205</y47>
			<x48>89</x48>
			<y48>203</y48>
			<x49>87</x49>
			<y49>201</y49>
			<x50>86</x50>
			<y50>201</y50>
			<x51>85</x51>
			<y51>199</y51>
			<x52>85</x52>
			<y52>197</y52>
			<x53>84</x53>
			<y53>196</y53>
			<x54>87</x54>
			<y54>192</y54>
			<x55>91</x55>
			<y55>192</y55>
			<x56>93</x56>
			<y56>190</y56>
			<x57>93</x57>
			<y57>187</y57>
			<x58>91</x58>
			<y58>186</y58>
			<x59>91</x59>
			<y59>185</y59>
			<x60>94</x60>
			<y60>182</y60>
			<x61>94</x61>
			<y61>181</y61>
			<x62>91</x62>
			<y62>179</y62>
			<x63>92</x63>
			<y63>178</y63>
			<x64>91</x64>
			<y64>176</y64>
			<x65>88</x65>
			<y65>176</y65>
			<x66>89</x66>
			<y66>173</y66>
			<x67>92</x67>
			<y67>170</y67>
			<x68>89</x68>
			<y68>166</y68>
			<x69>87</x69>
			<y69>167</y69>
			<x70>86</x70>
			<y70>165</y70>
			<x71>86</x71>
			<y71>161</y71>
			<x72>85</x72>
			<y72>160</y72>
			<x73>85</x73>
			<y73>153</y73>
			<x74>86</x74>
			<y74>152</y74>
			<x75>86</x75>
			<y75>149</y75>
			<x76>87</x76>
			<y76>148</y76>
			<x77>87</x77>
			<y77>146</y77>
			<x78>89</x78>
			<y78>144</y78>
			<x79>91</x79>
			<y79>145</y79>
			<x80>94</x80>
			<y80>145</y80>
			<x81>95</x81>
			<y81>144</y81>
		</polygon>
	</object>
	<metadata>
	</metadata>
</annotation>
