<annotation>
	<folder></folder>
	<filename>IMG_1899_HEIC.rf.b19f3583a8940806ed1f08181e0790a4.jpg</filename>
	<path>IMG_1899_HEIC.rf.b19f3583a8940806ed1f08181e0790a4.jpg</path>
	<source>
		<database>roboflow.com</database>
	</source>
	<size>
		<width>320</width>
		<height>320</height>
		<depth>3</depth>
	</size>
	<segmented>0</segmented>
	<object>
		<name>Apple core</name>
		<pose>Unspecified</pose>
		<truncated>0</truncated>
		<difficult>0</difficult>
		<occluded>0</occluded>
		<bndbox>
			<xmin>170</xmin>
			<xmax>197</xmax>
			<ymin>105</ymin>
			<ymax>142</ymax>
		</bndbox>
	</object>
	<metadata>
	</metadata>
</annotation>
