<annotation>
	<folder></folder>
	<filename>IMG_8266_jpeg.rf.1d8c48114fd2e77058ba6b993d0b08f9.jpg</filename>
	<path>IMG_8266_jpeg.rf.1d8c48114fd2e77058ba6b993d0b08f9.jpg</path>
	<source>
		<database>roboflow.com</database>
	</source>
	<size>
		<width>320</width>
		<height>320</height>
		<depth>3</depth>
	</size>
	<segmented>0</segmented>
	<object>
		<name>Watermelon rind</name>
		<pose>Unspecified</pose>
		<truncated>0</truncated>
		<difficult>0</difficult>
		<occluded>0</occluded>
		<bndbox>
			<xmin>51</xmin>
			<xmax>124</xmax>
			<ymin>123</ymin>
			<ymax>147</ymax>
		</bndbox>
		<polygon>
			<x1>102</x1>
			<y1>125</y1>
			<x2>103</x2>
			<y2>126</y2>
			<x3>108</x3>
			<y3>127</y3>
			<x4>114</x4>
			<y4>130</y4>
			<x5>116</x5>
			<y5>132</y5>
			<x6>117</x6>
			<y6>132</y6>
			<x7>121</x7>
			<y7>136</y7>
			<x8>122</x8>
			<y8>138</y8>
			<x9>122</x9>
			<y9>145</y9>
			<x10>118</x10>
			<y10>145</y10>
			<x11>116</x11>
			<y11>143</y11>
			<x12>116</x12>
			<y12>142</y12>
			<x13>114</x13>
			<y13>140</y13>
			<x14>113</x14>
			<y14>140</y14>
			<x15>108</x15>
			<y15>135</y15>
			<x16>99</x16>
			<y16>135</y16>
			<x17>94</x17>
			<y17>130</y17>
			<x18>89</x18>
			<y18>130</y18>
			<x19>88</x19>
			<y19>129</y19>
			<x20>86</x20>
			<y20>130</y20>
			<x21>84</x21>
			<y21>130</y21>
			<x22>83</x22>
			<y22>131</y22>
			<x23>80</x23>
			<y23>131</y23>
			<x24>79</x24>
			<y24>130</y24>
			<x25>74</x25>
			<y25>130</y25>
			<x26>73</x26>
			<y26>131</y26>
			<x27>64</x27>
			<y27>131</y27>
			<x28>61</x28>
			<y28>134</y28>
			<x29>61</x29>
			<y29>137</y29>
			<x30>60</x30>
			<y30>138</y30>
			<x31>51</x31>
			<y31>138</y31>
			<x32>51</x32>
			<y32>135</y32>
			<x33>53</x33>
			<y33>131</y33>
			<x34>56</x34>
			<y34>128</y34>
			<x35>64</x35>
			<y35>124</y35>
			<x36>67</x36>
			<y36>124</y36>
			<x37>68</x37>
			<y37>123</y37>
			<x38>91</x38>
			<y38>123</y38>
			<x39>92</x39>
			<y39>124</y39>
			<x40>98</x40>
			<y40>124</y40>
			<x41>99</x41>
			<y41>125</y41>
			<x42>101</x42>
			<y42>125</y42>
		</polygon>
	</object>
	<object>
		<name>Watermelon rind</name>
		<pose>Unspecified</pose>
		<truncated>0</truncated>
		<difficult>0</difficult>
		<occluded>0</occluded>
		<bndbox>
			<xmin>91</xmin>
			<xmax>151</xmax>
			<ymin>105</ymin>
			<ymax>162</ymax>
		</bndbox>
		<polygon>
			<x1>110</x1>
			<y1>104</y1>
			<x2>111</x2>
			<y2>105</y2>
			<x3>115</x3>
			<y3>105</y3>
			<x4>116</x4>
			<y4>106</y4>
			<x5>118</x5>
			<y5>106</y5>
			<x6>128</x6>
			<y6>111</y6>
			<x7>131</x7>
			<y7>114</y7>
			<x8>132</x8>
			<y8>114</y8>
			<x9>142</x9>
			<y9>124</y9>
			<x10>142</x10>
			<y10>125</y10>
			<x11>145</x11>
			<y11>128</y11>
			<x12>149</x12>
			<y12>136</y12>
			<x13>149</x13>
			<y13>138</y13>
			<x14>150</x14>
			<y14>139</y14>
			<x15>150</x15>
			<y15>146</y15>
			<x16>149</x16>
			<y16>147</y16>
			<x17>149</x17>
			<y17>149</y17>
			<x18>145</x18>
			<y18>155</y18>
			<x19>144</x19>
			<y19>155</y19>
			<x20>141</x20>
			<y20>158</y20>
			<x21>137</x21>
			<y21>160</y21>
			<x22>136</x22>
			<y22>160</y22>
			<x23>133</x23>
			<y23>157</y23>
			<x24>133</x24>
			<y24>153</y24>
			<x25>135</x25>
			<y25>152</y25>
			<x26>137</x26>
			<y26>152</y26>
			<x27>140</x27>
			<y27>149</y27>
			<x28>141</x28>
			<y28>147</y28>
			<x29>138</x29>
			<y29>143</y29>
			<x30>138</x30>
			<y30>140</y30>
			<x31>137</x31>
			<y31>138</y31>
			<x32>135</x32>
			<y32>136</y32>
			<x33>132</x33>
			<y33>135</y33>
			<x34>134</x34>
			<y34>132</y34>
			<x35>132</x35>
			<y35>127</y35>
			<x36>129</x36>
			<y36>124</y36>
			<x37>127</x37>
			<y37>123</y37>
			<x38>125</x38>
			<y38>123</y38>
			<x39>124</x39>
			<y39>122</y39>
			<x40>118</x40>
			<y40>122</y40>
			<x41>117</x41>
			<y41>117</y41>
			<x42>113</x42>
			<y42>114</y42>
			<x43>106</x43>
			<y43>114</y43>
			<x44>101</x44>
			<y44>111</y44>
			<x45>93</x45>
			<y45>111</y45>
			<x46>91</x46>
			<y46>109</y46>
			<x47>91</x47>
			<y47>107</y47>
			<x48>95</x48>
			<y48>105</y48>
			<x49>99</x49>
			<y49>105</y49>
			<x50>100</x50>
			<y50>104</y50>
			<x51>109</x51>
			<y51>104</y51>
		</polygon>
	</object>
	<metadata>
	</metadata>
</annotation>
