<annotation>
	<folder></folder>
	<filename>IMG_8161_mov-0011_jpg.rf.c5ca9ff1d905ed7244dc6c150cbdc141.jpg</filename>
	<path>IMG_8161_mov-0011_jpg.rf.c5ca9ff1d905ed7244dc6c150cbdc141.jpg</path>
	<source>
		<database>roboflow.com</database>
	</source>
	<size>
		<width>320</width>
		<height>320</height>
		<depth>3</depth>
	</size>
	<segmented>0</segmented>
	<object>
		<name>Watermelon rind</name>
		<pose>Unspecified</pose>
		<truncated>0</truncated>
		<difficult>0</difficult>
		<occluded>0</occluded>
		<bndbox>
			<xmin>36</xmin>
			<xmax>155</xmax>
			<ymin>110</ymin>
			<ymax>145</ymax>
		</bndbox>
		<polygon>
			<x1>54</x1>
			<y1>111</y1>
			<x2>55</x2>
			<y2>113</y2>
			<x3>51</x3>
			<y3>115</y3>
			<x4>49</x4>
			<y4>118</y4>
			<x5>49</x5>
			<y5>119</y5>
			<x6>51</x6>
			<y6>121</y6>
			<x7>53</x7>
			<y7>121</y7>
			<x8>54</x8>
			<y8>122</y8>
			<x9>58</x9>
			<y9>122</y9>
			<x10>60</x10>
			<y10>124</y10>
			<x11>64</x11>
			<y11>126</y11>
			<x12>66</x12>
			<y12>126</y12>
			<x13>67</x13>
			<y13>127</y13>
			<x14>71</x14>
			<y14>127</y14>
			<x15>72</x15>
			<y15>126</y15>
			<x16>74</x16>
			<y16>127</y16>
			<x17>74</x17>
			<y17>129</y17>
			<x18>75</x18>
			<y18>130</y18>
			<x19>79</x19>
			<y19>132</y19>
			<x20>83</x20>
			<y20>132</y20>
			<x21>84</x21>
			<y21>133</y21>
			<x22>95</x22>
			<y22>133</y22>
			<x23>96</x23>
			<y23>132</y23>
			<x24>99</x24>
			<y24>132</y24>
			<x25>100</x25>
			<y25>131</y25>
			<x26>105</x26>
			<y26>131</y26>
			<x27>113</x27>
			<y27>135</y27>
			<x28>120</x28>
			<y28>135</y28>
			<x29>124</x29>
			<y29>133</y29>
			<x30>135</x30>
			<y30>133</y30>
			<x31>136</x31>
			<y31>132</y31>
			<x32>140</x32>
			<y32>132</y32>
			<x33>143</x33>
			<y33>130</y33>
			<x34>149</x34>
			<y34>130</y34>
			<x35>150</x35>
			<y35>131</y35>
			<x36>153</x36>
			<y36>131</y36>
			<x37>153</x37>
			<y37>132</y37>
			<x38>151</x38>
			<y38>134</y38>
			<x39>143</x39>
			<y39>138</y39>
			<x40>141</x40>
			<y40>138</y40>
			<x41>137</x41>
			<y41>140</y41>
			<x42>133</x42>
			<y42>140</y42>
			<x43>132</x43>
			<y43>141</y43>
			<x44>127</x44>
			<y44>141</y44>
			<x45>126</x45>
			<y45>142</y45>
			<x46>113</x46>
			<y46>142</y46>
			<x47>112</x47>
			<y47>143</y47>
			<x48>107</x48>
			<y48>143</y48>
			<x49>106</x49>
			<y49>142</y49>
			<x50>105</x50>
			<y50>143</y50>
			<x51>104</x51>
			<y51>142</y51>
			<x52>90</x52>
			<y52>142</y52>
			<x53>89</x53>
			<y53>141</y53>
			<x54>83</x54>
			<y54>141</y54>
			<x55>82</x55>
			<y55>140</y55>
			<x56>78</x56>
			<y56>140</y56>
			<x57>77</x57>
			<y57>139</y57>
			<x58>68</x58>
			<y58>138</y58>
			<x59>67</x59>
			<y59>137</y59>
			<x60>64</x60>
			<y60>137</y60>
			<x61>63</x61>
			<y61>136</y61>
			<x62>61</x62>
			<y62>136</y62>
			<x63>60</x63>
			<y63>135</y63>
			<x64>57</x64>
			<y64>135</y64>
			<x65>56</x65>
			<y65>134</y65>
			<x66>54</x66>
			<y66>134</y66>
			<x67>51</x67>
			<y67>132</y67>
			<x68>49</x68>
			<y68>132</y68>
			<x69>43</x69>
			<y69>129</y69>
			<x70>41</x70>
			<y70>127</y70>
			<x71>40</x71>
			<y71>127</y71>
			<x72>36</x72>
			<y72>122</y72>
			<x73>36</x73>
			<y73>120</y73>
			<x74>35</x74>
			<y74>119</y74>
			<x75>36</x75>
			<y75>118</y75>
			<x76>36</x76>
			<y76>116</y76>
			<x77>42</x77>
			<y77>109</y77>
			<x78>47</x78>
			<y78>109</y78>
			<x79>48</x79>
			<y79>110</y79>
			<x80>52</x80>
			<y80>110</y80>
			<x81>53</x81>
			<y81>111</y81>
		</polygon>
	</object>
	<object>
		<name>Watermelon rind</name>
		<pose>Unspecified</pose>
		<truncated>0</truncated>
		<difficult>0</difficult>
		<occluded>0</occluded>
		<bndbox>
			<xmin>78</xmin>
			<xmax>176</xmax>
			<ymin>98</ymin>
			<ymax>125</ymax>
		</bndbox>
		<polygon>
			<x1>172</x1>
			<y1>97</y1>
			<x2>174</x2>
			<y2>100</y2>
			<x3>174</x3>
			<y3>105</y3>
			<x4>169</x4>
			<y4>110</y4>
			<x5>159</x5>
			<y5>115</y5>
			<x6>157</x6>
			<y6>115</y6>
			<x7>156</x7>
			<y7>116</y7>
			<x8>153</x8>
			<y8>116</y8>
			<x9>152</x9>
			<y9>117</y9>
			<x10>149</x10>
			<y10>117</y10>
			<x11>145</x11>
			<y11>119</y11>
			<x12>140</x12>
			<y12>119</y12>
			<x13>139</x13>
			<y13>120</y13>
			<x14>135</x14>
			<y14>120</y14>
			<x15>134</x15>
			<y15>121</y15>
			<x16>128</x16>
			<y16>121</y16>
			<x17>127</x17>
			<y17>122</y17>
			<x18>120</x18>
			<y18>122</y18>
			<x19>119</x19>
			<y19>123</y19>
			<x20>97</x20>
			<y20>123</y20>
			<x21>96</x21>
			<y21>122</y21>
			<x22>91</x22>
			<y22>122</y22>
			<x23>90</x23>
			<y23>121</y23>
			<x24>87</x24>
			<y24>121</y24>
			<x25>86</x25>
			<y25>120</y25>
			<x26>84</x26>
			<y26>120</y26>
			<x27>80</x27>
			<y27>118</y27>
			<x28>77</x28>
			<y28>115</y28>
			<x29>79</x29>
			<y29>114</y29>
			<x30>85</x30>
			<y30>114</y30>
			<x31>89</x31>
			<y31>116</y31>
			<x32>98</x32>
			<y32>116</y32>
			<x33>99</x33>
			<y33>117</y33>
			<x34>109</x34>
			<y34>117</y34>
			<x35>112</x35>
			<y35>115</y35>
			<x36>117</x36>
			<y36>114</y36>
			<x37>121</x37>
			<y37>116</y37>
			<x38>130</x38>
			<y38>116</y38>
			<x39>131</x39>
			<y39>115</y39>
			<x40>134</x40>
			<y40>115</y40>
			<x41>135</x41>
			<y41>114</y41>
			<x42>137</x42>
			<y42>114</y42>
			<x43>141</x43>
			<y43>111</y43>
			<x44>147</x44>
			<y44>111</y44>
			<x45>153</x45>
			<y45>108</y45>
			<x46>156</x46>
			<y46>108</y46>
			<x47>157</x47>
			<y47>107</y47>
			<x48>159</x48>
			<y48>107</y48>
			<x49>163</x49>
			<y49>104</y49>
			<x50>160</x50>
			<y50>101</y50>
			<x51>160</x51>
			<y51>100</y51>
			<x52>164</x52>
			<y52>98</y52>
			<x53>171</x53>
			<y53>97</y53>
		</polygon>
	</object>
	<metadata>
	</metadata>
</annotation>
