<annotation>
	<folder></folder>
	<filename>IMG_8255_jpeg.rf.e166b652c81a90e6edee3d10fbff0a7a.jpg</filename>
	<path>IMG_8255_jpeg.rf.e166b652c81a90e6edee3d10fbff0a7a.jpg</path>
	<source>
		<database>roboflow.com</database>
	</source>
	<size>
		<width>320</width>
		<height>320</height>
		<depth>3</depth>
	</size>
	<segmented>0</segmented>
	<object>
		<name>Watermelon rind</name>
		<pose>Unspecified</pose>
		<truncated>0</truncated>
		<difficult>0</difficult>
		<occluded>0</occluded>
		<bndbox>
			<xmin>150</xmin>
			<xmax>198</xmax>
			<ymin>120</ymin>
			<ymax>181</ymax>
		</bndbox>
		<polygon>
			<x1>165</x1>
			<y1>119</y1>
			<x2>168</x2>
			<y2>124</y2>
			<x3>168</x3>
			<y3>127</y3>
			<x4>164</x4>
			<y4>127</y4>
			<x5>162</x5>
			<y5>128</y5>
			<x6>159</x6>
			<y6>131</y6>
			<x7>159</x7>
			<y7>134</y7>
			<x8>161</x8>
			<y8>136</y8>
			<x9>161</x9>
			<y9>140</y9>
			<x10>162</x10>
			<y10>142</y10>
			<x11>165</x11>
			<y11>145</y11>
			<x12>163</x12>
			<y12>148</y12>
			<x13>163</x13>
			<y13>150</y13>
			<x14>165</x14>
			<y14>154</y14>
			<x15>169</x15>
			<y15>158</y15>
			<x16>171</x16>
			<y16>158</y16>
			<x17>172</x17>
			<y17>159</y17>
			<x18>175</x18>
			<y18>159</y18>
			<x19>176</x19>
			<y19>161</y19>
			<x20>176</x20>
			<y20>165</y20>
			<x21>180</x21>
			<y21>169</y21>
			<x22>184</x22>
			<y22>169</y22>
			<x23>187</x23>
			<y23>172</y23>
			<x24>189</x24>
			<y24>173</y24>
			<x25>191</x25>
			<y25>173</y25>
			<x26>192</x26>
			<y26>174</y26>
			<x27>195</x27>
			<y27>174</y27>
			<x28>197</x28>
			<y28>178</y28>
			<x29>195</x29>
			<y29>179</y29>
			<x30>185</x30>
			<y30>179</y30>
			<x31>184</x31>
			<y31>178</y31>
			<x32>180</x32>
			<y32>178</y32>
			<x33>172</x33>
			<y33>174</y33>
			<x34>162</x34>
			<y34>165</y34>
			<x35>162</x35>
			<y35>164</y35>
			<x36>158</x36>
			<y36>160</y36>
			<x37>156</x37>
			<y37>155</y37>
			<x38>154</x38>
			<y38>153</y38>
			<x39>153</x39>
			<y39>151</y39>
			<x40>153</x40>
			<y40>149</y40>
			<x41>152</x41>
			<y41>148</y41>
			<x42>152</x42>
			<y42>146</y42>
			<x43>150</x43>
			<y43>143</y43>
			<x44>150</x44>
			<y44>138</y44>
			<x45>149</x45>
			<y45>137</y45>
			<x46>150</x46>
			<y46>136</y46>
			<x47>150</x47>
			<y47>131</y47>
			<x48>151</x48>
			<y48>130</y48>
			<x49>151</x49>
			<y49>128</y49>
			<x50>155</x50>
			<y50>123</y50>
			<x51>157</x51>
			<y51>123</y51>
			<x52>161</x52>
			<y52>120</y52>
			<x53>164</x53>
			<y53>120</y53>
		</polygon>
	</object>
	<object>
		<name>Watermelon rind</name>
		<pose>Unspecified</pose>
		<truncated>0</truncated>
		<difficult>0</difficult>
		<occluded>0</occluded>
		<bndbox>
			<xmin>179</xmin>
			<xmax>233</xmax>
			<ymin>139</ymin>
			<ymax>168</ymax>
		</bndbox>
		<polygon>
			<x1>178</x1>
			<y1>139</y1>
			<x2>180</x2>
			<y2>139</y2>
			<x3>180</x3>
			<y3>141</y3>
			<x4>181</x4>
			<y4>143</y4>
			<x5>183</x5>
			<y5>145</y5>
			<x6>184</x6>
			<y6>145</y6>
			<x7>185</x7>
			<y7>148</y7>
			<x8>187</x8>
			<y8>150</y8>
			<x9>189</x9>
			<y9>151</y9>
			<x10>194</x10>
			<y10>151</y10>
			<x11>194</x11>
			<y11>153</y11>
			<x12>198</x12>
			<y12>157</y12>
			<x13>200</x13>
			<y13>158</y13>
			<x14>202</x14>
			<y14>158</y14>
			<x15>203</x15>
			<y15>159</y15>
			<x16>208</x16>
			<y16>158</y16>
			<x17>211</x17>
			<y17>160</y17>
			<x18>217</x18>
			<y18>160</y18>
			<x19>218</x19>
			<y19>161</y19>
			<x20>222</x20>
			<y20>161</y20>
			<x21>224</x21>
			<y21>159</y21>
			<x22>225</x22>
			<y22>156</y22>
			<x23>229</x23>
			<y23>156</y23>
			<x24>232</x24>
			<y24>158</y24>
			<x25>226</x25>
			<y25>165</y25>
			<x26>224</x26>
			<y26>165</y26>
			<x27>223</x27>
			<y27>166</y27>
			<x28>220</x28>
			<y28>166</y28>
			<x29>219</x29>
			<y29>165</y29>
			<x30>217</x30>
			<y30>167</y30>
			<x31>216</x31>
			<y31>166</y31>
			<x32>215</x32>
			<y32>167</y32>
			<x33>214</x33>
			<y33>166</y33>
			<x34>207</x34>
			<y34>166</y34>
			<x35>206</x35>
			<y35>165</y35>
			<x36>204</x36>
			<y36>165</y36>
			<x37>203</x37>
			<y37>164</y37>
			<x38>201</x38>
			<y38>164</y38>
			<x39>199</x39>
			<y39>163</y39>
			<x40>200</x40>
			<y40>162</y40>
			<x41>199</x41>
			<y41>161</y41>
			<x42>193</x42>
			<y42>161</y42>
			<x43>190</x43>
			<y43>158</y43>
			<x44>188</x44>
			<y44>157</y44>
			<x45>186</x45>
			<y45>157</y45>
			<x46>184</x46>
			<y46>155</y46>
			<x47>183</x47>
			<y47>155</y47>
			<x48>183</x48>
			<y48>152</y48>
			<x49>182</x49>
			<y49>151</y49>
			<x50>180</x50>
			<y50>151</y50>
			<x51>178</x51>
			<y51>149</y51>
			<x52>178</x52>
			<y52>148</y52>
			<x53>180</x53>
			<y53>146</y53>
			<x54>178</x54>
			<y54>143</y54>
			<x55>178</x55>
			<y55>140</y55>
		</polygon>
	</object>
	<metadata>
	</metadata>
</annotation>
