<annotation>
	<folder></folder>
	<filename>IMG_8234_jpeg.rf.8af91b82fdfbb5cae96b77208c5ce66b.jpg</filename>
	<path>IMG_8234_jpeg.rf.8af91b82fdfbb5cae96b77208c5ce66b.jpg</path>
	<source>
		<database>roboflow.com</database>
	</source>
	<size>
		<width>320</width>
		<height>320</height>
		<depth>3</depth>
	</size>
	<segmented>0</segmented>
	<object>
		<name>Watermelon rind</name>
		<pose>Unspecified</pose>
		<truncated>0</truncated>
		<difficult>0</difficult>
		<occluded>0</occluded>
		<bndbox>
			<xmin>114</xmin>
			<xmax>154</xmax>
			<ymin>135</ymin>
			<ymax>184</ymax>
		</bndbox>
		<polygon>
			<x1>128</x1>
			<y1>134</y1>
			<x2>130</x2>
			<y2>136</y2>
			<x3>130</x3>
			<y3>140</y3>
			<x4>128</x4>
			<y4>141</y4>
			<x5>125</x5>
			<y5>141</y5>
			<x6>122</x6>
			<y6>144</y6>
			<x7>123</x7>
			<y7>146</y7>
			<x8>123</x8>
			<y8>151</y8>
			<x9>124</x9>
			<y9>153</y9>
			<x10>126</x10>
			<y10>154</y10>
			<x11>126</x11>
			<y11>156</y11>
			<x12>124</x12>
			<y12>159</y12>
			<x13>125</x13>
			<y13>161</y13>
			<x14>130</x14>
			<y14>166</y14>
			<x15>133</x15>
			<y15>166</y15>
			<x16>135</x16>
			<y16>168</y16>
			<x17>135</x17>
			<y17>172</y17>
			<x18>137</x18>
			<y18>174</y18>
			<x19>139</x19>
			<y19>175</y19>
			<x20>142</x20>
			<y20>175</y20>
			<x21>148</x21>
			<y21>179</y21>
			<x22>151</x22>
			<y22>179</y22>
			<x23>152</x23>
			<y23>182</y23>
			<x24>150</x24>
			<y24>182</y24>
			<x25>149</x25>
			<y25>183</y25>
			<x26>143</x26>
			<y26>183</y26>
			<x27>142</x27>
			<y27>182</y27>
			<x28>138</x28>
			<y28>182</y28>
			<x29>130</x29>
			<y29>178</y29>
			<x30>126</x30>
			<y30>174</y30>
			<x31>125</x31>
			<y31>174</y31>
			<x32>119</x32>
			<y32>166</y32>
			<x33>115</x33>
			<y33>158</y33>
			<x34>115</x34>
			<y34>156</y34>
			<x35>114</x35>
			<y35>155</y35>
			<x36>114</x36>
			<y36>144</y36>
			<x37>115</x37>
			<y37>142</y37>
			<x38>120</x38>
			<y38>137</y38>
			<x39>124</x39>
			<y39>135</y39>
			<x40>127</x40>
			<y40>135</y40>
		</polygon>
	</object>
	<object>
		<name>Watermelon rind</name>
		<pose>Unspecified</pose>
		<truncated>0</truncated>
		<difficult>0</difficult>
		<occluded>0</occluded>
		<bndbox>
			<xmin>136</xmin>
			<xmax>189</xmax>
			<ymin>149</ymin>
			<ymax>175</ymax>
		</bndbox>
		<polygon>
			<x1>136</x1>
			<y1>149</y1>
			<x2>139</x2>
			<y2>149</y2>
			<x3>141</x3>
			<y3>153</y3>
			<x4>144</x4>
			<y4>156</y4>
			<x5>144</x5>
			<y5>157</y5>
			<x6>148</x6>
			<y6>160</y6>
			<x7>152</x7>
			<y7>160</y7>
			<x8>153</x8>
			<y8>163</y8>
			<x9>155</x9>
			<y9>165</y9>
			<x10>157</x10>
			<y10>165</y10>
			<x11>158</x11>
			<y11>166</y11>
			<x12>165</x12>
			<y12>166</y12>
			<x13>168</x13>
			<y13>168</y13>
			<x14>174</x14>
			<y14>168</y14>
			<x15>175</x15>
			<y15>169</y15>
			<x16>177</x16>
			<y16>169</y16>
			<x17>180</x17>
			<y17>166</y17>
			<x18>181</x18>
			<y18>164</y18>
			<x19>184</x19>
			<y19>164</y19>
			<x20>187</x20>
			<y20>166</y20>
			<x21>185</x21>
			<y21>170</y21>
			<x22>179</x22>
			<y22>173</y22>
			<x23>174</x23>
			<y23>173</y23>
			<x24>173</x24>
			<y24>174</y24>
			<x25>171</x25>
			<y25>174</y25>
			<x26>170</x26>
			<y26>173</y26>
			<x27>163</x27>
			<y27>173</y27>
			<x28>162</x28>
			<y28>172</y28>
			<x29>160</x29>
			<y29>172</y29>
			<x30>159</x30>
			<y30>171</y30>
			<x31>157</x31>
			<y31>171</y31>
			<x32>156</x32>
			<y32>170</y32>
			<x33>151</x33>
			<y33>169</y33>
			<x34>147</x34>
			<y34>166</y34>
			<x35>141</x35>
			<y35>163</y35>
			<x36>136</x36>
			<y36>157</y36>
			<x37>136</x37>
			<y37>155</y37>
			<x38>135</x38>
			<y38>154</y38>
			<x39>135</x39>
			<y39>152</y39>
			<x40>136</x40>
			<y40>150</y40>
		</polygon>
	</object>
	<metadata>
	</metadata>
</annotation>
