<annotation>
	<folder></folder>
	<filename>IMG_8162_mov-0006_jpg.rf.d58c38780eac4e90375aadde0a1d7b35.jpg</filename>
	<path>IMG_8162_mov-0006_jpg.rf.d58c38780eac4e90375aadde0a1d7b35.jpg</path>
	<source>
		<database>roboflow.com</database>
	</source>
	<size>
		<width>320</width>
		<height>320</height>
		<depth>3</depth>
	</size>
	<segmented>0</segmented>
	<object>
		<name>fish</name>
		<pose>Unspecified</pose>
		<truncated>0</truncated>
		<difficult>0</difficult>
		<occluded>0</occluded>
		<bndbox>
			<xmin>94</xmin>
			<xmax>187</xmax>
			<ymin>173</ymin>
			<ymax>209</ymax>
		</bndbox>
		<polygon>
			<x1>109</x1>
			<y1>172</y1>
			<x2>113</x2>
			<y2>175</y2>
			<x3>116</x3>
			<y3>175</y3>
			<x4>116</x4>
			<y4>180</y4>
			<x5>118</x5>
			<y5>182</y5>
			<x6>120</x6>
			<y6>181</y6>
			<x7>123</x7>
			<y7>181</y7>
			<x8>125</x8>
			<y8>179</y8>
			<x9>127</x9>
			<y9>180</y9>
			<x10>127</x10>
			<y10>181</y10>
			<x11>131</x11>
			<y11>185</y11>
			<x12>133</x12>
			<y12>182</y12>
			<x13>137</x13>
			<y13>182</y13>
			<x14>139</x14>
			<y14>183</y14>
			<x15>140</x15>
			<y15>182</y15>
			<x16>139</x16>
			<y16>179</y16>
			<x17>141</x17>
			<y17>179</y17>
			<x18>145</x18>
			<y18>181</y18>
			<x19>147</x19>
			<y19>183</y19>
			<x20>152</x20>
			<y20>182</y20>
			<x21>153</x21>
			<y21>180</y21>
			<x22>170</x22>
			<y22>180</y22>
			<x23>171</x23>
			<y23>181</y23>
			<x24>175</x24>
			<y24>181</y24>
			<x25>176</x25>
			<y25>182</y25>
			<x26>178</x26>
			<y26>182</y26>
			<x27>179</x27>
			<y27>183</y27>
			<x28>181</x28>
			<y28>183</y28>
			<x29>185</x29>
			<y29>185</y29>
			<x30>185</x30>
			<y30>186</y30>
			<x31>184</x31>
			<y31>186</y31>
			<x32>182</x32>
			<y32>188</y32>
			<x33>184</x33>
			<y33>190</y33>
			<x34>185</x34>
			<y34>190</y34>
			<x35>185</x35>
			<y35>191</y35>
			<x36>184</x36>
			<y36>191</y36>
			<x37>181</x37>
			<y37>194</y37>
			<x38>177</x38>
			<y38>196</y38>
			<x39>175</x39>
			<y39>196</y39>
			<x40>170</x40>
			<y40>199</y40>
			<x41>168</x41>
			<y41>199</y41>
			<x42>167</x42>
			<y42>200</y42>
			<x43>165</x43>
			<y43>200</y43>
			<x44>164</x44>
			<y44>199</y44>
			<x45>158</x45>
			<y45>205</y45>
			<x46>157</x46>
			<y46>205</y46>
			<x47>157</x47>
			<y47>196</y47>
			<x48>156</x48>
			<y48>195</y48>
			<x49>154</x49>
			<y49>195</y49>
			<x50>150</x50>
			<y50>203</y50>
			<x51>145</x51>
			<y51>207</y51>
			<x52>142</x52>
			<y52>207</y52>
			<x53>144</x53>
			<y53>205</y53>
			<x54>146</x54>
			<y54>201</y54>
			<x55>146</x55>
			<y55>196</y55>
			<x56>145</x56>
			<y56>195</y56>
			<x57>142</x57>
			<y57>194</y57>
			<x58>139</x58>
			<y58>197</y58>
			<x59>138</x59>
			<y59>199</y59>
			<x60>137</x60>
			<y60>199</y60>
			<x61>133</x61>
			<y61>203</y61>
			<x62>132</x62>
			<y62>203</y62>
			<x63>132</x63>
			<y63>202</y63>
			<x64>134</x64>
			<y64>200</y64>
			<x65>134</x65>
			<y65>198</y65>
			<x66>136</x66>
			<y66>194</y66>
			<x67>136</x67>
			<y67>193</y67>
			<x68>134</x68>
			<y68>191</y68>
			<x69>132</x69>
			<y69>191</y69>
			<x70>131</x70>
			<y70>190</y70>
			<x71>127</x71>
			<y71>193</y71>
			<x72>121</x72>
			<y72>195</y72>
			<x73>121</x73>
			<y73>194</y73>
			<x74>123</x74>
			<y74>192</y74>
			<x75>123</x75>
			<y75>190</y75>
			<x76>122</x76>
			<y76>189</y76>
			<x77>115</x77>
			<y77>189</y77>
			<x78>114</x78>
			<y78>188</y78>
			<x79>116</x79>
			<y79>187</y79>
			<x80>115</x80>
			<y80>185</y80>
			<x81>110</x81>
			<y81>185</y81>
			<x82>109</x82>
			<y82>184</y82>
			<x83>103</x83>
			<y83>184</y83>
			<x84>102</x84>
			<y84>183</y84>
			<x85>97</x85>
			<y85>183</y85>
			<x86>96</x86>
			<y86>182</y86>
			<x87>94</x87>
			<y87>182</y87>
			<x88>95</x88>
			<y88>180</y88>
			<x89>95</x89>
			<y89>178</y89>
			<x90>94</x90>
			<y90>176</y90>
			<x91>96</x91>
			<y91>175</y91>
			<x92>100</x92>
			<y92>175</y92>
			<x93>102</x93>
			<y93>173</y93>
			<x94>108</x94>
			<y94>173</y94>
		</polygon>
	</object>
	<metadata>
	</metadata>
</annotation>
