<annotation>
	<folder></folder>
	<filename>IMG_8161_mov-0001_jpg.rf.c040a122551b3d8633b6428f231d1db4.jpg</filename>
	<path>IMG_8161_mov-0001_jpg.rf.c040a122551b3d8633b6428f231d1db4.jpg</path>
	<source>
		<database>roboflow.com</database>
	</source>
	<size>
		<width>320</width>
		<height>320</height>
		<depth>3</depth>
	</size>
	<segmented>0</segmented>
	<object>
		<name>Watermelon rind</name>
		<pose>Unspecified</pose>
		<truncated>0</truncated>
		<difficult>0</difficult>
		<occluded>0</occluded>
		<bndbox>
			<xmin>94</xmin>
			<xmax>183</xmax>
			<ymin>171</ymin>
			<ymax>200</ymax>
		</bndbox>
		<polygon>
			<x1>105</x1>
			<y1>172</y1>
			<x2>107</x2>
			<y2>174</y2>
			<x3>104</x3>
			<y3>177</y3>
			<x4>104</x4>
			<y4>180</y4>
			<x5>105</x5>
			<y5>181</y5>
			<x6>107</x6>
			<y6>182</y6>
			<x7>111</x7>
			<y7>182</y7>
			<x8>119</x8>
			<y8>186</y8>
			<x9>124</x9>
			<y9>186</y9>
			<x10>125</x10>
			<y10>188</y10>
			<x11>128</x11>
			<y11>190</y11>
			<x12>132</x12>
			<y12>190</y12>
			<x13>133</x13>
			<y13>191</y13>
			<x14>140</x14>
			<y14>191</y14>
			<x15>141</x15>
			<y15>190</y15>
			<x16>146</x16>
			<y16>189</y16>
			<x17>152</x17>
			<y17>192</y17>
			<x18>159</x18>
			<y18>192</y18>
			<x19>160</x19>
			<y19>191</y19>
			<x20>163</x20>
			<y20>191</y20>
			<x21>164</x21>
			<y21>190</y21>
			<x22>171</x22>
			<y22>190</y22>
			<x23>174</x23>
			<y23>188</y23>
			<x24>181</x24>
			<y24>189</y24>
			<x25>181</x25>
			<y25>190</y25>
			<x26>177</x26>
			<y26>194</y26>
			<x27>175</x27>
			<y27>195</y27>
			<x28>173</x28>
			<y28>195</y28>
			<x29>169</x29>
			<y29>197</y29>
			<x30>166</x30>
			<y30>197</y30>
			<x31>165</x31>
			<y31>198</y31>
			<x32>159</x32>
			<y32>198</y32>
			<x33>158</x33>
			<y33>199</y33>
			<x34>147</x34>
			<y34>199</y34>
			<x35>146</x35>
			<y35>198</y35>
			<x36>136</x36>
			<y36>198</y36>
			<x37>135</x37>
			<y37>197</y37>
			<x38>130</x38>
			<y38>197</y38>
			<x39>129</x39>
			<y39>196</y39>
			<x40>125</x40>
			<y40>196</y40>
			<x41>124</x41>
			<y41>195</y41>
			<x42>117</x42>
			<y42>194</y42>
			<x43>116</x43>
			<y43>193</y43>
			<x44>114</x44>
			<y44>193</y44>
			<x45>113</x45>
			<y45>192</y45>
			<x46>108</x46>
			<y46>191</y46>
			<x47>102</x47>
			<y47>188</y47>
			<x48>100</x48>
			<y48>186</y48>
			<x49>96</x49>
			<y49>184</y49>
			<x50>96</x50>
			<y50>183</y50>
			<x51>94</x51>
			<y51>181</y51>
			<x52>94</x52>
			<y52>173</y52>
			<x53>97</x53>
			<y53>170</y53>
			<x54>99</x54>
			<y54>171</y54>
			<x55>103</x55>
			<y55>171</y55>
			<x56>104</x56>
			<y56>172</y56>
		</polygon>
	</object>
	<object>
		<name>Watermelon rind</name>
		<pose>Unspecified</pose>
		<truncated>0</truncated>
		<difficult>0</difficult>
		<occluded>0</occluded>
		<bndbox>
			<xmin>125</xmin>
			<xmax>194</xmax>
			<ymin>160</ymin>
			<ymax>184</ymax>
		</bndbox>
		<polygon>
			<x1>182</x1>
			<y1>162</y1>
			<x2>186</x2>
			<y2>160</y2>
			<x3>191</x3>
			<y3>160</y3>
			<x4>193</x4>
			<y4>164</y4>
			<x5>193</x5>
			<y5>167</y5>
			<x6>191</x6>
			<y6>169</y6>
			<x7>191</x7>
			<y7>170</y7>
			<x8>189</x8>
			<y8>172</y8>
			<x9>188</x9>
			<y9>172</y9>
			<x10>186</x10>
			<y10>174</y10>
			<x11>182</x11>
			<y11>176</y11>
			<x12>180</x12>
			<y12>176</y12>
			<x13>179</x13>
			<y13>177</y13>
			<x14>177</x14>
			<y14>177</y14>
			<x15>173</x15>
			<y15>179</y15>
			<x16>166</x16>
			<y16>180</y16>
			<x17>165</x17>
			<y17>181</y17>
			<x18>160</x18>
			<y18>181</y18>
			<x19>159</x19>
			<y19>182</y19>
			<x20>136</x20>
			<y20>182</y20>
			<x21>135</x21>
			<y21>181</y21>
			<x22>132</x22>
			<y22>181</y22>
			<x23>126</x23>
			<y23>178</y23>
			<x24>124</x24>
			<y24>176</y24>
			<x25>124</x25>
			<y25>175</y25>
			<x26>131</x26>
			<y26>175</y26>
			<x27>132</x27>
			<y27>176</y27>
			<x28>138</x28>
			<y28>176</y28>
			<x29>139</x29>
			<y29>177</y29>
			<x30>147</x30>
			<y30>177</y30>
			<x31>151</x31>
			<y31>175</y31>
			<x32>154</x32>
			<y32>175</y32>
			<x33>155</x33>
			<y33>176</y33>
			<x34>164</x34>
			<y34>176</y34>
			<x35>165</x35>
			<y35>175</y35>
			<x36>167</x36>
			<y36>175</y36>
			<x37>170</x37>
			<y37>172</y37>
			<x38>174</x38>
			<y38>172</y38>
			<x39>179</x39>
			<y39>169</y39>
			<x40>181</x40>
			<y40>169</y40>
			<x41>183</x41>
			<y41>168</y41>
			<x42>184</x42>
			<y42>167</y42>
			<x43>184</x43>
			<y43>165</y43>
			<x44>182</x44>
			<y44>163</y44>
		</polygon>
	</object>
	<metadata>
	</metadata>
</annotation>
