<annotation>
	<folder></folder>
	<filename>IMG_8257_jpeg.rf.94cec1f05e72334c70bacb7e013f0284.jpg</filename>
	<path>IMG_8257_jpeg.rf.94cec1f05e72334c70bacb7e013f0284.jpg</path>
	<source>
		<database>roboflow.com</database>
	</source>
	<size>
		<width>320</width>
		<height>320</height>
		<depth>3</depth>
	</size>
	<segmented>0</segmented>
	<object>
		<name>Watermelon rind</name>
		<pose>Unspecified</pose>
		<truncated>0</truncated>
		<difficult>0</difficult>
		<occluded>0</occluded>
		<bndbox>
			<xmin>91</xmin>
			<xmax>170</xmax>
			<ymin>141</ymin>
			<ymax>184</ymax>
		</bndbox>
		<polygon>
			<x1>98</x1>
			<y1>141</y1>
			<x2>100</x2>
			<y2>142</y2>
			<x3>103</x3>
			<y3>145</y3>
			<x4>103</x4>
			<y4>147</y4>
			<x5>102</x5>
			<y5>147</y5>
			<x6>100</x6>
			<y6>149</y6>
			<x7>99</x7>
			<y7>151</y7>
			<x8>99</x8>
			<y8>153</y8>
			<x9>102</x9>
			<y9>156</y9>
			<x10>105</x10>
			<y10>157</y10>
			<x11>110</x11>
			<y11>162</y11>
			<x12>112</x12>
			<y12>163</y12>
			<x13>116</x13>
			<y13>163</y13>
			<x14>116</x14>
			<y14>165</y14>
			<x15>117</x15>
			<y15>167</y15>
			<x16>121</x16>
			<y16>170</y16>
			<x17>123</x17>
			<y17>170</y17>
			<x18>127</x18>
			<y18>172</y18>
			<x19>131</x19>
			<y19>172</y19>
			<x20>134</x20>
			<y20>170</y20>
			<x21>137</x21>
			<y21>170</y21>
			<x22>141</x22>
			<y22>174</y22>
			<x23>143</x23>
			<y23>175</y23>
			<x24>148</x24>
			<y24>175</y24>
			<x25>149</x25>
			<y25>174</y25>
			<x26>159</x26>
			<y26>174</y26>
			<x27>162</x27>
			<y27>172</y27>
			<x28>165</x28>
			<y28>172</y28>
			<x29>166</x29>
			<y29>173</y29>
			<x30>168</x30>
			<y30>173</y30>
			<x31>168</x31>
			<y31>175</y31>
			<x32>165</x32>
			<y32>178</y32>
			<x33>159</x33>
			<y33>181</y33>
			<x34>157</x34>
			<y34>181</y34>
			<x35>156</x35>
			<y35>182</y35>
			<x36>153</x36>
			<y36>182</y36>
			<x37>152</x37>
			<y37>183</y37>
			<x38>137</x38>
			<y38>183</y38>
			<x39>136</x39>
			<y39>182</y39>
			<x40>132</x40>
			<y40>182</y40>
			<x41>131</x41>
			<y41>181</y41>
			<x42>128</x42>
			<y42>181</y42>
			<x43>127</x43>
			<y43>180</y43>
			<x44>122</x44>
			<y44>179</y44>
			<x45>119</x45>
			<y45>177</y45>
			<x46>117</x46>
			<y46>177</y46>
			<x47>105</x47>
			<y47>171</y47>
			<x48>99</x48>
			<y48>166</y48>
			<x49>98</x49>
			<y49>166</y49>
			<x50>94</x50>
			<y50>162</y50>
			<x51>94</x51>
			<y51>161</y51>
			<x52>92</x52>
			<y52>159</y52>
			<x53>90</x53>
			<y53>155</y53>
			<x54>90</x54>
			<y54>148</y54>
			<x55>91</x55>
			<y55>147</y55>
			<x56>91</x56>
			<y56>145</y56>
			<x57>92</x57>
			<y57>143</y57>
			<x58>95</x58>
			<y58>140</y58>
			<x59>97</x59>
			<y59>141</y59>
		</polygon>
	</object>
	<object>
		<name>Watermelon rind</name>
		<pose>Unspecified</pose>
		<truncated>0</truncated>
		<difficult>0</difficult>
		<occluded>0</occluded>
		<bndbox>
			<xmin>119</xmin>
			<xmax>186</xmax>
			<ymin>139</ymin>
			<ymax>164</ymax>
		</bndbox>
		<polygon>
			<x1>123</x1>
			<y1>149</y1>
			<x2>127</x2>
			<y2>152</y2>
			<x3>129</x3>
			<y3>152</y3>
			<x4>130</x4>
			<y4>153</y4>
			<x5>133</x5>
			<y5>153</y5>
			<x6>135</x6>
			<y6>155</y6>
			<x7>141</x7>
			<y7>155</y7>
			<x8>144</x8>
			<y8>153</y8>
			<x9>146</x9>
			<y9>153</y9>
			<x10>149</x10>
			<y10>155</y10>
			<x11>157</x11>
			<y11>155</y11>
			<x12>159</x12>
			<y12>154</y12>
			<x13>162</x13>
			<y13>151</y13>
			<x14>164</x14>
			<y14>152</y14>
			<x15>170</x15>
			<y15>149</y15>
			<x16>175</x16>
			<y16>148</y16>
			<x17>177</x17>
			<y17>146</y17>
			<x18>177</x18>
			<y18>143</y18>
			<x19>176</x19>
			<y19>142</y19>
			<x20>176</x20>
			<y20>140</y20>
			<x21>180</x21>
			<y21>138</y21>
			<x22>183</x22>
			<y22>138</y22>
			<x23>184</x23>
			<y23>139</y23>
			<x24>184</x24>
			<y24>147</y24>
			<x25>183</x25>
			<y25>149</y25>
			<x26>178</x26>
			<y26>154</y26>
			<x27>177</x27>
			<y27>154</y27>
			<x28>175</x28>
			<y28>156</y28>
			<x29>171</x29>
			<y29>158</y29>
			<x30>168</x30>
			<y30>158</y30>
			<x31>167</x31>
			<y31>159</y31>
			<x32>165</x32>
			<y32>159</y32>
			<x33>164</x33>
			<y33>160</y33>
			<x34>161</x34>
			<y34>160</y34>
			<x35>160</x35>
			<y35>161</y35>
			<x36>154</x36>
			<y36>161</y36>
			<x37>153</x37>
			<y37>162</y37>
			<x38>138</x38>
			<y38>162</y38>
			<x39>137</x39>
			<y39>161</y39>
			<x40>132</x40>
			<y40>161</y40>
			<x41>129</x41>
			<y41>159</y41>
			<x42>127</x42>
			<y42>159</y42>
			<x43>120</x43>
			<y43>153</y43>
			<x44>119</x44>
			<y44>150</y44>
			<x45>122</x45>
			<y45>150</y45>
		</polygon>
	</object>
	<metadata>
	</metadata>
</annotation>
