<annotation>
	<folder></folder>
	<filename>IMG_8478_jpeg.rf.aa8ba4c23fcf9ba03e23cc838a058e14.jpg</filename>
	<path>IMG_8478_jpeg.rf.aa8ba4c23fcf9ba03e23cc838a058e14.jpg</path>
	<source>
		<database>roboflow.com</database>
	</source>
	<size>
		<width>320</width>
		<height>320</height>
		<depth>3</depth>
	</size>
	<segmented>0</segmented>
	<object>
		<name>fish</name>
		<pose>Unspecified</pose>
		<truncated>0</truncated>
		<difficult>0</difficult>
		<occluded>0</occluded>
		<bndbox>
			<xmin>125</xmin>
			<xmax>179</xmax>
			<ymin>125</ymin>
			<ymax>183</ymax>
		</bndbox>
		<polygon>
			<x1>174</x1>
			<y1>126</y1>
			<x2>175</x2>
			<y2>127</y2>
			<x3>175</x3>
			<y3>130</y3>
			<x4>177</x4>
			<y4>132</y4>
			<x5>177</x5>
			<y5>136</y5>
			<x6>175</x6>
			<y6>136</y6>
			<x7>174</x7>
			<y7>138</y7>
			<x8>172</x8>
			<y8>137</y8>
			<x9>166</x9>
			<y9>137</y9>
			<x10>165</x10>
			<y10>138</y10>
			<x11>166</x11>
			<y11>143</y11>
			<x12>159</x12>
			<y12>143</y12>
			<x13>158</x13>
			<y13>144</y13>
			<x14>162</x14>
			<y14>146</y14>
			<x15>162</x15>
			<y15>148</y15>
			<x16>159</x16>
			<y16>148</y16>
			<x17>158</x17>
			<y17>149</y17>
			<x18>158</x18>
			<y18>151</y18>
			<x19>159</x19>
			<y19>152</y19>
			<x20>161</x20>
			<y20>151</y20>
			<x21>166</x21>
			<y21>151</y21>
			<x22>166</x22>
			<y22>152</y22>
			<x23>162</x23>
			<y23>154</y23>
			<x24>157</x24>
			<y24>155</y24>
			<x25>156</x25>
			<y25>156</y25>
			<x26>157</x26>
			<y26>157</y26>
			<x27>159</x27>
			<y27>157</y27>
			<x28>158</x28>
			<y28>159</y28>
			<x29>159</x29>
			<y29>161</y29>
			<x30>160</x30>
			<y30>160</y30>
			<x31>162</x31>
			<y31>160</y31>
			<x32>162</x32>
			<y32>165</y32>
			<x33>157</x33>
			<y33>175</y33>
			<x34>152</x34>
			<y34>180</y34>
			<x35>150</x35>
			<y35>181</y35>
			<x36>148</x36>
			<y36>181</y36>
			<x37>147</x37>
			<y37>179</y37>
			<x38>144</x38>
			<y38>177</y38>
			<x39>143</x39>
			<y39>177</y39>
			<x40>141</x40>
			<y40>179</y40>
			<x41>139</x41>
			<y41>179</y41>
			<x42>136</x42>
			<y42>175</y42>
			<x43>133</x43>
			<y43>169</y43>
			<x44>133</x44>
			<y44>167</y44>
			<x45>131</x45>
			<y45>164</y45>
			<x46>131</x46>
			<y46>162</y46>
			<x47>130</x47>
			<y47>161</y47>
			<x48>132</x48>
			<y48>159</y48>
			<x49>129</x49>
			<y49>156</y49>
			<x50>128</x50>
			<y50>156</y50>
			<x51>127</x51>
			<y51>154</y51>
			<x52>125</x52>
			<y52>153</y52>
			<x53>125</x53>
			<y53>152</y53>
			<x54>127</x54>
			<y54>152</y54>
			<x55>132</x55>
			<y55>155</y55>
			<x56>138</x56>
			<y56>155</y56>
			<x57>139</x57>
			<y57>157</y57>
			<x58>143</x58>
			<y58>157</y58>
			<x59>144</x59>
			<y59>156</y59>
			<x60>143</x60>
			<y60>155</y60>
			<x61>140</x61>
			<y61>155</y61>
			<x62>142</x62>
			<y62>154</y62>
			<x63>141</x63>
			<y63>153</y63>
			<x64>136</x64>
			<y64>152</y64>
			<x65>132</x65>
			<y65>149</y65>
			<x66>131</x66>
			<y66>149</y66>
			<x67>128</x67>
			<y67>146</y67>
			<x68>127</x68>
			<y68>146</y68>
			<x69>125</x69>
			<y69>142</y69>
			<x70>139</x70>
			<y70>149</y70>
			<x71>143</x71>
			<y71>149</y71>
			<x72>144</x72>
			<y72>147</y72>
			<x73>141</x73>
			<y73>144</y73>
			<x74>140</x74>
			<y74>144</y74>
			<x75>134</x75>
			<y75>138</y75>
			<x76>134</x76>
			<y76>137</y76>
			<x77>138</x77>
			<y77>140</y77>
			<x78>144</x78>
			<y78>143</y78>
			<x79>149</x79>
			<y79>143</y79>
			<x80>151</x80>
			<y80>141</y80>
			<x81>147</x81>
			<y81>136</y81>
			<x82>147</x82>
			<y82>134</y82>
			<x83>153</x83>
			<y83>138</y83>
			<x84>155</x84>
			<y84>136</y84>
			<x85>154</x85>
			<y85>135</y85>
			<x86>156</x86>
			<y86>132</y86>
			<x87>157</x87>
			<y87>134</y87>
			<x88>159</x88>
			<y88>136</y88>
			<x89>160</x89>
			<y89>136</y89>
			<x90>162</x90>
			<y90>134</y90>
			<x91>162</x91>
			<y91>131</y91>
			<x92>164</x92>
			<y92>127</y92>
			<x93>167</x93>
			<y93>124</y93>
			<x94>168</x94>
			<y94>124</y94>
			<x95>168</x95>
			<y95>126</y95>
			<x96>169</x96>
			<y96>127</y96>
			<x97>171</x97>
			<y97>127</y97>
			<x98>173</x98>
			<y98>126</y98>
		</polygon>
	</object>
	<metadata>
	</metadata>
</annotation>
