<annotation>
	<folder></folder>
	<filename>IMG_1963_HEIC.rf.ef52e076e7438e36f90d968b8a5d80f2.jpg</filename>
	<path>IMG_1963_HEIC.rf.ef52e076e7438e36f90d968b8a5d80f2.jpg</path>
	<source>
		<database>roboflow.com</database>
	</source>
	<size>
		<width>320</width>
		<height>320</height>
		<depth>3</depth>
	</size>
	<segmented>0</segmented>
	<object>
		<name>Egg shell</name>
		<pose>Unspecified</pose>
		<truncated>0</truncated>
		<difficult>0</difficult>
		<occluded>0</occluded>
		<bndbox>
			<xmin>140</xmin>
			<xmax>186</xmax>
			<ymin>109</ymin>
			<ymax>131</ymax>
		</bndbox>
	</object>
	<metadata>
	</metadata>
</annotation>
