<annotation>
	<folder></folder>
	<filename>IMG_1993_HEIC.rf.f3e0ddc6742dcfe597cfa4e14fa87d32.jpg</filename>
	<path>IMG_1993_HEIC.rf.f3e0ddc6742dcfe597cfa4e14fa87d32.jpg</path>
	<source>
		<database>roboflow.com</database>
	</source>
	<size>
		<width>320</width>
		<height>320</height>
		<depth>3</depth>
	</size>
	<segmented>0</segmented>
	<object>
		<name>Egg shell</name>
		<pose>Unspecified</pose>
		<truncated>0</truncated>
		<difficult>0</difficult>
		<occluded>0</occluded>
		<bndbox>
			<xmin>176</xmin>
			<xmax>228</xmax>
			<ymin>138</ymin>
			<ymax>160</ymax>
		</bndbox>
	</object>
	<metadata>
	</metadata>
</annotation>
