<annotation>
	<folder></folder>
	<filename>IMG_8232_jpeg.rf.0dea1bff5bc8c3b358dfaf047ec313dd.jpg</filename>
	<path>IMG_8232_jpeg.rf.0dea1bff5bc8c3b358dfaf047ec313dd.jpg</path>
	<source>
		<database>roboflow.com</database>
	</source>
	<size>
		<width>320</width>
		<height>320</height>
		<depth>3</depth>
	</size>
	<segmented>0</segmented>
	<object>
		<name>Watermelon rind</name>
		<pose>Unspecified</pose>
		<truncated>0</truncated>
		<difficult>0</difficult>
		<occluded>0</occluded>
		<bndbox>
			<xmin>114</xmin>
			<xmax>143</xmax>
			<ymin>151</ymin>
			<ymax>211</ymax>
		</bndbox>
		<polygon>
			<x1>137</x1>
			<y1>150</y1>
			<x2>138</x2>
			<y2>151</y2>
			<x3>138</x3>
			<y3>156</y3>
			<x4>136</x4>
			<y4>158</y4>
			<x5>131</x5>
			<y5>157</y5>
			<x6>129</x6>
			<y6>158</y6>
			<x7>126</x7>
			<y7>161</y7>
			<x8>126</x8>
			<y8>166</y8>
			<x9>124</x9>
			<y9>169</y9>
			<x10>124</x10>
			<y10>171</y10>
			<x11>126</x11>
			<y11>173</y11>
			<x12>122</x12>
			<y12>177</y12>
			<x13>122</x13>
			<y13>182</y13>
			<x14>123</x14>
			<y14>184</y14>
			<x15>125</x15>
			<y15>186</y15>
			<x16>128</x16>
			<y16>187</y16>
			<x17>129</x17>
			<y17>189</y17>
			<x18>127</x18>
			<y18>192</y18>
			<x19>127</x19>
			<y19>195</y19>
			<x20>130</x20>
			<y20>198</y20>
			<x21>133</x21>
			<y21>199</y21>
			<x22>133</x22>
			<y22>200</y22>
			<x23>136</x23>
			<y23>204</y23>
			<x24>141</x24>
			<y24>206</y24>
			<x25>141</x25>
			<y25>210</y25>
			<x26>137</x26>
			<y26>210</y26>
			<x27>136</x27>
			<y27>209</y27>
			<x28>133</x28>
			<y28>209</y28>
			<x29>127</x29>
			<y29>206</y29>
			<x30>125</x30>
			<y30>204</y30>
			<x31>124</x31>
			<y31>204</y31>
			<x32>120</x32>
			<y32>200</y32>
			<x33>120</x33>
			<y33>199</y33>
			<x34>118</x34>
			<y34>197</y34>
			<x35>116</x35>
			<y35>193</y35>
			<x36>116</x36>
			<y36>191</y36>
			<x37>114</x37>
			<y37>187</y37>
			<x38>114</x38>
			<y38>180</y38>
			<x39>113</x39>
			<y39>179</y39>
			<x40>113</x40>
			<y40>173</y40>
			<x41>114</x41>
			<y41>172</y41>
			<x42>114</x42>
			<y42>166</y42>
			<x43>117</x43>
			<y43>160</y43>
			<x44>119</x44>
			<y44>158</y44>
			<x45>119</x45>
			<y45>157</y45>
			<x46>120</x46>
			<y46>157</y46>
			<x47>123</x47>
			<y47>154</y47>
			<x48>127</x48>
			<y48>152</y48>
			<x49>129</x49>
			<y49>152</y49>
			<x50>130</x50>
			<y50>151</y50>
			<x51>134</x51>
			<y51>151</y51>
			<x52>136</x52>
			<y52>150</y52>
		</polygon>
	</object>
	<object>
		<name>Watermelon rind</name>
		<pose>Unspecified</pose>
		<truncated>0</truncated>
		<difficult>0</difficult>
		<occluded>0</occluded>
		<bndbox>
			<xmin>136</xmin>
			<xmax>189</xmax>
			<ymin>170</ymin>
			<ymax>209</ymax>
		</bndbox>
		<polygon>
			<x1>140</x1>
			<y1>169</y1>
			<x2>142</x2>
			<y2>170</y2>
			<x3>142</x3>
			<y3>175</y3>
			<x4>144</x4>
			<y4>178</y4>
			<x5>144</x5>
			<y5>182</y5>
			<x6>146</x6>
			<y6>184</y6>
			<x7>148</x7>
			<y7>185</y7>
			<x8>150</x8>
			<y8>185</y8>
			<x9>150</x9>
			<y9>189</y9>
			<x10>151</x10>
			<y10>191</y10>
			<x11>154</x11>
			<y11>194</y11>
			<x12>156</x12>
			<y12>195</y12>
			<x13>161</x13>
			<y13>195</y13>
			<x14>165</x14>
			<y14>199</y14>
			<x15>167</x15>
			<y15>199</y15>
			<x16>173</x16>
			<y16>203</y16>
			<x17>175</x17>
			<y17>203</y17>
			<x18>177</x18>
			<y18>202</y18>
			<x19>180</x19>
			<y19>199</y19>
			<x20>183</x20>
			<y20>199</y20>
			<x21>187</x21>
			<y21>202</y21>
			<x22>188</x22>
			<y22>202</y22>
			<x23>188</x23>
			<y23>203</y23>
			<x24>178</x24>
			<y24>208</y24>
			<x25>170</x25>
			<y25>208</y25>
			<x26>169</x26>
			<y26>207</y26>
			<x27>166</x27>
			<y27>207</y27>
			<x28>165</x28>
			<y28>206</y28>
			<x29>160</x29>
			<y29>205</y29>
			<x30>156</x30>
			<y30>203</y30>
			<x31>151</x31>
			<y31>199</y31>
			<x32>150</x32>
			<y32>199</y32>
			<x33>143</x33>
			<y33>193</y33>
			<x34>143</x34>
			<y34>192</y34>
			<x35>139</x35>
			<y35>188</y35>
			<x36>139</x36>
			<y36>187</y36>
			<x37>136</x37>
			<y37>183</y37>
			<x38>136</x38>
			<y38>179</y38>
			<x39>135</x39>
			<y39>177</y39>
			<x40>136</x40>
			<y40>176</y40>
			<x41>136</x41>
			<y41>173</y41>
			<x42>138</x42>
			<y42>171</y42>
			<x43>138</x43>
			<y43>170</y43>
			<x44>139</x44>
			<y44>170</y44>
		</polygon>
	</object>
	<metadata>
	</metadata>
</annotation>
