<annotation>
	<folder></folder>
	<filename>IMG_8238_jpeg.rf.8a8a36b3249cadfbff954eacfb3f2f6f.jpg</filename>
	<path>IMG_8238_jpeg.rf.8a8a36b3249cadfbff954eacfb3f2f6f.jpg</path>
	<source>
		<database>roboflow.com</database>
	</source>
	<size>
		<width>320</width>
		<height>320</height>
		<depth>3</depth>
	</size>
	<segmented>0</segmented>
	<object>
		<name>Watermelon rind</name>
		<pose>Unspecified</pose>
		<truncated>0</truncated>
		<difficult>0</difficult>
		<occluded>0</occluded>
		<bndbox>
			<xmin>81</xmin>
			<xmax>117</xmax>
			<ymin>119</ymin>
			<ymax>186</ymax>
		</bndbox>
		<polygon>
			<x1>95</x1>
			<y1>159</y1>
			<x2>99</x2>
			<y2>161</y2>
			<x3>99</x3>
			<y3>164</y3>
			<x4>98</x4>
			<y4>165</y4>
			<x5>98</x5>
			<y5>168</y5>
			<x6>99</x6>
			<y6>170</y6>
			<x7>102</x7>
			<y7>172</y7>
			<x8>104</x8>
			<y8>172</y8>
			<x9>111</x9>
			<y9>179</y9>
			<x10>114</x10>
			<y10>179</y10>
			<x11>116</x11>
			<y11>182</y11>
			<x12>116</x12>
			<y12>184</y12>
			<x13>107</x13>
			<y13>184</y13>
			<x14>106</x14>
			<y14>183</y14>
			<x15>103</x15>
			<y15>183</y15>
			<x16>102</x16>
			<y16>182</y16>
			<x17>100</x17>
			<y17>182</y17>
			<x18>94</x18>
			<y18>177</y18>
			<x19>93</x19>
			<y19>177</y19>
			<x20>87</x20>
			<y20>170</y20>
			<x21>84</x21>
			<y21>164</y21>
			<x22>83</x22>
			<y22>159</y22>
			<x23>82</x23>
			<y23>158</y23>
			<x24>82</x24>
			<y24>155</y24>
			<x25>81</x25>
			<y25>154</y25>
			<x26>81</x26>
			<y26>150</y26>
			<x27>80</x27>
			<y27>149</y27>
			<x28>80</x28>
			<y28>139</y28>
			<x29>81</x29>
			<y29>138</y29>
			<x30>81</x30>
			<y30>135</y30>
			<x31>82</x31>
			<y31>134</y31>
			<x32>82</x32>
			<y32>132</y32>
			<x33>85</x33>
			<y33>128</y33>
			<x34>85</x34>
			<y34>127</y34>
			<x35>88</x35>
			<y35>124</y35>
			<x36>98</x36>
			<y36>119</y36>
			<x37>103</x37>
			<y37>119</y37>
			<x38>104</x38>
			<y38>124</y38>
			<x39>102</x39>
			<y39>127</y39>
			<x40>97</x40>
			<y40>127</y40>
			<x41>95</x41>
			<y41>128</y41>
			<x42>92</x42>
			<y42>131</y42>
			<x43>92</x43>
			<y43>134</y43>
			<x44>93</x44>
			<y44>136</y44>
			<x45>92</x45>
			<y45>137</y45>
			<x46>91</x46>
			<y46>142</y46>
			<x47>94</x47>
			<y47>145</y47>
			<x48>91</x48>
			<y48>148</y48>
			<x49>91</x49>
			<y49>155</y49>
			<x50>94</x50>
			<y50>159</y50>
		</polygon>
	</object>
	<object>
		<name>Watermelon rind</name>
		<pose>Unspecified</pose>
		<truncated>0</truncated>
		<difficult>0</difficult>
		<occluded>0</occluded>
		<bndbox>
			<xmin>105</xmin>
			<xmax>167</xmax>
			<ymin>139</ymin>
			<ymax>179</ymax>
		</bndbox>
		<polygon>
			<x1>109</x1>
			<y1>139</y1>
			<x2>111</x2>
			<y2>140</y2>
			<x3>111</x3>
			<y3>145</y3>
			<x4>113</x4>
			<y4>147</y4>
			<x5>113</x5>
			<y5>150</y5>
			<x6>114</x6>
			<y6>152</y6>
			<x7>118</x7>
			<y7>155</y7>
			<x8>121</x8>
			<y8>155</y8>
			<x9>122</x9>
			<y9>156</y9>
			<x10>122</x10>
			<y10>160</y10>
			<x11>126</x11>
			<y11>164</y11>
			<x12>128</x12>
			<y12>165</y12>
			<x13>131</x13>
			<y13>165</y13>
			<x14>132</x14>
			<y14>166</y14>
			<x15>135</x15>
			<y15>165</y15>
			<x16>138</x16>
			<y16>168</y16>
			<x17>140</x17>
			<y17>169</y17>
			<x18>144</x18>
			<y18>169</y18>
			<x19>148</x19>
			<y19>172</y19>
			<x20>151</x20>
			<y20>172</y20>
			<x21>153</x21>
			<y21>171</y21>
			<x22>156</x22>
			<y22>167</y22>
			<x23>161</x23>
			<y23>167</y23>
			<x24>165</x24>
			<y24>169</y24>
			<x25>165</x25>
			<y25>171</y25>
			<x26>160</x26>
			<y26>175</y26>
			<x27>158</x27>
			<y27>176</y27>
			<x28>156</x28>
			<y28>176</y28>
			<x29>155</x29>
			<y29>177</y29>
			<x30>151</x30>
			<y30>177</y30>
			<x31>150</x31>
			<y31>178</y31>
			<x32>145</x32>
			<y32>178</y32>
			<x33>144</x33>
			<y33>177</y33>
			<x34>139</x34>
			<y34>177</y34>
			<x35>138</x35>
			<y35>176</y35>
			<x36>133</x36>
			<y36>175</y36>
			<x37>121</x37>
			<y37>169</y37>
			<x38>115</x38>
			<y38>164</y38>
			<x39>114</x39>
			<y39>164</y39>
			<x40>109</x40>
			<y40>159</y40>
			<x41>109</x41>
			<y41>158</y41>
			<x42>105</x42>
			<y42>153</y42>
			<x43>105</x43>
			<y43>150</y43>
			<x44>104</x44>
			<y44>149</y44>
			<x45>104</x45>
			<y45>145</y45>
			<x46>105</x46>
			<y46>144</y46>
			<x47>105</x47>
			<y47>142</y47>
			<x48>106</x48>
			<y48>140</y48>
			<x49>108</x49>
			<y49>139</y49>
		</polygon>
	</object>
	<metadata>
	</metadata>
</annotation>
