<annotation>
	<folder></folder>
	<filename>IMG_8244_jpeg.rf.8dd3a2e6a0194501a1ba4552a9806ae8.jpg</filename>
	<path>IMG_8244_jpeg.rf.8dd3a2e6a0194501a1ba4552a9806ae8.jpg</path>
	<source>
		<database>roboflow.com</database>
	</source>
	<size>
		<width>320</width>
		<height>320</height>
		<depth>3</depth>
	</size>
	<segmented>0</segmented>
	<object>
		<name>Watermelon rind</name>
		<pose>Unspecified</pose>
		<truncated>0</truncated>
		<difficult>0</difficult>
		<occluded>0</occluded>
		<bndbox>
			<xmin>170</xmin>
			<xmax>228</xmax>
			<ymin>180</ymin>
			<ymax>216</ymax>
		</bndbox>
		<polygon>
			<x1>176</x1>
			<y1>180</y1>
			<x2>177</x2>
			<y2>181</y2>
			<x3>177</x3>
			<y3>185</y3>
			<x4>179</x4>
			<y4>188</y4>
			<x5>179</x5>
			<y5>191</y5>
			<x6>181</x6>
			<y6>193</y6>
			<x7>187</x7>
			<y7>195</y7>
			<x8>187</x8>
			<y8>199</y8>
			<x9>190</x9>
			<y9>202</y9>
			<x10>192</x10>
			<y10>203</y10>
			<x11>194</x11>
			<y11>203</y11>
			<x12>195</x12>
			<y12>204</y12>
			<x13>197</x13>
			<y13>204</y13>
			<x14>198</x14>
			<y14>203</y14>
			<x15>202</x15>
			<y15>206</y15>
			<x16>207</x16>
			<y16>207</y16>
			<x17>210</x17>
			<y17>209</y17>
			<x18>215</x18>
			<y18>209</y18>
			<x19>218</x19>
			<y19>206</y19>
			<x20>224</x20>
			<y20>206</y20>
			<x21>226</x21>
			<y21>207</y21>
			<x22>226</x22>
			<y22>209</y22>
			<x23>225</x23>
			<y23>210</y23>
			<x24>219</x24>
			<y24>213</y24>
			<x25>216</x25>
			<y25>213</y25>
			<x26>215</x26>
			<y26>214</y26>
			<x27>206</x27>
			<y27>214</y27>
			<x28>205</x28>
			<y28>213</y28>
			<x29>201</x29>
			<y29>213</y29>
			<x30>200</x30>
			<y30>212</y30>
			<x31>195</x31>
			<y31>211</y31>
			<x32>192</x32>
			<y32>209</y32>
			<x33>190</x33>
			<y33>209</y33>
			<x34>186</x34>
			<y34>206</y34>
			<x35>180</x35>
			<y35>203</y35>
			<x36>172</x36>
			<y36>195</y36>
			<x37>170</x37>
			<y37>191</y37>
			<x38>170</x38>
			<y38>189</y38>
			<x39>169</x39>
			<y39>188</y39>
			<x40>171</x40>
			<y40>181</y40>
			<x41>173</x41>
			<y41>179</y41>
			<x42>175</x42>
			<y42>180</y42>
		</polygon>
	</object>
	<object>
		<name>Watermelon rind</name>
		<pose>Unspecified</pose>
		<truncated>0</truncated>
		<difficult>0</difficult>
		<occluded>0</occluded>
		<bndbox>
			<xmin>145</xmin>
			<xmax>180</xmax>
			<ymin>160</ymin>
			<ymax>220</ymax>
		</bndbox>
		<polygon>
			<x1>159</x1>
			<y1>196</y1>
			<x2>163</x2>
			<y2>199</y2>
			<x3>163</x3>
			<y3>202</y3>
			<x4>162</x4>
			<y4>203</y4>
			<x5>162</x5>
			<y5>205</y5>
			<x6>164</x6>
			<y6>207</y6>
			<x7>169</x7>
			<y7>209</y7>
			<x8>174</x8>
			<y8>214</y8>
			<x9>177</x9>
			<y9>214</y9>
			<x10>179</x10>
			<y10>217</y10>
			<x11>178</x11>
			<y11>218</y11>
			<x12>170</x12>
			<y12>218</y12>
			<x13>169</x13>
			<y13>217</y13>
			<x14>166</x14>
			<y14>217</y14>
			<x15>158</x15>
			<y15>213</y15>
			<x16>151</x16>
			<y16>206</y16>
			<x17>146</x17>
			<y17>196</y17>
			<x18>146</x18>
			<y18>193</y18>
			<x19>145</x19>
			<y19>192</y19>
			<x20>145</x20>
			<y20>187</y20>
			<x21>144</x21>
			<y21>186</y21>
			<x22>144</x22>
			<y22>181</y22>
			<x23>145</x23>
			<y23>180</y23>
			<x24>145</x24>
			<y24>175</y24>
			<x25>146</x25>
			<y25>174</y25>
			<x26>146</x26>
			<y26>172</y26>
			<x27>148</x27>
			<y27>170</y27>
			<x28>148</x28>
			<y28>169</y28>
			<x29>153</x29>
			<y29>164</y29>
			<x30>157</x30>
			<y30>162</y30>
			<x31>162</x31>
			<y31>161</y31>
			<x32>163</x32>
			<y32>160</y32>
			<x33>170</x33>
			<y33>160</y33>
			<x34>170</x34>
			<y34>166</y34>
			<x35>168</x35>
			<y35>168</y35>
			<x36>163</x36>
			<y36>167</y36>
			<x37>159</x37>
			<y37>169</y37>
			<x38>157</x38>
			<y38>172</y38>
			<x39>158</x39>
			<y39>174</y39>
			<x40>158</x40>
			<y40>176</y40>
			<x41>156</x41>
			<y41>180</y41>
			<x42>158</x42>
			<y42>184</y42>
			<x43>155</x43>
			<y43>187</y43>
			<x44>155</x44>
			<y44>192</y44>
			<x45>158</x45>
			<y45>196</y45>
		</polygon>
	</object>
	<metadata>
	</metadata>
</annotation>
