<annotation>
	<folder></folder>
	<filename>IMG_8147_jpeg.rf.9c5d38f239ec804d4d30a53c950ed35a.jpg</filename>
	<path>IMG_8147_jpeg.rf.9c5d38f239ec804d4d30a53c950ed35a.jpg</path>
	<source>
		<database>roboflow.com</database>
	</source>
	<size>
		<width>320</width>
		<height>320</height>
		<depth>3</depth>
	</size>
	<segmented>0</segmented>
	<object>
		<name>Watermelon rind</name>
		<pose>Unspecified</pose>
		<truncated>0</truncated>
		<difficult>0</difficult>
		<occluded>0</occluded>
		<bndbox>
			<xmin>113</xmin>
			<xmax>181</xmax>
			<ymin>118</ymin>
			<ymax>205</ymax>
		</bndbox>
		<polygon>
			<x1>169</x1>
			<y1>117</y1>
			<x2>170</x2>
			<y2>118</y2>
			<x3>174</x3>
			<y3>118</y3>
			<x4>175</x4>
			<y4>119</y4>
			<x5>178</x5>
			<y5>119</y5>
			<x6>179</x6>
			<y6>120</y6>
			<x7>179</x7>
			<y7>123</y7>
			<x8>177</x8>
			<y8>125</y8>
			<x9>177</x9>
			<y9>126</y9>
			<x10>175</x10>
			<y10>128</y10>
			<x11>171</x11>
			<y11>130</y11>
			<x12>168</x12>
			<y12>129</y12>
			<x13>166</x13>
			<y13>127</y13>
			<x14>163</x14>
			<y14>127</y14>
			<x15>162</x15>
			<y15>126</y15>
			<x16>160</x16>
			<y16>126</y16>
			<x17>159</x17>
			<y17>127</y17>
			<x18>156</x18>
			<y18>127</y18>
			<x19>153</x19>
			<y19>130</y19>
			<x20>152</x20>
			<y20>133</y20>
			<x21>144</x21>
			<y21>140</y21>
			<x22>143</x22>
			<y22>142</y22>
			<x23>143</x23>
			<y23>144</y23>
			<x24>144</x24>
			<y24>145</y24>
			<x25>143</x25>
			<y25>146</y25>
			<x26>138</x26>
			<y26>147</y26>
			<x27>133</x27>
			<y27>152</y27>
			<x28>131</x28>
			<y28>156</y28>
			<x29>131</x29>
			<y29>162</y29>
			<x30>132</x30>
			<y30>164</y30>
			<x31>135</x31>
			<y31>167</y31>
			<x32>135</x32>
			<y32>169</y32>
			<x33>133</x33>
			<y33>170</y33>
			<x34>128</x34>
			<y34>175</y34>
			<x35>128</x35>
			<y35>180</y35>
			<x36>131</x36>
			<y36>183</y36>
			<x37>132</x37>
			<y37>185</y37>
			<x38>132</x38>
			<y38>190</y38>
			<x39>134</x39>
			<y39>194</y39>
			<x40>138</x40>
			<y40>197</y40>
			<x41>138</x41>
			<y41>199</y41>
			<x42>136</x42>
			<y42>203</y42>
			<x43>133</x43>
			<y43>203</y43>
			<x44>132</x44>
			<y44>202</y44>
			<x45>130</x45>
			<y45>202</y45>
			<x46>126</x46>
			<y46>200</y46>
			<x47>124</x47>
			<y47>198</y47>
			<x48>123</x48>
			<y48>198</y48>
			<x49>118</x49>
			<y49>193</y49>
			<x50>118</x50>
			<y50>192</y50>
			<x51>116</x51>
			<y51>190</y51>
			<x52>114</x52>
			<y52>186</y52>
			<x53>114</x53>
			<y53>184</y53>
			<x54>112</x54>
			<y54>180</y54>
			<x55>112</x55>
			<y55>168</y55>
			<x56>113</x56>
			<y56>167</y56>
			<x57>113</x57>
			<y57>164</y57>
			<x58>114</x58>
			<y58>163</y58>
			<x59>114</x59>
			<y59>160</y59>
			<x60>115</x60>
			<y60>159</y60>
			<x61>115</x61>
			<y61>157</y61>
			<x62>118</x62>
			<y62>152</y62>
			<x63>118</x63>
			<y63>150</y63>
			<x64>119</x64>
			<y64>148</y64>
			<x65>121</x65>
			<y65>146</y65>
			<x66>122</x66>
			<y66>143</y66>
			<x67>124</x67>
			<y67>141</y67>
			<x68>126</x68>
			<y68>137</y68>
			<x69>130</x69>
			<y69>133</y69>
			<x70>130</x70>
			<y70>132</y70>
			<x71>138</x71>
			<y71>125</y71>
			<x72>139</x72>
			<y72>125</y72>
			<x73>141</x73>
			<y73>123</y73>
			<x74>149</x74>
			<y74>119</y74>
			<x75>152</x75>
			<y75>119</y75>
			<x76>153</x76>
			<y76>118</y76>
			<x77>156</x77>
			<y77>118</y77>
			<x78>157</x78>
			<y78>117</y78>
			<x79>168</x79>
			<y79>117</y79>
		</polygon>
	</object>
	<object>
		<name>Watermelon rind</name>
		<pose>Unspecified</pose>
		<truncated>0</truncated>
		<difficult>0</difficult>
		<occluded>0</occluded>
		<bndbox>
			<xmin>150</xmin>
			<xmax>207</xmax>
			<ymin>147</ymin>
			<ymax>216</ymax>
		</bndbox>
		<polygon>
			<x1>168</x1>
			<y1>147</y1>
			<x2>169</x2>
			<y2>149</y2>
			<x3>169</x3>
			<y3>151</y3>
			<x4>166</x4>
			<y4>154</y4>
			<x5>166</x5>
			<y5>156</y5>
			<x6>165</x6>
			<y6>157</y6>
			<x7>165</x7>
			<y7>161</y7>
			<x8>162</x8>
			<y8>165</y8>
			<x9>162</x9>
			<y9>168</y9>
			<x10>168</x10>
			<y10>174</y10>
			<x11>168</x11>
			<y11>175</y11>
			<x12>165</x12>
			<y12>179</y12>
			<x13>165</x13>
			<y13>184</y13>
			<x14>166</x14>
			<y14>186</y14>
			<x15>171</x15>
			<y15>191</y15>
			<x16>173</x16>
			<y16>191</y16>
			<x17>175</x17>
			<y17>192</y17>
			<x18>175</x18>
			<y18>195</y18>
			<x19>180</x19>
			<y19>200</y19>
			<x20>181</x20>
			<y20>200</y20>
			<x21>187</x21>
			<y21>207</y21>
			<x22>193</x22>
			<y22>207</y22>
			<x23>198</x23>
			<y23>204</y23>
			<x24>199</x24>
			<y24>205</y24>
			<x25>201</x25>
			<y25>205</y25>
			<x26>204</x26>
			<y26>208</y26>
			<x27>205</x27>
			<y27>210</y27>
			<x28>205</x28>
			<y28>212</y28>
			<x29>203</x29>
			<y29>213</y29>
			<x30>201</x30>
			<y30>213</y30>
			<x31>200</x31>
			<y31>214</y31>
			<x32>184</x32>
			<y32>214</y32>
			<x33>183</x33>
			<y33>213</y33>
			<x34>180</x34>
			<y34>213</y34>
			<x35>174</x35>
			<y35>210</y35>
			<x36>172</x36>
			<y36>208</y36>
			<x37>171</x37>
			<y37>208</y37>
			<x38>162</x38>
			<y38>199</y38>
			<x39>162</x39>
			<y39>198</y39>
			<x40>157</x40>
			<y40>192</y40>
			<x41>153</x41>
			<y41>184</y41>
			<x42>153</x42>
			<y42>182</y42>
			<x43>152</x43>
			<y43>181</y43>
			<x44>152</x44>
			<y44>179</y44>
			<x45>150</x45>
			<y45>175</y45>
			<x46>150</x46>
			<y46>163</y46>
			<x47>152</x47>
			<y47>160</y47>
			<x48>152</x48>
			<y48>158</y48>
			<x49>153</x49>
			<y49>156</y49>
			<x50>160</x50>
			<y50>149</y50>
			<x51>164</x51>
			<y51>147</y51>
			<x52>167</x52>
			<y52>147</y52>
		</polygon>
	</object>
	<metadata>
	</metadata>
</annotation>
