<annotation>
	<folder></folder>
	<filename>IMG_8463_jpeg.rf.983d637ad1bb29a1b1391d9f803b424b.jpg</filename>
	<path>IMG_8463_jpeg.rf.983d637ad1bb29a1b1391d9f803b424b.jpg</path>
	<source>
		<database>roboflow.com</database>
	</source>
	<size>
		<width>320</width>
		<height>320</height>
		<depth>3</depth>
	</size>
	<segmented>0</segmented>
	<object>
		<name>fish</name>
		<pose>Unspecified</pose>
		<truncated>0</truncated>
		<difficult>0</difficult>
		<occluded>0</occluded>
		<bndbox>
			<xmin>18</xmin>
			<xmax>124</xmax>
			<ymin>202</ymin>
			<ymax>246</ymax>
		</bndbox>
		<polygon>
			<x1>117</x1>
			<y1>203</y1>
			<x2>121</x2>
			<y2>205</y2>
			<x3>119</x3>
			<y3>207</y3>
			<x4>119</x4>
			<y4>210</y4>
			<x5>123</x5>
			<y5>212</y5>
			<x6>119</x6>
			<y6>216</y6>
			<x7>119</x7>
			<y7>217</y7>
			<x8>118</x8>
			<y8>217</y8>
			<x9>112</x9>
			<y9>223</y9>
			<x10>111</x10>
			<y10>223</y10>
			<x11>103</x11>
			<y11>229</y11>
			<x12>102</x12>
			<y12>229</y12>
			<x13>100</x13>
			<y13>225</y13>
			<x14>98</x14>
			<y14>228</y14>
			<x15>98</x15>
			<y15>231</y15>
			<x16>96</x16>
			<y16>235</y16>
			<x17>94</x17>
			<y17>237</y17>
			<x18>94</x18>
			<y18>238</y18>
			<x19>93</x19>
			<y19>238</y19>
			<x20>93</x20>
			<y20>229</y20>
			<x21>92</x21>
			<y21>228</y21>
			<x22>92</x22>
			<y22>225</y22>
			<x23>89</x23>
			<y23>221</y23>
			<x24>87</x24>
			<y24>221</y24>
			<x25>85</x25>
			<y25>223</y25>
			<x26>85</x26>
			<y26>226</y26>
			<x27>86</x27>
			<y27>227</y27>
			<x28>86</x28>
			<y28>229</y28>
			<x29>85</x29>
			<y29>230</y29>
			<x30>85</x30>
			<y30>235</y30>
			<x31>83</x31>
			<y31>239</y31>
			<x32>81</x32>
			<y32>241</y32>
			<x33>81</x33>
			<y33>242</y33>
			<x34>78</x34>
			<y34>244</y34>
			<x35>77</x35>
			<y35>244</y35>
			<x36>78</x36>
			<y36>243</y36>
			<x37>78</x37>
			<y37>240</y37>
			<x38>79</x38>
			<y38>239</y38>
			<x39>79</x39>
			<y39>235</y39>
			<x40>80</x40>
			<y40>234</y40>
			<x41>80</x41>
			<y41>231</y41>
			<x42>79</x42>
			<y42>230</y42>
			<x43>79</x43>
			<y43>226</y43>
			<x44>77</x44>
			<y44>223</y44>
			<x45>74</x45>
			<y45>223</y45>
			<x46>72</x46>
			<y46>225</y46>
			<x47>72</x47>
			<y47>228</y47>
			<x48>71</x48>
			<y48>229</y48>
			<x49>71</x49>
			<y49>231</y49>
			<x50>68</x50>
			<y50>235</y50>
			<x51>68</x51>
			<y51>236</y51>
			<x52>66</x52>
			<y52>238</y52>
			<x53>66</x53>
			<y53>239</y53>
			<x54>65</x54>
			<y54>239</y54>
			<x55>65</x55>
			<y55>236</y55>
			<x56>66</x56>
			<y56>235</y56>
			<x57>66</x57>
			<y57>225</y57>
			<x58>64</x58>
			<y58>223</y58>
			<x59>60</x59>
			<y59>223</y59>
			<x60>56</x60>
			<y60>227</y60>
			<x61>55</x61>
			<y61>229</y61>
			<x62>54</x62>
			<y62>229</y62>
			<x63>52</x63>
			<y63>231</y63>
			<x64>50</x64>
			<y64>231</y64>
			<x65>53</x65>
			<y65>225</y65>
			<x66>53</x66>
			<y66>223</y66>
			<x67>52</x67>
			<y67>222</y67>
			<x68>48</x68>
			<y68>224</y68>
			<x69>42</x69>
			<y69>224</y69>
			<x70>44</x70>
			<y70>221</y70>
			<x71>43</x71>
			<y71>219</y71>
			<x72>39</x72>
			<y72>219</y72>
			<x73>38</x73>
			<y73>220</y73>
			<x74>18</x74>
			<y74>220</y74>
			<x75>18</x75>
			<y75>218</y75>
			<x76>19</x76>
			<y76>218</y76>
			<x77>21</x77>
			<y77>216</y77>
			<x78>17</x78>
			<y78>214</y78>
			<x79>17</x79>
			<y79>213</y79>
			<x80>19</x80>
			<y80>211</y80>
			<x81>24</x81>
			<y81>211</y81>
			<x82>25</x82>
			<y82>210</y82>
			<x83>24</x83>
			<y83>207</y83>
			<x84>26</x84>
			<y84>206</y84>
			<x85>29</x85>
			<y85>206</y85>
			<x86>32</x86>
			<y86>204</y86>
			<x87>33</x87>
			<y87>204</y87>
			<x88>35</x88>
			<y88>206</y88>
			<x89>40</x89>
			<y89>206</y89>
			<x90>40</x90>
			<y90>208</y90>
			<x91>41</x91>
			<y91>209</y91>
			<x92>42</x92>
			<y92>214</y92>
			<x93>44</x93>
			<y93>215</y93>
			<x94>46</x94>
			<y94>213</y94>
			<x95>49</x95>
			<y95>213</y95>
			<x96>50</x96>
			<y96>212</y96>
			<x97>50</x97>
			<y97>210</y97>
			<x98>52</x98>
			<y98>210</y98>
			<x99>56</x99>
			<y99>213</y99>
			<x100>59</x100>
			<y100>213</y100>
			<x101>61</x101>
			<y101>211</y101>
			<x102>67</x102>
			<y102>211</y102>
			<x103>68</x103>
			<y103>209</y103>
			<x104>66</x104>
			<y104>207</y104>
			<x105>66</x105>
			<y105>206</y105>
			<x106>69</x106>
			<y106>206</y106>
			<x107>72</x107>
			<y107>208</y107>
			<x108>74</x108>
			<y108>208</y108>
			<x109>76</x109>
			<y109>210</y109>
			<x110>79</x110>
			<y110>210</y110>
			<x111>80</x111>
			<y111>208</y111>
			<x112>84</x112>
			<y112>208</y112>
			<x113>85</x113>
			<y113>207</y113>
			<x114>82</x114>
			<y114>204</y114>
			<x115>85</x115>
			<y115>204</y115>
			<x116>86</x116>
			<y116>203</y116>
			<x117>91</x117>
			<y117>203</y117>
			<x118>92</x118>
			<y118>202</y118>
			<x119>113</x119>
			<y119>202</y119>
			<x120>114</x120>
			<y120>203</y120>
			<x121>116</x121>
			<y121>203</y121>
		</polygon>
	</object>
	<metadata>
	</metadata>
</annotation>
