<annotation>
	<folder></folder>
	<filename>IMG_8185_jpeg.rf.547dac83dd130e19685f81982385c90c.jpg</filename>
	<path>IMG_8185_jpeg.rf.547dac83dd130e19685f81982385c90c.jpg</path>
	<source>
		<database>roboflow.com</database>
	</source>
	<size>
		<width>320</width>
		<height>320</height>
		<depth>3</depth>
	</size>
	<segmented>0</segmented>
	<object>
		<name>Watermelon rind</name>
		<pose>Unspecified</pose>
		<truncated>0</truncated>
		<difficult>0</difficult>
		<occluded>0</occluded>
		<bndbox>
			<xmin>81</xmin>
			<xmax>141</xmax>
			<ymin>165</ymin>
			<ymax>194</ymax>
		</bndbox>
		<polygon>
			<x1>133</x1>
			<y1>166</y1>
			<x2>137</x2>
			<y2>168</y2>
			<x3>140</x3>
			<y3>171</y3>
			<x4>140</x4>
			<y4>172</y4>
			<x5>138</x5>
			<y5>172</y5>
			<x6>136</x6>
			<y6>173</y6>
			<x7>133</x7>
			<y7>171</y7>
			<x8>127</x8>
			<y8>171</y8>
			<x9>123</x9>
			<y9>169</y9>
			<x10>120</x10>
			<y10>170</y10>
			<x11>116</x11>
			<y11>173</y11>
			<x12>112</x12>
			<y12>171</y12>
			<x13>108</x13>
			<y13>171</y13>
			<x14>107</x14>
			<y14>172</y14>
			<x15>105</x15>
			<y15>172</y15>
			<x16>103</x16>
			<y16>174</y16>
			<x17>102</x17>
			<y17>174</y17>
			<x18>100</x18>
			<y18>177</y18>
			<x19>97</x19>
			<y19>177</y19>
			<x20>93</x20>
			<y20>180</y20>
			<x21>90</x21>
			<y21>181</y21>
			<x22>87</x22>
			<y22>184</y22>
			<x23>89</x23>
			<y23>189</y23>
			<x24>86</x24>
			<y24>192</y24>
			<x25>84</x25>
			<y25>192</y25>
			<x26>83</x26>
			<y26>193</y26>
			<x27>80</x27>
			<y27>188</y27>
			<x28>80</x28>
			<y28>184</y28>
			<x29>81</x29>
			<y29>183</y29>
			<x30>81</x30>
			<y30>181</y30>
			<x31>85</x31>
			<y31>176</y31>
			<x32>86</x32>
			<y32>176</y32>
			<x33>91</x33>
			<y33>172</y33>
			<x34>97</x34>
			<y34>169</y34>
			<x35>99</x35>
			<y35>169</y35>
			<x36>100</x36>
			<y36>168</y36>
			<x37>102</x37>
			<y37>168</y37>
			<x38>106</x38>
			<y38>166</y38>
			<x39>109</x39>
			<y39>166</y39>
			<x40>110</x40>
			<y40>165</y40>
			<x41>116</x41>
			<y41>165</y41>
			<x42>117</x42>
			<y42>164</y42>
			<x43>126</x43>
			<y43>164</y43>
			<x44>127</x44>
			<y44>165</y44>
			<x45>131</x45>
			<y45>165</y45>
			<x46>132</x46>
			<y46>166</y46>
		</polygon>
	</object>
	<object>
		<name>Watermelon rind</name>
		<pose>Unspecified</pose>
		<truncated>0</truncated>
		<difficult>0</difficult>
		<occluded>0</occluded>
		<bndbox>
			<xmin>91</xmin>
			<xmax>167</xmax>
			<ymin>147</ymin>
			<ymax>179</ymax>
		</bndbox>
		<polygon>
			<x1>137</x1>
			<y1>149</y1>
			<x2>138</x2>
			<y2>150</y2>
			<x3>141</x3>
			<y3>150</y3>
			<x4>142</x4>
			<y4>151</y4>
			<x5>147</x5>
			<y5>152</y5>
			<x6>152</x6>
			<y6>155</y6>
			<x7>154</x7>
			<y7>155</y7>
			<x8>163</x8>
			<y8>162</y8>
			<x9>165</x9>
			<y9>166</y9>
			<x10>165</x10>
			<y10>168</y10>
			<x11>166</x11>
			<y11>169</y11>
			<x12>166</x12>
			<y12>172</y12>
			<x13>165</x13>
			<y13>173</y13>
			<x14>165</x14>
			<y14>175</y14>
			<x15>164</x15>
			<y15>177</y15>
			<x16>161</x16>
			<y16>177</y16>
			<x17>155</x17>
			<y17>174</y17>
			<x18>155</x18>
			<y18>172</y18>
			<x19>157</x19>
			<y19>170</y19>
			<x20>157</x20>
			<y20>167</y20>
			<x21>154</x21>
			<y21>164</y21>
			<x22>151</x22>
			<y22>164</y22>
			<x23>145</x23>
			<y23>160</y23>
			<x24>140</x24>
			<y24>160</y24>
			<x25>136</x25>
			<y25>156</y25>
			<x26>134</x26>
			<y26>155</y26>
			<x27>130</x27>
			<y27>155</y27>
			<x28>129</x28>
			<y28>154</y28>
			<x29>127</x29>
			<y29>154</y29>
			<x30>126</x30>
			<y30>155</y30>
			<x31>124</x31>
			<y31>155</y31>
			<x32>120</x32>
			<y32>157</y32>
			<x33>115</x33>
			<y33>154</y33>
			<x34>109</x34>
			<y34>154</y34>
			<x35>106</x35>
			<y35>156</y35>
			<x36>100</x36>
			<y36>156</y36>
			<x37>95</x37>
			<y37>159</y37>
			<x38>94</x38>
			<y38>158</y38>
			<x39>91</x39>
			<y39>158</y39>
			<x40>91</x40>
			<y40>156</y40>
			<x41>95</x41>
			<y41>152</y41>
			<x42>96</x42>
			<y42>152</y42>
			<x43>98</x43>
			<y43>150</y43>
			<x44>100</x44>
			<y44>150</y44>
			<x45>101</x45>
			<y45>149</y45>
			<x46>103</x46>
			<y46>149</y46>
			<x47>107</x47>
			<y47>147</y47>
			<x48>128</x48>
			<y48>147</y48>
			<x49>129</x49>
			<y49>148</y49>
			<x50>133</x50>
			<y50>148</y50>
			<x51>134</x51>
			<y51>149</y51>
			<x52>136</x52>
			<y52>149</y52>
		</polygon>
	</object>
	<metadata>
	</metadata>
</annotation>
