<annotation>
	<folder></folder>
	<filename>IMG_8322_jpeg.rf.505dbb16d6f3a902659a9e368c4c6a28.jpg</filename>
	<path>IMG_8322_jpeg.rf.505dbb16d6f3a902659a9e368c4c6a28.jpg</path>
	<source>
		<database>roboflow.com</database>
	</source>
	<size>
		<width>320</width>
		<height>320</height>
		<depth>3</depth>
	</size>
	<segmented>0</segmented>
	<object>
		<name>Watermelon rind</name>
		<pose>Unspecified</pose>
		<truncated>0</truncated>
		<difficult>0</difficult>
		<occluded>0</occluded>
		<bndbox>
			<xmin>120</xmin>
			<xmax>206</xmax>
			<ymin>113</ymin>
			<ymax>150</ymax>
		</bndbox>
		<polygon>
			<x1>124</x1>
			<y1>112</y1>
			<x2>125</x2>
			<y2>113</y2>
			<x3>127</x3>
			<y3>113</y3>
			<x4>129</x4>
			<y4>114</y4>
			<x5>131</x5>
			<y5>116</y5>
			<x6>131</x6>
			<y6>118</y6>
			<x7>129</x7>
			<y7>120</y7>
			<x8>129</x8>
			<y8>122</y8>
			<x9>128</x9>
			<y9>123</y9>
			<x10>132</x10>
			<y10>127</y10>
			<x11>137</x11>
			<y11>128</y11>
			<x12>142</x12>
			<y12>132</y12>
			<x13>148</x13>
			<y13>132</y13>
			<x14>148</x14>
			<y14>133</y14>
			<x15>152</x15>
			<y15>137</y15>
			<x16>154</x16>
			<y16>138</y16>
			<x17>157</x17>
			<y17>138</y17>
			<x18>158</x18>
			<y18>139</y18>
			<x19>163</x19>
			<y19>139</y19>
			<x20>166</x20>
			<y20>137</y20>
			<x21>168</x21>
			<y21>137</y21>
			<x22>170</x22>
			<y22>136</y22>
			<x23>176</x23>
			<y23>140</y23>
			<x24>182</x24>
			<y24>140</y24>
			<x25>185</x25>
			<y25>138</y25>
			<x26>191</x26>
			<y26>138</y26>
			<x27>192</x27>
			<y27>137</y27>
			<x28>194</x28>
			<y28>137</y28>
			<x29>199</x29>
			<y29>134</y29>
			<x30>200</x30>
			<y30>135</y30>
			<x31>203</x31>
			<y31>135</y31>
			<x32>204</x32>
			<y32>137</y32>
			<x33>198</x33>
			<y33>143</y33>
			<x34>192</x34>
			<y34>146</y34>
			<x35>190</x35>
			<y35>146</y35>
			<x36>189</x36>
			<y36>147</y36>
			<x37>186</x37>
			<y37>147</y37>
			<x38>185</x38>
			<y38>148</y38>
			<x39>177</x39>
			<y39>148</y39>
			<x40>176</x40>
			<y40>149</y40>
			<x41>174</x41>
			<y41>148</y41>
			<x42>164</x42>
			<y42>148</y42>
			<x43>163</x43>
			<y43>147</y43>
			<x44>158</x44>
			<y44>147</y44>
			<x45>157</x45>
			<y45>146</y45>
			<x46>150</x46>
			<y46>145</y46>
			<x47>149</x47>
			<y47>144</y47>
			<x48>147</x48>
			<y48>144</y48>
			<x49>146</x49>
			<y49>143</y49>
			<x50>144</x50>
			<y50>143</y50>
			<x51>143</x51>
			<y51>142</y51>
			<x52>138</x52>
			<y52>141</y52>
			<x53>132</x53>
			<y53>138</y53>
			<x54>127</x54>
			<y54>134</y54>
			<x55>126</x55>
			<y55>134</y55>
			<x56>121</x56>
			<y56>128</y56>
			<x57>120</x57>
			<y57>126</y57>
			<x58>120</x58>
			<y58>124</y58>
			<x59>119</x59>
			<y59>123</y59>
			<x60>119</x60>
			<y60>118</y60>
			<x61>120</x61>
			<y61>117</y61>
			<x62>120</x62>
			<y62>115</y62>
			<x63>121</x63>
			<y63>113</y63>
			<x64>123</x64>
			<y64>112</y64>
		</polygon>
	</object>
	<object>
		<name>Watermelon rind</name>
		<pose>Unspecified</pose>
		<truncated>0</truncated>
		<difficult>0</difficult>
		<occluded>0</occluded>
		<bndbox>
			<xmin>149</xmin>
			<xmax>217</xmax>
			<ymin>98</ymin>
			<ymax>129</ymax>
		</bndbox>
		<polygon>
			<x1>205</x1>
			<y1>102</y1>
			<x2>205</x2>
			<y2>100</y2>
			<x3>206</x3>
			<y3>99</y3>
			<x4>210</x4>
			<y4>97</y4>
			<x5>213</x5>
			<y5>97</y5>
			<x6>215</x6>
			<y6>101</y6>
			<x7>215</x7>
			<y7>108</y7>
			<x8>211</x8>
			<y8>114</y8>
			<x9>210</x9>
			<y9>114</y9>
			<x10>204</x10>
			<y10>119</y10>
			<x11>200</x11>
			<y11>121</y11>
			<x12>198</x12>
			<y12>121</y12>
			<x13>195</x13>
			<y13>123</y13>
			<x14>193</x14>
			<y14>123</y14>
			<x15>192</x15>
			<y15>124</y15>
			<x16>190</x16>
			<y16>124</y16>
			<x17>186</x17>
			<y17>126</y17>
			<x18>182</x18>
			<y18>126</y18>
			<x19>181</x19>
			<y19>127</y19>
			<x20>172</x20>
			<y20>127</y20>
			<x21>171</x21>
			<y21>128</y21>
			<x22>165</x22>
			<y22>128</y22>
			<x23>164</x23>
			<y23>127</y23>
			<x24>160</x24>
			<y24>127</y24>
			<x25>159</x25>
			<y25>126</y25>
			<x26>157</x26>
			<y26>126</y26>
			<x27>153</x27>
			<y27>124</y27>
			<x28>151</x28>
			<y28>122</y28>
			<x29>150</x29>
			<y29>122</y29>
			<x30>148</x30>
			<y30>120</y30>
			<x31>149</x31>
			<y31>118</y31>
			<x32>154</x32>
			<y32>118</y32>
			<x33>156</x33>
			<y33>120</y33>
			<x34>163</x34>
			<y34>120</y34>
			<x35>167</x35>
			<y35>122</y35>
			<x36>168</x36>
			<y36>121</y36>
			<x37>170</x37>
			<y37>121</y37>
			<x38>172</x38>
			<y38>120</y38>
			<x39>174</x39>
			<y39>118</y39>
			<x40>177</x40>
			<y40>118</y40>
			<x41>180</x41>
			<y41>120</y41>
			<x42>187</x42>
			<y42>119</y42>
			<x43>191</x43>
			<y43>117</y43>
			<x44>193</x44>
			<y44>114</y44>
			<x45>196</x45>
			<y45>114</y45>
			<x46>198</x46>
			<y46>113</y46>
			<x47>201</x47>
			<y47>110</y47>
			<x48>203</x48>
			<y48>110</y48>
			<x49>205</x49>
			<y49>109</y49>
			<x50>208</x50>
			<y50>106</y50>
			<x51>206</x51>
			<y51>102</y51>
		</polygon>
	</object>
	<metadata>
	</metadata>
</annotation>
