<annotation>
	<folder></folder>
	<filename>IMG_1991_HEIC.rf.3fcee1c11f1d707c98a6ac878c1fc9e1.jpg</filename>
	<path>IMG_1991_HEIC.rf.3fcee1c11f1d707c98a6ac878c1fc9e1.jpg</path>
	<source>
		<database>roboflow.com</database>
	</source>
	<size>
		<width>320</width>
		<height>320</height>
		<depth>3</depth>
	</size>
	<segmented>0</segmented>
	<object>
		<name>Apple core</name>
		<pose>Unspecified</pose>
		<truncated>0</truncated>
		<difficult>0</difficult>
		<occluded>0</occluded>
		<bndbox>
			<xmin>181</xmin>
			<xmax>203</xmax>
			<ymin>89</ymin>
			<ymax>118</ymax>
		</bndbox>
	</object>
	<metadata>
	</metadata>
</annotation>
