<annotation>
	<folder></folder>
	<filename>IMG_8393_jpeg.rf.f4e7972d1b593ac04642a44a1369f776.jpg</filename>
	<path>IMG_8393_jpeg.rf.f4e7972d1b593ac04642a44a1369f776.jpg</path>
	<source>
		<database>roboflow.com</database>
	</source>
	<size>
		<width>320</width>
		<height>320</height>
		<depth>3</depth>
	</size>
	<segmented>0</segmented>
	<object>
		<name>fish</name>
		<pose>Unspecified</pose>
		<truncated>0</truncated>
		<difficult>0</difficult>
		<occluded>0</occluded>
		<bndbox>
			<xmin>146</xmin>
			<xmax>191</xmax>
			<ymin>136</ymin>
			<ymax>199</ymax>
		</bndbox>
		<polygon>
			<x1>163</x1>
			<y1>137</y1>
			<x2>166</x2>
			<y2>137</y2>
			<x3>167</x3>
			<y3>138</y3>
			<x4>170</x4>
			<y4>135</y4>
			<x5>171</x5>
			<y5>135</y5>
			<x6>174</x6>
			<y6>139</y6>
			<x7>176</x7>
			<y7>138</y7>
			<x8>179</x8>
			<y8>141</y8>
			<x9>180</x9>
			<y9>143</y9>
			<x10>178</x10>
			<y10>145</y10>
			<x11>179</x11>
			<y11>146</y11>
			<x12>177</x12>
			<y12>148</y12>
			<x13>174</x13>
			<y13>148</y13>
			<x14>172</x14>
			<y14>150</y14>
			<x15>172</x15>
			<y15>152</y15>
			<x16>173</x16>
			<y16>153</y16>
			<x17>172</x17>
			<y17>154</y17>
			<x18>173</x18>
			<y18>155</y18>
			<x19>176</x19>
			<y19>154</y19>
			<x20>173</x20>
			<y20>158</y20>
			<x21>173</x21>
			<y21>159</y21>
			<x22>175</x22>
			<y22>160</y22>
			<x23>175</x23>
			<y23>162</y23>
			<x24>177</x24>
			<y24>164</y24>
			<x25>179</x25>
			<y25>164</y25>
			<x26>181</x26>
			<y26>163</y26>
			<x27>181</x27>
			<y27>165</y27>
			<x28>179</x28>
			<y28>169</y28>
			<x29>180</x29>
			<y29>170</y29>
			<x30>180</x30>
			<y30>174</y30>
			<x31>181</x31>
			<y31>175</y31>
			<x32>184</x32>
			<y32>172</y32>
			<x33>185</x33>
			<y33>173</y33>
			<x34>187</x34>
			<y34>177</y34>
			<x35>187</x35>
			<y35>179</y35>
			<x36>188</x36>
			<y36>180</y36>
			<x37>188</x37>
			<y37>183</y37>
			<x38>189</x38>
			<y38>184</y38>
			<x39>189</x39>
			<y39>190</y39>
			<x40>188</x40>
			<y40>191</y40>
			<x41>188</x41>
			<y41>194</y41>
			<x42>187</x42>
			<y42>195</y42>
			<x43>185</x43>
			<y43>194</y43>
			<x44>183</x44>
			<y44>194</y44>
			<x45>180</x45>
			<y45>197</y45>
			<x46>178</x46>
			<y46>197</y46>
			<x47>164</x47>
			<y47>190</y47>
			<x48>161</x48>
			<y48>186</y48>
			<x49>159</x49>
			<y49>185</y49>
			<x50>156</x50>
			<y50>185</y50>
			<x51>155</x51>
			<y51>184</y51>
			<x52>152</x52>
			<y52>184</y52>
			<x53>153</x53>
			<y53>183</y53>
			<x54>157</x54>
			<y54>183</y54>
			<x55>158</x55>
			<y55>182</y55>
			<x56>160</x56>
			<y56>182</y56>
			<x57>162</x57>
			<y57>180</y57>
			<x58>161</x58>
			<y58>178</y58>
			<x59>153</x59>
			<y59>178</y59>
			<x60>152</x60>
			<y60>177</y60>
			<x61>149</x61>
			<y61>177</y61>
			<x62>145</x62>
			<y62>175</y62>
			<x63>157</x63>
			<y63>175</y63>
			<x64>161</x64>
			<y64>173</y64>
			<x65>163</x65>
			<y65>171</y65>
			<x66>160</x66>
			<y66>169</y66>
			<x67>155</x67>
			<y67>169</y67>
			<x68>154</x68>
			<y68>168</y68>
			<x69>151</x69>
			<y69>168</y69>
			<x70>149</x70>
			<y70>167</y70>
			<x71>157</x71>
			<y71>167</y71>
			<x72>158</x72>
			<y72>166</y72>
			<x73>161</x73>
			<y73>166</y73>
			<x74>164</x74>
			<y74>164</y74>
			<x75>164</x75>
			<y75>162</y75>
			<x76>163</x76>
			<y76>161</y76>
			<x77>161</x77>
			<y77>161</y77>
			<x78>157</x78>
			<y78>159</y78>
			<x79>155</x79>
			<y79>157</y79>
			<x80>162</x80>
			<y80>157</y80>
			<x81>163</x81>
			<y81>156</y81>
			<x82>161</x82>
			<y82>153</y82>
			<x83>161</x83>
			<y83>151</y83>
			<x84>163</x84>
			<y84>152</y84>
			<x85>165</x85>
			<y85>152</y85>
			<x86>166</x86>
			<y86>151</y86>
			<x87>166</x87>
			<y87>149</y87>
			<x88>164</x88>
			<y88>145</y88>
			<x89>164</x89>
			<y89>140</y89>
			<x90>163</x90>
			<y90>138</y90>
		</polygon>
	</object>
	<metadata>
	</metadata>
</annotation>
