<annotation>
	<folder></folder>
	<filename>IMG_8280_jpeg.rf.fbbee766b89b98d323856031cb1ef6fd.jpg</filename>
	<path>IMG_8280_jpeg.rf.fbbee766b89b98d323856031cb1ef6fd.jpg</path>
	<source>
		<database>roboflow.com</database>
	</source>
	<size>
		<width>320</width>
		<height>320</height>
		<depth>3</depth>
	</size>
	<segmented>0</segmented>
	<object>
		<name>Watermelon rind</name>
		<pose>Unspecified</pose>
		<truncated>0</truncated>
		<difficult>0</difficult>
		<occluded>0</occluded>
		<bndbox>
			<xmin>74</xmin>
			<xmax>125</xmax>
			<ymin>151</ymin>
			<ymax>179</ymax>
		</bndbox>
		<polygon>
			<x1>93</x1>
			<y1>151</y1>
			<x2>94</x2>
			<y2>152</y2>
			<x3>97</x3>
			<y3>152</y3>
			<x4>98</x4>
			<y4>153</y4>
			<x5>100</x5>
			<y5>153</y5>
			<x6>101</x6>
			<y6>154</y6>
			<x7>106</x7>
			<y7>155</y7>
			<x8>110</x8>
			<y8>157</y8>
			<x9>112</x9>
			<y9>159</y9>
			<x10>115</x10>
			<y10>160</y10>
			<x11>122</x11>
			<y11>167</y11>
			<x12>123</x12>
			<y12>169</y12>
			<x13>123</x13>
			<y13>175</y13>
			<x14>122</x14>
			<y14>177</y14>
			<x15>120</x15>
			<y15>177</y15>
			<x16>118</x16>
			<y16>176</y16>
			<x17>118</x17>
			<y17>174</y17>
			<x18>115</x18>
			<y18>168</y18>
			<x19>113</x19>
			<y19>166</y19>
			<x20>110</x20>
			<y20>166</y20>
			<x21>108</x21>
			<y21>165</y21>
			<x22>107</x22>
			<y22>164</y22>
			<x23>107</x23>
			<y23>162</y23>
			<x24>103</x24>
			<y24>159</y24>
			<x25>101</x25>
			<y25>159</y25>
			<x26>100</x26>
			<y26>158</y26>
			<x27>95</x27>
			<y27>158</y27>
			<x28>92</x28>
			<y28>156</y28>
			<x29>89</x29>
			<y29>156</y29>
			<x30>88</x30>
			<y30>155</y30>
			<x31>83</x31>
			<y31>155</y31>
			<x32>79</x32>
			<y32>158</y32>
			<x33>74</x33>
			<y33>157</y33>
			<x34>73</x34>
			<y34>156</y34>
			<x35>75</x35>
			<y35>154</y35>
			<x36>81</x36>
			<y36>151</y36>
			<x37>92</x37>
			<y37>151</y37>
		</polygon>
	</object>
	<object>
		<name>Watermelon rind</name>
		<pose>Unspecified</pose>
		<truncated>0</truncated>
		<difficult>0</difficult>
		<occluded>0</occluded>
		<bndbox>
			<xmin>111</xmin>
			<xmax>146</xmax>
			<ymin>146</ymin>
			<ymax>195</ymax>
		</bndbox>
		<polygon>
			<x1>110</x1>
			<y1>146</y1>
			<x2>120</x2>
			<y2>146</y2>
			<x3>132</x3>
			<y3>152</y3>
			<x4>137</x4>
			<y4>157</y4>
			<x5>137</x5>
			<y5>158</y5>
			<x6>141</x6>
			<y6>163</y6>
			<x7>142</x7>
			<y7>165</y7>
			<x8>142</x8>
			<y8>167</y8>
			<x9>144</x9>
			<y9>170</y9>
			<x10>144</x10>
			<y10>173</y10>
			<x11>145</x11>
			<y11>174</y11>
			<x12>145</x12>
			<y12>182</y12>
			<x13>143</x13>
			<y13>186</y13>
			<x14>139</x14>
			<y14>190</y14>
			<x15>133</x15>
			<y15>193</y15>
			<x16>127</x16>
			<y16>193</y16>
			<x17>127</x17>
			<y17>187</y17>
			<x18>129</x18>
			<y18>186</y18>
			<x19>133</x19>
			<y19>186</y19>
			<x20>136</x20>
			<y20>183</y20>
			<x21>135</x21>
			<y21>182</y21>
			<x22>135</x22>
			<y22>175</y22>
			<x23>133</x23>
			<y23>173</y23>
			<x24>134</x24>
			<y24>171</y24>
			<x25>134</x25>
			<y25>166</y25>
			<x26>130</x26>
			<y26>162</y26>
			<x27>128</x27>
			<y27>162</y27>
			<x28>126</x28>
			<y28>161</y28>
			<x29>126</x29>
			<y29>156</y29>
			<x30>124</x30>
			<y30>154</y30>
			<x31>122</x31>
			<y31>153</y31>
			<x32>120</x32>
			<y32>153</y32>
			<x33>117</x33>
			<y33>150</y33>
			<x34>115</x34>
			<y34>149</y34>
			<x35>112</x35>
			<y35>149</y35>
			<x36>111</x36>
			<y36>147</y36>
		</polygon>
	</object>
	<metadata>
	</metadata>
</annotation>
