<annotation>
	<folder></folder>
	<filename>IMG_8328_jpeg.rf.de790bd7acaa29ccc499ec91633cf176.jpg</filename>
	<path>IMG_8328_jpeg.rf.de790bd7acaa29ccc499ec91633cf176.jpg</path>
	<source>
		<database>roboflow.com</database>
	</source>
	<size>
		<width>320</width>
		<height>320</height>
		<depth>3</depth>
	</size>
	<segmented>0</segmented>
	<object>
		<name>Watermelon rind</name>
		<pose>Unspecified</pose>
		<truncated>0</truncated>
		<difficult>0</difficult>
		<occluded>0</occluded>
		<bndbox>
			<xmin>115</xmin>
			<xmax>186</xmax>
			<ymin>124</ymin>
			<ymax>155</ymax>
		</bndbox>
		<polygon>
			<x1>115</x1>
			<y1>124</y1>
			<x2>119</x2>
			<y2>124</y2>
			<x3>123</x3>
			<y3>126</y3>
			<x4>123</x4>
			<y4>128</y4>
			<x5>122</x5>
			<y5>129</y5>
			<x6>122</x6>
			<y6>133</y6>
			<x7>124</x7>
			<y7>135</y7>
			<x8>129</x8>
			<y8>136</y8>
			<x9>133</x9>
			<y9>139</y9>
			<x10>137</x10>
			<y10>139</y10>
			<x11>141</x11>
			<y11>143</y11>
			<x12>143</x12>
			<y12>144</y12>
			<x13>145</x13>
			<y13>144</y13>
			<x14>146</x14>
			<y14>145</y14>
			<x15>151</x15>
			<y15>145</y15>
			<x16>154</x16>
			<y16>143</y16>
			<x17>157</x17>
			<y17>143</y17>
			<x18>162</x18>
			<y18>146</y18>
			<x19>165</x19>
			<y19>146</y19>
			<x20>168</x20>
			<y20>144</y20>
			<x21>172</x21>
			<y21>144</y21>
			<x22>173</x22>
			<y22>143</y22>
			<x23>176</x23>
			<y23>143</y23>
			<x24>180</x24>
			<y24>140</y24>
			<x25>182</x25>
			<y25>141</y25>
			<x26>184</x26>
			<y26>141</y26>
			<x27>185</x27>
			<y27>142</y27>
			<x28>184</x28>
			<y28>145</y28>
			<x29>181</x29>
			<y29>148</y29>
			<x30>173</x30>
			<y30>152</y30>
			<x31>169</x31>
			<y31>152</y31>
			<x32>168</x32>
			<y32>153</y32>
			<x33>154</x33>
			<y33>153</y33>
			<x34>153</x34>
			<y34>152</y34>
			<x35>148</x35>
			<y35>152</y35>
			<x36>147</x36>
			<y36>151</y36>
			<x37>143</x37>
			<y37>151</y37>
			<x38>142</x38>
			<y38>150</y38>
			<x39>140</x39>
			<y39>150</y39>
			<x40>139</x40>
			<y40>149</y40>
			<x41>134</x41>
			<y41>148</y41>
			<x42>131</x42>
			<y42>146</y42>
			<x43>129</x43>
			<y43>146</y43>
			<x44>125</x44>
			<y44>143</y44>
			<x45>124</x45>
			<y45>143</y45>
			<x46>122</x46>
			<y46>141</y46>
			<x47>121</x47>
			<y47>141</y47>
			<x48>118</x48>
			<y48>138</y48>
			<x49>118</x49>
			<y49>137</y49>
			<x50>115</x50>
			<y50>133</y50>
			<x51>115</x51>
			<y51>131</y51>
			<x52>114</x52>
			<y52>130</y52>
			<x53>114</x53>
			<y53>127</y53>
			<x54>115</x54>
			<y54>125</y54>
		</polygon>
	</object>
	<object>
		<name>Watermelon rind</name>
		<pose>Unspecified</pose>
		<truncated>0</truncated>
		<difficult>0</difficult>
		<occluded>0</occluded>
		<bndbox>
			<xmin>136</xmin>
			<xmax>193</xmax>
			<ymin>105</ymin>
			<ymax>137</ymax>
		</bndbox>
		<polygon>
			<x1>188</x1>
			<y1>104</y1>
			<x2>191</x2>
			<y2>109</y2>
			<x3>191</x3>
			<y3>116</y3>
			<x4>189</x4>
			<y4>120</y4>
			<x5>185</x5>
			<y5>124</y5>
			<x6>184</x6>
			<y6>124</y6>
			<x7>179</x7>
			<y7>128</y7>
			<x8>173</x8>
			<y8>131</y8>
			<x9>171</x9>
			<y9>131</y9>
			<x10>168</x10>
			<y10>133</y10>
			<x11>165</x11>
			<y11>133</y11>
			<x12>164</x12>
			<y12>134</y12>
			<x13>159</x13>
			<y13>134</y13>
			<x14>158</x14>
			<y14>135</y14>
			<x15>148</x15>
			<y15>135</y15>
			<x16>147</x16>
			<y16>134</y16>
			<x17>144</x17>
			<y17>134</y17>
			<x18>140</x18>
			<y18>132</y18>
			<x19>138</x19>
			<y19>130</y19>
			<x20>137</x20>
			<y20>130</y20>
			<x21>136</x21>
			<y21>128</y21>
			<x22>137</x22>
			<y22>127</y22>
			<x23>140</x23>
			<y23>127</y23>
			<x24>141</x24>
			<y24>128</y24>
			<x25>147</x25>
			<y25>128</y25>
			<x26>148</x26>
			<y26>129</y26>
			<x27>154</x27>
			<y27>129</y27>
			<x28>157</x28>
			<y28>126</y28>
			<x29>159</x29>
			<y29>126</y29>
			<x30>160</x30>
			<y30>127</y30>
			<x31>166</x31>
			<y31>127</y31>
			<x32>170</x32>
			<y32>125</y32>
			<x33>172</x33>
			<y33>121</y33>
			<x34>175</x34>
			<y34>121</y34>
			<x35>178</x35>
			<y35>118</y35>
			<x36>179</x36>
			<y36>118</y36>
			<x37>184</x37>
			<y37>114</y37>
			<x38>184</x38>
			<y38>112</y38>
			<x39>183</x39>
			<y39>110</y39>
			<x40>181</x40>
			<y40>109</y40>
			<x41>181</x41>
			<y41>108</y41>
			<x42>184</x42>
			<y42>105</y42>
			<x43>187</x43>
			<y43>104</y43>
		</polygon>
	</object>
	<metadata>
	</metadata>
</annotation>
