<annotation>
	<folder></folder>
	<filename>IMG_8537_mov-0001_jpg.rf.29376292c5ae49d98518ce7a1f05a1f2.jpg</filename>
	<path>IMG_8537_mov-0001_jpg.rf.29376292c5ae49d98518ce7a1f05a1f2.jpg</path>
	<source>
		<database>roboflow.com</database>
	</source>
	<size>
		<width>320</width>
		<height>320</height>
		<depth>3</depth>
	</size>
	<segmented>0</segmented>
	<object>
		<name>fish</name>
		<pose>Unspecified</pose>
		<truncated>0</truncated>
		<difficult>0</difficult>
		<occluded>0</occluded>
		<bndbox>
			<xmin>143</xmin>
			<xmax>235</xmax>
			<ymin>159</ymin>
			<ymax>189</ymax>
		</bndbox>
		<polygon>
			<x1>158</x1>
			<y1>159</y1>
			<x2>159</x2>
			<y2>160</y2>
			<x3>162</x3>
			<y3>160</y3>
			<x4>163</x4>
			<y4>162</y4>
			<x5>163</x5>
			<y5>165</y5>
			<x6>164</x6>
			<y6>166</y6>
			<x7>169</x7>
			<y7>166</y7>
			<x8>171</x8>
			<y8>164</y8>
			<x9>172</x9>
			<y9>164</y9>
			<x10>178</x10>
			<y10>169</y10>
			<x11>179</x11>
			<y11>168</y11>
			<x12>179</x12>
			<y12>166</y12>
			<x13>185</x13>
			<y13>166</y13>
			<x14>186</x14>
			<y14>165</y14>
			<x15>185</x15>
			<y15>163</y15>
			<x16>190</x16>
			<y16>164</y16>
			<x17>192</x17>
			<y17>166</y17>
			<x18>196</x18>
			<y18>166</y18>
			<x19>199</x19>
			<y19>163</y19>
			<x20>217</x20>
			<y20>163</y20>
			<x21>218</x21>
			<y21>164</y21>
			<x22>224</x22>
			<y22>164</y22>
			<x23>225</x23>
			<y23>165</y23>
			<x24>228</x24>
			<y24>165</y24>
			<x25>229</x25>
			<y25>166</y25>
			<x26>231</x26>
			<y26>166</y26>
			<x27>232</x27>
			<y27>168</y27>
			<x28>231</x28>
			<y28>168</y28>
			<x29>230</x29>
			<y29>170</y29>
			<x30>232</x30>
			<y30>172</y30>
			<x31>230</x31>
			<y31>174</y31>
			<x32>226</x32>
			<y32>176</y32>
			<x33>224</x33>
			<y33>176</y33>
			<x34>221</x34>
			<y34>178</y34>
			<x35>219</x35>
			<y35>178</y35>
			<x36>218</x36>
			<y36>179</y36>
			<x37>213</x37>
			<y37>180</y37>
			<x38>212</x38>
			<y38>181</y38>
			<x39>210</x39>
			<y39>180</y39>
			<x40>208</x40>
			<y40>181</y40>
			<x41>207</x41>
			<y41>183</y41>
			<x42>206</x42>
			<y42>183</y42>
			<x43>204</x43>
			<y43>185</y43>
			<x44>202</x44>
			<y44>185</y44>
			<x45>203</x45>
			<y45>180</y45>
			<x46>200</x46>
			<y46>177</y46>
			<x47>197</x47>
			<y47>181</y47>
			<x48>197</x48>
			<y48>182</y48>
			<x49>193</x49>
			<y49>186</y49>
			<x50>191</x50>
			<y50>187</y50>
			<x51>188</x51>
			<y51>187</y51>
			<x52>190</x52>
			<y52>185</y52>
			<x53>190</x53>
			<y53>183</y53>
			<x54>192</x54>
			<y54>181</y54>
			<x55>192</x55>
			<y55>178</y55>
			<x56>191</x56>
			<y56>177</y56>
			<x57>189</x57>
			<y57>177</y57>
			<x58>188</x58>
			<y58>176</y58>
			<x59>181</x59>
			<y59>183</y59>
			<x60>179</x60>
			<y60>183</y60>
			<x61>178</x61>
			<y61>184</y61>
			<x62>182</x62>
			<y62>177</y62>
			<x63>182</x63>
			<y63>175</y63>
			<x64>181</x64>
			<y64>174</y64>
			<x65>179</x65>
			<y65>174</y65>
			<x66>177</x66>
			<y66>173</y66>
			<x67>173</x67>
			<y67>176</y67>
			<x68>168</x68>
			<y68>177</y68>
			<x69>168</x69>
			<y69>176</y69>
			<x70>170</x70>
			<y70>174</y70>
			<x71>167</x71>
			<y71>172</y71>
			<x72>162</x72>
			<y72>172</y72>
			<x73>163</x73>
			<y73>170</y73>
			<x74>162</x74>
			<y74>169</y74>
			<x75>155</x75>
			<y75>169</y75>
			<x76>154</x76>
			<y76>168</y76>
			<x77>146</x77>
			<y77>168</y77>
			<x78>145</x78>
			<y78>167</y78>
			<x79>143</x79>
			<y79>167</y79>
			<x80>144</x80>
			<y80>165</y80>
			<x81>143</x81>
			<y81>163</y81>
			<x82>144</x82>
			<y82>162</y82>
			<x83>147</x83>
			<y83>162</y83>
			<x84>149</x84>
			<y84>160</y84>
			<x85>151</x85>
			<y85>160</y85>
			<x86>152</x86>
			<y86>159</y86>
			<x87>157</x87>
			<y87>159</y87>
		</polygon>
	</object>
	<metadata>
	</metadata>
</annotation>
