<annotation>
	<folder></folder>
	<filename>IMG_8353_jpeg.rf.ae561f01764d23edd2b2d77e1e5193bc.jpg</filename>
	<path>IMG_8353_jpeg.rf.ae561f01764d23edd2b2d77e1e5193bc.jpg</path>
	<source>
		<database>roboflow.com</database>
	</source>
	<size>
		<width>320</width>
		<height>320</height>
		<depth>3</depth>
	</size>
	<segmented>0</segmented>
	<object>
		<name>fish</name>
		<pose>Unspecified</pose>
		<truncated>0</truncated>
		<difficult>0</difficult>
		<occluded>0</occluded>
		<bndbox>
			<xmin>94</xmin>
			<xmax>156</xmax>
			<ymin>99</ymin>
			<ymax>149</ymax>
		</bndbox>
		<polygon>
			<x1>153</x1>
			<y1>101</y1>
			<x2>154</x2>
			<y2>102</y2>
			<x3>154</x3>
			<y3>104</y3>
			<x4>153</x4>
			<y4>105</y4>
			<x5>154</x5>
			<y5>106</y5>
			<x6>154</x6>
			<y6>108</y6>
			<x7>151</x7>
			<y7>112</y7>
			<x8>144</x8>
			<y8>113</y8>
			<x9>138</x9>
			<y9>110</y9>
			<x10>137</x10>
			<y10>111</y10>
			<x11>137</x11>
			<y11>113</y11>
			<x12>135</x12>
			<y12>114</y12>
			<x13>137</x13>
			<y13>115</y13>
			<x14>136</x14>
			<y14>116</y14>
			<x15>128</x15>
			<y15>116</y15>
			<x16>127</x16>
			<y16>117</y16>
			<x17>129</x17>
			<y17>119</y17>
			<x18>130</x18>
			<y18>119</y18>
			<x19>130</x19>
			<y19>120</y19>
			<x20>128</x20>
			<y20>121</y20>
			<x21>126</x21>
			<y21>121</y21>
			<x22>125</x22>
			<y22>122</y22>
			<x23>127</x23>
			<y23>124</y23>
			<x24>131</x24>
			<y24>124</y24>
			<x25>131</x25>
			<y25>125</y25>
			<x26>128</x26>
			<y26>125</y26>
			<x27>126</x27>
			<y27>126</y27>
			<x28>122</x28>
			<y28>130</y28>
			<x29>123</x29>
			<y29>131</y29>
			<x30>123</x30>
			<y30>133</y30>
			<x31>115</x31>
			<y31>141</y31>
			<x32>114</x32>
			<y32>141</y32>
			<x33>109</x33>
			<y33>145</y33>
			<x34>107</x34>
			<y34>146</y34>
			<x35>105</x35>
			<y35>146</y35>
			<x36>104</x36>
			<y36>147</y36>
			<x37>102</x37>
			<y37>147</y37>
			<x38>101</x38>
			<y38>148</y38>
			<x39>100</x39>
			<y39>148</y39>
			<x40>100</x40>
			<y40>146</y40>
			<x41>98</x41>
			<y41>144</y41>
			<x42>95</x42>
			<y42>144</y42>
			<x43>94</x43>
			<y43>145</y43>
			<x44>93</x44>
			<y44>143</y44>
			<x45>93</x45>
			<y45>129</y45>
			<x46>95</x46>
			<y46>125</y46>
			<x47>95</x47>
			<y47>123</y47>
			<x48>93</x48>
			<y48>119</y48>
			<x49>95</x49>
			<y49>119</y49>
			<x50>98</x50>
			<y50>122</y50>
			<x51>101</x51>
			<y51>122</y51>
			<x52>102</x52>
			<y52>121</y52>
			<x53>100</x53>
			<y53>120</y53>
			<x54>101</x54>
			<y54>119</y54>
			<x55>100</x55>
			<y55>118</y55>
			<x56>100</x56>
			<y56>116</y56>
			<x57>98</x57>
			<y57>114</y57>
			<x58>98</x58>
			<y58>110</y58>
			<x59>99</x59>
			<y59>110</y59>
			<x60>106</x60>
			<y60>117</y60>
			<x61>110</x61>
			<y61>119</y61>
			<x62>113</x62>
			<y62>119</y62>
			<x63>114</x63>
			<y63>118</y63>
			<x64>112</x64>
			<y64>117</y64>
			<x65>112</x65>
			<y65>115</y65>
			<x66>110</x66>
			<y66>113</y66>
			<x67>109</x67>
			<y67>111</y67>
			<x68>109</x68>
			<y68>108</y68>
			<x69>108</x69>
			<y69>107</y69>
			<x70>109</x70>
			<y70>107</y70>
			<x71>111</x71>
			<y71>109</y71>
			<x72>111</x72>
			<y72>110</y72>
			<x73>113</x73>
			<y73>111</y73>
			<x74>116</x74>
			<y74>114</y74>
			<x75>119</x75>
			<y75>115</y75>
			<x76>123</x76>
			<y76>112</y76>
			<x77>122</x77>
			<y77>111</y77>
			<x78>122</x78>
			<y78>106</y78>
			<x79>126</x79>
			<y79>110</y79>
			<x80>127</x80>
			<y80>110</y80>
			<x81>130</x81>
			<y81>106</y81>
			<x82>132</x82>
			<y82>106</y82>
			<x83>132</x83>
			<y83>108</y83>
			<x84>134</x84>
			<y84>109</y84>
			<x85>139</x85>
			<y85>104</y85>
			<x86>140</x86>
			<y86>104</y86>
			<x87>144</x87>
			<y87>100</y87>
			<x88>146</x88>
			<y88>99</y88>
			<x89>149</x89>
			<y89>99</y89>
			<x90>150</x90>
			<y90>101</y90>
			<x91>152</x91>
			<y91>101</y91>
		</polygon>
	</object>
	<metadata>
	</metadata>
</annotation>
