<annotation>
	<folder></folder>
	<filename>IMG_8248_jpeg.rf.22aec3b6a9f1262217e5f4e32290bf2d.jpg</filename>
	<path>IMG_8248_jpeg.rf.22aec3b6a9f1262217e5f4e32290bf2d.jpg</path>
	<source>
		<database>roboflow.com</database>
	</source>
	<size>
		<width>320</width>
		<height>320</height>
		<depth>3</depth>
	</size>
	<segmented>0</segmented>
	<object>
		<name>Watermelon rind</name>
		<pose>Unspecified</pose>
		<truncated>0</truncated>
		<difficult>0</difficult>
		<occluded>0</occluded>
		<bndbox>
			<xmin>150</xmin>
			<xmax>206</xmax>
			<ymin>150</ymin>
			<ymax>170</ymax>
		</bndbox>
		<polygon>
			<x1>150</x1>
			<y1>150</y1>
			<x2>153</x2>
			<y2>150</y2>
			<x3>153</x3>
			<y3>151</y3>
			<x4>162</x4>
			<y4>159</y4>
			<x5>166</x5>
			<y5>159</y5>
			<x6>167</x6>
			<y6>158</y6>
			<x7>171</x7>
			<y7>162</y7>
			<x8>173</x8>
			<y8>163</y8>
			<x9>180</x9>
			<y9>163</y9>
			<x10>181</x10>
			<y10>162</y10>
			<x11>183</x11>
			<y11>163</y11>
			<x12>195</x12>
			<y12>163</y12>
			<x13>197</x13>
			<y13>160</y13>
			<x14>197</x14>
			<y14>158</y14>
			<x15>204</x15>
			<y15>158</y15>
			<x16>204</x16>
			<y16>160</y16>
			<x17>202</x17>
			<y17>164</y17>
			<x18>201</x18>
			<y18>164</y18>
			<x19>199</x19>
			<y19>166</y19>
			<x20>195</x20>
			<y20>168</y20>
			<x21>190</x21>
			<y21>168</y21>
			<x22>189</x22>
			<y22>169</y22>
			<x23>181</x23>
			<y23>169</y23>
			<x24>180</x24>
			<y24>168</y24>
			<x25>173</x25>
			<y25>168</y25>
			<x26>172</x26>
			<y26>167</y26>
			<x27>169</x27>
			<y27>167</y27>
			<x28>168</x28>
			<y28>166</y28>
			<x29>166</x29>
			<y29>166</y29>
			<x30>165</x30>
			<y30>165</y30>
			<x31>160</x31>
			<y31>164</y31>
			<x32>156</x32>
			<y32>161</y32>
			<x33>155</x33>
			<y33>161</y33>
			<x34>151</x34>
			<y34>157</y34>
			<x35>150</x35>
			<y35>155</y35>
			<x36>150</x36>
			<y36>153</y36>
			<x37>149</x37>
			<y37>152</y37>
			<x38>150</x38>
			<y38>151</y38>
		</polygon>
	</object>
	<object>
		<name>Watermelon rind</name>
		<pose>Unspecified</pose>
		<truncated>0</truncated>
		<difficult>0</difficult>
		<occluded>0</occluded>
		<bndbox>
			<xmin>128</xmin>
			<xmax>177</xmax>
			<ymin>138</ymin>
			<ymax>184</ymax>
		</bndbox>
		<polygon>
			<x1>138</x1>
			<y1>137</y1>
			<x2>138</x2>
			<y2>138</y2>
			<x3>141</x3>
			<y3>142</y3>
			<x4>137</x4>
			<y4>144</y4>
			<x5>134</x5>
			<y5>147</y5>
			<x6>134</x6>
			<y6>148</y6>
			<x7>137</x7>
			<y7>152</y7>
			<x8>137</x8>
			<y8>154</y8>
			<x9>140</x9>
			<y9>157</y9>
			<x10>141</x10>
			<y10>157</y10>
			<x11>141</x11>
			<y11>162</y11>
			<x12>146</x12>
			<y12>167</y12>
			<x13>148</x13>
			<y13>168</y13>
			<x14>153</x14>
			<y14>168</y14>
			<x15>154</x15>
			<y15>169</y15>
			<x16>154</x16>
			<y16>171</y16>
			<x17>158</x17>
			<y17>175</y17>
			<x18>164</x18>
			<y18>175</y18>
			<x19>167</x19>
			<y19>177</y19>
			<x20>173</x20>
			<y20>177</y20>
			<x21>175</x21>
			<y21>179</y21>
			<x22>175</x22>
			<y22>180</y22>
			<x23>171</x23>
			<y23>182</y23>
			<x24>160</x24>
			<y24>182</y24>
			<x25>159</x25>
			<y25>181</y25>
			<x26>156</x26>
			<y26>181</y26>
			<x27>153</x27>
			<y27>179</y27>
			<x28>151</x28>
			<y28>179</y28>
			<x29>147</x29>
			<y29>177</y29>
			<x30>145</x30>
			<y30>175</y30>
			<x31>144</x31>
			<y31>175</y31>
			<x32>138</x32>
			<y32>169</y32>
			<x33>137</x33>
			<y33>169</y33>
			<x34>136</x34>
			<y34>167</y34>
			<x35>132</x35>
			<y35>163</y35>
			<x36>132</x36>
			<y36>162</y36>
			<x37>130</x37>
			<y37>160</y37>
			<x38>127</x38>
			<y38>154</y38>
			<x39>127</x39>
			<y39>146</y39>
			<x40>130</x40>
			<y40>141</y40>
			<x41>131</x41>
			<y41>141</y41>
			<x42>134</x42>
			<y42>138</y42>
			<x43>137</x43>
			<y43>137</y43>
		</polygon>
	</object>
	<metadata>
	</metadata>
</annotation>
