<annotation>
	<folder></folder>
	<filename>IMG_1998_HEIC.rf.f1d4f9ad2450dee372c7c35bb75e9e14.jpg</filename>
	<path>IMG_1998_HEIC.rf.f1d4f9ad2450dee372c7c35bb75e9e14.jpg</path>
	<source>
		<database>roboflow.com</database>
	</source>
	<size>
		<width>320</width>
		<height>320</height>
		<depth>3</depth>
	</size>
	<segmented>0</segmented>
	<object>
		<name>Egg shell</name>
		<pose>Unspecified</pose>
		<truncated>0</truncated>
		<difficult>0</difficult>
		<occluded>0</occluded>
		<bndbox>
			<xmin>86</xmin>
			<xmax>135</xmax>
			<ymin>205</ymin>
			<ymax>227</ymax>
		</bndbox>
	</object>
	<metadata>
	</metadata>
</annotation>
